ISO-10303-21;
HEADER;
FILE_DESCRIPTION(('Open CASCADE Model'),'2;1');
FILE_NAME('Open CASCADE Shape Model','2026-08-16T12:47:19',('Author'),(
    'Open CASCADE'),'Open CASCADE STEP processor 7.9','Open CASCADE 7.9'
  ,'Unknown');
FILE_SCHEMA(('AUTOMOTIVE_DESIGN { 1 0 10303 214 1 1 1 1 }'));
ENDSEC;
DATA;
#1 = APPLICATION_PROTOCOL_DEFINITION('international standard',
  'automotive_design',2000,#2);
#2 = APPLICATION_CONTEXT(
  'core data for automotive mechanical design processes');
#3 = SHAPE_DEFINITION_REPRESENTATION(#4,#10);
#4 = PRODUCT_DEFINITION_SHAPE('','',#5);
#5 = PRODUCT_DEFINITION('design','',#6,#9);
#6 = PRODUCT_DEFINITION_FORMATION('','',#7);
#7 = PRODUCT('Open CASCADE STEP translator 7.9 18',
  'Open CASCADE STEP translator 7.9 18','',(#8));
#8 = PRODUCT_CONTEXT('',#2,'mechanical');
#9 = PRODUCT_DEFINITION_CONTEXT('part definition',#2,'design');
#10 = ADVANCED_BREP_SHAPE_REPRESENTATION('',(#11,#15),#7042);
#11 = AXIS2_PLACEMENT_3D('',#12,#13,#14);
#12 = CARTESIAN_POINT('',(0.,0.,0.));
#13 = DIRECTION('',(0.,0.,1.));
#14 = DIRECTION('',(1.,0.,-0.));
#15 = MANIFOLD_SOLID_BREP('',#16);
#16 = CLOSED_SHELL('',(#17,#85,#2684,#2739,#2976,#3011,#3312,#3367,#3701
    ,#4002,#4057,#4112,#4167,#4201,#6517,#6567,#6594,#6621,#6648,#6675,
    #6682,#6731,#6736,#6764,#6769,#6820,#6825,#6830,#6903,#6930,#6980,
    #7008,#7035));
#17 = ADVANCED_FACE('',(#18,#54),#31,.F.);
#18 = FACE_BOUND('',#19,.F.);
#19 = EDGE_LOOP('',(#20));
#20 = ORIENTED_EDGE('',*,*,#21,.F.);
#21 = EDGE_CURVE('',#22,#22,#24,.T.);
#22 = VERTEX_POINT('',#23);
#23 = CARTESIAN_POINT('',(18.,6.800909042275E-16,0.));
#24 = SURFACE_CURVE('',#25,(#30,#42),.PCURVE_S1.);
#25 = CIRCLE('',#26,18.);
#26 = AXIS2_PLACEMENT_3D('',#27,#28,#29);
#27 = CARTESIAN_POINT('',(9.981433669011E-14,5.075305255429E-16,0.));
#28 = DIRECTION('',(0.,0.,1.));
#29 = DIRECTION('',(1.,0.,0.));
#30 = PCURVE('',#31,#36);
#31 = PLANE('',#32);
#32 = AXIS2_PLACEMENT_3D('',#33,#34,#35);
#33 = CARTESIAN_POINT('',(-1.041859148601E-15,1.846063891983E-16,0.));
#34 = DIRECTION('',(0.,0.,1.));
#35 = DIRECTION('',(1.,0.,-0.));
#36 = DEFINITIONAL_REPRESENTATION('',(#37),#41);
#37 = CIRCLE('',#38,18.);
#38 = AXIS2_PLACEMENT_2D('',#39,#40);
#39 = CARTESIAN_POINT('',(1.008561958387E-13,3.229241363446E-16));
#40 = DIRECTION('',(1.,0.));
#41 = ( GEOMETRIC_REPRESENTATION_CONTEXT(2) 
PARAMETRIC_REPRESENTATION_CONTEXT() REPRESENTATION_CONTEXT('2D SPACE',''
  ) );
#42 = PCURVE('',#43,#48);
#43 = CYLINDRICAL_SURFACE('',#44,18.);
#44 = AXIS2_PLACEMENT_3D('',#45,#46,#47);
#45 = CARTESIAN_POINT('',(9.981433669011E-14,5.075305255429E-16,0.));
#46 = DIRECTION('',(-0.,-0.,-1.));
#47 = DIRECTION('',(1.,0.,0.));
#48 = DEFINITIONAL_REPRESENTATION('',(#49),#53);
#49 = LINE('',#50,#51);
#50 = CARTESIAN_POINT('',(-0.,0.));
#51 = VECTOR('',#52,1.);
#52 = DIRECTION('',(-1.,0.));
#53 = ( GEOMETRIC_REPRESENTATION_CONTEXT(2) 
PARAMETRIC_REPRESENTATION_CONTEXT() REPRESENTATION_CONTEXT('2D SPACE',''
  ) );
#54 = FACE_BOUND('',#55,.F.);
#55 = EDGE_LOOP('',(#56));
#56 = ORIENTED_EDGE('',*,*,#57,.T.);
#57 = EDGE_CURVE('',#58,#58,#60,.T.);
#58 = VERTEX_POINT('',#59);
#59 = CARTESIAN_POINT('',(25.,0.,0.));
#60 = SURFACE_CURVE('',#61,(#66,#73),.PCURVE_S1.);
#61 = CIRCLE('',#62,25.);
#62 = AXIS2_PLACEMENT_3D('',#63,#64,#65);
#63 = CARTESIAN_POINT('',(0.,0.,0.));
#64 = DIRECTION('',(0.,0.,1.));
#65 = DIRECTION('',(1.,0.,0.));
#66 = PCURVE('',#31,#67);
#67 = DEFINITIONAL_REPRESENTATION('',(#68),#72);
#68 = CIRCLE('',#69,25.);
#69 = AXIS2_PLACEMENT_2D('',#70,#71);
#70 = CARTESIAN_POINT('',(1.041859148601E-15,-1.846063891983E-16));
#71 = DIRECTION('',(1.,0.));
#72 = ( GEOMETRIC_REPRESENTATION_CONTEXT(2) 
PARAMETRIC_REPRESENTATION_CONTEXT() REPRESENTATION_CONTEXT('2D SPACE',''
  ) );
#73 = PCURVE('',#74,#79);
#74 = CYLINDRICAL_SURFACE('',#75,25.);
#75 = AXIS2_PLACEMENT_3D('',#76,#77,#78);
#76 = CARTESIAN_POINT('',(0.,0.,0.));
#77 = DIRECTION('',(-0.,-0.,-1.));
#78 = DIRECTION('',(1.,0.,0.));
#79 = DEFINITIONAL_REPRESENTATION('',(#80),#84);
#80 = LINE('',#81,#82);
#81 = CARTESIAN_POINT('',(-0.,0.));
#82 = VECTOR('',#83,1.);
#83 = DIRECTION('',(-1.,0.));
#84 = ( GEOMETRIC_REPRESENTATION_CONTEXT(2) 
PARAMETRIC_REPRESENTATION_CONTEXT() REPRESENTATION_CONTEXT('2D SPACE',''
  ) );
#85 = ADVANCED_FACE('',(#86,#371,#740,#1109,#1442,#1811,#2180,#2513),#43
  ,.F.);
#86 = FACE_BOUND('',#87,.T.);
#87 = EDGE_LOOP('',(#88,#89,#112,#173,#229,#252,#279,#280,#370));
#88 = ORIENTED_EDGE('',*,*,#21,.F.);
#89 = ORIENTED_EDGE('',*,*,#90,.T.);
#90 = EDGE_CURVE('',#22,#91,#93,.T.);
#91 = VERTEX_POINT('',#92);
#92 = CARTESIAN_POINT('',(18.,6.800909042275E-16,55.9));
#93 = SEAM_CURVE('',#94,(#98,#105),.PCURVE_S1.);
#94 = LINE('',#95,#96);
#95 = CARTESIAN_POINT('',(18.,6.800909042275E-16,0.));
#96 = VECTOR('',#97,1.);
#97 = DIRECTION('',(0.,0.,1.));
#98 = PCURVE('',#43,#99);
#99 = DEFINITIONAL_REPRESENTATION('',(#100),#104);
#100 = LINE('',#101,#102);
#101 = CARTESIAN_POINT('',(-6.28318530718,0.));
#102 = VECTOR('',#103,1.);
#103 = DIRECTION('',(-0.,-1.));
#104 = ( GEOMETRIC_REPRESENTATION_CONTEXT(2) 
PARAMETRIC_REPRESENTATION_CONTEXT() REPRESENTATION_CONTEXT('2D SPACE',''
  ) );
#105 = PCURVE('',#43,#106);
#106 = DEFINITIONAL_REPRESENTATION('',(#107),#111);
#107 = LINE('',#108,#109);
#108 = CARTESIAN_POINT('',(-0.,0.));
#109 = VECTOR('',#110,1.);
#110 = DIRECTION('',(-0.,-1.));
#111 = ( GEOMETRIC_REPRESENTATION_CONTEXT(2) 
PARAMETRIC_REPRESENTATION_CONTEXT() REPRESENTATION_CONTEXT('2D SPACE',''
  ) );
#112 = ORIENTED_EDGE('',*,*,#113,.T.);
#113 = EDGE_CURVE('',#91,#114,#116,.T.);
#114 = VERTEX_POINT('',#115);
#115 = CARTESIAN_POINT('',(17.966357449411,1.1,57.));
#116 = SURFACE_CURVE('',#117,(#132,#150),.PCURVE_S1.);
#117 = B_SPLINE_CURVE_WITH_KNOTS('',7,(#118,#119,#120,#121,#122,#123,
    #124,#125,#126,#127,#128,#129,#130,#131),.UNSPECIFIED.,.F.,.F.,(8,6,
    8),(0.,0.463513296977,1.),.UNSPECIFIED.);
#118 = CARTESIAN_POINT('',(18.,1.611423350228E-15,55.9));
#119 = CARTESIAN_POINT('',(18.,0.130255728646,55.9));
#120 = CARTESIAN_POINT('',(17.998900878421,0.258859833877,
    55.917994839952));
#121 = CARTESIAN_POINT('',(17.996749770554,0.382587760864,
    55.953162999208));
#122 = CARTESIAN_POINT('',(17.993765825539,0.498474780089,
    56.003881190595));
#123 = CARTESIAN_POINT('',(17.990282998063,0.604019255613,
    56.067776719521));
#124 = CARTESIAN_POINT('',(17.986664168562,0.697415677628,
    56.141780759018));
#125 = CARTESIAN_POINT('',(17.979161521584,0.870877328462,
    56.315242409851));
#126 = CARTESIAN_POINT('',(17.97526521874,0.947945817848,56.418289703236
    ));
#127 = CARTESIAN_POINT('',(17.971841461476,1.009116401482,
    56.528403198622));
#128 = CARTESIAN_POINT('',(17.969132656952,1.05467336969,56.643351801807
    ));
#129 = CARTESIAN_POINT('',(17.967281953993,1.084899780394,
    56.761303395101));
#130 = CARTESIAN_POINT('',(17.966357449411,1.1,56.880679059353));
#131 = CARTESIAN_POINT('',(17.966357449411,1.1,57.));
#132 = PCURVE('',#43,#133);
#133 = DEFINITIONAL_REPRESENTATION('',(#134),#149);
#134 = B_SPLINE_CURVE_WITH_KNOTS('',7,(#135,#136,#137,#138,#139,#140,
    #141,#142,#143,#144,#145,#146,#147,#148),.UNSPECIFIED.,.F.,.F.,(8,6,
    8),(0.,0.463513296977,1.),.UNSPECIFIED.);
#135 = CARTESIAN_POINT('',(0.,-55.9));
#136 = CARTESIAN_POINT('',(-7.23642936922E-03,-55.9));
#137 = CARTESIAN_POINT('',(-1.438110181173E-02,-55.91799483995));
#138 = CARTESIAN_POINT('',(-2.125549335288E-02,-55.9531629992));
#139 = CARTESIAN_POINT('',(-2.769545442352E-02,-56.00388119059));
#140 = CARTESIAN_POINT('',(-3.356206764117E-02,-56.06777671952));
#141 = CARTESIAN_POINT('',(-3.87545987314E-02,-56.14178075901));
#142 = CARTESIAN_POINT('',(-4.840036701317E-02,-56.31524240985));
#143 = CARTESIAN_POINT('',(-5.268730408749E-02,-56.41828970323));
#144 = CARTESIAN_POINT('',(-5.609094163744E-02,-56.52840319862));
#145 = CARTESIAN_POINT('',(-5.862635101408E-02,-56.6433518018));
#146 = CARTESIAN_POINT('',(-6.03087404789E-02,-56.7613033951));
#147 = CARTESIAN_POINT('',(-6.114921244297E-02,-56.88067905935));
#148 = CARTESIAN_POINT('',(-6.114921244297E-02,-57.));
#149 = ( GEOMETRIC_REPRESENTATION_CONTEXT(2) 
PARAMETRIC_REPRESENTATION_CONTEXT() REPRESENTATION_CONTEXT('2D SPACE',''
  ) );
#150 = PCURVE('',#151,#156);
#151 = CYLINDRICAL_SURFACE('',#152,1.1);
#152 = AXIS2_PLACEMENT_3D('',#153,#154,#155);
#153 = CARTESIAN_POINT('',(20.,-4.898587196589E-15,57.));
#154 = DIRECTION('',(1.,0.,0.));
#155 = DIRECTION('',(0.,1.,0.));
#156 = DEFINITIONAL_REPRESENTATION('',(#157),#172);
#157 = B_SPLINE_CURVE_WITH_KNOTS('',7,(#158,#159,#160,#161,#162,#163,
    #164,#165,#166,#167,#168,#169,#170,#171),.UNSPECIFIED.,.F.,.F.,(8,6,
    8),(0.,0.463513296977,1.),.UNSPECIFIED.);
#158 = CARTESIAN_POINT('',(4.712388980385,-2.));
#159 = CARTESIAN_POINT('',(4.830803279154,-2.));
#160 = CARTESIAN_POINT('',(4.94771530891,-2.001099121579));
#161 = CARTESIAN_POINT('',(5.062910120553,-2.003250229446));
#162 = CARTESIAN_POINT('',(5.176083957927,-2.006234174461));
#163 = CARTESIAN_POINT('',(5.286810265022,-2.009717001937));
#164 = CARTESIAN_POINT('',(5.394418698249,-2.013335831438));
#165 = CARTESIAN_POINT('',(5.61742944294,-2.020838478416));
#166 = CARTESIAN_POINT('',(5.733212403125,-2.02473478126));
#167 = CARTESIAN_POINT('',(5.84611424591,-2.028158538524));
#168 = CARTESIAN_POINT('',(5.956874423927,-2.030867343048));
#169 = CARTESIAN_POINT('',(6.066188543731,-2.032718046007));
#170 = CARTESIAN_POINT('',(6.174711724773,-2.033642550589));
#171 = CARTESIAN_POINT('',(6.28318530718,-2.033642550589));
#172 = ( GEOMETRIC_REPRESENTATION_CONTEXT(2) 
PARAMETRIC_REPRESENTATION_CONTEXT() REPRESENTATION_CONTEXT('2D SPACE',''
  ) );
#173 = ORIENTED_EDGE('',*,*,#174,.T.);
#174 = EDGE_CURVE('',#114,#175,#177,.T.);
#175 = VERTEX_POINT('',#176);
#176 = CARTESIAN_POINT('',(18.,6.800909042275E-16,58.1));
#177 = SURFACE_CURVE('',#178,(#193,#211),.PCURVE_S1.);
#178 = B_SPLINE_CURVE_WITH_KNOTS('',7,(#179,#180,#181,#182,#183,#184,
    #185,#186,#187,#188,#189,#190,#191,#192),.UNSPECIFIED.,.F.,.F.,(8,6,
    8),(0.,0.615192564222,1.),.UNSPECIFIED.);
#179 = CARTESIAN_POINT('',(17.966357449411,1.1,57.));
#180 = CARTESIAN_POINT('',(17.966357449411,1.1,57.136920809117));
#181 = CARTESIAN_POINT('',(17.967574750554,1.080116837626,
    57.274005724281));
#182 = CARTESIAN_POINT('',(17.970015159507,1.040262258256,
    57.408992714865));
#183 = CARTESIAN_POINT('',(17.973560845493,0.980065454008,
    57.539404290171));
#184 = CARTESIAN_POINT('',(17.977959159273,0.899102783,57.662268230026)
  );
#185 = CARTESIAN_POINT('',(17.982764587807,0.797052190961,
    57.773874847914));
#186 = CARTESIAN_POINT('',(17.990249718746,0.597351415809,57.92877864754
    ));
#187 = CARTESIAN_POINT('',(17.993070345098,0.511858792187,
    57.982397904197));
#188 = CARTESIAN_POINT('',(17.995643784225,0.418616561054,
    58.027845491843));
#189 = CARTESIAN_POINT('',(17.997761230206,0.319001143702,58.0633731826)
  );
#190 = CARTESIAN_POINT('',(17.999248057614,0.214727752167,
    58.087692625974));
#191 = CARTESIAN_POINT('',(18.,0.107721416937,58.1));
#192 = CARTESIAN_POINT('',(18.,1.392347515205E-15,58.1));
#193 = PCURVE('',#43,#194);
#194 = DEFINITIONAL_REPRESENTATION('',(#195),#210);
#195 = B_SPLINE_CURVE_WITH_KNOTS('',7,(#196,#197,#198,#199,#200,#201,
    #202,#203,#204,#205,#206,#207,#208,#209),.UNSPECIFIED.,.F.,.F.,(8,6,
    8),(0.,0.615192564222,1.),.UNSPECIFIED.);
#196 = CARTESIAN_POINT('',(-6.114921244297E-02,-57.));
#197 = CARTESIAN_POINT('',(-6.114921244297E-02,-57.13692080911));
#198 = CARTESIAN_POINT('',(-6.004252369133E-02,-57.27400572428));
#199 = CARTESIAN_POINT('',(-5.782423521961E-02,-57.40899271486));
#200 = CARTESIAN_POINT('',(-5.447417660451E-02,-57.53940429017));
#201 = CARTESIAN_POINT('',(-4.996973122482E-02,-57.66226823002));
#202 = CARTESIAN_POINT('',(-4.429423321535E-02,-57.77387484791));
#203 = CARTESIAN_POINT('',(-3.319195522903E-02,-57.92877864754));
#204 = CARTESIAN_POINT('',(-2.843982794088E-02,-57.98239790419));
#205 = CARTESIAN_POINT('',(-2.325785806267E-02,-58.02784549184));
#206 = CARTESIAN_POINT('',(-1.772263417947E-02,-58.0633731826));
#207 = CARTESIAN_POINT('',(-1.192932003514E-02,-58.08769262597));
#208 = CARTESIAN_POINT('',(-5.984523163186E-03,-58.1));
#209 = CARTESIAN_POINT('',(0.,-58.1));
#210 = ( GEOMETRIC_REPRESENTATION_CONTEXT(2) 
PARAMETRIC_REPRESENTATION_CONTEXT() REPRESENTATION_CONTEXT('2D SPACE',''
  ) );
#211 = PCURVE('',#151,#212);
#212 = DEFINITIONAL_REPRESENTATION('',(#213),#228);
#213 = B_SPLINE_CURVE_WITH_KNOTS('',7,(#214,#215,#216,#217,#218,#219,
    #220,#221,#222,#223,#224,#225,#226,#227),.UNSPECIFIED.,.F.,.F.,(8,6,
    8),(0.,0.615192564222,1.),.UNSPECIFIED.);
#214 = CARTESIAN_POINT('',(0.,-2.033642550589));
#215 = CARTESIAN_POINT('',(0.124473462833,-2.033642550589));
#216 = CARTESIAN_POINT('',(0.249095621109,-2.032425249446));
#217 = CARTESIAN_POINT('',(0.374963282519,-2.029984840493));
#218 = CARTESIAN_POINT('',(0.502998767321,-2.026439154507));
#219 = CARTESIAN_POINT('',(0.634223423174,-2.022040840727));
#220 = CARTESIAN_POINT('',(0.769715114194,-2.017235412193));
#221 = CARTESIAN_POINT('',(0.999475295912,-2.009750281254));
#222 = CARTESIAN_POINT('',(1.090762257593,-2.006929654902));
#223 = CARTESIAN_POINT('',(1.184193043379,-2.004356215775));
#224 = CARTESIAN_POINT('',(1.279260488403,-2.002238769794));
#225 = CARTESIAN_POINT('',(1.375589562774,-2.000751942386));
#226 = CARTESIAN_POINT('',(1.472867765943,-2.));
#227 = CARTESIAN_POINT('',(1.570796326795,-2.));
#228 = ( GEOMETRIC_REPRESENTATION_CONTEXT(2) 
PARAMETRIC_REPRESENTATION_CONTEXT() REPRESENTATION_CONTEXT('2D SPACE',''
  ) );
#229 = ORIENTED_EDGE('',*,*,#230,.T.);
#230 = EDGE_CURVE('',#175,#231,#233,.T.);
#231 = VERTEX_POINT('',#232);
#232 = CARTESIAN_POINT('',(18.,6.800909042275E-16,88.));
#233 = SEAM_CURVE('',#234,(#238,#245),.PCURVE_S1.);
#234 = LINE('',#235,#236);
#235 = CARTESIAN_POINT('',(18.,6.800909042275E-16,0.));
#236 = VECTOR('',#237,1.);
#237 = DIRECTION('',(0.,0.,1.));
#238 = PCURVE('',#43,#239);
#239 = DEFINITIONAL_REPRESENTATION('',(#240),#244);
#240 = LINE('',#241,#242);
#241 = CARTESIAN_POINT('',(-6.28318530718,0.));
#242 = VECTOR('',#243,1.);
#243 = DIRECTION('',(-0.,-1.));
#244 = ( GEOMETRIC_REPRESENTATION_CONTEXT(2) 
PARAMETRIC_REPRESENTATION_CONTEXT() REPRESENTATION_CONTEXT('2D SPACE',''
  ) );
#245 = PCURVE('',#43,#246);
#246 = DEFINITIONAL_REPRESENTATION('',(#247),#251);
#247 = LINE('',#248,#249);
#248 = CARTESIAN_POINT('',(-0.,0.));
#249 = VECTOR('',#250,1.);
#250 = DIRECTION('',(-0.,-1.));
#251 = ( GEOMETRIC_REPRESENTATION_CONTEXT(2) 
PARAMETRIC_REPRESENTATION_CONTEXT() REPRESENTATION_CONTEXT('2D SPACE',''
  ) );
#252 = ORIENTED_EDGE('',*,*,#253,.T.);
#253 = EDGE_CURVE('',#231,#231,#254,.T.);
#254 = SURFACE_CURVE('',#255,(#260,#267),.PCURVE_S1.);
#255 = CIRCLE('',#256,18.);
#256 = AXIS2_PLACEMENT_3D('',#257,#258,#259);
#257 = CARTESIAN_POINT('',(9.981433669011E-14,5.075305255429E-16,88.));
#258 = DIRECTION('',(0.,0.,1.));
#259 = DIRECTION('',(1.,0.,0.));
#260 = PCURVE('',#43,#261);
#261 = DEFINITIONAL_REPRESENTATION('',(#262),#266);
#262 = LINE('',#263,#264);
#263 = CARTESIAN_POINT('',(-0.,-88.));
#264 = VECTOR('',#265,1.);
#265 = DIRECTION('',(-1.,0.));
#266 = ( GEOMETRIC_REPRESENTATION_CONTEXT(2) 
PARAMETRIC_REPRESENTATION_CONTEXT() REPRESENTATION_CONTEXT('2D SPACE',''
  ) );
#267 = PCURVE('',#268,#273);
#268 = PLANE('',#269);
#269 = AXIS2_PLACEMENT_3D('',#270,#271,#272);
#270 = CARTESIAN_POINT('',(-1.041859148601E-15,1.846063891983E-16,88.));
#271 = DIRECTION('',(0.,0.,1.));
#272 = DIRECTION('',(1.,0.,-0.));
#273 = DEFINITIONAL_REPRESENTATION('',(#274),#278);
#274 = CIRCLE('',#275,18.);
#275 = AXIS2_PLACEMENT_2D('',#276,#277);
#276 = CARTESIAN_POINT('',(1.008561958387E-13,3.229241363446E-16));
#277 = DIRECTION('',(1.,0.));
#278 = ( GEOMETRIC_REPRESENTATION_CONTEXT(2) 
PARAMETRIC_REPRESENTATION_CONTEXT() REPRESENTATION_CONTEXT('2D SPACE',''
  ) );
#279 = ORIENTED_EDGE('',*,*,#230,.F.);
#280 = ORIENTED_EDGE('',*,*,#281,.T.);
#281 = EDGE_CURVE('',#175,#91,#282,.T.);
#282 = SURFACE_CURVE('',#283,(#310,#340),.PCURVE_S1.);
#283 = B_SPLINE_CURVE_WITH_KNOTS('',7,(#284,#285,#286,#287,#288,#289,
    #290,#291,#292,#293,#294,#295,#296,#297,#298,#299,#300,#301,#302,
    #303,#304,#305,#306,#307,#308,#309),.UNSPECIFIED.,.F.,.F.,(8,6,6,6,8
    ),(0.,0.271673605385,0.499291745952,0.80729024694,1.),
  .UNSPECIFIED.);
#284 = CARTESIAN_POINT('',(18.,-8.881784197001E-16,58.1));
#285 = CARTESIAN_POINT('',(18.,-0.153611987208,58.1));
#286 = CARTESIAN_POINT('',(17.998470552497,-0.304134288747,
    58.074973411956));
#287 = CARTESIAN_POINT('',(17.995522673267,-0.446732683595,
    58.026731306386));
#288 = CARTESIAN_POINT('',(17.991550670263,-0.577203997356,
    57.95817323488));
#289 = CARTESIAN_POINT('',(17.987146049928,-0.692224561025,
    57.87320973523));
#290 = CARTESIAN_POINT('',(17.982845595041,-0.789681904766,
    57.77667385606));
#291 = CARTESIAN_POINT('',(17.975783212783,-0.935768994229,
    57.588339515159));
#292 = CARTESIAN_POINT('',(17.97282930809,-0.990902701625,
    57.496830654341));
#293 = CARTESIAN_POINT('',(17.97031261537,-1.034724078308,
    57.401205607612));
#294 = CARTESIAN_POINT('',(17.968352315838,-1.067415658118,
    57.302709054615));
#295 = CARTESIAN_POINT('',(17.967022381871,-1.08914045626,
    57.202390449546));
#296 = CARTESIAN_POINT('',(17.966357449411,-1.1,57.101187700187));
#297 = CARTESIAN_POINT('',(17.966357449411,-1.1,56.863079190883));
#298 = CARTESIAN_POINT('',(17.967574750554,-1.080116837626,
    56.72599427572));
#299 = CARTESIAN_POINT('',(17.970015159507,-1.040262258256,
    56.591007285135));
#300 = CARTESIAN_POINT('',(17.973560845493,-0.980065454008,
    56.46059570983));
#301 = CARTESIAN_POINT('',(17.977959159273,-0.899102783,56.337731769973)
  );
#302 = CARTESIAN_POINT('',(17.982764587807,-0.797052190961,
    56.226125152086));
#303 = CARTESIAN_POINT('',(17.990250532727,-0.597329699057,
    56.071204507221));
#304 = CARTESIAN_POINT('',(17.993070814096,-0.51184087792,
    56.017595389028));
#305 = CARTESIAN_POINT('',(17.995643377516,-0.418620507135,
    55.972162243501));
#306 = CARTESIAN_POINT('',(17.997760365593,-0.319032259419,
    55.93664091651));
#307 = CARTESIAN_POINT('',(17.999247492111,-0.214776201772,
    55.912316888607));
#308 = CARTESIAN_POINT('',(18.,-0.10776294362,55.9));
#309 = CARTESIAN_POINT('',(18.,-6.661338147751E-16,55.9));
#310 = PCURVE('',#43,#311);
#311 = DEFINITIONAL_REPRESENTATION('',(#312),#339);
#312 = B_SPLINE_CURVE_WITH_KNOTS('',7,(#313,#314,#315,#316,#317,#318,
    #319,#320,#321,#322,#323,#324,#325,#326,#327,#328,#329,#330,#331,
    #332,#333,#334,#335,#336,#337,#338),.UNSPECIFIED.,.F.,.F.,(8,6,6,6,8
    ),(0.,0.271673605385,0.499291745952,0.80729024694,1.),
  .UNSPECIFIED.);
#313 = CARTESIAN_POINT('',(-6.28318530718,-58.1));
#314 = CARTESIAN_POINT('',(-6.27465130789,-58.1));
#315 = CARTESIAN_POINT('',(-6.266288956087,-58.07497341195));
#316 = CARTESIAN_POINT('',(-6.258365817433,-58.02673130638));
#317 = CARTESIAN_POINT('',(-6.251114521211,-57.95817323488));
#318 = CARTESIAN_POINT('',(-6.244719979057,-57.87320973523));
#319 = CARTESIAN_POINT('',(-6.239300462997,-57.77667385606));
#320 = CARTESIAN_POINT('',(-6.231175035192,-57.58833951515));
#321 = CARTESIAN_POINT('',(-6.228107700079,-57.49683065434));
#322 = CARTESIAN_POINT('',(-6.225669185196,-57.40120560761));
#323 = CARTESIAN_POINT('',(-6.223849724958,-57.30270905461));
#324 = CARTESIAN_POINT('',(-6.222640532725,-57.20239044954));
#325 = CARTESIAN_POINT('',(-6.222036094737,-57.10118770018));
#326 = CARTESIAN_POINT('',(-6.222036094737,-56.86307919088));
#327 = CARTESIAN_POINT('',(-6.223142783488,-56.72599427572));
#328 = CARTESIAN_POINT('',(-6.22536107196,-56.59100728513));
#329 = CARTESIAN_POINT('',(-6.228711130575,-56.46059570983));
#330 = CARTESIAN_POINT('',(-6.233215575955,-56.33773176997));
#331 = CARTESIAN_POINT('',(-6.238891073964,-56.22612515208));
#332 = CARTESIAN_POINT('',(-6.249994559284,-56.07120450722));
#333 = CARTESIAN_POINT('',(-6.254746474692,-56.01759538902));
#334 = CARTESIAN_POINT('',(-6.259927229401,-55.9721622435));
#335 = CARTESIAN_POINT('',(-6.265460943897,-55.93664091651));
#336 = CARTESIAN_POINT('',(-6.271253295494,-55.9123168886));
#337 = CARTESIAN_POINT('',(-6.277198476978,-55.9));
#338 = CARTESIAN_POINT('',(-6.28318530718,-55.9));
#339 = ( GEOMETRIC_REPRESENTATION_CONTEXT(2) 
PARAMETRIC_REPRESENTATION_CONTEXT() REPRESENTATION_CONTEXT('2D SPACE',''
  ) );
#340 = PCURVE('',#151,#341);
#341 = DEFINITIONAL_REPRESENTATION('',(#342),#369);
#342 = B_SPLINE_CURVE_WITH_KNOTS('',7,(#343,#344,#345,#346,#347,#348,
    #349,#350,#351,#352,#353,#354,#355,#356,#357,#358,#359,#360,#361,
    #362,#363,#364,#365,#366,#367,#368),.UNSPECIFIED.,.F.,.F.,(8,6,6,6,8
    ),(0.,0.271673605385,0.499291745952,0.80729024694,1.),
  .UNSPECIFIED.);
#343 = CARTESIAN_POINT('',(1.570796326795,-2.));
#344 = CARTESIAN_POINT('',(1.710443587893,-2.));
#345 = CARTESIAN_POINT('',(1.847282028741,-2.001529447503));
#346 = CARTESIAN_POINT('',(1.981364941755,-2.004477326733));
#347 = CARTESIAN_POINT('',(2.112515189198,-2.008449329737));
#348 = CARTESIAN_POINT('',(2.240311161884,-2.012853950072));
#349 = CARTESIAN_POINT('',(2.36395716836,-2.017154404959));
#350 = CARTESIAN_POINT('',(2.580640014764,-2.024216787217));
#351 = CARTESIAN_POINT('',(2.677093448834,-2.02717069191));
#352 = CARTESIAN_POINT('',(2.771771650838,-2.02968738463));
#353 = CARTESIAN_POINT('',(2.865132782614,-2.031647684162));
#354 = CARTESIAN_POINT('',(2.957600682082,-2.032977618129));
#355 = CARTESIAN_POINT('',(3.049603835238,-2.033642550589));
#356 = CARTESIAN_POINT('',(3.266066116423,-2.033642550589));
#357 = CARTESIAN_POINT('',(3.390688274698,-2.032425249446));
#358 = CARTESIAN_POINT('',(3.516555936109,-2.029984840493));
#359 = CARTESIAN_POINT('',(3.644591420911,-2.026439154507));
#360 = CARTESIAN_POINT('',(3.775816076764,-2.022040840727));
#361 = CARTESIAN_POINT('',(3.911307767784,-2.017235412193));
#362 = CARTESIAN_POINT('',(4.141092935108,-2.009749467273));
#363 = CARTESIAN_POINT('',(4.232371538573,-2.006929185904));
#364 = CARTESIAN_POINT('',(4.32577948402,-2.004356622484));
#365 = CARTESIAN_POINT('',(4.420823083759,-2.002239634407));
#366 = CARTESIAN_POINT('',(4.517138189234,-2.000752507889));
#367 = CARTESIAN_POINT('',(4.614422668002,-2.));
#368 = CARTESIAN_POINT('',(4.712388980385,-2.));
#369 = ( GEOMETRIC_REPRESENTATION_CONTEXT(2) 
PARAMETRIC_REPRESENTATION_CONTEXT() REPRESENTATION_CONTEXT('2D SPACE',''
  ) );
#370 = ORIENTED_EDGE('',*,*,#90,.F.);
#371 = FACE_BOUND('',#372,.T.);
#372 = EDGE_LOOP('',(#373));
#373 = ORIENTED_EDGE('',*,*,#374,.T.);
#374 = EDGE_CURVE('',#375,#375,#377,.T.);
#375 = VERTEX_POINT('',#376);
#376 = CARTESIAN_POINT('',(9.574826454187,15.242135623731,64.));
#377 = SURFACE_CURVE('',#378,(#495,#615),.PCURVE_S1.);
#378 = B_SPLINE_CURVE_WITH_KNOTS('',7,(#379,#380,#381,#382,#383,#384,
    #385,#386,#387,#388,#389,#390,#391,#392,#393,#394,#395,#396,#397,
    #398,#399,#400,#401,#402,#403,#404,#405,#406,#407,#408,#409,#410,
    #411,#412,#413,#414,#415,#416,#417,#418,#419,#420,#421,#422,#423,
    #424,#425,#426,#427,#428,#429,#430,#431,#432,#433,#434,#435,#436,
    #437,#438,#439,#440,#441,#442,#443,#444,#445,#446,#447,#448,#449,
    #450,#451,#452,#453,#454,#455,#456,#457,#458,#459,#460,#461,#462,
    #463,#464,#465,#466,#467,#468,#469,#470,#471,#472,#473,#474,#475,
    #476,#477,#478,#479,#480,#481,#482,#483,#484,#485,#486,#487,#488,
    #489,#490,#491,#492,#493,#494),.UNSPECIFIED.,.T.,.F.,(8,6,6,6,6,6,6,
    6,6,6,6,6,6,6,6,6,6,6,6,8),(0.,3.895110854429E-02,6.412205538949E-02
    ,9.769782616359E-02,0.211105440575,0.291735164646,0.326434095823,
    0.378494295339,0.422100159986,0.463589368993,0.500025571666,
    0.535515222829,0.576594855916,0.621412155224,0.672586808665,
    0.791003948732,0.874856229496,0.936410035062,0.961587546433,1.),
  .UNSPECIFIED.);
#379 = CARTESIAN_POINT('',(9.574826454187,15.242135623731,64.));
#380 = CARTESIAN_POINT('',(9.574826454187,15.242135623731,
    64.045432554566));
#381 = CARTESIAN_POINT('',(9.578311389705,15.239946284501,
    64.090784119517));
#382 = CARTESIAN_POINT('',(9.585259164029,15.235582140795,64.13580874464
    ));
#383 = CARTESIAN_POINT('',(9.595566484996,15.229100245767,
    64.180260552247));
#384 = CARTESIAN_POINT('',(9.609049753331,15.22060225599,64.223896466425
    ));
#385 = CARTESIAN_POINT('',(9.625445950991,15.210236516498,
    64.266478942283));
#386 = CARTESIAN_POINT('',(9.656670739331,15.190422014239,
    64.334467380682));
#387 = CARTESIAN_POINT('',(9.670016448307,15.181937076702,
    64.360652268214));
#388 = CARTESIAN_POINT('',(9.684384010423,15.172782159491,
    64.386314729445));
#389 = CARTESIAN_POINT('',(9.699706091347,15.162994668038,
    64.411437492445));
#390 = CARTESIAN_POINT('',(9.715914668414,15.15261258691,64.436004641705
    ));
#391 = CARTESIAN_POINT('',(9.732941030631,15.141674479816,
    64.460001618132));
#392 = CARTESIAN_POINT('',(9.774425687949,15.114939566753,
    64.514646849006));
#393 = CARTESIAN_POINT('',(9.79947398456,15.098735781677,64.544849361742
    ));
#394 = CARTESIAN_POINT('',(9.825725694474,15.08168232955,64.574027473325
    ));
#395 = CARTESIAN_POINT('',(9.853057285319,15.063847077824,
    64.602188729354));
#396 = CARTESIAN_POINT('',(9.881356574165,15.045291683845,
    64.629343202899));
#397 = CARTESIAN_POINT('',(9.910522635304,15.026071712471,
    64.655503192425));
#398 = CARTESIAN_POINT('',(10.041603295247,14.939240961595,
    64.765731534832));
#399 = CARTESIAN_POINT('',(10.151956114593,14.86499669841,64.83989136664
    ));
#400 = CARTESIAN_POINT('',(10.268198386398,14.78530947483,
    64.903586983957));
#401 = CARTESIAN_POINT('',(10.388190323308,14.701358661123,64.9573327363
    ));
#402 = CARTESIAN_POINT('',(10.510668719255,14.613862625135,
    65.001557079636));
#403 = CARTESIAN_POINT('',(10.634941858983,14.523173968896,
    65.036452474664));
#404 = CARTESIAN_POINT('',(10.849936512527,14.36284434272,
    65.079838553798));
#405 = CARTESIAN_POINT('',(10.939775325464,14.294843649355,65.0930058183
    ));
#406 = CARTESIAN_POINT('',(11.029763517286,14.225688513108,
    65.101235122526));
#407 = CARTESIAN_POINT('',(11.11957794185,14.15560024309,65.104405626594
    ));
#408 = CARTESIAN_POINT('',(11.208900719785,14.084818150277,
    65.10235279238));
#409 = CARTESIAN_POINT('',(11.297396484561,14.013619573636,
    65.094868828374));
#410 = CARTESIAN_POINT('',(11.422256156667,13.911664763783,
    65.076037289725));
#411 = CARTESIAN_POINT('',(11.459594586607,13.880979086291,
    65.069320024027));
#412 = CARTESIAN_POINT('',(11.496669632635,13.850314076368,
    65.061532645061));
#413 = CARTESIAN_POINT('',(11.533444475308,13.819703434781,
    65.052656126775));
#414 = CARTESIAN_POINT('',(11.569880761478,13.789183360465,
    65.042671109451));
#415 = CARTESIAN_POINT('',(11.605938604296,13.758792550527,
    65.031557899705));
#416 = CARTESIAN_POINT('',(11.695045673739,13.683231395448,
    65.000900155975));
#417 = CARTESIAN_POINT('',(11.74758799441,13.638258858188,
    64.979912986122));
#418 = CARTESIAN_POINT('',(11.799028831079,13.593822854519,
    64.956275301193));
#419 = CARTESIAN_POINT('',(11.849187612462,13.550105146967,
    64.929936137367));
#420 = CARTESIAN_POINT('',(11.897877241311,13.507301298972,
    64.90085386487));
#421 = CARTESIAN_POINT('',(11.944903425594,13.465620979342,
    64.86899682612));
#422 = CARTESIAN_POINT('',(12.027890724427,13.391505399458,
    64.805318584028));
#423 = CARTESIAN_POINT('',(12.064411000487,13.358665807809,
    64.774329748995));
#424 = CARTESIAN_POINT('',(12.099470825028,13.326932384779,
    64.741390919077));
#425 = CARTESIAN_POINT('',(12.132920610652,13.296468947772,
    64.706530032355));
#426 = CARTESIAN_POINT('',(12.164614762622,13.267439284909,
    64.669789559124));
#427 = CARTESIAN_POINT('',(12.194411246082,13.240006201363,
    64.631226546356));
#428 = CARTESIAN_POINT('',(12.248583577434,13.189901241278,
    64.552555638831));
#429 = CARTESIAN_POINT('',(12.273152994562,13.167062248422,
    64.512612469495));
#430 = CARTESIAN_POINT('',(12.295733489028,13.14597643239,64.47118294325
    ));
#431 = CARTESIAN_POINT('',(12.316194806064,13.126793345602,
    64.428383837776));
#432 = CARTESIAN_POINT('',(12.334421996902,13.109647687937,
    64.384348076862));
#433 = CARTESIAN_POINT('',(12.350315063875,13.094657747027,
    64.339223887931));
#434 = CARTESIAN_POINT('',(12.375621193004,13.070740803707,
    64.252732491453));
#435 = CARTESIAN_POINT('',(12.385585829914,13.06129950165,
    64.211583381705));
#436 = CARTESIAN_POINT('',(12.393620345061,13.053672180222,
    64.169857817764));
#437 = CARTESIAN_POINT('',(12.399678011638,13.04791386975,
    64.127692874329));
#438 = CARTESIAN_POINT('',(12.403727466966,13.044061934435,
    64.085230521788));
#439 = CARTESIAN_POINT('',(12.405752632235,13.042135623731,
    64.042616634655));
#440 = CARTESIAN_POINT('',(12.405752632235,13.042135623731,
    63.958490474126));
#441 = CARTESIAN_POINT('',(12.403831330269,13.043963144401,
    63.916983366976));
#442 = CARTESIAN_POINT('',(12.399989477913,13.047617596615,
    63.875616206616));
#443 = CARTESIAN_POINT('',(12.394241558316,13.053081651613,
    63.83452395673));
#444 = CARTESIAN_POINT('',(12.38661585546,13.06032162508,63.793838147178
    ));
#445 = CARTESIAN_POINT('',(12.377154523414,13.069287861211,
    63.753686004551));
#446 = CARTESIAN_POINT('',(12.352902236489,13.092216273467,
    63.668472071754));
#447 = CARTESIAN_POINT('',(12.3375089189,13.106740686895,63.623641357188
    ));
#448 = CARTESIAN_POINT('',(12.319815020646,13.123392833373,
    63.579857648303));
#449 = CARTESIAN_POINT('',(12.299916256253,13.142059451774,
    63.537267341019));
#450 = CARTESIAN_POINT('',(12.27792307254,13.162611033525,
    63.496002184911));
#451 = CARTESIAN_POINT('',(12.253960984202,13.184903312592,
    63.456178450207));
#452 = CARTESIAN_POINT('',(12.200034302139,13.234826526315,
    63.376130585903));
#453 = CARTESIAN_POINT('',(12.169722446074,13.262758229895,
    63.336200251633));
#454 = CARTESIAN_POINT('',(12.13738581234,13.292399409071,
    63.298185914267));
#455 = CARTESIAN_POINT('',(12.103178560154,13.323573097476,
    63.262151923362));
#456 = CARTESIAN_POINT('',(12.067259036302,13.35610093921,
    63.228146195025));
#457 = CARTESIAN_POINT('',(12.029790274642,13.38980430855,
    63.196200251191));
#458 = CARTESIAN_POINT('',(11.946579857871,13.464128920458,
    63.132221052884));
#459 = CARTESIAN_POINT('',(11.900412994319,13.505058331796,
    63.100813784648));
#460 = CARTESIAN_POINT('',(11.852632359561,13.547080347375,
    63.072088117885));
#461 = CARTESIAN_POINT('',(11.803423124183,13.589995047271,
    63.046014639487));
#462 = CARTESIAN_POINT('',(11.752963790175,13.633615646,63.022554448398)
  );
#463 = CARTESIAN_POINT('',(11.701426806374,13.677768230584,
    63.001659744459));
#464 = CARTESIAN_POINT('',(11.527616418563,13.82531746387,
    62.940731132244));
#465 = CARTESIAN_POINT('',(11.401483778375,13.930237961529,
    62.911661902755));
#466 = CARTESIAN_POINT('',(11.272122963676,14.035507139794,
    62.895144661473));
#467 = CARTESIAN_POINT('',(11.140755861148,14.140016056441,
    62.890391540068));
#468 = CARTESIAN_POINT('',(11.008452418572,14.242901684076,
    62.896775743013));
#469 = CARTESIAN_POINT('',(10.876249172065,14.343425295749,
    62.913844435638));
#470 = CARTESIAN_POINT('',(10.652559186198,14.509870544666,
    62.960812195115));
#471 = CARTESIAN_POINT('',(10.560490356277,14.577298504193,
    62.985503840424));
#472 = CARTESIAN_POINT('',(10.46932889603,14.643021646523,63.01535163772
    ));
#473 = CARTESIAN_POINT('',(10.379393722326,14.706865531314,
    63.050387735546));
#474 = CARTESIAN_POINT('',(10.291138220709,14.768578280236,
    63.09071505821));
#475 = CARTESIAN_POINT('',(10.205212950688,14.827799120504,
    63.136480447502));
#476 = CARTESIAN_POINT('',(10.061837411737,14.925307887659,
    63.225553833895));
#477 = CARTESIAN_POINT('',(10.002838307074,14.965010845026,
    63.266311935993));
#478 = CARTESIAN_POINT('',(9.945850667076,15.00296996023,63.310226520832
    ));
#479 = CARTESIAN_POINT('',(9.891304417856,15.038951575838,
    63.357407730382));
#480 = CARTESIAN_POINT('',(9.839754306748,15.072652062347,
    63.407957163484));
#481 = CARTESIAN_POINT('',(9.791891139512,15.103692451373,
    63.461954424285));
#482 = CARTESIAN_POINT('',(9.730826314036,15.143033510779,
    63.542958644965));
#483 = CARTESIAN_POINT('',(9.713855775491,15.153932401847,
    63.567058996873));
#484 = CARTESIAN_POINT('',(9.697711670115,15.164270098475,
    63.591730893393));
#485 = CARTESIAN_POINT('',(9.682463430216,15.174007622474,
    63.616959144476));
#486 = CARTESIAN_POINT('',(9.668179652174,15.18310666102,63.642727203044
    ));
#487 = CARTESIAN_POINT('',(9.654928096443,15.191529566651,
    63.669017164987));
#488 = CARTESIAN_POINT('',(9.624235179894,15.211001916715,
    63.736686313656));
#489 = CARTESIAN_POINT('',(9.608220792941,15.221124689448,
    63.778803792698));
#490 = CARTESIAN_POINT('',(9.595059361832,15.229419145441,
    63.821939727875));
#491 = CARTESIAN_POINT('',(9.585002406947,15.235743421314,
    63.865863848544));
#492 = CARTESIAN_POINT('',(9.57822530401,15.240000372219,63.910340675942
    ));
#493 = CARTESIAN_POINT('',(9.574826454187,15.242135623731,
    63.955132107309));
#494 = CARTESIAN_POINT('',(9.574826454187,15.242135623731,64.));
#495 = PCURVE('',#43,#496);
#496 = DEFINITIONAL_REPRESENTATION('',(#497),#614);
#497 = B_SPLINE_CURVE_WITH_KNOTS('',7,(#498,#499,#500,#501,#502,#503,
    #504,#505,#506,#507,#508,#509,#510,#511,#512,#513,#514,#515,#516,
    #517,#518,#519,#520,#521,#522,#523,#524,#525,#526,#527,#528,#529,
    #530,#531,#532,#533,#534,#535,#536,#537,#538,#539,#540,#541,#542,
    #543,#544,#545,#546,#547,#548,#549,#550,#551,#552,#553,#554,#555,
    #556,#557,#558,#559,#560,#561,#562,#563,#564,#565,#566,#567,#568,
    #569,#570,#571,#572,#573,#574,#575,#576,#577,#578,#579,#580,#581,
    #582,#583,#584,#585,#586,#587,#588,#589,#590,#591,#592,#593,#594,
    #595,#596,#597,#598,#599,#600,#601,#602,#603,#604,#605,#606,#607,
    #608,#609,#610,#611,#612,#613),.UNSPECIFIED.,.T.,.F.,(8,6,6,6,6,6,6,
    6,6,6,6,6,6,6,6,6,6,6,6,8),(0.,3.895110854429E-02,6.412205538949E-02
    ,9.769782616359E-02,0.211105440575,0.291735164646,0.326434095823,
    0.378494295339,0.422100159986,0.463589368993,0.500025571666,
    0.535515222829,0.576594855916,0.621412155224,0.672586808665,
    0.791003948732,0.874856229496,0.936410035062,0.961587546433,1.),
  .UNSPECIFIED.);
#498 = CARTESIAN_POINT('',(-1.009912516668,-64.));
#499 = CARTESIAN_POINT('',(-1.009912516668,-64.04543255456));
#500 = CARTESIAN_POINT('',(-1.00968387351,-64.09078411951));
#501 = CARTESIAN_POINT('',(-1.009228055953,-64.13580874464));
#502 = CARTESIAN_POINT('',(-1.00855160977,-64.18026055224));
#503 = CARTESIAN_POINT('',(-1.007666175915,-64.22389646642));
#504 = CARTESIAN_POINT('',(-1.006588508687,-64.26647894228));
#505 = CARTESIAN_POINT('',(-1.004534003019,-64.33446738068));
#506 = CARTESIAN_POINT('',(-1.003655413461,-64.36065226821));
#507 = CARTESIAN_POINT('',(-1.002708946921,-64.38631472944));
#508 = CARTESIAN_POINT('',(-1.001698873742,-64.41143749244));
#509 = CARTESIAN_POINT('',(-1.000629512916,-64.4360046417));
#510 = CARTESIAN_POINT('',(-0.999505232085,-64.46000161813));
#511 = CARTESIAN_POINT('',(-0.996763391007,-64.514646849));
#512 = CARTESIAN_POINT('',(-0.995106030714,-64.54484936174));
#513 = CARTESIAN_POINT('',(-0.993366896392,-64.57402747332));
#514 = CARTESIAN_POINT('',(-0.991553789575,-64.60218872935));
#515 = CARTESIAN_POINT('',(-0.989673791725,-64.62934320289));
#516 = CARTESIAN_POINT('',(-0.987733272352,-64.65550319242));
#517 = CARTESIAN_POINT('',(-0.978998193591,-64.76573153483));
#518 = CARTESIAN_POINT('',(-0.971609294571,-64.83989136664));
#519 = CARTESIAN_POINT('',(-0.963780133867,-64.90358698395));
#520 = CARTESIAN_POINT('',(-0.955645049154,-64.9573327363));
#521 = CARTESIAN_POINT('',(-0.947283449181,-65.00155707963));
#522 = CARTESIAN_POINT('',(-0.93873697028,-65.03645247466));
#523 = CARTESIAN_POINT('',(-0.92383727581,-65.07983855379));
#524 = CARTESIAN_POINT('',(-0.917577848048,-65.0930058183));
#525 = CARTESIAN_POINT('',(-0.911273040916,-65.10123512252));
#526 = CARTESIAN_POINT('',(-0.904944167247,-65.10440562659));
#527 = CARTESIAN_POINT('',(-0.898612899267,-65.10235279238));
#528 = CARTESIAN_POINT('',(-0.892302986859,-65.09486882837));
#529 = CARTESIAN_POINT('',(-0.883347555206,-65.07603728972));
#530 = CARTESIAN_POINT('',(-0.88066258031,-65.06932002402));
#531 = CARTESIAN_POINT('',(-0.877989633037,-65.06153264506));
#532 = CARTESIAN_POINT('',(-0.875331451256,-65.05265612677));
#533 = CARTESIAN_POINT('',(-0.872690928801,-65.04267110945));
#534 = CARTESIAN_POINT('',(-0.870071115477,-65.0315578997));
#535 = CARTESIAN_POINT('',(-0.863580486434,-65.00090015597));
#536 = CARTESIAN_POINT('',(-0.859738257346,-64.97991298612));
#537 = CARTESIAN_POINT('',(-0.855961881628,-64.95627530119));
#538 = CARTESIAN_POINT('',(-0.852265457174,-64.92993613736));
#539 = CARTESIAN_POINT('',(-0.848663873142,-64.90085386487));
#540 = CARTESIAN_POINT('',(-0.845172855157,-64.86899682612));
#541 = CARTESIAN_POINT('',(-0.838991438626,-64.80531858402));
#542 = CARTESIAN_POINT('',(-0.836262907832,-64.77432974899));
#543 = CARTESIAN_POINT('',(-0.833635790629,-64.74139091907));
#544 = CARTESIAN_POINT('',(-0.831122322348,-64.70653003235));
#545 = CARTESIAN_POINT('',(-0.828734583728,-64.66978955912));
#546 = CARTESIAN_POINT('',(-0.826484483484,-64.63122654635));
#547 = CARTESIAN_POINT('',(-0.82238496962,-64.55255563883));
#548 = CARTESIAN_POINT('',(-0.82052135713,-64.51261246949));
#549 = CARTESIAN_POINT('',(-0.818804984097,-64.47118294325));
#550 = CARTESIAN_POINT('',(-0.817246799952,-64.42838383777));
#551 = CARTESIAN_POINT('',(-0.815856576045,-64.38434807686));
#552 = CARTESIAN_POINT('',(-0.814642858828,-64.33922388793));
#553 = CARTESIAN_POINT('',(-0.812708423997,-64.25273249145));
#554 = CARTESIAN_POINT('',(-0.811945810114,-64.2115833817));
#555 = CARTESIAN_POINT('',(-0.811330347541,-64.16985781776));
#556 = CARTESIAN_POINT('',(-0.810866023222,-64.12769287432));
#557 = CARTESIAN_POINT('',(-0.810555530222,-64.08523052178));
#558 = CARTESIAN_POINT('',(-0.810400253065,-64.04261663465));
#559 = CARTESIAN_POINT('',(-0.810400253065,-63.95849047412));
#560 = CARTESIAN_POINT('',(-0.810547566759,-63.91698336697));
#561 = CARTESIAN_POINT('',(-0.810842141498,-63.87561620661));
#562 = CARTESIAN_POINT('',(-0.811282730564,-63.83452395673));
#563 = CARTESIAN_POINT('',(-0.811866905714,-63.79383814717));
#564 = CARTESIAN_POINT('',(-0.812591069708,-63.75368600455));
#565 = CARTESIAN_POINT('',(-0.814445232118,-63.66847207175));
#566 = CARTESIAN_POINT('',(-0.815621006664,-63.62364135718));
#567 = CARTESIAN_POINT('',(-0.816970865235,-63.5798576483));
#568 = CARTESIAN_POINT('',(-0.818486625533,-63.53726734101));
#569 = CARTESIAN_POINT('',(-0.820158895135,-63.49600218491));
#570 = CARTESIAN_POINT('',(-0.821977116408,-63.4561784502));
#571 = CARTESIAN_POINT('',(-0.826059755921,-63.3761305859));
#572 = CARTESIAN_POINT('',(-0.828349682805,-63.33620025163));
#573 = CARTESIAN_POINT('',(-0.830786688483,-63.29818591426));
#574 = CARTESIAN_POINT('',(-0.83335783667,-63.26215192336));
#575 = CARTESIAN_POINT('',(-0.836049979316,-63.22814619502));
#576 = CARTESIAN_POINT('',(-0.838849777514,-63.19620025119));
#577 = CARTESIAN_POINT('',(-0.845048174707,-63.13222105288));
#578 = CARTESIAN_POINT('',(-0.848475796586,-63.10081378464));
#579 = CARTESIAN_POINT('',(-0.852010777711,-63.07208811788));
#580 = CARTESIAN_POINT('',(-0.855638126407,-63.04601463948));
#581 = CARTESIAN_POINT('',(-0.859343628771,-63.02255444839));
#582 = CARTESIAN_POINT('',(-0.863113807789,-63.00165974445));
#583 = CARTESIAN_POINT('',(-0.875780087895,-62.94073113224));
#584 = CARTESIAN_POINT('',(-0.884894426099,-62.91166190275));
#585 = CARTESIAN_POINT('',(-0.894159152026,-62.89514466147));
#586 = CARTESIAN_POINT('',(-0.903484088378,-62.89039154006));
#587 = CARTESIAN_POINT('',(-0.91279429706,-62.89677574301));
#588 = CARTESIAN_POINT('',(-0.922020486274,-62.91384443563));
#589 = CARTESIAN_POINT('',(-0.937510549861,-62.96081219511));
#590 = CARTESIAN_POINT('',(-0.943850324647,-62.98550384042));
#591 = CARTESIAN_POINT('',(-0.950093550695,-63.01535163772));
#592 = CARTESIAN_POINT('',(-0.95622061068,-63.05038773554));
#593 = CARTESIAN_POINT('',(-0.962203257408,-63.09071505821));
#594 = CARTESIAN_POINT('',(-0.96800072384,-63.1364804475));
#595 = CARTESIAN_POINT('',(-0.97763356774,-63.22555383389));
#596 = CARTESIAN_POINT('',(-0.981584304696,-63.26631193599));
#597 = CARTESIAN_POINT('',(-0.985388267989,-63.31022652083));
#598 = CARTESIAN_POINT('',(-0.989018486812,-63.35740773038));
#599 = CARTESIAN_POINT('',(-0.992440028573,-63.40795716348));
#600 = CARTESIAN_POINT('',(-0.995609305975,-63.46195442428));
#601 = CARTESIAN_POINT('',(-0.999644885341,-63.54295864496));
#602 = CARTESIAN_POINT('',(-1.000765379352,-63.56705899687));
#603 = CARTESIAN_POINT('',(-1.001830394132,-63.59173089339));
#604 = CARTESIAN_POINT('',(-1.002835515818,-63.61695914447));
#605 = CARTESIAN_POINT('',(-1.003776388684,-63.64272720304));
#606 = CARTESIAN_POINT('',(-1.004648715141,-63.66901716498));
#607 = CARTESIAN_POINT('',(-1.00666808702,-63.73668631365));
#608 = CARTESIAN_POINT('',(-1.007720612136,-63.77880379269));
#609 = CARTESIAN_POINT('',(-1.008584890781,-63.82193972787));
#610 = CARTESIAN_POINT('',(-1.009244900895,-63.86586384854));
#611 = CARTESIAN_POINT('',(-1.009689521688,-63.91034067594));
#612 = CARTESIAN_POINT('',(-1.009912516668,-63.9551321073));
#613 = CARTESIAN_POINT('',(-1.009912516668,-64.));
#614 = ( GEOMETRIC_REPRESENTATION_CONTEXT(2) 
PARAMETRIC_REPRESENTATION_CONTEXT() REPRESENTATION_CONTEXT('2D SPACE',''
  ) );
#615 = PCURVE('',#616,#621);
#616 = CYLINDRICAL_SURFACE('',#617,1.1);
#617 = AXIS2_PLACEMENT_3D('',#618,#619,#620);
#618 = CARTESIAN_POINT('',(14.142135623731,14.142135623731,64.));
#619 = DIRECTION('',(1.,0.,0.));
#620 = DIRECTION('',(0.,1.,0.));
#621 = DEFINITIONAL_REPRESENTATION('',(#622),#739);
#622 = B_SPLINE_CURVE_WITH_KNOTS('',7,(#623,#624,#625,#626,#627,#628,
    #629,#630,#631,#632,#633,#634,#635,#636,#637,#638,#639,#640,#641,
    #642,#643,#644,#645,#646,#647,#648,#649,#650,#651,#652,#653,#654,
    #655,#656,#657,#658,#659,#660,#661,#662,#663,#664,#665,#666,#667,
    #668,#669,#670,#671,#672,#673,#674,#675,#676,#677,#678,#679,#680,
    #681,#682,#683,#684,#685,#686,#687,#688,#689,#690,#691,#692,#693,
    #694,#695,#696,#697,#698,#699,#700,#701,#702,#703,#704,#705,#706,
    #707,#708,#709,#710,#711,#712,#713,#714,#715,#716,#717,#718,#719,
    #720,#721,#722,#723,#724,#725,#726,#727,#728,#729,#730,#731,#732,
    #733,#734,#735,#736,#737,#738),.UNSPECIFIED.,.F.,.F.,(8,6,6,6,6,6,6,
    6,6,6,6,6,6,6,6,6,6,6,6,8),(0.,3.895110854429E-02,6.412205538949E-02
    ,9.769782616359E-02,0.211105440575,0.291735164646,0.326434095823,
    0.378494295339,0.422100159986,0.463589368993,0.500025571666,
    0.535515222829,0.576594855916,0.621412155224,0.672586808665,
    0.791003948732,0.874856229496,0.936410035062,0.961587546433,1.),
  .UNSPECIFIED.);
#623 = CARTESIAN_POINT('',(0.,-4.567309169544));
#624 = CARTESIAN_POINT('',(4.130232233246E-02,-4.567309169544));
#625 = CARTESIAN_POINT('',(8.253107284733E-02,-4.563824234026));
#626 = CARTESIAN_POINT('',(0.123577536949,-4.556876459702));
#627 = CARTESIAN_POINT('',(0.164331633727,-4.546569138735));
#628 = CARTESIAN_POINT('',(0.204675541215,-4.5330858704));
#629 = CARTESIAN_POINT('',(0.244477321637,-4.51668967274));
#630 = CARTESIAN_POINT('',(0.308856378955,-4.485464884399));
#631 = CARTESIAN_POINT('',(0.333868297844,-4.472119175424));
#632 = CARTESIAN_POINT('',(0.358621016444,-4.457751613308));
#633 = CARTESIAN_POINT('',(0.3831138937,-4.442429532384));
#634 = CARTESIAN_POINT('',(0.407344934389,-4.426220955317));
#635 = CARTESIAN_POINT('',(0.43131078912,-4.4091945931));
#636 = CARTESIAN_POINT('',(0.48661503278,-4.367709935782));
#637 = CARTESIAN_POINT('',(0.517752049275,-4.342661639171));
#638 = CARTESIAN_POINT('',(0.548443531292,-4.316409929257));
#639 = CARTESIAN_POINT('',(0.578713271982,-4.289078338412));
#640 = CARTESIAN_POINT('',(0.608583920826,-4.260779049566));
#641 = CARTESIAN_POINT('',(0.638077774277,-4.231612988427));
#642 = CARTESIAN_POINT('',(0.765641943084,-4.100532328484));
#643 = CARTESIAN_POINT('',(0.860367981057,-3.990179509138));
#644 = CARTESIAN_POINT('',(0.952239789707,-3.873937237333));
#645 = CARTESIAN_POINT('',(1.041995106647,-3.753945300423));
#646 = CARTESIAN_POINT('',(1.130400103758,-3.631466904476));
#647 = CARTESIAN_POINT('',(1.218268357957,-3.507193764748));
#648 = CARTESIAN_POINT('',(1.369264884906,-3.292199111204));
#649 = CARTESIAN_POINT('',(1.432063967491,-3.202360298267));
#650 = CARTESIAN_POINT('',(1.49510757488,-3.112372106445));
#651 = CARTESIAN_POINT('',(1.558578816801,-3.022557681881));
#652 = CARTESIAN_POINT('',(1.622661334425,-2.933234903946));
#653 = CARTESIAN_POINT('',(1.68754683189,-2.84473913917));
#654 = CARTESIAN_POINT('',(1.781800797324,-2.719879467064));
#655 = CARTESIAN_POINT('',(1.81034221402,-2.682541037124));
#656 = CARTESIAN_POINT('',(1.839078830195,-2.645465991096));
#657 = CARTESIAN_POINT('',(1.868023173473,-2.608691148423));
#658 = CARTESIAN_POINT('',(1.897188326828,-2.572254862253));
#659 = CARTESIAN_POINT('',(1.926587928581,-2.536197019435));
#660 = CARTESIAN_POINT('',(2.000718622904,-2.447089949992));
#661 = CARTESIAN_POINT('',(2.045776280167,-2.394547629321));
#662 = CARTESIAN_POINT('',(2.091431872004,-2.343106792652));
#663 = CARTESIAN_POINT('',(2.137709874207,-2.292948011269));
#664 = CARTESIAN_POINT('',(2.184638581307,-2.24425838242));
#665 = CARTESIAN_POINT('',(2.232252177318,-2.197232198137));
#666 = CARTESIAN_POINT('',(2.321083141772,-2.114244899304));
#667 = CARTESIAN_POINT('',(2.362086254551,-2.077724623244));
#668 = CARTESIAN_POINT('',(2.403590320596,-2.042664798703));
#669 = CARTESIAN_POINT('',(2.445586569378,-2.009215013079));
#670 = CARTESIAN_POINT('',(2.488069290897,-1.977520861109));
#671 = CARTESIAN_POINT('',(2.531035842483,-1.947724377649));
#672 = CARTESIAN_POINT('',(2.615828339402,-1.893552046297));
#673 = CARTESIAN_POINT('',(2.657609623998,-1.868982629169));
#674 = CARTESIAN_POINT('',(2.699789789104,-1.846402134703));
#675 = CARTESIAN_POINT('',(2.742332786122,-1.825940817667));
#676 = CARTESIAN_POINT('',(2.785205420309,-1.807713626829));
#677 = CARTESIAN_POINT('',(2.82837553294,-1.791820559856));
#678 = CARTESIAN_POINT('',(2.909954890655,-1.766514430727));
#679 = CARTESIAN_POINT('',(2.948297641441,-1.756549793817));
#680 = CARTESIAN_POINT('',(2.986796599674,-1.74851527867));
#681 = CARTESIAN_POINT('',(3.025413231125,-1.742457612093));
#682 = CARTESIAN_POINT('',(3.0641103655,-1.738408156765));
#683 = CARTESIAN_POINT('',(3.102850258449,-1.736382991496));
#684 = CARTESIAN_POINT('',(3.179328586203,-1.736382991496));
#685 = CARTESIAN_POINT('',(3.21706231627,-1.738304293462));
#686 = CARTESIAN_POINT('',(3.254756607219,-1.742146145818));
#687 = CARTESIAN_POINT('',(3.292376440309,-1.747894065415));
#688 = CARTESIAN_POINT('',(3.3298873052,-1.755519768271));
#689 = CARTESIAN_POINT('',(3.367253490525,-1.764981100317));
#690 = CARTESIAN_POINT('',(3.447475941739,-1.789233387242));
#691 = CARTESIAN_POINT('',(3.49026215062,-1.804626704831));
#692 = CARTESIAN_POINT('',(3.532762087827,-1.822320603085));
#693 = CARTESIAN_POINT('',(3.574943685673,-1.842219367478));
#694 = CARTESIAN_POINT('',(3.616773931763,-1.86421255119));
#695 = CARTESIAN_POINT('',(3.658217078708,-1.888174639529));
#696 = CARTESIAN_POINT('',(3.743980484995,-1.942101321592));
#697 = CARTESIAN_POINT('',(3.788218848317,-1.972413177657));
#698 = CARTESIAN_POINT('',(3.831947972933,-2.004749811391));
#699 = CARTESIAN_POINT('',(3.875164508727,-2.038957063577));
#700 = CARTESIAN_POINT('',(3.917861700728,-2.074876587429));
#701 = CARTESIAN_POINT('',(3.960029363495,-2.112345349089));
#702 = CARTESIAN_POINT('',(4.04918280051,-2.19555576586));
#703 = CARTESIAN_POINT('',(4.096009692872,-2.241722629412));
#704 = CARTESIAN_POINT('',(4.142174110781,-2.28950326417));
#705 = CARTESIAN_POINT('',(4.187708234904,-2.338712499548));
#706 = CARTESIAN_POINT('',(4.23263874766,-2.389171833556));
#707 = CARTESIAN_POINT('',(4.276988732507,-2.440708817357));
#708 = CARTESIAN_POINT('',(4.42211071605,-2.614519205167));
#709 = CARTESIAN_POINT('',(4.520358626339,-2.740651845356));
#710 = CARTESIAN_POINT('',(4.616243230511,-2.870012660055));
#711 = CARTESIAN_POINT('',(4.710342514228,-3.001379762584));
#712 = CARTESIAN_POINT('',(4.803209928679,-3.133683205159));
#713 = CARTESIAN_POINT('',(4.895374467444,-3.265886451666));
#714 = CARTESIAN_POINT('',(5.052597242794,-3.489576437533));
#715 = CARTESIAN_POINT('',(5.117687815122,-3.581645267453));
#716 = CARTESIAN_POINT('',(5.183011416582,-3.672806727701));
#717 = CARTESIAN_POINT('',(5.248871882579,-3.762741901405));
#718 = CARTESIAN_POINT('',(5.315561317589,-3.850997403022));
#719 = CARTESIAN_POINT('',(5.383370922847,-3.936922673043));
#720 = CARTESIAN_POINT('',(5.503432986121,-4.080298211994));
#721 = CARTESIAN_POINT('',(5.555071510174,-4.139297316657));
#722 = CARTESIAN_POINT('',(5.60769035734,-4.196284956655));
#723 = CARTESIAN_POINT('',(5.661444259696,-4.250831205875));
#724 = CARTESIAN_POINT('',(5.716484775057,-4.302381316983));
#725 = CARTESIAN_POINT('',(5.77296926608,-4.350244484219));
#726 = CARTESIAN_POINT('',(5.854834922626,-4.411309309695));
#727 = CARTESIAN_POINT('',(5.878871527826,-4.42827984824));
#728 = CARTESIAN_POINT('',(5.903174555021,-4.444423953616));
#729 = CARTESIAN_POINT('',(5.927740263142,-4.459672193515));
#730 = CARTESIAN_POINT('',(5.95256631,-4.473955971557));
#731 = CARTESIAN_POINT('',(5.977651752291,-4.487207527288));
#732 = CARTESIAN_POINT('',(6.041665478212,-4.517900443837));
#733 = CARTESIAN_POINT('',(6.081005771496,-4.53391483079));
#734 = CARTESIAN_POINT('',(6.120870727224,-4.547076261899));
#735 = CARTESIAN_POINT('',(6.161132544165,-4.557133216784));
#736 = CARTESIAN_POINT('',(6.201676780099,-4.563910319721));
#737 = CARTESIAN_POINT('',(6.242396313824,-4.567309169544));
#738 = CARTESIAN_POINT('',(6.28318530718,-4.567309169544));
#739 = ( GEOMETRIC_REPRESENTATION_CONTEXT(2) 
PARAMETRIC_REPRESENTATION_CONTEXT() REPRESENTATION_CONTEXT('2D SPACE',''
  ) );
#740 = FACE_BOUND('',#741,.T.);
#741 = EDGE_LOOP('',(#742));
#742 = ORIENTED_EDGE('',*,*,#743,.F.);
#743 = EDGE_CURVE('',#744,#744,#746,.T.);
#744 = VERTEX_POINT('',#745);
#745 = CARTESIAN_POINT('',(-9.574826454187,15.242135623731,78.));
#746 = SURFACE_CURVE('',#747,(#864,#984),.PCURVE_S1.);
#747 = B_SPLINE_CURVE_WITH_KNOTS('',7,(#748,#749,#750,#751,#752,#753,
    #754,#755,#756,#757,#758,#759,#760,#761,#762,#763,#764,#765,#766,
    #767,#768,#769,#770,#771,#772,#773,#774,#775,#776,#777,#778,#779,
    #780,#781,#782,#783,#784,#785,#786,#787,#788,#789,#790,#791,#792,
    #793,#794,#795,#796,#797,#798,#799,#800,#801,#802,#803,#804,#805,
    #806,#807,#808,#809,#810,#811,#812,#813,#814,#815,#816,#817,#818,
    #819,#820,#821,#822,#823,#824,#825,#826,#827,#828,#829,#830,#831,
    #832,#833,#834,#835,#836,#837,#838,#839,#840,#841,#842,#843,#844,
    #845,#846,#847,#848,#849,#850,#851,#852,#853,#854,#855,#856,#857,
    #858,#859,#860,#861,#862,#863),.UNSPECIFIED.,.T.,.F.,(8,6,6,6,6,6,6,
    6,6,6,6,6,6,6,6,6,6,6,6,8),(0.,3.895110634298E-02,6.412205176566E-02
    ,9.769782064222E-02,0.211105428645,0.29173515572,0.326434084863,
    0.378494281326,0.422100143416,0.463589349991,0.500025550528,
    0.53551519961,0.576594830287,0.621412126968,0.672586777409,
    0.791003910532,0.87485618638,0.936409988155,0.96158751056,1.),
  .UNSPECIFIED.);
#748 = CARTESIAN_POINT('',(-9.574826454187,15.242135623731,78.));
#749 = CARTESIAN_POINT('',(-9.574826454187,15.242135623731,
    78.045432554566));
#750 = CARTESIAN_POINT('',(-9.578311389705,15.239946284501,
    78.090784119517));
#751 = CARTESIAN_POINT('',(-9.585259164029,15.235582140795,
    78.13580874464));
#752 = CARTESIAN_POINT('',(-9.595566484995,15.229100245767,
    78.180260552247));
#753 = CARTESIAN_POINT('',(-9.60904975333,15.22060225599,78.223896466425
    ));
#754 = CARTESIAN_POINT('',(-9.625445950991,15.210236516498,
    78.266478942283));
#755 = CARTESIAN_POINT('',(-9.656670739331,15.190422014239,
    78.334467380682));
#756 = CARTESIAN_POINT('',(-9.670016448306,15.181937076702,
    78.360652268214));
#757 = CARTESIAN_POINT('',(-9.684384010423,15.172782159491,
    78.386314729445));
#758 = CARTESIAN_POINT('',(-9.699706091346,15.162994668038,
    78.411437492445));
#759 = CARTESIAN_POINT('',(-9.715914668413,15.15261258691,
    78.436004641705));
#760 = CARTESIAN_POINT('',(-9.732941030631,15.141674479816,
    78.460001618132));
#761 = CARTESIAN_POINT('',(-9.774425687949,15.114939566753,
    78.514646849006));
#762 = CARTESIAN_POINT('',(-9.79947398456,15.098735781677,
    78.544849361742));
#763 = CARTESIAN_POINT('',(-9.825725694474,15.08168232955,
    78.574027473325));
#764 = CARTESIAN_POINT('',(-9.853057285319,15.063847077824,
    78.602188729354));
#765 = CARTESIAN_POINT('',(-9.881356574165,15.045291683845,
    78.629343202899));
#766 = CARTESIAN_POINT('',(-9.910522635303,15.026071712471,
    78.655503192425));
#767 = CARTESIAN_POINT('',(-10.04160329524,14.939240961595,
    78.765731534832));
#768 = CARTESIAN_POINT('',(-10.15195611459,14.86499669841,
    78.839891366641));
#769 = CARTESIAN_POINT('',(-10.26819838639,14.78530947483,
    78.903586983956));
#770 = CARTESIAN_POINT('',(-10.3881903233,14.701358661123,
    78.957332736301));
#771 = CARTESIAN_POINT('',(-10.51066871925,14.613862625135,
    79.001557079636));
#772 = CARTESIAN_POINT('',(-10.63494185898,14.523173968896,
    79.036452474664));
#773 = CARTESIAN_POINT('',(-10.8499365209,14.362844336472,
    79.079838555489));
#774 = CARTESIAN_POINT('',(-10.93977531699,14.294843656017,
    79.093005818296));
#775 = CARTESIAN_POINT('',(-11.02976351052,14.22568851817,
    79.101235121272));
#776 = CARTESIAN_POINT('',(-11.11957794861,14.155600237592,
    79.104405625697));
#777 = CARTESIAN_POINT('',(-11.20890072826,14.0848181437,79.102352792829
    ));
#778 = CARTESIAN_POINT('',(-11.29739647619,14.013619580472,
    79.094868829636));
#779 = CARTESIAN_POINT('',(-11.42225615666,13.911664763783,
    79.076037289725));
#780 = CARTESIAN_POINT('',(-11.4595945866,13.880979086291,
    79.069320024027));
#781 = CARTESIAN_POINT('',(-11.49666963263,13.850314076369,
    79.061532645061));
#782 = CARTESIAN_POINT('',(-11.5334444753,13.819703434781,
    79.052656126775));
#783 = CARTESIAN_POINT('',(-11.56988076147,13.789183360465,
    79.042671109451));
#784 = CARTESIAN_POINT('',(-11.60593860429,13.758792550527,
    79.031557899705));
#785 = CARTESIAN_POINT('',(-11.69504567373,13.683231395448,
    79.000900155975));
#786 = CARTESIAN_POINT('',(-11.74758799441,13.638258858188,
    78.979912986122));
#787 = CARTESIAN_POINT('',(-11.79902883107,13.593822854519,
    78.956275301193));
#788 = CARTESIAN_POINT('',(-11.84918761246,13.550105146967,
    78.929936137367));
#789 = CARTESIAN_POINT('',(-11.89787724131,13.507301298972,
    78.90085386487));
#790 = CARTESIAN_POINT('',(-11.94490342559,13.465620979342,
    78.86899682612));
#791 = CARTESIAN_POINT('',(-12.02789072442,13.391505399458,
    78.805318584028));
#792 = CARTESIAN_POINT('',(-12.06441100048,13.358665807809,
    78.774329748995));
#793 = CARTESIAN_POINT('',(-12.09947082502,13.326932384779,
    78.741390919077));
#794 = CARTESIAN_POINT('',(-12.13292061065,13.296468947772,
    78.706530032355));
#795 = CARTESIAN_POINT('',(-12.16461476262,13.267439284909,
    78.669789559124));
#796 = CARTESIAN_POINT('',(-12.19441124608,13.240006201363,
    78.631226546356));
#797 = CARTESIAN_POINT('',(-12.24858357743,13.189901241278,
    78.552555638831));
#798 = CARTESIAN_POINT('',(-12.27315299456,13.167062248422,
    78.512612469495));
#799 = CARTESIAN_POINT('',(-12.29573348902,13.14597643239,78.47118294325
    ));
#800 = CARTESIAN_POINT('',(-12.31619480606,13.126793345602,
    78.428383837776));
#801 = CARTESIAN_POINT('',(-12.3344219969,13.109647687937,
    78.384348076862));
#802 = CARTESIAN_POINT('',(-12.35031506387,13.094657747027,
    78.339223887931));
#803 = CARTESIAN_POINT('',(-12.375621193,13.070740803707,78.252732491453
    ));
#804 = CARTESIAN_POINT('',(-12.38558582991,13.06129950165,
    78.211583381706));
#805 = CARTESIAN_POINT('',(-12.39362034506,13.053672180222,
    78.169857817764));
#806 = CARTESIAN_POINT('',(-12.39967801163,13.04791386975,
    78.127692874329));
#807 = CARTESIAN_POINT('',(-12.40372746696,13.044061934435,
    78.085230521788));
#808 = CARTESIAN_POINT('',(-12.40575263223,13.042135623731,
    78.042616634655));
#809 = CARTESIAN_POINT('',(-12.40575263223,13.042135623731,
    77.958490474126));
#810 = CARTESIAN_POINT('',(-12.40383133026,13.043963144401,
    77.916983366976));
#811 = CARTESIAN_POINT('',(-12.39998947791,13.047617596615,
    77.875616206616));
#812 = CARTESIAN_POINT('',(-12.39424155831,13.053081651613,
    77.83452395673));
#813 = CARTESIAN_POINT('',(-12.38661585545,13.06032162508,
    77.793838147178));
#814 = CARTESIAN_POINT('',(-12.37715452341,13.069287861211,
    77.753686004551));
#815 = CARTESIAN_POINT('',(-12.35290223648,13.092216273467,
    77.668472071754));
#816 = CARTESIAN_POINT('',(-12.33750891889,13.106740686895,
    77.623641357188));
#817 = CARTESIAN_POINT('',(-12.31981502064,13.123392833373,
    77.579857648303));
#818 = CARTESIAN_POINT('',(-12.29991625625,13.142059451774,
    77.537267341019));
#819 = CARTESIAN_POINT('',(-12.27792307254,13.162611033525,
    77.496002184911));
#820 = CARTESIAN_POINT('',(-12.2539609842,13.184903312592,
    77.456178450207));
#821 = CARTESIAN_POINT('',(-12.20003430213,13.234826526315,
    77.376130585903));
#822 = CARTESIAN_POINT('',(-12.16972244607,13.262758229895,
    77.336200251633));
#823 = CARTESIAN_POINT('',(-12.13738581234,13.292399409071,
    77.298185914267));
#824 = CARTESIAN_POINT('',(-12.10317856015,13.323573097476,
    77.262151923362));
#825 = CARTESIAN_POINT('',(-12.0672590363,13.35610093921,77.228146195025
    ));
#826 = CARTESIAN_POINT('',(-12.02979027464,13.38980430855,
    77.196200251191));
#827 = CARTESIAN_POINT('',(-11.94657985787,13.464128920458,
    77.132221052884));
#828 = CARTESIAN_POINT('',(-11.90041299431,13.505058331796,
    77.100813784647));
#829 = CARTESIAN_POINT('',(-11.85263235956,13.547080347375,
    77.072088117885));
#830 = CARTESIAN_POINT('',(-11.80342312418,13.589995047271,
    77.046014639487));
#831 = CARTESIAN_POINT('',(-11.75296379017,13.633615646,77.022554448398)
  );
#832 = CARTESIAN_POINT('',(-11.70142680637,13.677768230584,
    77.001659744459));
#833 = CARTESIAN_POINT('',(-11.52761641856,13.82531746387,
    76.940731132244));
#834 = CARTESIAN_POINT('',(-11.40148377837,13.930237961529,
    76.911661902755));
#835 = CARTESIAN_POINT('',(-11.27212296367,14.035507139793,
    76.895144661473));
#836 = CARTESIAN_POINT('',(-11.14075586114,14.140016056441,
    76.890391540068));
#837 = CARTESIAN_POINT('',(-11.00845241857,14.242901684075,
    76.896775743013));
#838 = CARTESIAN_POINT('',(-10.87624917206,14.343425295749,
    76.913844435638));
#839 = CARTESIAN_POINT('',(-10.65255918619,14.509870544666,
    76.960812195115));
#840 = CARTESIAN_POINT('',(-10.56049035627,14.577298504193,
    76.985503840424));
#841 = CARTESIAN_POINT('',(-10.46932889603,14.643021646523,
    77.01535163772));
#842 = CARTESIAN_POINT('',(-10.37939372232,14.706865531314,
    77.050387735546));
#843 = CARTESIAN_POINT('',(-10.2911382207,14.768578280235,77.09071505821
    ));
#844 = CARTESIAN_POINT('',(-10.20521295068,14.827799120504,
    77.136480447503));
#845 = CARTESIAN_POINT('',(-10.06183741191,14.925307887537,
    77.225553833783));
#846 = CARTESIAN_POINT('',(-10.00283830692,14.965010845124,
    77.266311936136));
#847 = CARTESIAN_POINT('',(-9.945850666934,15.002969960327,
    77.310226520925));
#848 = CARTESIAN_POINT('',(-9.891304417956,15.038951575773,
    77.357407730252));
#849 = CARTESIAN_POINT('',(-9.839754306904,15.072652062244,
    77.407957163348));
#850 = CARTESIAN_POINT('',(-9.791891139389,15.103692451452,
    77.461954424449));
#851 = CARTESIAN_POINT('',(-9.730826305226,15.143033516455,
    77.542958656651));
#852 = CARTESIAN_POINT('',(-9.713855773281,15.153932403298,
    77.567058997435));
#853 = CARTESIAN_POINT('',(-9.697711675505,15.16427009504,
    77.591730883036));
#854 = CARTESIAN_POINT('',(-9.682463436721,15.174007618298,
    77.616959134757));
#855 = CARTESIAN_POINT('',(-9.668179652751,15.183106660617,77.6427272052
    ));
#856 = CARTESIAN_POINT('',(-9.65492809042,15.191529570472,
    77.669017178267));
#857 = CARTESIAN_POINT('',(-9.624235179894,15.211001916715,
    77.736686313656));
#858 = CARTESIAN_POINT('',(-9.608220792941,15.221124689448,
    77.778803792698));
#859 = CARTESIAN_POINT('',(-9.595059361832,15.229419145441,
    77.821939727875));
#860 = CARTESIAN_POINT('',(-9.585002406947,15.235743421314,
    77.865863848544));
#861 = CARTESIAN_POINT('',(-9.57822530401,15.240000372219,
    77.910340675942));
#862 = CARTESIAN_POINT('',(-9.574826454187,15.242135623731,
    77.955132107309));
#863 = CARTESIAN_POINT('',(-9.574826454187,15.242135623731,78.));
#864 = PCURVE('',#43,#865);
#865 = DEFINITIONAL_REPRESENTATION('',(#866),#983);
#866 = B_SPLINE_CURVE_WITH_KNOTS('',7,(#867,#868,#869,#870,#871,#872,
    #873,#874,#875,#876,#877,#878,#879,#880,#881,#882,#883,#884,#885,
    #886,#887,#888,#889,#890,#891,#892,#893,#894,#895,#896,#897,#898,
    #899,#900,#901,#902,#903,#904,#905,#906,#907,#908,#909,#910,#911,
    #912,#913,#914,#915,#916,#917,#918,#919,#920,#921,#922,#923,#924,
    #925,#926,#927,#928,#929,#930,#931,#932,#933,#934,#935,#936,#937,
    #938,#939,#940,#941,#942,#943,#944,#945,#946,#947,#948,#949,#950,
    #951,#952,#953,#954,#955,#956,#957,#958,#959,#960,#961,#962,#963,
    #964,#965,#966,#967,#968,#969,#970,#971,#972,#973,#974,#975,#976,
    #977,#978,#979,#980,#981,#982),.UNSPECIFIED.,.T.,.F.,(8,6,6,6,6,6,6,
    6,6,6,6,6,6,6,6,6,6,6,6,8),(0.,3.895110634298E-02,6.412205176566E-02
    ,9.769782064222E-02,0.211105428645,0.29173515572,0.326434084863,
    0.378494281326,0.422100143416,0.463589349991,0.500025550528,
    0.53551519961,0.576594830287,0.621412126968,0.672586777409,
    0.791003910532,0.87485618638,0.936409988155,0.96158751056,1.),
  .UNSPECIFIED.);
#867 = CARTESIAN_POINT('',(-2.131680136922,-78.));
#868 = CARTESIAN_POINT('',(-2.131680136922,-78.04543255456));
#869 = CARTESIAN_POINT('',(-2.13190878008,-78.09078411951));
#870 = CARTESIAN_POINT('',(-2.132364597637,-78.13580874464));
#871 = CARTESIAN_POINT('',(-2.13304104382,-78.18026055224));
#872 = CARTESIAN_POINT('',(-2.133926477675,-78.22389646642));
#873 = CARTESIAN_POINT('',(-2.135004144903,-78.26647894228));
#874 = CARTESIAN_POINT('',(-2.137058650571,-78.33446738068));
#875 = CARTESIAN_POINT('',(-2.137937240129,-78.36065226821));
#876 = CARTESIAN_POINT('',(-2.138883706669,-78.38631472944));
#877 = CARTESIAN_POINT('',(-2.139893779848,-78.41143749244));
#878 = CARTESIAN_POINT('',(-2.140963140673,-78.4360046417));
#879 = CARTESIAN_POINT('',(-2.142087421504,-78.46000161813));
#880 = CARTESIAN_POINT('',(-2.144829262583,-78.514646849));
#881 = CARTESIAN_POINT('',(-2.146486622876,-78.54484936174));
#882 = CARTESIAN_POINT('',(-2.148225757198,-78.57402747332));
#883 = CARTESIAN_POINT('',(-2.150038864014,-78.60218872935));
#884 = CARTESIAN_POINT('',(-2.151918861865,-78.62934320289));
#885 = CARTESIAN_POINT('',(-2.153859381238,-78.65550319242));
#886 = CARTESIAN_POINT('',(-2.162594459998,-78.76573153483));
#887 = CARTESIAN_POINT('',(-2.169983359019,-78.83989136664));
#888 = CARTESIAN_POINT('',(-2.177812519723,-78.90358698395));
#889 = CARTESIAN_POINT('',(-2.185947604436,-78.9573327363));
#890 = CARTESIAN_POINT('',(-2.194309204408,-79.00155707963));
#891 = CARTESIAN_POINT('',(-2.20285568331,-79.03645247466));
#892 = CARTESIAN_POINT('',(-2.217755378361,-79.07983855548));
#893 = CARTESIAN_POINT('',(-2.224014804943,-79.09300581829));
#894 = CARTESIAN_POINT('',(-2.230319612205,-79.10123512127));
#895 = CARTESIAN_POINT('',(-2.236648486827,-79.10440562569));
#896 = CARTESIAN_POINT('',(-2.242979754919,-79.10235279282));
#897 = CARTESIAN_POINT('',(-2.249289666131,-79.09486882963));
#898 = CARTESIAN_POINT('',(-2.258245098384,-79.07603728972));
#899 = CARTESIAN_POINT('',(-2.26093007328,-79.06932002402));
#900 = CARTESIAN_POINT('',(-2.263603020552,-79.06153264506));
#901 = CARTESIAN_POINT('',(-2.266261202334,-79.05265612677));
#902 = CARTESIAN_POINT('',(-2.268901724789,-79.04267110945));
#903 = CARTESIAN_POINT('',(-2.271521538113,-79.0315578997));
#904 = CARTESIAN_POINT('',(-2.278012167156,-79.00090015597));
#905 = CARTESIAN_POINT('',(-2.281854396243,-78.97991298612));
#906 = CARTESIAN_POINT('',(-2.285630771962,-78.95627530119));
#907 = CARTESIAN_POINT('',(-2.289327196416,-78.92993613736));
#908 = CARTESIAN_POINT('',(-2.292928780448,-78.90085386487));
#909 = CARTESIAN_POINT('',(-2.296419798433,-78.86899682612));
#910 = CARTESIAN_POINT('',(-2.302601214964,-78.80531858402));
#911 = CARTESIAN_POINT('',(-2.305329745757,-78.77432974899));
#912 = CARTESIAN_POINT('',(-2.307956862961,-78.74139091907));
#913 = CARTESIAN_POINT('',(-2.310470331241,-78.70653003235));
#914 = CARTESIAN_POINT('',(-2.312858069862,-78.66978955912));
#915 = CARTESIAN_POINT('',(-2.315108170106,-78.63122654635));
#916 = CARTESIAN_POINT('',(-2.31920768397,-78.55255563883));
#917 = CARTESIAN_POINT('',(-2.32107129646,-78.51261246949));
#918 = CARTESIAN_POINT('',(-2.322787669493,-78.47118294325));
#919 = CARTESIAN_POINT('',(-2.324345853638,-78.42838383777));
#920 = CARTESIAN_POINT('',(-2.325736077545,-78.38434807686));
#921 = CARTESIAN_POINT('',(-2.326949794762,-78.33922388793));
#922 = CARTESIAN_POINT('',(-2.328884229593,-78.25273249145));
#923 = CARTESIAN_POINT('',(-2.329646843476,-78.2115833817));
#924 = CARTESIAN_POINT('',(-2.330262306049,-78.16985781776));
#925 = CARTESIAN_POINT('',(-2.330726630368,-78.12769287432));
#926 = CARTESIAN_POINT('',(-2.331037123367,-78.08523052178));
#927 = CARTESIAN_POINT('',(-2.331192400525,-78.04261663465));
#928 = CARTESIAN_POINT('',(-2.331192400525,-77.95849047412));
#929 = CARTESIAN_POINT('',(-2.33104508683,-77.91698336697));
#930 = CARTESIAN_POINT('',(-2.330750512092,-77.87561620661));
#931 = CARTESIAN_POINT('',(-2.330309923025,-77.83452395673));
#932 = CARTESIAN_POINT('',(-2.329725747876,-77.79383814717));
#933 = CARTESIAN_POINT('',(-2.329001583881,-77.75368600455));
#934 = CARTESIAN_POINT('',(-2.327147421472,-77.66847207175));
#935 = CARTESIAN_POINT('',(-2.325971646926,-77.62364135718));
#936 = CARTESIAN_POINT('',(-2.324621788355,-77.5798576483));
#937 = CARTESIAN_POINT('',(-2.323106028057,-77.53726734101));
#938 = CARTESIAN_POINT('',(-2.321433758455,-77.49600218491));
#939 = CARTESIAN_POINT('',(-2.319615537182,-77.4561784502));
#940 = CARTESIAN_POINT('',(-2.315532897669,-77.3761305859));
#941 = CARTESIAN_POINT('',(-2.313242970785,-77.33620025163));
#942 = CARTESIAN_POINT('',(-2.310805965107,-77.29818591426));
#943 = CARTESIAN_POINT('',(-2.30823481692,-77.26215192336));
#944 = CARTESIAN_POINT('',(-2.305542674274,-77.22814619502));
#945 = CARTESIAN_POINT('',(-2.302742876076,-77.19620025119));
#946 = CARTESIAN_POINT('',(-2.296544478883,-77.13222105288));
#947 = CARTESIAN_POINT('',(-2.293116857004,-77.10081378464));
#948 = CARTESIAN_POINT('',(-2.289581875879,-77.07208811788));
#949 = CARTESIAN_POINT('',(-2.285954527183,-77.04601463948));
#950 = CARTESIAN_POINT('',(-2.282249024818,-77.02255444839));
#951 = CARTESIAN_POINT('',(-2.2784788458,-77.00165974445));
#952 = CARTESIAN_POINT('',(-2.265812565695,-76.94073113224));
#953 = CARTESIAN_POINT('',(-2.25669822749,-76.91166190275));
#954 = CARTESIAN_POINT('',(-2.247433501564,-76.89514466147));
#955 = CARTESIAN_POINT('',(-2.238108565212,-76.89039154006));
#956 = CARTESIAN_POINT('',(-2.22879835653,-76.89677574301));
#957 = CARTESIAN_POINT('',(-2.219572167316,-76.91384443563));
#958 = CARTESIAN_POINT('',(-2.204082103728,-76.96081219511));
#959 = CARTESIAN_POINT('',(-2.197742328943,-76.98550384042));
#960 = CARTESIAN_POINT('',(-2.191499102895,-77.01535163772));
#961 = CARTESIAN_POINT('',(-2.18537204291,-77.05038773554));
#962 = CARTESIAN_POINT('',(-2.179389396182,-77.09071505821));
#963 = CARTESIAN_POINT('',(-2.17359192975,-77.1364804475));
#964 = CARTESIAN_POINT('',(-2.163959085861,-77.22555383378));
#965 = CARTESIAN_POINT('',(-2.160008348884,-77.26631193613));
#966 = CARTESIAN_POINT('',(-2.156204385592,-77.31022652092));
#967 = CARTESIAN_POINT('',(-2.152574166784,-77.35740773025));
#968 = CARTESIAN_POINT('',(-2.149152625027,-77.40795716334));
#969 = CARTESIAN_POINT('',(-2.145983347606,-77.46195442444));
#970 = CARTESIAN_POINT('',(-2.141947767666,-77.54295865665));
#971 = CARTESIAN_POINT('',(-2.140827274091,-77.56705899743));
#972 = CARTESIAN_POINT('',(-2.139762259813,-77.59173088303));
#973 = CARTESIAN_POINT('',(-2.138757138201,-77.61695913475));
#974 = CARTESIAN_POINT('',(-2.137816264945,-77.6427272052));
#975 = CARTESIAN_POINT('',(-2.136943938053,-77.66901717826));
#976 = CARTESIAN_POINT('',(-2.134924566569,-77.73668631365));
#977 = CARTESIAN_POINT('',(-2.133872041454,-77.77880379269));
#978 = CARTESIAN_POINT('',(-2.133007762809,-77.82193972787));
#979 = CARTESIAN_POINT('',(-2.132347752695,-77.86586384854));
#980 = CARTESIAN_POINT('',(-2.131903131902,-77.91034067594));
#981 = CARTESIAN_POINT('',(-2.131680136922,-77.9551321073));
#982 = CARTESIAN_POINT('',(-2.131680136922,-78.));
#983 = ( GEOMETRIC_REPRESENTATION_CONTEXT(2) 
PARAMETRIC_REPRESENTATION_CONTEXT() REPRESENTATION_CONTEXT('2D SPACE',''
  ) );
#984 = PCURVE('',#985,#990);
#985 = CYLINDRICAL_SURFACE('',#986,1.1);
#986 = AXIS2_PLACEMENT_3D('',#987,#988,#989);
#987 = CARTESIAN_POINT('',(-14.14213562373,14.142135623731,78.));
#988 = DIRECTION('',(-1.,-0.,-0.));
#989 = DIRECTION('',(0.,1.,0.));
#990 = DEFINITIONAL_REPRESENTATION('',(#991),#1108);
#991 = B_SPLINE_CURVE_WITH_KNOTS('',7,(#992,#993,#994,#995,#996,#997,
    #998,#999,#1000,#1001,#1002,#1003,#1004,#1005,#1006,#1007,#1008,
    #1009,#1010,#1011,#1012,#1013,#1014,#1015,#1016,#1017,#1018,#1019,
    #1020,#1021,#1022,#1023,#1024,#1025,#1026,#1027,#1028,#1029,#1030,
    #1031,#1032,#1033,#1034,#1035,#1036,#1037,#1038,#1039,#1040,#1041,
    #1042,#1043,#1044,#1045,#1046,#1047,#1048,#1049,#1050,#1051,#1052,
    #1053,#1054,#1055,#1056,#1057,#1058,#1059,#1060,#1061,#1062,#1063,
    #1064,#1065,#1066,#1067,#1068,#1069,#1070,#1071,#1072,#1073,#1074,
    #1075,#1076,#1077,#1078,#1079,#1080,#1081,#1082,#1083,#1084,#1085,
    #1086,#1087,#1088,#1089,#1090,#1091,#1092,#1093,#1094,#1095,#1096,
    #1097,#1098,#1099,#1100,#1101,#1102,#1103,#1104,#1105,#1106,#1107),
  .UNSPECIFIED.,.F.,.F.,(8,6,6,6,6,6,6,6,6,6,6,6,6,6,6,6,6,6,6,8),(0.,
    3.895110634298E-02,6.412205176566E-02,9.769782064222E-02,
    0.211105428645,0.29173515572,0.326434084863,0.378494281326,
    0.422100143416,0.463589349991,0.500025550528,0.53551519961,
    0.576594830287,0.621412126968,0.672586777409,0.791003910532,
    0.87485618638,0.936409988155,0.96158751056,1.),.UNSPECIFIED.);
#992 = CARTESIAN_POINT('',(0.,-4.567309169544));
#993 = CARTESIAN_POINT('',(-4.130232233246E-02,-4.567309169544));
#994 = CARTESIAN_POINT('',(-8.253107284733E-02,-4.563824234026));
#995 = CARTESIAN_POINT('',(-0.123577536949,-4.556876459702));
#996 = CARTESIAN_POINT('',(-0.164331633727,-4.546569138736));
#997 = CARTESIAN_POINT('',(-0.204675541215,-4.5330858704));
#998 = CARTESIAN_POINT('',(-0.244477321637,-4.51668967274));
#999 = CARTESIAN_POINT('',(-0.308856378955,-4.4854648844));
#1000 = CARTESIAN_POINT('',(-0.333868297844,-4.472119175424));
#1001 = CARTESIAN_POINT('',(-0.358621016444,-4.457751613308));
#1002 = CARTESIAN_POINT('',(-0.3831138937,-4.442429532384));
#1003 = CARTESIAN_POINT('',(-0.407344934389,-4.426220955317));
#1004 = CARTESIAN_POINT('',(-0.43131078912,-4.4091945931));
#1005 = CARTESIAN_POINT('',(-0.48661503278,-4.367709935782));
#1006 = CARTESIAN_POINT('',(-0.517752049275,-4.342661639171));
#1007 = CARTESIAN_POINT('',(-0.548443531292,-4.316409929257));
#1008 = CARTESIAN_POINT('',(-0.578713271982,-4.289078338412));
#1009 = CARTESIAN_POINT('',(-0.608583920826,-4.260779049566));
#1010 = CARTESIAN_POINT('',(-0.638077774277,-4.231612988428));
#1011 = CARTESIAN_POINT('',(-0.765641943084,-4.100532328485));
#1012 = CARTESIAN_POINT('',(-0.860367981057,-3.990179509137));
#1013 = CARTESIAN_POINT('',(-0.952239789707,-3.873937237334));
#1014 = CARTESIAN_POINT('',(-1.041995106647,-3.753945300423));
#1015 = CARTESIAN_POINT('',(-1.130400103759,-3.631466904476));
#1016 = CARTESIAN_POINT('',(-1.218268357957,-3.507193764748));
#1017 = CARTESIAN_POINT('',(-1.36926489079,-3.292199102826));
#1018 = CARTESIAN_POINT('',(-1.432063961318,-3.202360306739));
#1019 = CARTESIAN_POINT('',(-1.495107570136,-3.112372113202));
#1020 = CARTESIAN_POINT('',(-1.558578821868,-3.022557675119));
#1021 = CARTESIAN_POINT('',(-1.622661340535,-2.933234895469));
#1022 = CARTESIAN_POINT('',(-1.68754682557,-2.844739147541));
#1023 = CARTESIAN_POINT('',(-1.781800797324,-2.719879467064));
#1024 = CARTESIAN_POINT('',(-1.81034221402,-2.682541037125));
#1025 = CARTESIAN_POINT('',(-1.839078830195,-2.645465991096));
#1026 = CARTESIAN_POINT('',(-1.868023173473,-2.608691148423));
#1027 = CARTESIAN_POINT('',(-1.897188326828,-2.572254862253));
#1028 = CARTESIAN_POINT('',(-1.926587928581,-2.536197019435));
#1029 = CARTESIAN_POINT('',(-2.000718622904,-2.447089949992));
#1030 = CARTESIAN_POINT('',(-2.045776280167,-2.394547629321));
#1031 = CARTESIAN_POINT('',(-2.091431872004,-2.343106792652));
#1032 = CARTESIAN_POINT('',(-2.137709874207,-2.292948011269));
#1033 = CARTESIAN_POINT('',(-2.184638581307,-2.24425838242));
#1034 = CARTESIAN_POINT('',(-2.232252177318,-2.197232198137));
#1035 = CARTESIAN_POINT('',(-2.321083141772,-2.114244899304));
#1036 = CARTESIAN_POINT('',(-2.362086254551,-2.077724623244));
#1037 = CARTESIAN_POINT('',(-2.403590320596,-2.042664798704));
#1038 = CARTESIAN_POINT('',(-2.445586569378,-2.009215013079));
#1039 = CARTESIAN_POINT('',(-2.488069290897,-1.97752086111));
#1040 = CARTESIAN_POINT('',(-2.531035842483,-1.947724377649));
#1041 = CARTESIAN_POINT('',(-2.615828339402,-1.893552046297));
#1042 = CARTESIAN_POINT('',(-2.657609623998,-1.868982629169));
#1043 = CARTESIAN_POINT('',(-2.699789789104,-1.846402134704));
#1044 = CARTESIAN_POINT('',(-2.742332786122,-1.825940817667));
#1045 = CARTESIAN_POINT('',(-2.785205420309,-1.807713626829));
#1046 = CARTESIAN_POINT('',(-2.82837553294,-1.791820559856));
#1047 = CARTESIAN_POINT('',(-2.909954890655,-1.766514430728));
#1048 = CARTESIAN_POINT('',(-2.948297641441,-1.756549793818));
#1049 = CARTESIAN_POINT('',(-2.986796599674,-1.74851527867));
#1050 = CARTESIAN_POINT('',(-3.025413231125,-1.742457612094));
#1051 = CARTESIAN_POINT('',(-3.0641103655,-1.738408156765));
#1052 = CARTESIAN_POINT('',(-3.102850258449,-1.736382991496));
#1053 = CARTESIAN_POINT('',(-3.179328586203,-1.736382991496));
#1054 = CARTESIAN_POINT('',(-3.21706231627,-1.738304293462));
#1055 = CARTESIAN_POINT('',(-3.254756607219,-1.742146145818));
#1056 = CARTESIAN_POINT('',(-3.292376440309,-1.747894065415));
#1057 = CARTESIAN_POINT('',(-3.3298873052,-1.755519768272));
#1058 = CARTESIAN_POINT('',(-3.367253490525,-1.764981100317));
#1059 = CARTESIAN_POINT('',(-3.447475941739,-1.789233387242));
#1060 = CARTESIAN_POINT('',(-3.49026215062,-1.804626704832));
#1061 = CARTESIAN_POINT('',(-3.532762087827,-1.822320603085));
#1062 = CARTESIAN_POINT('',(-3.574943685673,-1.842219367478));
#1063 = CARTESIAN_POINT('',(-3.616773931763,-1.864212551191));
#1064 = CARTESIAN_POINT('',(-3.658217078708,-1.888174639529));
#1065 = CARTESIAN_POINT('',(-3.743980484995,-1.942101321592));
#1066 = CARTESIAN_POINT('',(-3.788218848317,-1.972413177657));
#1067 = CARTESIAN_POINT('',(-3.831947972933,-2.004749811391));
#1068 = CARTESIAN_POINT('',(-3.875164508727,-2.038957063578));
#1069 = CARTESIAN_POINT('',(-3.917861700728,-2.074876587429));
#1070 = CARTESIAN_POINT('',(-3.960029363495,-2.112345349089));
#1071 = CARTESIAN_POINT('',(-4.04918280051,-2.19555576586));
#1072 = CARTESIAN_POINT('',(-4.096009692872,-2.241722629412));
#1073 = CARTESIAN_POINT('',(-4.142174110781,-2.28950326417));
#1074 = CARTESIAN_POINT('',(-4.187708234904,-2.338712499548));
#1075 = CARTESIAN_POINT('',(-4.23263874766,-2.389171833556));
#1076 = CARTESIAN_POINT('',(-4.276988732507,-2.440708817357));
#1077 = CARTESIAN_POINT('',(-4.422110716049,-2.614519205167));
#1078 = CARTESIAN_POINT('',(-4.52035862634,-2.740651845356));
#1079 = CARTESIAN_POINT('',(-4.616243230511,-2.870012660054));
#1080 = CARTESIAN_POINT('',(-4.710342514228,-3.001379762584));
#1081 = CARTESIAN_POINT('',(-4.803209928678,-3.133683205158));
#1082 = CARTESIAN_POINT('',(-4.895374467444,-3.265886451666));
#1083 = CARTESIAN_POINT('',(-5.052597242794,-3.489576437533));
#1084 = CARTESIAN_POINT('',(-5.117687815122,-3.581645267453));
#1085 = CARTESIAN_POINT('',(-5.183011416582,-3.672806727701));
#1086 = CARTESIAN_POINT('',(-5.248871882579,-3.762741901405));
#1087 = CARTESIAN_POINT('',(-5.315561317588,-3.850997403022));
#1088 = CARTESIAN_POINT('',(-5.383370922847,-3.936922673044));
#1089 = CARTESIAN_POINT('',(-5.503432985971,-4.080298211815));
#1090 = CARTESIAN_POINT('',(-5.555071510334,-4.139297316805));
#1091 = CARTESIAN_POINT('',(-5.607690357462,-4.196284956797));
#1092 = CARTESIAN_POINT('',(-5.661444259564,-4.250831205775));
#1093 = CARTESIAN_POINT('',(-5.716484774899,-4.302381316827));
#1094 = CARTESIAN_POINT('',(-5.772969266245,-4.350244484342));
#1095 = CARTESIAN_POINT('',(-5.854834934436,-4.411309318505));
#1096 = CARTESIAN_POINT('',(-5.878871528783,-4.42827985045));
#1097 = CARTESIAN_POINT('',(-5.903174545083,-4.444423948226));
#1098 = CARTESIAN_POINT('',(-5.927740253504,-4.45967218701));
#1099 = CARTESIAN_POINT('',(-5.952566311709,-4.47395597098));
#1100 = CARTESIAN_POINT('',(-5.977651764854,-4.487207533311));
#1101 = CARTESIAN_POINT('',(-6.041665478212,-4.517900443837));
#1102 = CARTESIAN_POINT('',(-6.081005771496,-4.53391483079));
#1103 = CARTESIAN_POINT('',(-6.120870727224,-4.547076261899));
#1104 = CARTESIAN_POINT('',(-6.161132544165,-4.557133216784));
#1105 = CARTESIAN_POINT('',(-6.201676780099,-4.563910319721));
#1106 = CARTESIAN_POINT('',(-6.242396313824,-4.567309169544));
#1107 = CARTESIAN_POINT('',(-6.28318530718,-4.567309169544));
#1108 = ( GEOMETRIC_REPRESENTATION_CONTEXT(2) 
PARAMETRIC_REPRESENTATION_CONTEXT() REPRESENTATION_CONTEXT('2D SPACE',''
  ) );
#1109 = FACE_BOUND('',#1110,.T.);
#1110 = EDGE_LOOP('',(#1111));
#1111 = ORIENTED_EDGE('',*,*,#1112,.T.);
#1112 = EDGE_CURVE('',#1113,#1113,#1115,.T.);
#1113 = VERTEX_POINT('',#1114);
#1114 = CARTESIAN_POINT('',(12.405752632235,-13.04213562373,50.));
#1115 = SURFACE_CURVE('',#1116,(#1221,#1329),.PCURVE_S1.);
#1116 = B_SPLINE_CURVE_WITH_KNOTS('',7,(#1117,#1118,#1119,#1120,#1121,
    #1122,#1123,#1124,#1125,#1126,#1127,#1128,#1129,#1130,#1131,#1132,
    #1133,#1134,#1135,#1136,#1137,#1138,#1139,#1140,#1141,#1142,#1143,
    #1144,#1145,#1146,#1147,#1148,#1149,#1150,#1151,#1152,#1153,#1154,
    #1155,#1156,#1157,#1158,#1159,#1160,#1161,#1162,#1163,#1164,#1165,
    #1166,#1167,#1168,#1169,#1170,#1171,#1172,#1173,#1174,#1175,#1176,
    #1177,#1178,#1179,#1180,#1181,#1182,#1183,#1184,#1185,#1186,#1187,
    #1188,#1189,#1190,#1191,#1192,#1193,#1194,#1195,#1196,#1197,#1198,
    #1199,#1200,#1201,#1202,#1203,#1204,#1205,#1206,#1207,#1208,#1209,
    #1210,#1211,#1212,#1213,#1214,#1215,#1216,#1217,#1218,#1219,#1220),
  .UNSPECIFIED.,.T.,.F.,(8,6,6,6,6,6,6,6,6,6,6,6,6,6,6,6,6,8),(0.,
    7.655874632028E-02,0.121413748035,0.172631451985,0.291148210081,
    0.375071031301,0.436676618788,0.474825200669,0.500291879075,
    0.539224633509,0.564383719581,0.597943669155,0.711297844895,
    0.791889575526,0.82657215626,0.87860782454,0.922193141695,1.),
  .UNSPECIFIED.);
#1117 = CARTESIAN_POINT('',(12.405752632235,-13.04213562373,50.));
#1118 = CARTESIAN_POINT('',(12.405752632235,-13.04213562373,
    50.089625037309));
#1119 = CARTESIAN_POINT('',(12.396795810942,-13.05065522928,
    50.179108940288));
#1120 = CARTESIAN_POINT('',(12.378934684114,-13.06764542854,
    50.267158136684));
#1121 = CARTESIAN_POINT('',(12.352476941581,-13.09273758922,
    50.352519109263));
#1122 = CARTESIAN_POINT('',(12.317969840004,-13.12526833094,
    50.434055755582));
#1123 = CARTESIAN_POINT('',(12.276194614536,-13.16432028696,
    50.510818321041));
#1124 = CARTESIAN_POINT('',(12.200034302139,-13.23482652631,
    50.623869414097));
#1125 = CARTESIAN_POINT('',(12.169722446074,-13.26275822989,
    50.663799748367));
#1126 = CARTESIAN_POINT('',(12.13738581234,-13.29239940907,
    50.701814085733));
#1127 = CARTESIAN_POINT('',(12.103178560154,-13.32357309747,
    50.737848076638));
#1128 = CARTESIAN_POINT('',(12.067259036302,-13.35610093921,
    50.771853804975));
#1129 = CARTESIAN_POINT('',(12.029790274642,-13.38980430855,
    50.803799748809));
#1130 = CARTESIAN_POINT('',(11.946579857871,-13.46412892045,
    50.867778947116));
#1131 = CARTESIAN_POINT('',(11.900412994319,-13.50505833179,
    50.899186215352));
#1132 = CARTESIAN_POINT('',(11.852632359561,-13.54708034737,
    50.927911882115));
#1133 = CARTESIAN_POINT('',(11.803423124183,-13.58999504727,
    50.953985360513));
#1134 = CARTESIAN_POINT('',(11.752963790175,-13.633615646,
    50.977445551602));
#1135 = CARTESIAN_POINT('',(11.701426806374,-13.67776823058,
    50.998340255541));
#1136 = CARTESIAN_POINT('',(11.527616418564,-13.82531746387,
    51.059268867756));
#1137 = CARTESIAN_POINT('',(11.401483778374,-13.93023796152,
    51.088338097245));
#1138 = CARTESIAN_POINT('',(11.272122963677,-14.03550713979,
    51.104855338527));
#1139 = CARTESIAN_POINT('',(11.140755861147,-14.14001605644,
    51.109608459932));
#1140 = CARTESIAN_POINT('',(11.008452418573,-14.24290168407,
    51.103224256987));
#1141 = CARTESIAN_POINT('',(10.876249172065,-14.34342529574,
    51.086155564362));
#1142 = CARTESIAN_POINT('',(10.652559186198,-14.50987054466,
    51.039187804885));
#1143 = CARTESIAN_POINT('',(10.560490356278,-14.57729850419,
    51.014496159576));
#1144 = CARTESIAN_POINT('',(10.46932889603,-14.64302164652,
    50.98464836228));
#1145 = CARTESIAN_POINT('',(10.379393722326,-14.70686553131,
    50.949612264454));
#1146 = CARTESIAN_POINT('',(10.291138220709,-14.76857828023,
    50.90928494179));
#1147 = CARTESIAN_POINT('',(10.205212950688,-14.8277991205,
    50.863519552498));
#1148 = CARTESIAN_POINT('',(10.061837411753,-14.92530788764,
    50.774446166115));
#1149 = CARTESIAN_POINT('',(10.002838307061,-14.96501084503,
    50.733688063994));
#1150 = CARTESIAN_POINT('',(9.945850667064,-15.00296996023,
    50.68977347916));
#1151 = CARTESIAN_POINT('',(9.891304417865,-15.03895157583,
    50.64259226963));
#1152 = CARTESIAN_POINT('',(9.839754306762,-15.07265206233,
    50.592042836528));
#1153 = CARTESIAN_POINT('',(9.791891139501,-15.10369245138,50.5380455757
    ));
#1154 = CARTESIAN_POINT('',(9.721716362554,-15.14890260382,
    50.444956746352));
#1155 = CARTESIAN_POINT('',(9.696578533485,-15.1650190991,
    50.407969966801));
#1156 = CARTESIAN_POINT('',(9.673414888845,-15.17980340973,
    50.369669494052));
#1157 = CARTESIAN_POINT('',(9.652485398496,-15.19310929801,
    50.330136797395));
#1158 = CARTESIAN_POINT('',(9.634033945329,-15.20480172113,
    50.289460747669));
#1159 = CARTESIAN_POINT('',(9.618287626969,-15.21475511892,
    50.247737052905));
#1160 = CARTESIAN_POINT('',(9.596890143949,-15.22825670107,
    50.176583100621));
#1161 = CARTESIAN_POINT('',(9.589630038783,-15.23282987043,
    50.147699990098));
#1162 = CARTESIAN_POINT('',(9.583747744582,-15.23653016695,
    50.118494459715));
#1163 = CARTESIAN_POINT('',(9.579297876902,-15.23932677401,
    50.089043697934));
#1164 = CARTESIAN_POINT('',(9.576317581932,-15.24119890773,
    50.059425590266));
#1165 = CARTESIAN_POINT('',(9.574826454187,-15.24213562373,
    50.02971832518));
#1166 = CARTESIAN_POINT('',(9.574826454187,-15.24213562373,
    49.95456744543));
#1167 = CARTESIAN_POINT('',(9.578311389706,-15.2399462845,
    49.909215880482));
#1168 = CARTESIAN_POINT('',(9.585259164029,-15.23558214079,
    49.864191255363));
#1169 = CARTESIAN_POINT('',(9.595566484994,-15.22910024576,
    49.819739447756));
#1170 = CARTESIAN_POINT('',(9.60904975333,-15.22060225599,
    49.776103533574));
#1171 = CARTESIAN_POINT('',(9.625445950993,-15.21023651649,
    49.733521057713));
#1172 = CARTESIAN_POINT('',(9.656670739331,-15.19042201423,
    49.665532619318));
#1173 = CARTESIAN_POINT('',(9.670016448307,-15.1819370767,
    49.639347731786));
#1174 = CARTESIAN_POINT('',(9.684384010423,-15.17278215949,
    49.613685270555));
#1175 = CARTESIAN_POINT('',(9.699706091347,-15.16299466803,
    49.588562507555));
#1176 = CARTESIAN_POINT('',(9.715914668414,-15.15261258691,
    49.563995358295));
#1177 = CARTESIAN_POINT('',(9.732941030631,-15.14167447981,
    49.539998381868));
#1178 = CARTESIAN_POINT('',(9.774425687949,-15.11493956675,
    49.485353150994));
#1179 = CARTESIAN_POINT('',(9.79947398456,-15.09873578167,
    49.455150638258));
#1180 = CARTESIAN_POINT('',(9.825725694474,-15.08168232955,
    49.425972526675));
#1181 = CARTESIAN_POINT('',(9.853057285319,-15.06384707782,
    49.397811270646));
#1182 = CARTESIAN_POINT('',(9.881356574165,-15.04529168384,
    49.370656797101));
#1183 = CARTESIAN_POINT('',(9.910522635304,-15.02607171247,
    49.344496807575));
#1184 = CARTESIAN_POINT('',(10.041603295247,-14.93924096159,
    49.234268465168));
#1185 = CARTESIAN_POINT('',(10.151956114593,-14.86499669841,
    49.16010863336));
#1186 = CARTESIAN_POINT('',(10.268198386398,-14.78530947482,
    49.096413016043));
#1187 = CARTESIAN_POINT('',(10.388190323308,-14.70135866112,
    49.0426672637));
#1188 = CARTESIAN_POINT('',(10.510668719254,-14.61386262513,
    48.998442920364));
#1189 = CARTESIAN_POINT('',(10.634941858983,-14.52317396889,
    48.963547525336));
#1190 = CARTESIAN_POINT('',(10.849936512527,-14.36284434272,
    48.920161446202));
#1191 = CARTESIAN_POINT('',(10.939775325464,-14.29484364935,
    48.9069941817));
#1192 = CARTESIAN_POINT('',(11.029763517286,-14.2256885131,
    48.898764877474));
#1193 = CARTESIAN_POINT('',(11.11957794185,-14.15560024309,
    48.895594373406));
#1194 = CARTESIAN_POINT('',(11.208900719785,-14.08481815027,
    48.89764720762));
#1195 = CARTESIAN_POINT('',(11.297396484561,-14.01361957363,
    48.905131171626));
#1196 = CARTESIAN_POINT('',(11.422256156667,-13.91166476378,
    48.923962710275));
#1197 = CARTESIAN_POINT('',(11.459594586607,-13.88097908629,
    48.930679975973));
#1198 = CARTESIAN_POINT('',(11.496669632635,-13.85031407636,
    48.938467354939));
#1199 = CARTESIAN_POINT('',(11.533444475308,-13.81970343478,
    48.947343873225));
#1200 = CARTESIAN_POINT('',(11.569880761478,-13.78918336046,
    48.957328890549));
#1201 = CARTESIAN_POINT('',(11.605938604296,-13.75879255052,
    48.968442100295));
#1202 = CARTESIAN_POINT('',(11.695045673729,-13.68323139545,
    48.999099844021));
#1203 = CARTESIAN_POINT('',(11.747587994409,-13.63825885818,
    49.020087013877));
#1204 = CARTESIAN_POINT('',(11.799028831087,-13.59382285451,
    49.04372469881));
#1205 = CARTESIAN_POINT('',(11.849187612469,-13.55010514696,
    49.070063862638));
#1206 = CARTESIAN_POINT('',(11.89787724131,-13.50730129897,
    49.09914613513));
#1207 = CARTESIAN_POINT('',(11.944903425587,-13.46562097934,
    49.131003173874));
#1208 = CARTESIAN_POINT('',(12.027890724421,-13.39150539946,
    49.194681415967));
#1209 = CARTESIAN_POINT('',(12.064411000487,-13.3586658078,
    49.225670251004));
#1210 = CARTESIAN_POINT('',(12.099470825032,-13.32693238477,
    49.258609080927));
#1211 = CARTESIAN_POINT('',(12.132920610655,-13.29646894776,
    49.29346996765));
#1212 = CARTESIAN_POINT('',(12.164614762621,-13.26743928491,
    49.330210440876));
#1213 = CARTESIAN_POINT('',(12.194411246078,-13.24000620136,
    49.368773453639));
#1214 = CARTESIAN_POINT('',(12.271727088821,-13.16849539284,
    49.481054157881));
#1215 = CARTESIAN_POINT('',(12.314895045343,-13.12816649986,
    49.558748526833));
#1216 = CARTESIAN_POINT('',(12.350589201417,-13.09452778346,
    49.641449331938));
#1217 = CARTESIAN_POINT('',(12.377977111295,-13.0685563328,
    49.728169224389));
#1218 = CARTESIAN_POINT('',(12.396474767756,-13.05096058486,
    49.817719266668));
#1219 = CARTESIAN_POINT('',(12.405752632235,-13.04213562373,
    49.908783009729));
#1220 = CARTESIAN_POINT('',(12.405752632235,-13.04213562373,50.));
#1221 = PCURVE('',#43,#1222);
#1222 = DEFINITIONAL_REPRESENTATION('',(#1223),#1328);
#1223 = B_SPLINE_CURVE_WITH_KNOTS('',7,(#1224,#1225,#1226,#1227,#1228,
    #1229,#1230,#1231,#1232,#1233,#1234,#1235,#1236,#1237,#1238,#1239,
    #1240,#1241,#1242,#1243,#1244,#1245,#1246,#1247,#1248,#1249,#1250,
    #1251,#1252,#1253,#1254,#1255,#1256,#1257,#1258,#1259,#1260,#1261,
    #1262,#1263,#1264,#1265,#1266,#1267,#1268,#1269,#1270,#1271,#1272,
    #1273,#1274,#1275,#1276,#1277,#1278,#1279,#1280,#1281,#1282,#1283,
    #1284,#1285,#1286,#1287,#1288,#1289,#1290,#1291,#1292,#1293,#1294,
    #1295,#1296,#1297,#1298,#1299,#1300,#1301,#1302,#1303,#1304,#1305,
    #1306,#1307,#1308,#1309,#1310,#1311,#1312,#1313,#1314,#1315,#1316,
    #1317,#1318,#1319,#1320,#1321,#1322,#1323,#1324,#1325,#1326,#1327),
  .UNSPECIFIED.,.T.,.F.,(8,6,6,6,6,6,6,6,6,6,6,6,6,6,6,6,6,8),(0.,
    7.655874632028E-02,0.121413748035,0.172631451985,0.291148210081,
    0.375071031301,0.436676618788,0.474825200669,0.500291879075,
    0.539224633509,0.564383719581,0.597943669155,0.711297844895,
    0.791889575526,0.82657215626,0.87860782454,0.922193141695,1.),
  .UNSPECIFIED.);
#1224 = CARTESIAN_POINT('',(-5.472785054115,-50.));
#1225 = CARTESIAN_POINT('',(-5.472785054115,-50.0896250373));
#1226 = CARTESIAN_POINT('',(-5.472098301385,-50.17910894028));
#1227 = CARTESIAN_POINT('',(-5.470728781258,-50.26715813668));
#1228 = CARTESIAN_POINT('',(-5.468703005868,-50.35251910926));
#1229 = CARTESIAN_POINT('',(-5.46606839194,-50.43405575558));
#1230 = CARTESIAN_POINT('',(-5.462891437251,-50.51081832104));
#1231 = CARTESIAN_POINT('',(-5.457125551259,-50.62386941409));
#1232 = CARTESIAN_POINT('',(-5.454835624375,-50.66379974836));
#1233 = CARTESIAN_POINT('',(-5.452398618697,-50.70181408573));
#1234 = CARTESIAN_POINT('',(-5.44982747051,-50.73784807663));
#1235 = CARTESIAN_POINT('',(-5.447135327864,-50.77185380497));
#1236 = CARTESIAN_POINT('',(-5.444335529665,-50.8037997488));
#1237 = CARTESIAN_POINT('',(-5.438137132473,-50.86777894711));
#1238 = CARTESIAN_POINT('',(-5.434709510593,-50.89918621535));
#1239 = CARTESIAN_POINT('',(-5.431174529468,-50.92791188211));
#1240 = CARTESIAN_POINT('',(-5.427547180773,-50.95398536051));
#1241 = CARTESIAN_POINT('',(-5.423841678408,-50.9774455516));
#1242 = CARTESIAN_POINT('',(-5.42007149939,-50.99834025554));
#1243 = CARTESIAN_POINT('',(-5.407405219285,-51.05926886775));
#1244 = CARTESIAN_POINT('',(-5.39829088108,-51.08833809724));
#1245 = CARTESIAN_POINT('',(-5.389026155154,-51.10485533852));
#1246 = CARTESIAN_POINT('',(-5.379701218802,-51.10960845993));
#1247 = CARTESIAN_POINT('',(-5.37039101012,-51.10322425698));
#1248 = CARTESIAN_POINT('',(-5.361164820906,-51.08615556436));
#1249 = CARTESIAN_POINT('',(-5.345674757318,-51.03918780488));
#1250 = CARTESIAN_POINT('',(-5.339334982533,-51.01449615957));
#1251 = CARTESIAN_POINT('',(-5.333091756485,-50.98464836228));
#1252 = CARTESIAN_POINT('',(-5.326964696499,-50.94961226445));
#1253 = CARTESIAN_POINT('',(-5.320982049771,-50.90928494179));
#1254 = CARTESIAN_POINT('',(-5.31518458334,-50.86351955249));
#1255 = CARTESIAN_POINT('',(-5.30555173944,-50.77444616611));
#1256 = CARTESIAN_POINT('',(-5.301601002483,-50.73368806399));
#1257 = CARTESIAN_POINT('',(-5.29779703919,-50.68977347916));
#1258 = CARTESIAN_POINT('',(-5.294166820368,-50.64259226963));
#1259 = CARTESIAN_POINT('',(-5.290745278607,-50.59204283652));
#1260 = CARTESIAN_POINT('',(-5.287576001204,-50.5380455757));
#1261 = CARTESIAN_POINT('',(-5.282938374228,-50.44495674635));
#1262 = CARTESIAN_POINT('',(-5.281279459529,-50.4079699668));
#1263 = CARTESIAN_POINT('',(-5.279752817581,-50.36966949405));
#1264 = CARTESIAN_POINT('',(-5.278374986622,-50.33013679739));
#1265 = CARTESIAN_POINT('',(-5.277161421673,-50.28946074766));
#1266 = CARTESIAN_POINT('',(-5.276126511693,-50.2477370529));
#1267 = CARTESIAN_POINT('',(-5.274720895752,-50.17658310062));
#1268 = CARTESIAN_POINT('',(-5.274244207837,-50.14769999009));
#1269 = CARTESIAN_POINT('',(-5.273858132473,-50.11849445971));
#1270 = CARTESIAN_POINT('',(-5.273566149411,-50.08904369793));
#1271 = CARTESIAN_POINT('',(-5.27337062033,-50.05942559026));
#1272 = CARTESIAN_POINT('',(-5.273272790512,-50.02971832518));
#1273 = CARTESIAN_POINT('',(-5.273272790512,-49.95456744543));
#1274 = CARTESIAN_POINT('',(-5.27350143367,-49.90921588048));
#1275 = CARTESIAN_POINT('',(-5.273957251227,-49.86419125536));
#1276 = CARTESIAN_POINT('',(-5.274633697409,-49.81973944775));
#1277 = CARTESIAN_POINT('',(-5.275519131265,-49.77610353357));
#1278 = CARTESIAN_POINT('',(-5.276596798493,-49.73352105771));
#1279 = CARTESIAN_POINT('',(-5.278651304161,-49.66553261931));
#1280 = CARTESIAN_POINT('',(-5.279529893719,-49.63934773178));
#1281 = CARTESIAN_POINT('',(-5.280476360259,-49.61368527055));
#1282 = CARTESIAN_POINT('',(-5.281486433438,-49.58856250755));
#1283 = CARTESIAN_POINT('',(-5.282555794263,-49.56399535829));
#1284 = CARTESIAN_POINT('',(-5.283680075094,-49.53999838186));
#1285 = CARTESIAN_POINT('',(-5.286421916172,-49.48535315099));
#1286 = CARTESIAN_POINT('',(-5.288079276466,-49.45515063825));
#1287 = CARTESIAN_POINT('',(-5.289818410788,-49.42597252667));
#1288 = CARTESIAN_POINT('',(-5.291631517604,-49.39781127064));
#1289 = CARTESIAN_POINT('',(-5.293511515455,-49.3706567971));
#1290 = CARTESIAN_POINT('',(-5.295452034828,-49.34449680757));
#1291 = CARTESIAN_POINT('',(-5.304187113588,-49.23426846516));
#1292 = CARTESIAN_POINT('',(-5.311576012609,-49.16010863336));
#1293 = CARTESIAN_POINT('',(-5.319405173313,-49.09641301604));
#1294 = CARTESIAN_POINT('',(-5.327540258026,-49.0426672637));
#1295 = CARTESIAN_POINT('',(-5.335901857998,-48.99844292036));
#1296 = CARTESIAN_POINT('',(-5.3444483369,-48.96354752533));
#1297 = CARTESIAN_POINT('',(-5.35934803137,-48.9201614462));
#1298 = CARTESIAN_POINT('',(-5.365607459132,-48.9069941817));
#1299 = CARTESIAN_POINT('',(-5.371912266264,-48.89876487747));
#1300 = CARTESIAN_POINT('',(-5.378241139933,-48.8955943734));
#1301 = CARTESIAN_POINT('',(-5.384572407913,-48.89764720762));
#1302 = CARTESIAN_POINT('',(-5.390882320321,-48.90513117162));
#1303 = CARTESIAN_POINT('',(-5.399837751973,-48.92396271027));
#1304 = CARTESIAN_POINT('',(-5.402522726869,-48.93067997597));
#1305 = CARTESIAN_POINT('',(-5.405195674142,-48.93846735493));
#1306 = CARTESIAN_POINT('',(-5.407853855924,-48.94734387322));
#1307 = CARTESIAN_POINT('',(-5.410494378379,-48.95732889054));
#1308 = CARTESIAN_POINT('',(-5.413114191702,-48.96844210029));
#1309 = CARTESIAN_POINT('',(-5.419604820745,-48.99909984402));
#1310 = CARTESIAN_POINT('',(-5.423447049833,-49.02008701387));
#1311 = CARTESIAN_POINT('',(-5.427223425552,-49.04372469881));
#1312 = CARTESIAN_POINT('',(-5.430919850007,-49.07006386263));
#1313 = CARTESIAN_POINT('',(-5.434521434037,-49.09914613513));
#1314 = CARTESIAN_POINT('',(-5.438012452022,-49.13100317387));
#1315 = CARTESIAN_POINT('',(-5.444193868554,-49.19468141596));
#1316 = CARTESIAN_POINT('',(-5.446922399347,-49.225670251));
#1317 = CARTESIAN_POINT('',(-5.449549516551,-49.25860908092));
#1318 = CARTESIAN_POINT('',(-5.452062984831,-49.29346996765));
#1319 = CARTESIAN_POINT('',(-5.454450723451,-49.33021044087));
#1320 = CARTESIAN_POINT('',(-5.456700823696,-49.36877345363));
#1321 = CARTESIAN_POINT('',(-5.462551732477,-49.48105415788));
#1322 = CARTESIAN_POINT('',(-5.465833651753,-49.55874852683));
#1323 = CARTESIAN_POINT('',(-5.468558472584,-49.64144933193));
#1324 = CARTESIAN_POINT('',(-5.470655357344,-49.72816922438));
#1325 = CARTESIAN_POINT('',(-5.472073686527,-49.81771926666));
#1326 = CARTESIAN_POINT('',(-5.472785054115,-49.90878300972));
#1327 = CARTESIAN_POINT('',(-5.472785054115,-50.));
#1328 = ( GEOMETRIC_REPRESENTATION_CONTEXT(2) 
PARAMETRIC_REPRESENTATION_CONTEXT() REPRESENTATION_CONTEXT('2D SPACE',''
  ) );
#1329 = PCURVE('',#1330,#1335);
#1330 = CYLINDRICAL_SURFACE('',#1331,1.1);
#1331 = AXIS2_PLACEMENT_3D('',#1332,#1333,#1334);
#1332 = CARTESIAN_POINT('',(14.142135623731,-14.14213562373,50.));
#1333 = DIRECTION('',(1.,0.,0.));
#1334 = DIRECTION('',(0.,1.,0.));
#1335 = DEFINITIONAL_REPRESENTATION('',(#1336),#1441);
#1336 = B_SPLINE_CURVE_WITH_KNOTS('',7,(#1337,#1338,#1339,#1340,#1341,
    #1342,#1343,#1344,#1345,#1346,#1347,#1348,#1349,#1350,#1351,#1352,
    #1353,#1354,#1355,#1356,#1357,#1358,#1359,#1360,#1361,#1362,#1363,
    #1364,#1365,#1366,#1367,#1368,#1369,#1370,#1371,#1372,#1373,#1374,
    #1375,#1376,#1377,#1378,#1379,#1380,#1381,#1382,#1383,#1384,#1385,
    #1386,#1387,#1388,#1389,#1390,#1391,#1392,#1393,#1394,#1395,#1396,
    #1397,#1398,#1399,#1400,#1401,#1402,#1403,#1404,#1405,#1406,#1407,
    #1408,#1409,#1410,#1411,#1412,#1413,#1414,#1415,#1416,#1417,#1418,
    #1419,#1420,#1421,#1422,#1423,#1424,#1425,#1426,#1427,#1428,#1429,
    #1430,#1431,#1432,#1433,#1434,#1435,#1436,#1437,#1438,#1439,#1440),
  .UNSPECIFIED.,.F.,.F.,(8,6,6,6,6,6,6,6,6,6,6,6,6,6,6,6,6,8),(0.,
    7.655874632028E-02,0.121413748035,0.172631451985,0.291148210081,
    0.375071031301,0.436676618788,0.474825200669,0.500291879075,
    0.539224633509,0.564383719581,0.597943669155,0.711297844895,
    0.791889575526,0.82657215626,0.87860782454,0.922193141695,1.),
  .UNSPECIFIED.);
#1337 = CARTESIAN_POINT('',(0.,-1.736382991496));
#1338 = CARTESIAN_POINT('',(8.147730664423E-02,-1.736382991496));
#1339 = CARTESIAN_POINT('',(0.162826319783,-1.745339812789));
#1340 = CARTESIAN_POINT('',(0.243754504468,-1.763200939617));
#1341 = CARTESIAN_POINT('',(0.323993061118,-1.78965868215));
#1342 = CARTESIAN_POINT('',(0.403265421575,-1.824165783727));
#1343 = CARTESIAN_POINT('',(0.481264714514,-1.865941009195));
#1344 = CARTESIAN_POINT('',(0.602387831405,-1.942101321592));
#1345 = CARTESIAN_POINT('',(0.646626194728,-1.972413177657));
#1346 = CARTESIAN_POINT('',(0.690355319343,-2.004749811391));
#1347 = CARTESIAN_POINT('',(0.733571855138,-2.038957063577));
#1348 = CARTESIAN_POINT('',(0.776269047138,-2.074876587429));
#1349 = CARTESIAN_POINT('',(0.818436709905,-2.112345349089));
#1350 = CARTESIAN_POINT('',(0.90759014692,-2.19555576586));
#1351 = CARTESIAN_POINT('',(0.954417039282,-2.241722629412));
#1352 = CARTESIAN_POINT('',(1.000581457192,-2.28950326417));
#1353 = CARTESIAN_POINT('',(1.046115581314,-2.338712499548));
#1354 = CARTESIAN_POINT('',(1.09104609407,-2.389171833556));
#1355 = CARTESIAN_POINT('',(1.135396078917,-2.440708817356));
#1356 = CARTESIAN_POINT('',(1.28051806246,-2.614519205167));
#1357 = CARTESIAN_POINT('',(1.37876597275,-2.740651845357));
#1358 = CARTESIAN_POINT('',(1.47465057692,-2.870012660054));
#1359 = CARTESIAN_POINT('',(1.568749860639,-3.001379762584));
#1360 = CARTESIAN_POINT('',(1.661617275088,-3.133683205158));
#1361 = CARTESIAN_POINT('',(1.753781813854,-3.265886451666));
#1362 = CARTESIAN_POINT('',(1.911004589204,-3.489576437533));
#1363 = CARTESIAN_POINT('',(1.976095161532,-3.581645267453));
#1364 = CARTESIAN_POINT('',(2.041418762992,-3.672806727701));
#1365 = CARTESIAN_POINT('',(2.107279228989,-3.762741901405));
#1366 = CARTESIAN_POINT('',(2.173968663999,-3.850997403022));
#1367 = CARTESIAN_POINT('',(2.241778269257,-3.936922673043));
#1368 = CARTESIAN_POINT('',(2.361840332518,-4.080298211978));
#1369 = CARTESIAN_POINT('',(2.413478856599,-4.13929731667));
#1370 = CARTESIAN_POINT('',(2.466097703761,-4.196284956667));
#1371 = CARTESIAN_POINT('',(2.519851606094,-4.250831205866));
#1372 = CARTESIAN_POINT('',(2.574892121453,-4.302381316969));
#1373 = CARTESIAN_POINT('',(2.631376612505,-4.35024448423));
#1374 = CARTESIAN_POINT('',(2.725455390965,-4.420419261177));
#1375 = CARTESIAN_POINT('',(2.762101998006,-4.445557090246));
#1376 = CARTESIAN_POINT('',(2.79937003089,-4.468720734886));
#1377 = CARTESIAN_POINT('',(2.837223303212,-4.489650225235));
#1378 = CARTESIAN_POINT('',(2.875635279452,-4.508101678401));
#1379 = CARTESIAN_POINT('',(2.914587896243,-4.523847996762));
#1380 = CARTESIAN_POINT('',(2.98042753141,-4.545245479782));
#1381 = CARTESIAN_POINT('',(3.006999638079,-4.552505584948));
#1382 = CARTESIAN_POINT('',(3.033741695252,-4.558387879149));
#1383 = CARTESIAN_POINT('',(3.060611630944,-4.562837746829));
#1384 = CARTESIAN_POINT('',(3.087569386639,-4.565818041799));
#1385 = CARTESIAN_POINT('',(3.114575994335,-4.567309169544));
#1386 = CARTESIAN_POINT('',(3.182894975926,-4.567309169544));
#1387 = CARTESIAN_POINT('',(3.224123726437,-4.563824234025));
#1388 = CARTESIAN_POINT('',(3.265170190536,-4.556876459702));
#1389 = CARTESIAN_POINT('',(3.305924287314,-4.546569138737));
#1390 = CARTESIAN_POINT('',(3.346268194805,-4.533085870401));
#1391 = CARTESIAN_POINT('',(3.38606997523,-4.516689672738));
#1392 = CARTESIAN_POINT('',(3.450449032545,-4.485464884399));
#1393 = CARTESIAN_POINT('',(3.475460951433,-4.472119175424));
#1394 = CARTESIAN_POINT('',(3.500213670034,-4.457751613308));
#1395 = CARTESIAN_POINT('',(3.52470654729,-4.442429532384));
#1396 = CARTESIAN_POINT('',(3.548937587979,-4.426220955317));
#1397 = CARTESIAN_POINT('',(3.57290344271,-4.4091945931));
#1398 = CARTESIAN_POINT('',(3.62820768637,-4.367709935782));
#1399 = CARTESIAN_POINT('',(3.659344702865,-4.342661639171));
#1400 = CARTESIAN_POINT('',(3.690036184882,-4.316409929257));
#1401 = CARTESIAN_POINT('',(3.720305925572,-4.289078338412));
#1402 = CARTESIAN_POINT('',(3.750176574416,-4.260779049566));
#1403 = CARTESIAN_POINT('',(3.779670427867,-4.231612988427));
#1404 = CARTESIAN_POINT('',(3.907234596673,-4.100532328484));
#1405 = CARTESIAN_POINT('',(4.001960634647,-3.990179509138));
#1406 = CARTESIAN_POINT('',(4.093832443297,-3.873937237333));
#1407 = CARTESIAN_POINT('',(4.183587760237,-3.753945300423));
#1408 = CARTESIAN_POINT('',(4.271992757348,-3.631466904477));
#1409 = CARTESIAN_POINT('',(4.359861011547,-3.507193764748));
#1410 = CARTESIAN_POINT('',(4.510857538496,-3.292199111204));
#1411 = CARTESIAN_POINT('',(4.57365662108,-3.202360298267));
#1412 = CARTESIAN_POINT('',(4.636700228469,-3.112372106445));
#1413 = CARTESIAN_POINT('',(4.700171470391,-3.022557681881));
#1414 = CARTESIAN_POINT('',(4.764253988014,-2.933234903946));
#1415 = CARTESIAN_POINT('',(4.829139485479,-2.84473913917));
#1416 = CARTESIAN_POINT('',(4.923393450914,-2.719879467064));
#1417 = CARTESIAN_POINT('',(4.95193486761,-2.682541037124));
#1418 = CARTESIAN_POINT('',(4.980671483784,-2.645465991096));
#1419 = CARTESIAN_POINT('',(5.009615827063,-2.608691148423));
#1420 = CARTESIAN_POINT('',(5.038780980417,-2.572254862253));
#1421 = CARTESIAN_POINT('',(5.06818058217,-2.536197019435));
#1422 = CARTESIAN_POINT('',(5.142311276485,-2.447089950002));
#1423 = CARTESIAN_POINT('',(5.187368933755,-2.394547629322));
#1424 = CARTESIAN_POINT('',(5.2330245256,-2.343106792644));
#1425 = CARTESIAN_POINT('',(5.279302527804,-2.292948011262));
#1426 = CARTESIAN_POINT('',(5.326231234896,-2.244258382421));
#1427 = CARTESIAN_POINT('',(5.3738448309,-2.197232198144));
#1428 = CARTESIAN_POINT('',(5.462675795356,-2.11424489931));
#1429 = CARTESIAN_POINT('',(5.50367890814,-2.077724623244));
#1430 = CARTESIAN_POINT('',(5.54518297419,-2.042664798699));
#1431 = CARTESIAN_POINT('',(5.587179222973,-2.009215013076));
#1432 = CARTESIAN_POINT('',(5.629661944486,-1.97752086111));
#1433 = CARTESIAN_POINT('',(5.672628496067,-1.947724377652));
#1434 = CARTESIAN_POINT('',(5.793646056028,-1.87040853491));
#1435 = CARTESIAN_POINT('',(5.872915525219,-1.827240578388));
#1436 = CARTESIAN_POINT('',(5.953518929299,-1.791546422314));
#1437 = CARTESIAN_POINT('',(6.035135023656,-1.764158512436));
#1438 = CARTESIAN_POINT('',(6.117475539804,-1.745660855975));
#1439 = CARTESIAN_POINT('',(6.200260770569,-1.736382991496));
#1440 = CARTESIAN_POINT('',(6.28318530718,-1.736382991496));
#1441 = ( GEOMETRIC_REPRESENTATION_CONTEXT(2) 
PARAMETRIC_REPRESENTATION_CONTEXT() REPRESENTATION_CONTEXT('2D SPACE',''
  ) );
#1442 = FACE_BOUND('',#1443,.T.);
#1443 = EDGE_LOOP('',(#1444));
#1444 = ORIENTED_EDGE('',*,*,#1445,.T.);
#1445 = EDGE_CURVE('',#1446,#1446,#1448,.T.);
#1446 = VERTEX_POINT('',#1447);
#1447 = CARTESIAN_POINT('',(9.574826454187,15.242135623731,8.));
#1448 = SURFACE_CURVE('',#1449,(#1566,#1686),.PCURVE_S1.);
#1449 = B_SPLINE_CURVE_WITH_KNOTS('',7,(#1450,#1451,#1452,#1453,#1454,
    #1455,#1456,#1457,#1458,#1459,#1460,#1461,#1462,#1463,#1464,#1465,
    #1466,#1467,#1468,#1469,#1470,#1471,#1472,#1473,#1474,#1475,#1476,
    #1477,#1478,#1479,#1480,#1481,#1482,#1483,#1484,#1485,#1486,#1487,
    #1488,#1489,#1490,#1491,#1492,#1493,#1494,#1495,#1496,#1497,#1498,
    #1499,#1500,#1501,#1502,#1503,#1504,#1505,#1506,#1507,#1508,#1509,
    #1510,#1511,#1512,#1513,#1514,#1515,#1516,#1517,#1518,#1519,#1520,
    #1521,#1522,#1523,#1524,#1525,#1526,#1527,#1528,#1529,#1530,#1531,
    #1532,#1533,#1534,#1535,#1536,#1537,#1538,#1539,#1540,#1541,#1542,
    #1543,#1544,#1545,#1546,#1547,#1548,#1549,#1550,#1551,#1552,#1553,
    #1554,#1555,#1556,#1557,#1558,#1559,#1560,#1561,#1562,#1563,#1564,
    #1565),.UNSPECIFIED.,.T.,.F.,(8,6,6,6,6,6,6,6,6,6,6,6,6,6,6,6,6,6,6,
    8),(0.,3.895107235779E-02,6.412200806049E-02,9.769778033389E-02,
    0.21110539981,0.291735135043,0.326434067696,0.378494269427,
    0.422100135922,0.463589346681,0.500025550894,0.535515203556,
    0.576594838378,0.621412139587,0.672586795175,0.791003940122,
    0.874856224342,0.936410032419,0.961587544828,1.),.UNSPECIFIED.);
#1450 = CARTESIAN_POINT('',(9.574826454187,15.242135623731,8.));
#1451 = CARTESIAN_POINT('',(9.574826454187,15.242135623731,8.04543255457
    ));
#1452 = CARTESIAN_POINT('',(9.578311389706,15.2399462845,8.090784119518)
  );
#1453 = CARTESIAN_POINT('',(9.585259164029,15.235582140796,
    8.135808744637));
#1454 = CARTESIAN_POINT('',(9.595566484994,15.229100245767,
    8.180260552244));
#1455 = CARTESIAN_POINT('',(9.60904975333,15.220602255991,8.223896466426
    ));
#1456 = CARTESIAN_POINT('',(9.625445950993,15.210236516497,
    8.266478942287));
#1457 = CARTESIAN_POINT('',(9.656670745292,15.190422010456,
    8.334467393659));
#1458 = CARTESIAN_POINT('',(9.67001644776,15.181937077086,8.360652270325
    ));
#1459 = CARTESIAN_POINT('',(9.684384004019,15.172782163604,
    8.386314719954));
#1460 = CARTESIAN_POINT('',(9.699706086024,15.162994671431,
    8.411437482328));
#1461 = CARTESIAN_POINT('',(9.715914670569,15.152612585494,
    8.436004642249));
#1462 = CARTESIAN_POINT('',(9.732941039293,15.141674474234,
    8.460001629542));
#1463 = CARTESIAN_POINT('',(9.774425687949,15.114939566753,
    8.514646849006));
#1464 = CARTESIAN_POINT('',(9.79947398456,15.098735781677,8.544849361742
    ));
#1465 = CARTESIAN_POINT('',(9.825725694474,15.08168232955,8.574027473325
    ));
#1466 = CARTESIAN_POINT('',(9.853057285319,15.063847077824,
    8.602188729354));
#1467 = CARTESIAN_POINT('',(9.881356574165,15.045291683845,
    8.629343202899));
#1468 = CARTESIAN_POINT('',(9.910522635304,15.026071712471,
    8.655503192425));
#1469 = CARTESIAN_POINT('',(10.041603295247,14.939240961595,
    8.765731534832));
#1470 = CARTESIAN_POINT('',(10.151956114593,14.86499669841,8.83989136664
    ));
#1471 = CARTESIAN_POINT('',(10.268198386398,14.785309474829,
    8.903586983957));
#1472 = CARTESIAN_POINT('',(10.388190323308,14.701358661123,8.9573327363
    ));
#1473 = CARTESIAN_POINT('',(10.510668719255,14.613862625135,
    9.001557079636));
#1474 = CARTESIAN_POINT('',(10.634941858983,14.523173968896,
    9.036452474664));
#1475 = CARTESIAN_POINT('',(10.849936520905,14.362844336472,
    9.079838555489));
#1476 = CARTESIAN_POINT('',(10.939775316992,14.294843656017,
    9.093005818296));
#1477 = CARTESIAN_POINT('',(11.029763510529,14.22568851817,
    9.101235121272));
#1478 = CARTESIAN_POINT('',(11.119577948612,14.155600237592,
    9.104405625697));
#1479 = CARTESIAN_POINT('',(11.208900728263,14.0848181437,9.102352792829
    ));
#1480 = CARTESIAN_POINT('',(11.29739647619,14.013619580472,
    9.094868829636));
#1481 = CARTESIAN_POINT('',(11.422256156667,13.911664763783,
    9.076037289725));
#1482 = CARTESIAN_POINT('',(11.459594586607,13.880979086291,
    9.069320024027));
#1483 = CARTESIAN_POINT('',(11.496669632635,13.850314076369,
    9.061532645061));
#1484 = CARTESIAN_POINT('',(11.533444475308,13.819703434781,
    9.052656126775));
#1485 = CARTESIAN_POINT('',(11.569880761478,13.789183360465,
    9.042671109451));
#1486 = CARTESIAN_POINT('',(11.605938604296,13.758792550527,
    9.031557899705));
#1487 = CARTESIAN_POINT('',(11.695045673739,13.683231395448,
    9.000900155975));
#1488 = CARTESIAN_POINT('',(11.74758799441,13.638258858188,
    8.979912986122));
#1489 = CARTESIAN_POINT('',(11.799028831079,13.593822854519,
    8.956275301193));
#1490 = CARTESIAN_POINT('',(11.849187612462,13.550105146967,
    8.929936137367));
#1491 = CARTESIAN_POINT('',(11.897877241311,13.507301298972,
    8.90085386487));
#1492 = CARTESIAN_POINT('',(11.944903425594,13.465620979342,
    8.86899682612));
#1493 = CARTESIAN_POINT('',(12.027890724421,13.391505399463,
    8.805318584033));
#1494 = CARTESIAN_POINT('',(12.064411000487,13.358665807809,
    8.774329748996));
#1495 = CARTESIAN_POINT('',(12.099470825032,13.326932384775,
    8.741390919073));
#1496 = CARTESIAN_POINT('',(12.132920610655,13.296468947769,
    8.70653003235));
#1497 = CARTESIAN_POINT('',(12.164614762621,13.26743928491,
    8.669789559124));
#1498 = CARTESIAN_POINT('',(12.194411246079,13.240006201367,
    8.631226546361));
#1499 = CARTESIAN_POINT('',(12.248583577434,13.189901241278,
    8.552555638831));
#1500 = CARTESIAN_POINT('',(12.273152994562,13.167062248422,
    8.512612469495));
#1501 = CARTESIAN_POINT('',(12.295733489028,13.14597643239,8.47118294325
    ));
#1502 = CARTESIAN_POINT('',(12.316194806064,13.126793345602,
    8.428383837776));
#1503 = CARTESIAN_POINT('',(12.334421996902,13.109647687937,
    8.384348076862));
#1504 = CARTESIAN_POINT('',(12.350315063875,13.094657747027,
    8.339223887931));
#1505 = CARTESIAN_POINT('',(12.375621193004,13.070740803707,
    8.252732491453));
#1506 = CARTESIAN_POINT('',(12.385585829914,13.06129950165,
    8.211583381705));
#1507 = CARTESIAN_POINT('',(12.393620345061,13.053672180222,
    8.169857817764));
#1508 = CARTESIAN_POINT('',(12.399678011638,13.04791386975,
    8.127692874329));
#1509 = CARTESIAN_POINT('',(12.403727466966,13.044061934435,
    8.085230521788));
#1510 = CARTESIAN_POINT('',(12.405752632235,13.042135623731,
    8.042616634655));
#1511 = CARTESIAN_POINT('',(12.405752632235,13.042135623731,
    7.958490474125));
#1512 = CARTESIAN_POINT('',(12.403831330269,13.043963144401,
    7.916983366976));
#1513 = CARTESIAN_POINT('',(12.399989477913,13.047617596615,
    7.875616206616));
#1514 = CARTESIAN_POINT('',(12.394241558316,13.053081651613,
    7.83452395673));
#1515 = CARTESIAN_POINT('',(12.38661585546,13.06032162508,7.793838147178
    ));
#1516 = CARTESIAN_POINT('',(12.377154523414,13.069287861211,
    7.753686004551));
#1517 = CARTESIAN_POINT('',(12.352902236489,13.092216273467,
    7.668472071754));
#1518 = CARTESIAN_POINT('',(12.3375089189,13.106740686896,7.623641357188
    ));
#1519 = CARTESIAN_POINT('',(12.319815020646,13.123392833373,
    7.579857648303));
#1520 = CARTESIAN_POINT('',(12.299916256253,13.142059451774,
    7.537267341019));
#1521 = CARTESIAN_POINT('',(12.27792307254,13.162611033525,
    7.496002184911));
#1522 = CARTESIAN_POINT('',(12.253960984202,13.184903312592,
    7.456178450207));
#1523 = CARTESIAN_POINT('',(12.200034302135,13.234826526319,
    7.376130585896));
#1524 = CARTESIAN_POINT('',(12.169722446073,13.262758229896,
    7.336200251633));
#1525 = CARTESIAN_POINT('',(12.137385812344,13.292399409067,
    7.298185914272));
#1526 = CARTESIAN_POINT('',(12.103178560158,13.323573097472,
    7.262151923366));
#1527 = CARTESIAN_POINT('',(12.067259036301,13.35610093921,
    7.228146195024));
#1528 = CARTESIAN_POINT('',(12.029790274635,13.389804308556,
    7.196200251186));
#1529 = CARTESIAN_POINT('',(11.946579857899,13.464128920433,
    7.132221052905));
#1530 = CARTESIAN_POINT('',(11.900412994322,13.505058331793,
    7.100813784645));
#1531 = CARTESIAN_POINT('',(11.852632359536,13.547080347397,
    7.072088117867));
#1532 = CARTESIAN_POINT('',(11.803423124156,13.589995047294,
    7.046014639476));
#1533 = CARTESIAN_POINT('',(11.752963790179,13.633615645996,
    7.022554448404));
#1534 = CARTESIAN_POINT('',(11.701426806412,13.677768230552,
    7.001659744472));
#1535 = CARTESIAN_POINT('',(11.527616418564,13.82531746387,
    6.940731132244));
#1536 = CARTESIAN_POINT('',(11.401483778375,13.930237961529,
    6.911661902755));
#1537 = CARTESIAN_POINT('',(11.272122963676,14.035507139794,
    6.895144661473));
#1538 = CARTESIAN_POINT('',(11.140755861148,14.14001605644,
    6.890391540068));
#1539 = CARTESIAN_POINT('',(11.008452418573,14.242901684076,
    6.896775743013));
#1540 = CARTESIAN_POINT('',(10.876249172065,14.343425295749,
    6.913844435638));
#1541 = CARTESIAN_POINT('',(10.652559186198,14.509870544666,
    6.960812195115));
#1542 = CARTESIAN_POINT('',(10.560490356278,14.577298504193,
    6.985503840424));
#1543 = CARTESIAN_POINT('',(10.46932889603,14.643021646523,7.01535163772
    ));
#1544 = CARTESIAN_POINT('',(10.379393722326,14.706865531314,
    7.050387735546));
#1545 = CARTESIAN_POINT('',(10.291138220709,14.768578280236,
    7.09071505821));
#1546 = CARTESIAN_POINT('',(10.205212950688,14.827799120504,
    7.136480447502));
#1547 = CARTESIAN_POINT('',(10.061837411763,14.925307887641,
    7.225553833878));
#1548 = CARTESIAN_POINT('',(10.002838307052,14.965010845041,
    7.266311936014));
#1549 = CARTESIAN_POINT('',(9.945850667056,15.002969960245,
    7.310226520845));
#1550 = CARTESIAN_POINT('',(9.89130441787,15.038951575828,7.357407730363
    ));
#1551 = CARTESIAN_POINT('',(9.839754306771,15.072652062332,
    7.407957163464));
#1552 = CARTESIAN_POINT('',(9.791891139494,15.103692451384,7.46195442431
    ));
#1553 = CARTESIAN_POINT('',(9.730826314036,15.143033510779,
    7.542958644965));
#1554 = CARTESIAN_POINT('',(9.71385577549,15.153932401847,7.567058996874
    ));
#1555 = CARTESIAN_POINT('',(9.697711670115,15.164270098475,
    7.591730893393));
#1556 = CARTESIAN_POINT('',(9.682463430216,15.174007622475,
    7.616959144476));
#1557 = CARTESIAN_POINT('',(9.668179652174,15.18310666102,7.642727203044
    ));
#1558 = CARTESIAN_POINT('',(9.654928096443,15.191529566651,
    7.669017164987));
#1559 = CARTESIAN_POINT('',(9.624235179883,15.211001916722,7.73668631368
    ));
#1560 = CARTESIAN_POINT('',(9.608220792944,15.221124689447,
    7.778803792701));
#1561 = CARTESIAN_POINT('',(9.595059361839,15.229419145437,
    7.821939727855));
#1562 = CARTESIAN_POINT('',(9.585002406948,15.235743421313,
    7.865863848523));
#1563 = CARTESIAN_POINT('',(9.578225304006,15.240000372222,
    7.910340675944));
#1564 = CARTESIAN_POINT('',(9.574826454187,15.242135623731,
    7.955132107335));
#1565 = CARTESIAN_POINT('',(9.574826454187,15.242135623731,8.));
#1566 = PCURVE('',#43,#1567);
#1567 = DEFINITIONAL_REPRESENTATION('',(#1568),#1685);
#1568 = B_SPLINE_CURVE_WITH_KNOTS('',7,(#1569,#1570,#1571,#1572,#1573,
    #1574,#1575,#1576,#1577,#1578,#1579,#1580,#1581,#1582,#1583,#1584,
    #1585,#1586,#1587,#1588,#1589,#1590,#1591,#1592,#1593,#1594,#1595,
    #1596,#1597,#1598,#1599,#1600,#1601,#1602,#1603,#1604,#1605,#1606,
    #1607,#1608,#1609,#1610,#1611,#1612,#1613,#1614,#1615,#1616,#1617,
    #1618,#1619,#1620,#1621,#1622,#1623,#1624,#1625,#1626,#1627,#1628,
    #1629,#1630,#1631,#1632,#1633,#1634,#1635,#1636,#1637,#1638,#1639,
    #1640,#1641,#1642,#1643,#1644,#1645,#1646,#1647,#1648,#1649,#1650,
    #1651,#1652,#1653,#1654,#1655,#1656,#1657,#1658,#1659,#1660,#1661,
    #1662,#1663,#1664,#1665,#1666,#1667,#1668,#1669,#1670,#1671,#1672,
    #1673,#1674,#1675,#1676,#1677,#1678,#1679,#1680,#1681,#1682,#1683,
    #1684),.UNSPECIFIED.,.T.,.F.,(8,6,6,6,6,6,6,6,6,6,6,6,6,6,6,6,6,6,6,
    8),(0.,3.895107235779E-02,6.412200806049E-02,9.769778033389E-02,
    0.21110539981,0.291735135043,0.326434067696,0.378494269427,
    0.422100135922,0.463589346681,0.500025550894,0.535515203556,
    0.576594838378,0.621412139587,0.672586795175,0.791003940122,
    0.874856224342,0.936410032419,0.961587544828,1.),.UNSPECIFIED.);
#1569 = CARTESIAN_POINT('',(-1.009912516668,-8.));
#1570 = CARTESIAN_POINT('',(-1.009912516668,-8.04543255457));
#1571 = CARTESIAN_POINT('',(-1.00968387351,-8.090784119518));
#1572 = CARTESIAN_POINT('',(-1.009228055953,-8.135808744637));
#1573 = CARTESIAN_POINT('',(-1.00855160977,-8.180260552244));
#1574 = CARTESIAN_POINT('',(-1.007666175915,-8.223896466426));
#1575 = CARTESIAN_POINT('',(-1.006588508687,-8.266478942287));
#1576 = CARTESIAN_POINT('',(-1.004534002627,-8.334467393659));
#1577 = CARTESIAN_POINT('',(-1.003655413498,-8.360652270325));
#1578 = CARTESIAN_POINT('',(-1.002708947344,-8.386314719954));
#1579 = CARTESIAN_POINT('',(-1.001698874093,-8.411437482328));
#1580 = CARTESIAN_POINT('',(-1.000629512773,-8.436004642249));
#1581 = CARTESIAN_POINT('',(-0.999505231513,-8.460001629542));
#1582 = CARTESIAN_POINT('',(-0.996763391007,-8.514646849006));
#1583 = CARTESIAN_POINT('',(-0.995106030714,-8.544849361742));
#1584 = CARTESIAN_POINT('',(-0.993366896392,-8.574027473325));
#1585 = CARTESIAN_POINT('',(-0.991553789575,-8.602188729354));
#1586 = CARTESIAN_POINT('',(-0.989673791725,-8.629343202899));
#1587 = CARTESIAN_POINT('',(-0.987733272352,-8.655503192425));
#1588 = CARTESIAN_POINT('',(-0.978998193591,-8.765731534832));
#1589 = CARTESIAN_POINT('',(-0.971609294571,-8.83989136664));
#1590 = CARTESIAN_POINT('',(-0.963780133867,-8.903586983957));
#1591 = CARTESIAN_POINT('',(-0.955645049154,-8.9573327363));
#1592 = CARTESIAN_POINT('',(-0.947283449181,-9.001557079636));
#1593 = CARTESIAN_POINT('',(-0.93873697028,-9.036452474664));
#1594 = CARTESIAN_POINT('',(-0.923837275229,-9.079838555489));
#1595 = CARTESIAN_POINT('',(-0.917577848647,-9.093005818296));
#1596 = CARTESIAN_POINT('',(-0.911273041385,-9.101235121272));
#1597 = CARTESIAN_POINT('',(-0.904944166763,-9.104405625697));
#1598 = CARTESIAN_POINT('',(-0.898612898671,-9.102352792829));
#1599 = CARTESIAN_POINT('',(-0.892302987459,-9.094868829636));
#1600 = CARTESIAN_POINT('',(-0.883347555206,-9.076037289725));
#1601 = CARTESIAN_POINT('',(-0.88066258031,-9.069320024027));
#1602 = CARTESIAN_POINT('',(-0.877989633037,-9.061532645061));
#1603 = CARTESIAN_POINT('',(-0.875331451256,-9.052656126775));
#1604 = CARTESIAN_POINT('',(-0.872690928801,-9.042671109451));
#1605 = CARTESIAN_POINT('',(-0.870071115477,-9.031557899705));
#1606 = CARTESIAN_POINT('',(-0.863580486434,-9.000900155975));
#1607 = CARTESIAN_POINT('',(-0.859738257346,-8.979912986122));
#1608 = CARTESIAN_POINT('',(-0.855961881628,-8.956275301193));
#1609 = CARTESIAN_POINT('',(-0.852265457174,-8.929936137367));
#1610 = CARTESIAN_POINT('',(-0.848663873142,-8.90085386487));
#1611 = CARTESIAN_POINT('',(-0.845172855157,-8.86899682612));
#1612 = CARTESIAN_POINT('',(-0.838991438626,-8.805318584033));
#1613 = CARTESIAN_POINT('',(-0.836262907832,-8.774329748996));
#1614 = CARTESIAN_POINT('',(-0.833635790629,-8.741390919073));
#1615 = CARTESIAN_POINT('',(-0.831122322348,-8.70653003235));
#1616 = CARTESIAN_POINT('',(-0.828734583728,-8.669789559124));
#1617 = CARTESIAN_POINT('',(-0.826484483484,-8.631226546361));
#1618 = CARTESIAN_POINT('',(-0.82238496962,-8.552555638831));
#1619 = CARTESIAN_POINT('',(-0.82052135713,-8.512612469495));
#1620 = CARTESIAN_POINT('',(-0.818804984097,-8.47118294325));
#1621 = CARTESIAN_POINT('',(-0.817246799952,-8.428383837776));
#1622 = CARTESIAN_POINT('',(-0.815856576045,-8.384348076862));
#1623 = CARTESIAN_POINT('',(-0.814642858828,-8.339223887931));
#1624 = CARTESIAN_POINT('',(-0.812708423997,-8.252732491453));
#1625 = CARTESIAN_POINT('',(-0.811945810114,-8.211583381705));
#1626 = CARTESIAN_POINT('',(-0.811330347541,-8.169857817764));
#1627 = CARTESIAN_POINT('',(-0.810866023222,-8.127692874329));
#1628 = CARTESIAN_POINT('',(-0.810555530222,-8.085230521788));
#1629 = CARTESIAN_POINT('',(-0.810400253065,-8.042616634655));
#1630 = CARTESIAN_POINT('',(-0.810400253065,-7.958490474125));
#1631 = CARTESIAN_POINT('',(-0.810547566759,-7.916983366976));
#1632 = CARTESIAN_POINT('',(-0.810842141498,-7.875616206616));
#1633 = CARTESIAN_POINT('',(-0.811282730564,-7.83452395673));
#1634 = CARTESIAN_POINT('',(-0.811866905714,-7.793838147178));
#1635 = CARTESIAN_POINT('',(-0.812591069708,-7.753686004551));
#1636 = CARTESIAN_POINT('',(-0.814445232118,-7.668472071754));
#1637 = CARTESIAN_POINT('',(-0.815621006664,-7.623641357188));
#1638 = CARTESIAN_POINT('',(-0.816970865235,-7.579857648303));
#1639 = CARTESIAN_POINT('',(-0.818486625533,-7.537267341019));
#1640 = CARTESIAN_POINT('',(-0.820158895135,-7.496002184911));
#1641 = CARTESIAN_POINT('',(-0.821977116408,-7.456178450207));
#1642 = CARTESIAN_POINT('',(-0.826059755921,-7.376130585896));
#1643 = CARTESIAN_POINT('',(-0.828349682805,-7.336200251633));
#1644 = CARTESIAN_POINT('',(-0.830786688482,-7.298185914272));
#1645 = CARTESIAN_POINT('',(-0.83335783667,-7.262151923366));
#1646 = CARTESIAN_POINT('',(-0.836049979316,-7.228146195024));
#1647 = CARTESIAN_POINT('',(-0.838849777515,-7.196200251186));
#1648 = CARTESIAN_POINT('',(-0.845048174705,-7.132221052905));
#1649 = CARTESIAN_POINT('',(-0.848475796586,-7.100813784645));
#1650 = CARTESIAN_POINT('',(-0.852010777713,-7.072088117867));
#1651 = CARTESIAN_POINT('',(-0.855638126409,-7.046014639476));
#1652 = CARTESIAN_POINT('',(-0.859343628771,-7.022554448404));
#1653 = CARTESIAN_POINT('',(-0.863113807787,-7.001659744472));
#1654 = CARTESIAN_POINT('',(-0.875780087895,-6.940731132244));
#1655 = CARTESIAN_POINT('',(-0.884894426099,-6.911661902755));
#1656 = CARTESIAN_POINT('',(-0.894159152026,-6.895144661473));
#1657 = CARTESIAN_POINT('',(-0.903484088378,-6.890391540068));
#1658 = CARTESIAN_POINT('',(-0.91279429706,-6.896775743013));
#1659 = CARTESIAN_POINT('',(-0.922020486274,-6.913844435638));
#1660 = CARTESIAN_POINT('',(-0.937510549861,-6.960812195115));
#1661 = CARTESIAN_POINT('',(-0.943850324647,-6.985503840424));
#1662 = CARTESIAN_POINT('',(-0.950093550695,-7.01535163772));
#1663 = CARTESIAN_POINT('',(-0.95622061068,-7.050387735546));
#1664 = CARTESIAN_POINT('',(-0.962203257408,-7.09071505821));
#1665 = CARTESIAN_POINT('',(-0.96800072384,-7.136480447502));
#1666 = CARTESIAN_POINT('',(-0.977633567739,-7.225553833878));
#1667 = CARTESIAN_POINT('',(-0.981584304697,-7.266311936014));
#1668 = CARTESIAN_POINT('',(-0.98538826799,-7.310226520845));
#1669 = CARTESIAN_POINT('',(-0.989018486811,-7.357407730363));
#1670 = CARTESIAN_POINT('',(-0.992440028572,-7.407957163464));
#1671 = CARTESIAN_POINT('',(-0.995609305977,-7.46195442431));
#1672 = CARTESIAN_POINT('',(-0.999644885341,-7.542958644965));
#1673 = CARTESIAN_POINT('',(-1.000765379352,-7.567058996874));
#1674 = CARTESIAN_POINT('',(-1.001830394132,-7.591730893393));
#1675 = CARTESIAN_POINT('',(-1.002835515818,-7.616959144476));
#1676 = CARTESIAN_POINT('',(-1.003776388684,-7.642727203044));
#1677 = CARTESIAN_POINT('',(-1.004648715141,-7.669017164987));
#1678 = CARTESIAN_POINT('',(-1.006668087021,-7.73668631368));
#1679 = CARTESIAN_POINT('',(-1.007720612136,-7.778803792701));
#1680 = CARTESIAN_POINT('',(-1.00858489078,-7.821939727855));
#1681 = CARTESIAN_POINT('',(-1.009244900894,-7.865863848523));
#1682 = CARTESIAN_POINT('',(-1.009689521688,-7.910340675944));
#1683 = CARTESIAN_POINT('',(-1.009912516668,-7.955132107335));
#1684 = CARTESIAN_POINT('',(-1.009912516668,-8.));
#1685 = ( GEOMETRIC_REPRESENTATION_CONTEXT(2) 
PARAMETRIC_REPRESENTATION_CONTEXT() REPRESENTATION_CONTEXT('2D SPACE',''
  ) );
#1686 = PCURVE('',#1687,#1692);
#1687 = CYLINDRICAL_SURFACE('',#1688,1.1);
#1688 = AXIS2_PLACEMENT_3D('',#1689,#1690,#1691);
#1689 = CARTESIAN_POINT('',(14.142135623731,14.142135623731,8.));
#1690 = DIRECTION('',(1.,0.,0.));
#1691 = DIRECTION('',(0.,1.,0.));
#1692 = DEFINITIONAL_REPRESENTATION('',(#1693),#1810);
#1693 = B_SPLINE_CURVE_WITH_KNOTS('',7,(#1694,#1695,#1696,#1697,#1698,
    #1699,#1700,#1701,#1702,#1703,#1704,#1705,#1706,#1707,#1708,#1709,
    #1710,#1711,#1712,#1713,#1714,#1715,#1716,#1717,#1718,#1719,#1720,
    #1721,#1722,#1723,#1724,#1725,#1726,#1727,#1728,#1729,#1730,#1731,
    #1732,#1733,#1734,#1735,#1736,#1737,#1738,#1739,#1740,#1741,#1742,
    #1743,#1744,#1745,#1746,#1747,#1748,#1749,#1750,#1751,#1752,#1753,
    #1754,#1755,#1756,#1757,#1758,#1759,#1760,#1761,#1762,#1763,#1764,
    #1765,#1766,#1767,#1768,#1769,#1770,#1771,#1772,#1773,#1774,#1775,
    #1776,#1777,#1778,#1779,#1780,#1781,#1782,#1783,#1784,#1785,#1786,
    #1787,#1788,#1789,#1790,#1791,#1792,#1793,#1794,#1795,#1796,#1797,
    #1798,#1799,#1800,#1801,#1802,#1803,#1804,#1805,#1806,#1807,#1808,
    #1809),.UNSPECIFIED.,.F.,.F.,(8,6,6,6,6,6,6,6,6,6,6,6,6,6,6,6,6,6,6,
    8),(0.,3.895107235779E-02,6.412200806049E-02,9.769778033389E-02,
    0.21110539981,0.291735135043,0.326434067696,0.378494269427,
    0.422100135922,0.463589346681,0.500025550894,0.535515203556,
    0.576594838378,0.621412139587,0.672586795175,0.791003940122,
    0.874856224342,0.936410032419,0.961587544828,1.),.UNSPECIFIED.);
#1694 = CARTESIAN_POINT('',(0.,-4.567309169544));
#1695 = CARTESIAN_POINT('',(4.130232233619E-02,-4.567309169544));
#1696 = CARTESIAN_POINT('',(8.253107284768E-02,-4.563824234025));
#1697 = CARTESIAN_POINT('',(0.123577536946,-4.556876459702));
#1698 = CARTESIAN_POINT('',(0.164331633724,-4.546569138737));
#1699 = CARTESIAN_POINT('',(0.204675541215,-4.533085870401));
#1700 = CARTESIAN_POINT('',(0.24447732164,-4.516689672738));
#1701 = CARTESIAN_POINT('',(0.308856391243,-4.485464878439));
#1702 = CARTESIAN_POINT('',(0.333868299518,-4.472119175971));
#1703 = CARTESIAN_POINT('',(0.358621007021,-4.457751619712));
#1704 = CARTESIAN_POINT('',(0.38311388398,-4.442429537707));
#1705 = CARTESIAN_POINT('',(0.407344935322,-4.426220953162));
#1706 = CARTESIAN_POINT('',(0.431310800668,-4.409194584437));
#1707 = CARTESIAN_POINT('',(0.48661503278,-4.367709935782));
#1708 = CARTESIAN_POINT('',(0.517752049275,-4.342661639171));
#1709 = CARTESIAN_POINT('',(0.548443531292,-4.316409929257));
#1710 = CARTESIAN_POINT('',(0.578713271982,-4.289078338412));
#1711 = CARTESIAN_POINT('',(0.608583920826,-4.260779049566));
#1712 = CARTESIAN_POINT('',(0.638077774277,-4.231612988427));
#1713 = CARTESIAN_POINT('',(0.765641943084,-4.100532328484));
#1714 = CARTESIAN_POINT('',(0.860367981057,-3.990179509138));
#1715 = CARTESIAN_POINT('',(0.952239789707,-3.873937237333));
#1716 = CARTESIAN_POINT('',(1.041995106647,-3.753945300423));
#1717 = CARTESIAN_POINT('',(1.130400103758,-3.631466904476));
#1718 = CARTESIAN_POINT('',(1.218268357957,-3.507193764748));
#1719 = CARTESIAN_POINT('',(1.36926489079,-3.292199102826));
#1720 = CARTESIAN_POINT('',(1.432063961318,-3.202360306739));
#1721 = CARTESIAN_POINT('',(1.495107570136,-3.112372113202));
#1722 = CARTESIAN_POINT('',(1.558578821868,-3.022557675119));
#1723 = CARTESIAN_POINT('',(1.622661340535,-2.933234895468));
#1724 = CARTESIAN_POINT('',(1.68754682557,-2.844739147541));
#1725 = CARTESIAN_POINT('',(1.781800797324,-2.719879467064));
#1726 = CARTESIAN_POINT('',(1.81034221402,-2.682541037124));
#1727 = CARTESIAN_POINT('',(1.839078830195,-2.645465991096));
#1728 = CARTESIAN_POINT('',(1.868023173473,-2.608691148423));
#1729 = CARTESIAN_POINT('',(1.897188326828,-2.572254862253));
#1730 = CARTESIAN_POINT('',(1.926587928581,-2.536197019435));
#1731 = CARTESIAN_POINT('',(2.000718622904,-2.447089949992));
#1732 = CARTESIAN_POINT('',(2.045776280167,-2.394547629321));
#1733 = CARTESIAN_POINT('',(2.091431872004,-2.343106792652));
#1734 = CARTESIAN_POINT('',(2.137709874207,-2.292948011269));
#1735 = CARTESIAN_POINT('',(2.184638581307,-2.24425838242));
#1736 = CARTESIAN_POINT('',(2.232252177318,-2.197232198137));
#1737 = CARTESIAN_POINT('',(2.321083141766,-2.11424489931));
#1738 = CARTESIAN_POINT('',(2.362086254551,-2.077724623244));
#1739 = CARTESIAN_POINT('',(2.4035903206,-2.042664798699));
#1740 = CARTESIAN_POINT('',(2.445586569383,-2.009215013076));
#1741 = CARTESIAN_POINT('',(2.488069290896,-1.97752086111));
#1742 = CARTESIAN_POINT('',(2.531035842477,-1.947724377652));
#1743 = CARTESIAN_POINT('',(2.615828339402,-1.893552046297));
#1744 = CARTESIAN_POINT('',(2.657609623998,-1.868982629169));
#1745 = CARTESIAN_POINT('',(2.699789789104,-1.846402134703));
#1746 = CARTESIAN_POINT('',(2.742332786122,-1.825940817667));
#1747 = CARTESIAN_POINT('',(2.785205420309,-1.807713626829));
#1748 = CARTESIAN_POINT('',(2.82837553294,-1.791820559856));
#1749 = CARTESIAN_POINT('',(2.909954890655,-1.766514430727));
#1750 = CARTESIAN_POINT('',(2.948297641441,-1.756549793817));
#1751 = CARTESIAN_POINT('',(2.986796599674,-1.74851527867));
#1752 = CARTESIAN_POINT('',(3.025413231125,-1.742457612093));
#1753 = CARTESIAN_POINT('',(3.0641103655,-1.738408156765));
#1754 = CARTESIAN_POINT('',(3.102850258449,-1.736382991496));
#1755 = CARTESIAN_POINT('',(3.179328586203,-1.736382991496));
#1756 = CARTESIAN_POINT('',(3.21706231627,-1.738304293462));
#1757 = CARTESIAN_POINT('',(3.254756607219,-1.742146145818));
#1758 = CARTESIAN_POINT('',(3.292376440309,-1.747894065415));
#1759 = CARTESIAN_POINT('',(3.3298873052,-1.755519768271));
#1760 = CARTESIAN_POINT('',(3.367253490525,-1.764981100317));
#1761 = CARTESIAN_POINT('',(3.447475941739,-1.789233387242));
#1762 = CARTESIAN_POINT('',(3.49026215062,-1.804626704831));
#1763 = CARTESIAN_POINT('',(3.532762087827,-1.822320603085));
#1764 = CARTESIAN_POINT('',(3.574943685673,-1.842219367478));
#1765 = CARTESIAN_POINT('',(3.616773931763,-1.86421255119));
#1766 = CARTESIAN_POINT('',(3.658217078708,-1.888174639529));
#1767 = CARTESIAN_POINT('',(3.743980485002,-1.942101321596));
#1768 = CARTESIAN_POINT('',(3.788218848318,-1.972413177658));
#1769 = CARTESIAN_POINT('',(3.831947972927,-2.004749811387));
#1770 = CARTESIAN_POINT('',(3.875164508722,-2.038957063573));
#1771 = CARTESIAN_POINT('',(3.917861700729,-2.07487658743));
#1772 = CARTESIAN_POINT('',(3.960029363502,-2.112345349096));
#1773 = CARTESIAN_POINT('',(4.04918280048,-2.195555765832));
#1774 = CARTESIAN_POINT('',(4.096009692871,-2.241722629409));
#1775 = CARTESIAN_POINT('',(4.142174110807,-2.289503264195));
#1776 = CARTESIAN_POINT('',(4.187708234927,-2.338712499575));
#1777 = CARTESIAN_POINT('',(4.232638747655,-2.389171833552));
#1778 = CARTESIAN_POINT('',(4.276988732476,-2.440708817319));
#1779 = CARTESIAN_POINT('',(4.42211071605,-2.614519205167));
#1780 = CARTESIAN_POINT('',(4.520358626339,-2.740651845356));
#1781 = CARTESIAN_POINT('',(4.616243230512,-2.870012660055));
#1782 = CARTESIAN_POINT('',(4.710342514227,-3.001379762583));
#1783 = CARTESIAN_POINT('',(4.803209928679,-3.133683205158));
#1784 = CARTESIAN_POINT('',(4.895374467444,-3.265886451666));
#1785 = CARTESIAN_POINT('',(5.052597242794,-3.489576437533));
#1786 = CARTESIAN_POINT('',(5.117687815122,-3.581645267453));
#1787 = CARTESIAN_POINT('',(5.183011416582,-3.672806727701));
#1788 = CARTESIAN_POINT('',(5.248871882579,-3.762741901405));
#1789 = CARTESIAN_POINT('',(5.315561317589,-3.850997403022));
#1790 = CARTESIAN_POINT('',(5.383370922847,-3.936922673043));
#1791 = CARTESIAN_POINT('',(5.503432986099,-4.080298211967));
#1792 = CARTESIAN_POINT('',(5.555071510198,-4.139297316679));
#1793 = CARTESIAN_POINT('',(5.607690357358,-4.196284956675));
#1794 = CARTESIAN_POINT('',(5.661444259676,-4.250831205861));
#1795 = CARTESIAN_POINT('',(5.716484775034,-4.30238131696));
#1796 = CARTESIAN_POINT('',(5.772969266105,-4.350244484237));
#1797 = CARTESIAN_POINT('',(5.854834922626,-4.411309309695));
#1798 = CARTESIAN_POINT('',(5.878871527826,-4.42827984824));
#1799 = CARTESIAN_POINT('',(5.903174555022,-4.444423953616));
#1800 = CARTESIAN_POINT('',(5.927740263142,-4.459672193515));
#1801 = CARTESIAN_POINT('',(5.95256631,-4.473955971557));
#1802 = CARTESIAN_POINT('',(5.977651752291,-4.487207527288));
#1803 = CARTESIAN_POINT('',(6.041665478235,-4.517900443848));
#1804 = CARTESIAN_POINT('',(6.081005771499,-4.533914830787));
#1805 = CARTESIAN_POINT('',(6.120870727205,-4.547076261892));
#1806 = CARTESIAN_POINT('',(6.161132544146,-4.557133216783));
#1807 = CARTESIAN_POINT('',(6.201676780101,-4.563910319725));
#1808 = CARTESIAN_POINT('',(6.242396313848,-4.567309169544));
#1809 = CARTESIAN_POINT('',(6.28318530718,-4.567309169544));
#1810 = ( GEOMETRIC_REPRESENTATION_CONTEXT(2) 
PARAMETRIC_REPRESENTATION_CONTEXT() REPRESENTATION_CONTEXT('2D SPACE',''
  ) );
#1811 = FACE_BOUND('',#1812,.T.);
#1812 = EDGE_LOOP('',(#1813));
#1813 = ORIENTED_EDGE('',*,*,#1814,.F.);
#1814 = EDGE_CURVE('',#1815,#1815,#1817,.T.);
#1815 = VERTEX_POINT('',#1816);
#1816 = CARTESIAN_POINT('',(-9.574826454187,15.242135623731,22.));
#1817 = SURFACE_CURVE('',#1818,(#1935,#2055),.PCURVE_S1.);
#1818 = B_SPLINE_CURVE_WITH_KNOTS('',7,(#1819,#1820,#1821,#1822,#1823,
    #1824,#1825,#1826,#1827,#1828,#1829,#1830,#1831,#1832,#1833,#1834,
    #1835,#1836,#1837,#1838,#1839,#1840,#1841,#1842,#1843,#1844,#1845,
    #1846,#1847,#1848,#1849,#1850,#1851,#1852,#1853,#1854,#1855,#1856,
    #1857,#1858,#1859,#1860,#1861,#1862,#1863,#1864,#1865,#1866,#1867,
    #1868,#1869,#1870,#1871,#1872,#1873,#1874,#1875,#1876,#1877,#1878,
    #1879,#1880,#1881,#1882,#1883,#1884,#1885,#1886,#1887,#1888,#1889,
    #1890,#1891,#1892,#1893,#1894,#1895,#1896,#1897,#1898,#1899,#1900,
    #1901,#1902,#1903,#1904,#1905,#1906,#1907,#1908,#1909,#1910,#1911,
    #1912,#1913,#1914,#1915,#1916,#1917,#1918,#1919,#1920,#1921,#1922,
    #1923,#1924,#1925,#1926,#1927,#1928,#1929,#1930,#1931,#1932,#1933,
    #1934),.UNSPECIFIED.,.T.,.F.,(8,6,6,6,6,6,6,6,6,6,6,6,6,6,6,6,6,6,6,
    8),(0.,3.895107037438E-02,6.412200479539E-02,9.769777535913E-02,
    0.21110538906,0.291735120188,0.326434051074,0.378494250143,
    0.422100114409,0.463589323053,0.500025525407,0.53551517626,
    0.576594808987,0.621412107903,0.672586760897,0.791003899927,
    0.874856179958,0.936409984975,0.961587508639,1.),.UNSPECIFIED.);
#1819 = CARTESIAN_POINT('',(-9.574826454187,15.242135623731,22.));
#1820 = CARTESIAN_POINT('',(-9.574826454187,15.242135623731,
    22.04543255457));
#1821 = CARTESIAN_POINT('',(-9.578311389706,15.2399462845,
    22.090784119518));
#1822 = CARTESIAN_POINT('',(-9.585259164029,15.235582140796,
    22.135808744637));
#1823 = CARTESIAN_POINT('',(-9.595566484994,15.229100245767,
    22.180260552244));
#1824 = CARTESIAN_POINT('',(-9.60904975333,15.220602255991,
    22.223896466426));
#1825 = CARTESIAN_POINT('',(-9.625445950993,15.210236516497,
    22.266478942287));
#1826 = CARTESIAN_POINT('',(-9.656670745291,15.190422010456,
    22.334467393659));
#1827 = CARTESIAN_POINT('',(-9.67001644776,15.181937077086,
    22.360652270325));
#1828 = CARTESIAN_POINT('',(-9.684384004019,15.172782163604,
    22.386314719954));
#1829 = CARTESIAN_POINT('',(-9.699706086023,15.162994671431,
    22.411437482328));
#1830 = CARTESIAN_POINT('',(-9.715914670569,15.152612585494,
    22.436004642249));
#1831 = CARTESIAN_POINT('',(-9.732941039293,15.141674474234,
    22.460001629542));
#1832 = CARTESIAN_POINT('',(-9.774425687949,15.114939566753,
    22.514646849006));
#1833 = CARTESIAN_POINT('',(-9.79947398456,15.098735781677,
    22.544849361742));
#1834 = CARTESIAN_POINT('',(-9.825725694474,15.08168232955,
    22.574027473325));
#1835 = CARTESIAN_POINT('',(-9.853057285319,15.063847077824,
    22.602188729354));
#1836 = CARTESIAN_POINT('',(-9.881356574165,15.045291683845,
    22.629343202899));
#1837 = CARTESIAN_POINT('',(-9.910522635303,15.026071712471,
    22.655503192425));
#1838 = CARTESIAN_POINT('',(-10.04160329524,14.939240961595,
    22.765731534832));
#1839 = CARTESIAN_POINT('',(-10.15195611459,14.86499669841,
    22.83989136664));
#1840 = CARTESIAN_POINT('',(-10.26819838639,14.78530947483,
    22.903586983956));
#1841 = CARTESIAN_POINT('',(-10.3881903233,14.701358661123,22.9573327363
    ));
#1842 = CARTESIAN_POINT('',(-10.51066871925,14.613862625135,
    23.001557079636));
#1843 = CARTESIAN_POINT('',(-10.63494185898,14.523173968896,
    23.036452474664));
#1844 = CARTESIAN_POINT('',(-10.8499365209,14.362844336472,
    23.079838555489));
#1845 = CARTESIAN_POINT('',(-10.93977531699,14.294843656017,
    23.093005818296));
#1846 = CARTESIAN_POINT('',(-11.02976351052,14.22568851817,
    23.101235121272));
#1847 = CARTESIAN_POINT('',(-11.11957794861,14.155600237592,
    23.104405625697));
#1848 = CARTESIAN_POINT('',(-11.20890072826,14.0848181437,
    23.102352792829));
#1849 = CARTESIAN_POINT('',(-11.29739647619,14.013619580472,
    23.094868829636));
#1850 = CARTESIAN_POINT('',(-11.42225615666,13.911664763783,
    23.076037289725));
#1851 = CARTESIAN_POINT('',(-11.4595945866,13.880979086291,
    23.069320024027));
#1852 = CARTESIAN_POINT('',(-11.49666963263,13.850314076369,
    23.061532645061));
#1853 = CARTESIAN_POINT('',(-11.5334444753,13.819703434781,
    23.052656126775));
#1854 = CARTESIAN_POINT('',(-11.56988076147,13.789183360465,
    23.042671109451));
#1855 = CARTESIAN_POINT('',(-11.60593860429,13.758792550527,
    23.031557899705));
#1856 = CARTESIAN_POINT('',(-11.69504567372,13.683231395457,
    23.000900155979));
#1857 = CARTESIAN_POINT('',(-11.7475879944,13.638258858189,
    22.979912986123));
#1858 = CARTESIAN_POINT('',(-11.79902883108,13.593822854513,
    22.95627530119));
#1859 = CARTESIAN_POINT('',(-11.84918761246,13.550105146961,
    22.929936137362));
#1860 = CARTESIAN_POINT('',(-11.89787724131,13.507301298973,
    22.90085386487));
#1861 = CARTESIAN_POINT('',(-11.94490342558,13.465620979349,
    22.868996826126));
#1862 = CARTESIAN_POINT('',(-12.02789072442,13.391505399458,
    22.805318584028));
#1863 = CARTESIAN_POINT('',(-12.06441100048,13.358665807809,
    22.774329748995));
#1864 = CARTESIAN_POINT('',(-12.09947082502,13.326932384779,
    22.741390919077));
#1865 = CARTESIAN_POINT('',(-12.13292061065,13.296468947772,
    22.706530032355));
#1866 = CARTESIAN_POINT('',(-12.16461476262,13.267439284909,
    22.669789559124));
#1867 = CARTESIAN_POINT('',(-12.19441124608,13.240006201363,
    22.631226546356));
#1868 = CARTESIAN_POINT('',(-12.24858357743,13.189901241278,
    22.552555638831));
#1869 = CARTESIAN_POINT('',(-12.27315299456,13.167062248422,
    22.512612469495));
#1870 = CARTESIAN_POINT('',(-12.29573348902,13.14597643239,
    22.47118294325));
#1871 = CARTESIAN_POINT('',(-12.31619480606,13.126793345602,
    22.428383837776));
#1872 = CARTESIAN_POINT('',(-12.3344219969,13.109647687937,
    22.384348076862));
#1873 = CARTESIAN_POINT('',(-12.35031506387,13.094657747027,
    22.339223887931));
#1874 = CARTESIAN_POINT('',(-12.375621193,13.070740803707,
    22.252732491453));
#1875 = CARTESIAN_POINT('',(-12.38558582991,13.06129950165,
    22.211583381706));
#1876 = CARTESIAN_POINT('',(-12.39362034506,13.053672180222,
    22.169857817764));
#1877 = CARTESIAN_POINT('',(-12.39967801163,13.04791386975,
    22.127692874329));
#1878 = CARTESIAN_POINT('',(-12.40372746696,13.044061934435,
    22.085230521788));
#1879 = CARTESIAN_POINT('',(-12.40575263223,13.042135623731,
    22.042616634655));
#1880 = CARTESIAN_POINT('',(-12.40575263223,13.042135623731,
    21.958490474126));
#1881 = CARTESIAN_POINT('',(-12.40383133026,13.043963144401,
    21.916983366976));
#1882 = CARTESIAN_POINT('',(-12.39998947791,13.047617596615,
    21.875616206616));
#1883 = CARTESIAN_POINT('',(-12.39424155831,13.053081651613,
    21.83452395673));
#1884 = CARTESIAN_POINT('',(-12.38661585545,13.06032162508,
    21.793838147178));
#1885 = CARTESIAN_POINT('',(-12.37715452341,13.069287861211,
    21.753686004551));
#1886 = CARTESIAN_POINT('',(-12.35290223648,13.092216273467,
    21.668472071754));
#1887 = CARTESIAN_POINT('',(-12.33750891889,13.106740686895,
    21.623641357188));
#1888 = CARTESIAN_POINT('',(-12.31981502064,13.123392833373,
    21.579857648303));
#1889 = CARTESIAN_POINT('',(-12.29991625625,13.142059451774,
    21.537267341019));
#1890 = CARTESIAN_POINT('',(-12.27792307254,13.162611033525,
    21.496002184911));
#1891 = CARTESIAN_POINT('',(-12.2539609842,13.184903312592,
    21.456178450207));
#1892 = CARTESIAN_POINT('',(-12.20003430213,13.234826526315,
    21.376130585903));
#1893 = CARTESIAN_POINT('',(-12.16972244607,13.262758229895,
    21.336200251633));
#1894 = CARTESIAN_POINT('',(-12.13738581234,13.292399409071,
    21.298185914267));
#1895 = CARTESIAN_POINT('',(-12.10317856015,13.323573097476,
    21.262151923362));
#1896 = CARTESIAN_POINT('',(-12.0672590363,13.35610093921,
    21.228146195025));
#1897 = CARTESIAN_POINT('',(-12.02979027464,13.38980430855,
    21.196200251191));
#1898 = CARTESIAN_POINT('',(-11.94657985787,13.464128920458,
    21.132221052884));
#1899 = CARTESIAN_POINT('',(-11.90041299431,13.505058331796,
    21.100813784647));
#1900 = CARTESIAN_POINT('',(-11.85263235956,13.547080347375,
    21.072088117885));
#1901 = CARTESIAN_POINT('',(-11.80342312418,13.589995047271,
    21.046014639487));
#1902 = CARTESIAN_POINT('',(-11.75296379017,13.633615646,21.022554448398
    ));
#1903 = CARTESIAN_POINT('',(-11.70142680637,13.677768230584,
    21.001659744459));
#1904 = CARTESIAN_POINT('',(-11.52761641856,13.82531746387,
    20.940731132244));
#1905 = CARTESIAN_POINT('',(-11.40148377837,13.930237961529,
    20.911661902755));
#1906 = CARTESIAN_POINT('',(-11.27212296367,14.035507139793,
    20.895144661473));
#1907 = CARTESIAN_POINT('',(-11.14075586114,14.140016056441,
    20.890391540068));
#1908 = CARTESIAN_POINT('',(-11.00845241857,14.242901684075,
    20.896775743013));
#1909 = CARTESIAN_POINT('',(-10.87624917206,14.343425295749,
    20.913844435638));
#1910 = CARTESIAN_POINT('',(-10.65255918619,14.509870544666,
    20.960812195115));
#1911 = CARTESIAN_POINT('',(-10.56049035627,14.577298504193,
    20.985503840424));
#1912 = CARTESIAN_POINT('',(-10.46932889603,14.643021646523,
    21.01535163772));
#1913 = CARTESIAN_POINT('',(-10.37939372232,14.706865531314,
    21.050387735546));
#1914 = CARTESIAN_POINT('',(-10.2911382207,14.768578280235,
    21.09071505821));
#1915 = CARTESIAN_POINT('',(-10.20521295068,14.827799120504,
    21.136480447503));
#1916 = CARTESIAN_POINT('',(-10.06183741174,14.925307887652,
    21.225553833889));
#1917 = CARTESIAN_POINT('',(-10.00283830706,14.965010845031,21.266311936
    ));
#1918 = CARTESIAN_POINT('',(-9.945850667069,15.002969960236,
    21.310226520837));
#1919 = CARTESIAN_POINT('',(-9.891304417861,15.038951575835,
    21.357407730375));
#1920 = CARTESIAN_POINT('',(-9.839754306756,15.072652062342,
    21.407957163477));
#1921 = CARTESIAN_POINT('',(-9.791891139505,15.103692451377,
    21.461954424294));
#1922 = CARTESIAN_POINT('',(-9.730826305226,15.143033516455,
    21.542958656651));
#1923 = CARTESIAN_POINT('',(-9.713855773281,15.153932403298,
    21.567058997435));
#1924 = CARTESIAN_POINT('',(-9.697711675505,15.16427009504,
    21.591730883036));
#1925 = CARTESIAN_POINT('',(-9.682463436721,15.174007618298,
    21.616959134757));
#1926 = CARTESIAN_POINT('',(-9.668179652751,15.183106660617,
    21.6427272052));
#1927 = CARTESIAN_POINT('',(-9.65492809042,15.191529570472,
    21.669017178267));
#1928 = CARTESIAN_POINT('',(-9.624235179894,15.211001916715,
    21.736686313656));
#1929 = CARTESIAN_POINT('',(-9.608220792941,15.221124689448,
    21.778803792698));
#1930 = CARTESIAN_POINT('',(-9.595059361832,15.229419145441,
    21.821939727875));
#1931 = CARTESIAN_POINT('',(-9.585002406947,15.235743421314,
    21.865863848544));
#1932 = CARTESIAN_POINT('',(-9.57822530401,15.240000372219,
    21.910340675942));
#1933 = CARTESIAN_POINT('',(-9.574826454187,15.242135623731,
    21.955132107309));
#1934 = CARTESIAN_POINT('',(-9.574826454187,15.242135623731,22.));
#1935 = PCURVE('',#43,#1936);
#1936 = DEFINITIONAL_REPRESENTATION('',(#1937),#2054);
#1937 = B_SPLINE_CURVE_WITH_KNOTS('',7,(#1938,#1939,#1940,#1941,#1942,
    #1943,#1944,#1945,#1946,#1947,#1948,#1949,#1950,#1951,#1952,#1953,
    #1954,#1955,#1956,#1957,#1958,#1959,#1960,#1961,#1962,#1963,#1964,
    #1965,#1966,#1967,#1968,#1969,#1970,#1971,#1972,#1973,#1974,#1975,
    #1976,#1977,#1978,#1979,#1980,#1981,#1982,#1983,#1984,#1985,#1986,
    #1987,#1988,#1989,#1990,#1991,#1992,#1993,#1994,#1995,#1996,#1997,
    #1998,#1999,#2000,#2001,#2002,#2003,#2004,#2005,#2006,#2007,#2008,
    #2009,#2010,#2011,#2012,#2013,#2014,#2015,#2016,#2017,#2018,#2019,
    #2020,#2021,#2022,#2023,#2024,#2025,#2026,#2027,#2028,#2029,#2030,
    #2031,#2032,#2033,#2034,#2035,#2036,#2037,#2038,#2039,#2040,#2041,
    #2042,#2043,#2044,#2045,#2046,#2047,#2048,#2049,#2050,#2051,#2052,
    #2053),.UNSPECIFIED.,.T.,.F.,(8,6,6,6,6,6,6,6,6,6,6,6,6,6,6,6,6,6,6,
    8),(0.,3.895107037438E-02,6.412200479539E-02,9.769777535913E-02,
    0.21110538906,0.291735120188,0.326434051074,0.378494250143,
    0.422100114409,0.463589323053,0.500025525407,0.53551517626,
    0.576594808987,0.621412107903,0.672586760897,0.791003899927,
    0.874856179958,0.936409984975,0.961587508639,1.),.UNSPECIFIED.);
#1938 = CARTESIAN_POINT('',(-2.131680136922,-22.));
#1939 = CARTESIAN_POINT('',(-2.131680136922,-22.04543255457));
#1940 = CARTESIAN_POINT('',(-2.13190878008,-22.09078411951));
#1941 = CARTESIAN_POINT('',(-2.132364597637,-22.13580874463));
#1942 = CARTESIAN_POINT('',(-2.13304104382,-22.18026055224));
#1943 = CARTESIAN_POINT('',(-2.133926477675,-22.22389646642));
#1944 = CARTESIAN_POINT('',(-2.135004144903,-22.26647894228));
#1945 = CARTESIAN_POINT('',(-2.137058650963,-22.33446739365));
#1946 = CARTESIAN_POINT('',(-2.137937240092,-22.36065227032));
#1947 = CARTESIAN_POINT('',(-2.138883706246,-22.38631471995));
#1948 = CARTESIAN_POINT('',(-2.139893779497,-22.41143748232));
#1949 = CARTESIAN_POINT('',(-2.140963140817,-22.43600464224));
#1950 = CARTESIAN_POINT('',(-2.142087422077,-22.46000162954));
#1951 = CARTESIAN_POINT('',(-2.144829262583,-22.514646849));
#1952 = CARTESIAN_POINT('',(-2.146486622876,-22.54484936174));
#1953 = CARTESIAN_POINT('',(-2.148225757198,-22.57402747332));
#1954 = CARTESIAN_POINT('',(-2.150038864014,-22.60218872935));
#1955 = CARTESIAN_POINT('',(-2.151918861865,-22.62934320289));
#1956 = CARTESIAN_POINT('',(-2.153859381238,-22.65550319242));
#1957 = CARTESIAN_POINT('',(-2.162594459998,-22.76573153483));
#1958 = CARTESIAN_POINT('',(-2.169983359019,-22.83989136664));
#1959 = CARTESIAN_POINT('',(-2.177812519723,-22.90358698395));
#1960 = CARTESIAN_POINT('',(-2.185947604436,-22.9573327363));
#1961 = CARTESIAN_POINT('',(-2.194309204408,-23.00155707963));
#1962 = CARTESIAN_POINT('',(-2.20285568331,-23.03645247466));
#1963 = CARTESIAN_POINT('',(-2.217755378361,-23.07983855548));
#1964 = CARTESIAN_POINT('',(-2.224014804943,-23.09300581829));
#1965 = CARTESIAN_POINT('',(-2.230319612205,-23.10123512127));
#1966 = CARTESIAN_POINT('',(-2.236648486827,-23.10440562569));
#1967 = CARTESIAN_POINT('',(-2.242979754919,-23.10235279282));
#1968 = CARTESIAN_POINT('',(-2.249289666131,-23.09486882963));
#1969 = CARTESIAN_POINT('',(-2.258245098384,-23.07603728972));
#1970 = CARTESIAN_POINT('',(-2.26093007328,-23.06932002402));
#1971 = CARTESIAN_POINT('',(-2.263603020552,-23.06153264506));
#1972 = CARTESIAN_POINT('',(-2.266261202334,-23.05265612677));
#1973 = CARTESIAN_POINT('',(-2.268901724789,-23.04267110945));
#1974 = CARTESIAN_POINT('',(-2.271521538113,-23.0315578997));
#1975 = CARTESIAN_POINT('',(-2.278012167155,-23.00090015597));
#1976 = CARTESIAN_POINT('',(-2.281854396243,-22.97991298612));
#1977 = CARTESIAN_POINT('',(-2.285630771963,-22.95627530119));
#1978 = CARTESIAN_POINT('',(-2.289327196417,-22.92993613736));
#1979 = CARTESIAN_POINT('',(-2.292928780448,-22.90085386487));
#1980 = CARTESIAN_POINT('',(-2.296419798432,-22.86899682612));
#1981 = CARTESIAN_POINT('',(-2.302601214964,-22.80531858402));
#1982 = CARTESIAN_POINT('',(-2.305329745757,-22.77432974899));
#1983 = CARTESIAN_POINT('',(-2.307956862961,-22.74139091907));
#1984 = CARTESIAN_POINT('',(-2.310470331241,-22.70653003235));
#1985 = CARTESIAN_POINT('',(-2.312858069862,-22.66978955912));
#1986 = CARTESIAN_POINT('',(-2.315108170106,-22.63122654635));
#1987 = CARTESIAN_POINT('',(-2.31920768397,-22.55255563883));
#1988 = CARTESIAN_POINT('',(-2.32107129646,-22.51261246949));
#1989 = CARTESIAN_POINT('',(-2.322787669493,-22.47118294325));
#1990 = CARTESIAN_POINT('',(-2.324345853638,-22.42838383777));
#1991 = CARTESIAN_POINT('',(-2.325736077545,-22.38434807686));
#1992 = CARTESIAN_POINT('',(-2.326949794762,-22.33922388793));
#1993 = CARTESIAN_POINT('',(-2.328884229593,-22.25273249145));
#1994 = CARTESIAN_POINT('',(-2.329646843476,-22.2115833817));
#1995 = CARTESIAN_POINT('',(-2.330262306049,-22.16985781776));
#1996 = CARTESIAN_POINT('',(-2.330726630368,-22.12769287432));
#1997 = CARTESIAN_POINT('',(-2.331037123367,-22.08523052178));
#1998 = CARTESIAN_POINT('',(-2.331192400525,-22.04261663465));
#1999 = CARTESIAN_POINT('',(-2.331192400525,-21.95849047412));
#2000 = CARTESIAN_POINT('',(-2.33104508683,-21.91698336697));
#2001 = CARTESIAN_POINT('',(-2.330750512092,-21.87561620661));
#2002 = CARTESIAN_POINT('',(-2.330309923025,-21.83452395673));
#2003 = CARTESIAN_POINT('',(-2.329725747876,-21.79383814717));
#2004 = CARTESIAN_POINT('',(-2.329001583881,-21.75368600455));
#2005 = CARTESIAN_POINT('',(-2.327147421472,-21.66847207175));
#2006 = CARTESIAN_POINT('',(-2.325971646926,-21.62364135718));
#2007 = CARTESIAN_POINT('',(-2.324621788355,-21.5798576483));
#2008 = CARTESIAN_POINT('',(-2.323106028057,-21.53726734101));
#2009 = CARTESIAN_POINT('',(-2.321433758455,-21.49600218491));
#2010 = CARTESIAN_POINT('',(-2.319615537182,-21.4561784502));
#2011 = CARTESIAN_POINT('',(-2.315532897669,-21.3761305859));
#2012 = CARTESIAN_POINT('',(-2.313242970785,-21.33620025163));
#2013 = CARTESIAN_POINT('',(-2.310805965107,-21.29818591426));
#2014 = CARTESIAN_POINT('',(-2.30823481692,-21.26215192336));
#2015 = CARTESIAN_POINT('',(-2.305542674274,-21.22814619502));
#2016 = CARTESIAN_POINT('',(-2.302742876076,-21.19620025119));
#2017 = CARTESIAN_POINT('',(-2.296544478883,-21.13222105288));
#2018 = CARTESIAN_POINT('',(-2.293116857004,-21.10081378464));
#2019 = CARTESIAN_POINT('',(-2.289581875879,-21.07208811788));
#2020 = CARTESIAN_POINT('',(-2.285954527183,-21.04601463948));
#2021 = CARTESIAN_POINT('',(-2.282249024818,-21.02255444839));
#2022 = CARTESIAN_POINT('',(-2.2784788458,-21.00165974445));
#2023 = CARTESIAN_POINT('',(-2.265812565695,-20.94073113224));
#2024 = CARTESIAN_POINT('',(-2.25669822749,-20.91166190275));
#2025 = CARTESIAN_POINT('',(-2.247433501564,-20.89514466147));
#2026 = CARTESIAN_POINT('',(-2.238108565212,-20.89039154006));
#2027 = CARTESIAN_POINT('',(-2.22879835653,-20.89677574301));
#2028 = CARTESIAN_POINT('',(-2.219572167316,-20.91384443563));
#2029 = CARTESIAN_POINT('',(-2.204082103728,-20.96081219511));
#2030 = CARTESIAN_POINT('',(-2.197742328943,-20.98550384042));
#2031 = CARTESIAN_POINT('',(-2.191499102895,-21.01535163772));
#2032 = CARTESIAN_POINT('',(-2.18537204291,-21.05038773554));
#2033 = CARTESIAN_POINT('',(-2.179389396182,-21.09071505821));
#2034 = CARTESIAN_POINT('',(-2.17359192975,-21.1364804475));
#2035 = CARTESIAN_POINT('',(-2.16395908585,-21.22555383388));
#2036 = CARTESIAN_POINT('',(-2.160008348894,-21.266311936));
#2037 = CARTESIAN_POINT('',(-2.156204385601,-21.31022652083));
#2038 = CARTESIAN_POINT('',(-2.152574166778,-21.35740773037));
#2039 = CARTESIAN_POINT('',(-2.149152625017,-21.40795716347));
#2040 = CARTESIAN_POINT('',(-2.145983347614,-21.46195442429));
#2041 = CARTESIAN_POINT('',(-2.141947767666,-21.54295865665));
#2042 = CARTESIAN_POINT('',(-2.140827274091,-21.56705899743));
#2043 = CARTESIAN_POINT('',(-2.139762259813,-21.59173088303));
#2044 = CARTESIAN_POINT('',(-2.138757138201,-21.61695913475));
#2045 = CARTESIAN_POINT('',(-2.137816264945,-21.6427272052));
#2046 = CARTESIAN_POINT('',(-2.136943938053,-21.66901717826));
#2047 = CARTESIAN_POINT('',(-2.134924566569,-21.73668631365));
#2048 = CARTESIAN_POINT('',(-2.133872041454,-21.77880379269));
#2049 = CARTESIAN_POINT('',(-2.133007762809,-21.82193972787));
#2050 = CARTESIAN_POINT('',(-2.132347752695,-21.86586384854));
#2051 = CARTESIAN_POINT('',(-2.131903131902,-21.91034067594));
#2052 = CARTESIAN_POINT('',(-2.131680136922,-21.9551321073));
#2053 = CARTESIAN_POINT('',(-2.131680136922,-22.));
#2054 = ( GEOMETRIC_REPRESENTATION_CONTEXT(2) 
PARAMETRIC_REPRESENTATION_CONTEXT() REPRESENTATION_CONTEXT('2D SPACE',''
  ) );
#2055 = PCURVE('',#2056,#2061);
#2056 = CYLINDRICAL_SURFACE('',#2057,1.1);
#2057 = AXIS2_PLACEMENT_3D('',#2058,#2059,#2060);
#2058 = CARTESIAN_POINT('',(-14.14213562373,14.142135623731,22.));
#2059 = DIRECTION('',(-1.,-0.,-0.));
#2060 = DIRECTION('',(0.,1.,0.));
#2061 = DEFINITIONAL_REPRESENTATION('',(#2062),#2179);
#2062 = B_SPLINE_CURVE_WITH_KNOTS('',7,(#2063,#2064,#2065,#2066,#2067,
    #2068,#2069,#2070,#2071,#2072,#2073,#2074,#2075,#2076,#2077,#2078,
    #2079,#2080,#2081,#2082,#2083,#2084,#2085,#2086,#2087,#2088,#2089,
    #2090,#2091,#2092,#2093,#2094,#2095,#2096,#2097,#2098,#2099,#2100,
    #2101,#2102,#2103,#2104,#2105,#2106,#2107,#2108,#2109,#2110,#2111,
    #2112,#2113,#2114,#2115,#2116,#2117,#2118,#2119,#2120,#2121,#2122,
    #2123,#2124,#2125,#2126,#2127,#2128,#2129,#2130,#2131,#2132,#2133,
    #2134,#2135,#2136,#2137,#2138,#2139,#2140,#2141,#2142,#2143,#2144,
    #2145,#2146,#2147,#2148,#2149,#2150,#2151,#2152,#2153,#2154,#2155,
    #2156,#2157,#2158,#2159,#2160,#2161,#2162,#2163,#2164,#2165,#2166,
    #2167,#2168,#2169,#2170,#2171,#2172,#2173,#2174,#2175,#2176,#2177,
    #2178),.UNSPECIFIED.,.F.,.F.,(8,6,6,6,6,6,6,6,6,6,6,6,6,6,6,6,6,6,6,
    8),(0.,3.895107037438E-02,6.412200479539E-02,9.769777535913E-02,
    0.21110538906,0.291735120188,0.326434051074,0.378494250143,
    0.422100114409,0.463589323053,0.500025525407,0.53551517626,
    0.576594808987,0.621412107903,0.672586760897,0.791003899927,
    0.874856179958,0.936409984975,0.961587508639,1.),.UNSPECIFIED.);
#2063 = CARTESIAN_POINT('',(0.,-4.567309169544));
#2064 = CARTESIAN_POINT('',(-4.13023223362E-02,-4.567309169544));
#2065 = CARTESIAN_POINT('',(-8.253107284769E-02,-4.563824234025));
#2066 = CARTESIAN_POINT('',(-0.123577536946,-4.556876459702));
#2067 = CARTESIAN_POINT('',(-0.164331633724,-4.546569138737));
#2068 = CARTESIAN_POINT('',(-0.204675541215,-4.533085870401));
#2069 = CARTESIAN_POINT('',(-0.24447732164,-4.516689672738));
#2070 = CARTESIAN_POINT('',(-0.308856391243,-4.485464878439));
#2071 = CARTESIAN_POINT('',(-0.333868299518,-4.472119175971));
#2072 = CARTESIAN_POINT('',(-0.358621007021,-4.457751619712));
#2073 = CARTESIAN_POINT('',(-0.38311388398,-4.442429537708));
#2074 = CARTESIAN_POINT('',(-0.407344935322,-4.426220953162));
#2075 = CARTESIAN_POINT('',(-0.431310800668,-4.409194584438));
#2076 = CARTESIAN_POINT('',(-0.48661503278,-4.367709935782));
#2077 = CARTESIAN_POINT('',(-0.517752049275,-4.342661639171));
#2078 = CARTESIAN_POINT('',(-0.548443531292,-4.316409929257));
#2079 = CARTESIAN_POINT('',(-0.578713271982,-4.289078338412));
#2080 = CARTESIAN_POINT('',(-0.608583920826,-4.260779049566));
#2081 = CARTESIAN_POINT('',(-0.638077774277,-4.231612988428));
#2082 = CARTESIAN_POINT('',(-0.765641943084,-4.100532328485));
#2083 = CARTESIAN_POINT('',(-0.860367981057,-3.990179509137));
#2084 = CARTESIAN_POINT('',(-0.952239789706,-3.873937237334));
#2085 = CARTESIAN_POINT('',(-1.041995106647,-3.753945300423));
#2086 = CARTESIAN_POINT('',(-1.130400103759,-3.631466904476));
#2087 = CARTESIAN_POINT('',(-1.218268357957,-3.507193764749));
#2088 = CARTESIAN_POINT('',(-1.36926489079,-3.292199102826));
#2089 = CARTESIAN_POINT('',(-1.432063961318,-3.202360306739));
#2090 = CARTESIAN_POINT('',(-1.495107570136,-3.112372113202));
#2091 = CARTESIAN_POINT('',(-1.558578821868,-3.022557675119));
#2092 = CARTESIAN_POINT('',(-1.622661340535,-2.933234895469));
#2093 = CARTESIAN_POINT('',(-1.68754682557,-2.844739147541));
#2094 = CARTESIAN_POINT('',(-1.781800797324,-2.719879467064));
#2095 = CARTESIAN_POINT('',(-1.81034221402,-2.682541037125));
#2096 = CARTESIAN_POINT('',(-1.839078830195,-2.645465991096));
#2097 = CARTESIAN_POINT('',(-1.868023173473,-2.608691148423));
#2098 = CARTESIAN_POINT('',(-1.897188326828,-2.572254862253));
#2099 = CARTESIAN_POINT('',(-1.926587928581,-2.536197019435));
#2100 = CARTESIAN_POINT('',(-2.000718622895,-2.447089950002));
#2101 = CARTESIAN_POINT('',(-2.045776280166,-2.394547629322));
#2102 = CARTESIAN_POINT('',(-2.09143187201,-2.343106792645));
#2103 = CARTESIAN_POINT('',(-2.137709874214,-2.292948011262));
#2104 = CARTESIAN_POINT('',(-2.184638581307,-2.244258382421));
#2105 = CARTESIAN_POINT('',(-2.23225217731,-2.197232198145));
#2106 = CARTESIAN_POINT('',(-2.321083141772,-2.114244899304));
#2107 = CARTESIAN_POINT('',(-2.362086254552,-2.077724623244));
#2108 = CARTESIAN_POINT('',(-2.403590320596,-2.042664798704));
#2109 = CARTESIAN_POINT('',(-2.445586569378,-2.009215013079));
#2110 = CARTESIAN_POINT('',(-2.488069290897,-1.97752086111));
#2111 = CARTESIAN_POINT('',(-2.531035842483,-1.947724377649));
#2112 = CARTESIAN_POINT('',(-2.615828339402,-1.893552046297));
#2113 = CARTESIAN_POINT('',(-2.657609623998,-1.868982629169));
#2114 = CARTESIAN_POINT('',(-2.699789789104,-1.846402134704));
#2115 = CARTESIAN_POINT('',(-2.742332786122,-1.825940817667));
#2116 = CARTESIAN_POINT('',(-2.785205420309,-1.807713626829));
#2117 = CARTESIAN_POINT('',(-2.82837553294,-1.791820559856));
#2118 = CARTESIAN_POINT('',(-2.909954890655,-1.766514430728));
#2119 = CARTESIAN_POINT('',(-2.948297641441,-1.756549793818));
#2120 = CARTESIAN_POINT('',(-2.986796599674,-1.74851527867));
#2121 = CARTESIAN_POINT('',(-3.025413231125,-1.742457612094));
#2122 = CARTESIAN_POINT('',(-3.0641103655,-1.738408156765));
#2123 = CARTESIAN_POINT('',(-3.102850258449,-1.736382991496));
#2124 = CARTESIAN_POINT('',(-3.179328586203,-1.736382991496));
#2125 = CARTESIAN_POINT('',(-3.21706231627,-1.738304293462));
#2126 = CARTESIAN_POINT('',(-3.254756607219,-1.742146145818));
#2127 = CARTESIAN_POINT('',(-3.292376440309,-1.747894065415));
#2128 = CARTESIAN_POINT('',(-3.3298873052,-1.755519768272));
#2129 = CARTESIAN_POINT('',(-3.367253490525,-1.764981100317));
#2130 = CARTESIAN_POINT('',(-3.447475941739,-1.789233387242));
#2131 = CARTESIAN_POINT('',(-3.49026215062,-1.804626704832));
#2132 = CARTESIAN_POINT('',(-3.532762087827,-1.822320603085));
#2133 = CARTESIAN_POINT('',(-3.574943685673,-1.842219367478));
#2134 = CARTESIAN_POINT('',(-3.616773931763,-1.864212551191));
#2135 = CARTESIAN_POINT('',(-3.658217078708,-1.888174639529));
#2136 = CARTESIAN_POINT('',(-3.743980484995,-1.942101321592));
#2137 = CARTESIAN_POINT('',(-3.788218848317,-1.972413177657));
#2138 = CARTESIAN_POINT('',(-3.831947972933,-2.004749811391));
#2139 = CARTESIAN_POINT('',(-3.875164508727,-2.038957063578));
#2140 = CARTESIAN_POINT('',(-3.917861700728,-2.074876587429));
#2141 = CARTESIAN_POINT('',(-3.960029363495,-2.112345349089));
#2142 = CARTESIAN_POINT('',(-4.04918280051,-2.19555576586));
#2143 = CARTESIAN_POINT('',(-4.096009692872,-2.241722629412));
#2144 = CARTESIAN_POINT('',(-4.142174110781,-2.28950326417));
#2145 = CARTESIAN_POINT('',(-4.187708234904,-2.338712499548));
#2146 = CARTESIAN_POINT('',(-4.23263874766,-2.389171833556));
#2147 = CARTESIAN_POINT('',(-4.276988732507,-2.440708817357));
#2148 = CARTESIAN_POINT('',(-4.422110716049,-2.614519205167));
#2149 = CARTESIAN_POINT('',(-4.52035862634,-2.740651845357));
#2150 = CARTESIAN_POINT('',(-4.61624323051,-2.870012660054));
#2151 = CARTESIAN_POINT('',(-4.710342514229,-3.001379762584));
#2152 = CARTESIAN_POINT('',(-4.803209928678,-3.133683205158));
#2153 = CARTESIAN_POINT('',(-4.895374467444,-3.265886451666));
#2154 = CARTESIAN_POINT('',(-5.052597242794,-3.489576437533));
#2155 = CARTESIAN_POINT('',(-5.117687815122,-3.581645267453));
#2156 = CARTESIAN_POINT('',(-5.183011416582,-3.672806727701));
#2157 = CARTESIAN_POINT('',(-5.248871882579,-3.762741901405));
#2158 = CARTESIAN_POINT('',(-5.315561317588,-3.850997403022));
#2159 = CARTESIAN_POINT('',(-5.383370922847,-3.936922673044));
#2160 = CARTESIAN_POINT('',(-5.503432986113,-4.080298211984));
#2161 = CARTESIAN_POINT('',(-5.555071510183,-4.139297316665));
#2162 = CARTESIAN_POINT('',(-5.607690357347,-4.196284956662));
#2163 = CARTESIAN_POINT('',(-5.661444259689,-4.25083120587));
#2164 = CARTESIAN_POINT('',(-5.716484775048,-4.302381316975));
#2165 = CARTESIAN_POINT('',(-5.772969266089,-4.350244484226));
#2166 = CARTESIAN_POINT('',(-5.854834934436,-4.411309318505));
#2167 = CARTESIAN_POINT('',(-5.878871528783,-4.42827985045));
#2168 = CARTESIAN_POINT('',(-5.903174545083,-4.444423948226));
#2169 = CARTESIAN_POINT('',(-5.927740253504,-4.45967218701));
#2170 = CARTESIAN_POINT('',(-5.952566311709,-4.47395597098));
#2171 = CARTESIAN_POINT('',(-5.977651764854,-4.487207533311));
#2172 = CARTESIAN_POINT('',(-6.041665478212,-4.517900443837));
#2173 = CARTESIAN_POINT('',(-6.081005771496,-4.53391483079));
#2174 = CARTESIAN_POINT('',(-6.120870727224,-4.547076261899));
#2175 = CARTESIAN_POINT('',(-6.161132544165,-4.557133216784));
#2176 = CARTESIAN_POINT('',(-6.201676780099,-4.563910319721));
#2177 = CARTESIAN_POINT('',(-6.242396313824,-4.567309169544));
#2178 = CARTESIAN_POINT('',(-6.28318530718,-4.567309169544));
#2179 = ( GEOMETRIC_REPRESENTATION_CONTEXT(2) 
PARAMETRIC_REPRESENTATION_CONTEXT() REPRESENTATION_CONTEXT('2D SPACE',''
  ) );
#2180 = FACE_BOUND('',#2181,.T.);
#2181 = EDGE_LOOP('',(#2182));
#2182 = ORIENTED_EDGE('',*,*,#2183,.F.);
#2183 = EDGE_CURVE('',#2184,#2184,#2186,.T.);
#2184 = VERTEX_POINT('',#2185);
#2185 = CARTESIAN_POINT('',(-12.40575263223,-13.04213562373,36.));
#2186 = SURFACE_CURVE('',#2187,(#2292,#2400),.PCURVE_S1.);
#2187 = B_SPLINE_CURVE_WITH_KNOTS('',7,(#2188,#2189,#2190,#2191,#2192,
    #2193,#2194,#2195,#2196,#2197,#2198,#2199,#2200,#2201,#2202,#2203,
    #2204,#2205,#2206,#2207,#2208,#2209,#2210,#2211,#2212,#2213,#2214,
    #2215,#2216,#2217,#2218,#2219,#2220,#2221,#2222,#2223,#2224,#2225,
    #2226,#2227,#2228,#2229,#2230,#2231,#2232,#2233,#2234,#2235,#2236,
    #2237,#2238,#2239,#2240,#2241,#2242,#2243,#2244,#2245,#2246,#2247,
    #2248,#2249,#2250,#2251,#2252,#2253,#2254,#2255,#2256,#2257,#2258,
    #2259,#2260,#2261,#2262,#2263,#2264,#2265,#2266,#2267,#2268,#2269,
    #2270,#2271,#2272,#2273,#2274,#2275,#2276,#2277,#2278,#2279,#2280,
    #2281,#2282,#2283,#2284,#2285,#2286,#2287,#2288,#2289,#2290,#2291),
  .UNSPECIFIED.,.T.,.F.,(8,6,6,6,6,6,6,6,6,6,6,6,6,6,6,6,6,8),(0.,
    7.655874576465E-02,0.121413747161,0.172631450756,0.29114820803,
    0.375071028668,0.436676615739,0.474825197351,0.500291875573,
    0.539224629722,0.564383715608,0.597943664933,0.711297839833,
    0.791889577425,0.826572157829,0.878607825623,0.922193142385,1.),
  .UNSPECIFIED.);
#2188 = CARTESIAN_POINT('',(-12.40575263223,-13.04213562373,36.));
#2189 = CARTESIAN_POINT('',(-12.40575263223,-13.04213562373,
    36.089625037309));
#2190 = CARTESIAN_POINT('',(-12.39679581094,-13.05065522928,
    36.179108940289));
#2191 = CARTESIAN_POINT('',(-12.37893468411,-13.06764542854,
    36.267158136684));
#2192 = CARTESIAN_POINT('',(-12.35247694158,-13.09273758922,
    36.352519109263));
#2193 = CARTESIAN_POINT('',(-12.31796984,-13.12526833094,36.434055755582
    ));
#2194 = CARTESIAN_POINT('',(-12.27619461453,-13.16432028696,
    36.510818321041));
#2195 = CARTESIAN_POINT('',(-12.20003430213,-13.23482652631,
    36.623869414104));
#2196 = CARTESIAN_POINT('',(-12.16972244607,-13.26275822989,
    36.663799748367));
#2197 = CARTESIAN_POINT('',(-12.13738581234,-13.29239940906,
    36.701814085727));
#2198 = CARTESIAN_POINT('',(-12.10317856015,-13.32357309747,
    36.737848076634));
#2199 = CARTESIAN_POINT('',(-12.0672590363,-13.35610093921,
    36.771853804976));
#2200 = CARTESIAN_POINT('',(-12.02979027463,-13.38980430855,
    36.803799748814));
#2201 = CARTESIAN_POINT('',(-11.94657985787,-13.46412892045,
    36.867778947116));
#2202 = CARTESIAN_POINT('',(-11.90041299431,-13.50505833179,
    36.899186215353));
#2203 = CARTESIAN_POINT('',(-11.85263235956,-13.54708034737,
    36.927911882115));
#2204 = CARTESIAN_POINT('',(-11.80342312418,-13.58999504727,
    36.953985360513));
#2205 = CARTESIAN_POINT('',(-11.75296379017,-13.633615646,
    36.977445551602));
#2206 = CARTESIAN_POINT('',(-11.70142680637,-13.67776823058,
    36.998340255541));
#2207 = CARTESIAN_POINT('',(-11.52761641856,-13.82531746387,
    37.059268867756));
#2208 = CARTESIAN_POINT('',(-11.40148377837,-13.93023796152,
    37.088338097245));
#2209 = CARTESIAN_POINT('',(-11.27212296367,-14.03550713979,
    37.104855338527));
#2210 = CARTESIAN_POINT('',(-11.14075586114,-14.14001605644,
    37.109608459932));
#2211 = CARTESIAN_POINT('',(-11.00845241857,-14.24290168407,
    37.103224256987));
#2212 = CARTESIAN_POINT('',(-10.87624917206,-14.34342529574,
    37.086155564362));
#2213 = CARTESIAN_POINT('',(-10.65255918619,-14.50987054466,
    37.039187804885));
#2214 = CARTESIAN_POINT('',(-10.56049035627,-14.57729850419,
    37.014496159576));
#2215 = CARTESIAN_POINT('',(-10.46932889603,-14.64302164652,
    36.98464836228));
#2216 = CARTESIAN_POINT('',(-10.37939372232,-14.70686553131,
    36.949612264454));
#2217 = CARTESIAN_POINT('',(-10.2911382207,-14.76857828023,
    36.90928494179));
#2218 = CARTESIAN_POINT('',(-10.20521295068,-14.8277991205,
    36.863519552498));
#2219 = CARTESIAN_POINT('',(-10.06183741174,-14.92530788765,
    36.774446166108));
#2220 = CARTESIAN_POINT('',(-10.00283830707,-14.96501084502,
    36.733688064004));
#2221 = CARTESIAN_POINT('',(-9.945850667073,-15.00296996023,
    36.689773479166));
#2222 = CARTESIAN_POINT('',(-9.891304417858,-15.03895157583,
    36.642592269621));
#2223 = CARTESIAN_POINT('',(-9.839754306752,-15.07265206234,
    36.592042836519));
#2224 = CARTESIAN_POINT('',(-9.791891139509,-15.10369245137,
    36.538045575711));
#2225 = CARTESIAN_POINT('',(-9.721716362558,-15.14890260382,
    36.444956746357));
#2226 = CARTESIAN_POINT('',(-9.696578533485,-15.1650190991,
    36.407969966802));
#2227 = CARTESIAN_POINT('',(-9.673414888842,-15.17980340973,
    36.369669494048));
#2228 = CARTESIAN_POINT('',(-9.652485398494,-15.19310929801,
    36.33013679739));
#2229 = CARTESIAN_POINT('',(-9.63403394533,-15.20480172112,
    36.289460747669));
#2230 = CARTESIAN_POINT('',(-9.618287626971,-15.21475511891,
    36.247737052911));
#2231 = CARTESIAN_POINT('',(-9.596890143949,-15.22825670107,
    36.176583100621));
#2232 = CARTESIAN_POINT('',(-9.589630038782,-15.23282987043,
    36.147699990098));
#2233 = CARTESIAN_POINT('',(-9.583747744582,-15.23653016695,
    36.118494459715));
#2234 = CARTESIAN_POINT('',(-9.579297876901,-15.23932677401,
    36.089043697934));
#2235 = CARTESIAN_POINT('',(-9.576317581932,-15.24119890773,
    36.059425590266));
#2236 = CARTESIAN_POINT('',(-9.574826454187,-15.24213562373,
    36.02971832518));
#2237 = CARTESIAN_POINT('',(-9.574826454187,-15.24213562373,
    35.954567445434));
#2238 = CARTESIAN_POINT('',(-9.578311389705,-15.2399462845,
    35.909215880483));
#2239 = CARTESIAN_POINT('',(-9.585259164029,-15.23558214079,
    35.86419125536));
#2240 = CARTESIAN_POINT('',(-9.595566484995,-15.22910024576,
    35.819739447753));
#2241 = CARTESIAN_POINT('',(-9.60904975333,-15.22060225599,
    35.776103533575));
#2242 = CARTESIAN_POINT('',(-9.625445950991,-15.21023651649,
    35.733521057717));
#2243 = CARTESIAN_POINT('',(-9.656670739331,-15.19042201423,
    35.665532619318));
#2244 = CARTESIAN_POINT('',(-9.670016448306,-15.1819370767,
    35.639347731786));
#2245 = CARTESIAN_POINT('',(-9.684384010423,-15.17278215949,
    35.613685270555));
#2246 = CARTESIAN_POINT('',(-9.699706091346,-15.16299466803,
    35.588562507555));
#2247 = CARTESIAN_POINT('',(-9.715914668413,-15.15261258691,
    35.563995358295));
#2248 = CARTESIAN_POINT('',(-9.732941030631,-15.14167447981,
    35.539998381868));
#2249 = CARTESIAN_POINT('',(-9.774425687949,-15.11493956675,
    35.485353150994));
#2250 = CARTESIAN_POINT('',(-9.79947398456,-15.09873578167,
    35.455150638258));
#2251 = CARTESIAN_POINT('',(-9.825725694474,-15.08168232955,
    35.425972526675));
#2252 = CARTESIAN_POINT('',(-9.853057285319,-15.06384707782,
    35.397811270646));
#2253 = CARTESIAN_POINT('',(-9.881356574165,-15.04529168384,
    35.370656797101));
#2254 = CARTESIAN_POINT('',(-9.910522635303,-15.02607171247,
    35.344496807575));
#2255 = CARTESIAN_POINT('',(-10.04160329524,-14.93924096159,
    35.234268465168));
#2256 = CARTESIAN_POINT('',(-10.15195611459,-14.86499669841,
    35.16010863336));
#2257 = CARTESIAN_POINT('',(-10.26819838639,-14.78530947483,
    35.096413016043));
#2258 = CARTESIAN_POINT('',(-10.3881903233,-14.70135866112,35.0426672637
    ));
#2259 = CARTESIAN_POINT('',(-10.51066871925,-14.61386262513,
    34.998442920364));
#2260 = CARTESIAN_POINT('',(-10.63494185898,-14.52317396889,
    34.963547525336));
#2261 = CARTESIAN_POINT('',(-10.8499365209,-14.36284433647,
    34.920161444511));
#2262 = CARTESIAN_POINT('',(-10.93977531699,-14.29484365601,
    34.906994181704));
#2263 = CARTESIAN_POINT('',(-11.02976351052,-14.22568851817,
    34.898764878728));
#2264 = CARTESIAN_POINT('',(-11.11957794861,-14.15560023759,
    34.895594374303));
#2265 = CARTESIAN_POINT('',(-11.20890072826,-14.0848181437,
    34.897647207171));
#2266 = CARTESIAN_POINT('',(-11.29739647619,-14.01361958047,
    34.905131170364));
#2267 = CARTESIAN_POINT('',(-11.42225615666,-13.91166476378,
    34.923962710275));
#2268 = CARTESIAN_POINT('',(-11.4595945866,-13.88097908629,
    34.930679975973));
#2269 = CARTESIAN_POINT('',(-11.49666963263,-13.85031407636,
    34.938467354939));
#2270 = CARTESIAN_POINT('',(-11.5334444753,-13.81970343478,
    34.947343873225));
#2271 = CARTESIAN_POINT('',(-11.56988076147,-13.78918336046,
    34.957328890549));
#2272 = CARTESIAN_POINT('',(-11.60593860429,-13.75879255052,
    34.968442100295));
#2273 = CARTESIAN_POINT('',(-11.69504567373,-13.68323139544,
    34.999099844025));
#2274 = CARTESIAN_POINT('',(-11.74758799441,-13.63825885818,
    35.020087013878));
#2275 = CARTESIAN_POINT('',(-11.79902883107,-13.59382285451,
    35.043724698807));
#2276 = CARTESIAN_POINT('',(-11.84918761246,-13.55010514696,
    35.070063862633));
#2277 = CARTESIAN_POINT('',(-11.89787724131,-13.50730129897,
    35.09914613513));
#2278 = CARTESIAN_POINT('',(-11.94490342559,-13.46562097934,
    35.13100317388));
#2279 = CARTESIAN_POINT('',(-12.02789072442,-13.39150539945,
    35.194681415972));
#2280 = CARTESIAN_POINT('',(-12.06441100048,-13.3586658078,
    35.225670251005));
#2281 = CARTESIAN_POINT('',(-12.09947082502,-13.32693238477,
    35.258609080923));
#2282 = CARTESIAN_POINT('',(-12.13292061065,-13.29646894777,
    35.293469967645));
#2283 = CARTESIAN_POINT('',(-12.16461476262,-13.2674392849,
    35.330210440876));
#2284 = CARTESIAN_POINT('',(-12.19441124608,-13.24000620136,
    35.368773453644));
#2285 = CARTESIAN_POINT('',(-12.27172708882,-13.16849539284,
    35.481054157881));
#2286 = CARTESIAN_POINT('',(-12.31489504534,-13.12816649986,
    35.558748526833));
#2287 = CARTESIAN_POINT('',(-12.35058920141,-13.09452778346,
    35.641449331938));
#2288 = CARTESIAN_POINT('',(-12.37797711129,-13.0685563328,
    35.728169224389));
#2289 = CARTESIAN_POINT('',(-12.39647476775,-13.05096058486,
    35.817719266668));
#2290 = CARTESIAN_POINT('',(-12.40575263223,-13.04213562373,
    35.908783009729));
#2291 = CARTESIAN_POINT('',(-12.40575263223,-13.04213562373,36.));
#2292 = PCURVE('',#43,#2293);
#2293 = DEFINITIONAL_REPRESENTATION('',(#2294),#2399);
#2294 = B_SPLINE_CURVE_WITH_KNOTS('',7,(#2295,#2296,#2297,#2298,#2299,
    #2300,#2301,#2302,#2303,#2304,#2305,#2306,#2307,#2308,#2309,#2310,
    #2311,#2312,#2313,#2314,#2315,#2316,#2317,#2318,#2319,#2320,#2321,
    #2322,#2323,#2324,#2325,#2326,#2327,#2328,#2329,#2330,#2331,#2332,
    #2333,#2334,#2335,#2336,#2337,#2338,#2339,#2340,#2341,#2342,#2343,
    #2344,#2345,#2346,#2347,#2348,#2349,#2350,#2351,#2352,#2353,#2354,
    #2355,#2356,#2357,#2358,#2359,#2360,#2361,#2362,#2363,#2364,#2365,
    #2366,#2367,#2368,#2369,#2370,#2371,#2372,#2373,#2374,#2375,#2376,
    #2377,#2378,#2379,#2380,#2381,#2382,#2383,#2384,#2385,#2386,#2387,
    #2388,#2389,#2390,#2391,#2392,#2393,#2394,#2395,#2396,#2397,#2398),
  .UNSPECIFIED.,.T.,.F.,(8,6,6,6,6,6,6,6,6,6,6,6,6,6,6,6,6,8),(0.,
    7.655874576465E-02,0.121413747161,0.172631450756,0.29114820803,
    0.375071028668,0.436676615739,0.474825197351,0.500291875573,
    0.539224629722,0.564383715608,0.597943664933,0.711297839833,
    0.791889577425,0.826572157829,0.878607825623,0.922193142385,1.),
  .UNSPECIFIED.);
#2295 = CARTESIAN_POINT('',(-3.951992906654,-36.));
#2296 = CARTESIAN_POINT('',(-3.951992906654,-36.0896250373));
#2297 = CARTESIAN_POINT('',(-3.952679659384,-36.17910894028));
#2298 = CARTESIAN_POINT('',(-3.954049179511,-36.26715813668));
#2299 = CARTESIAN_POINT('',(-3.956074954902,-36.35251910926));
#2300 = CARTESIAN_POINT('',(-3.958709568829,-36.43405575558));
#2301 = CARTESIAN_POINT('',(-3.961886523519,-36.51081832104));
#2302 = CARTESIAN_POINT('',(-3.967652409511,-36.6238694141));
#2303 = CARTESIAN_POINT('',(-3.969942336395,-36.66379974836));
#2304 = CARTESIAN_POINT('',(-3.972379342072,-36.70181408572));
#2305 = CARTESIAN_POINT('',(-3.974950490259,-36.73784807663));
#2306 = CARTESIAN_POINT('',(-3.977642632906,-36.77185380497));
#2307 = CARTESIAN_POINT('',(-3.980442431104,-36.80379974881));
#2308 = CARTESIAN_POINT('',(-3.986640828297,-36.86777894711));
#2309 = CARTESIAN_POINT('',(-3.990068450176,-36.89918621535));
#2310 = CARTESIAN_POINT('',(-3.993603431301,-36.92791188211));
#2311 = CARTESIAN_POINT('',(-3.997230779996,-36.95398536051));
#2312 = CARTESIAN_POINT('',(-4.000936282361,-36.9774455516));
#2313 = CARTESIAN_POINT('',(-4.004706461379,-36.99834025554));
#2314 = CARTESIAN_POINT('',(-4.017372741485,-37.05926886775));
#2315 = CARTESIAN_POINT('',(-4.026487079689,-37.08833809724));
#2316 = CARTESIAN_POINT('',(-4.035751805615,-37.10485533852));
#2317 = CARTESIAN_POINT('',(-4.045076741968,-37.10960845993));
#2318 = CARTESIAN_POINT('',(-4.054386950649,-37.10322425698));
#2319 = CARTESIAN_POINT('',(-4.063613139864,-37.08615556436));
#2320 = CARTESIAN_POINT('',(-4.079103203451,-37.03918780488));
#2321 = CARTESIAN_POINT('',(-4.085442978236,-37.01449615957));
#2322 = CARTESIAN_POINT('',(-4.091686204284,-36.98464836228));
#2323 = CARTESIAN_POINT('',(-4.09781326427,-36.94961226445));
#2324 = CARTESIAN_POINT('',(-4.103795910998,-36.90928494179));
#2325 = CARTESIAN_POINT('',(-4.10959337743,-36.86351955249));
#2326 = CARTESIAN_POINT('',(-4.11922622133,-36.7744461661));
#2327 = CARTESIAN_POINT('',(-4.123176958286,-36.733688064));
#2328 = CARTESIAN_POINT('',(-4.126980921579,-36.68977347916));
#2329 = CARTESIAN_POINT('',(-4.130611140402,-36.64259226962));
#2330 = CARTESIAN_POINT('',(-4.134032682163,-36.59204283651));
#2331 = CARTESIAN_POINT('',(-4.137201959565,-36.53804557571));
#2332 = CARTESIAN_POINT('',(-4.141839586541,-36.44495674635));
#2333 = CARTESIAN_POINT('',(-4.143498501241,-36.4079699668));
#2334 = CARTESIAN_POINT('',(-4.145025143189,-36.36966949404));
#2335 = CARTESIAN_POINT('',(-4.146402974148,-36.33013679739));
#2336 = CARTESIAN_POINT('',(-4.147616539097,-36.28946074766));
#2337 = CARTESIAN_POINT('',(-4.148651449076,-36.24773705291));
#2338 = CARTESIAN_POINT('',(-4.150057065017,-36.17658310062));
#2339 = CARTESIAN_POINT('',(-4.150533752932,-36.14769999009));
#2340 = CARTESIAN_POINT('',(-4.150919828296,-36.11849445971));
#2341 = CARTESIAN_POINT('',(-4.151211811358,-36.08904369793));
#2342 = CARTESIAN_POINT('',(-4.15140734044,-36.05942559026));
#2343 = CARTESIAN_POINT('',(-4.151505170258,-36.02971832518));
#2344 = CARTESIAN_POINT('',(-4.151505170258,-35.95456744543));
#2345 = CARTESIAN_POINT('',(-4.1512765271,-35.90921588048));
#2346 = CARTESIAN_POINT('',(-4.150820709543,-35.86419125536));
#2347 = CARTESIAN_POINT('',(-4.15014426336,-35.81973944775));
#2348 = CARTESIAN_POINT('',(-4.149258829505,-35.77610353357));
#2349 = CARTESIAN_POINT('',(-4.148181162277,-35.73352105771));
#2350 = CARTESIAN_POINT('',(-4.146126656609,-35.66553261931));
#2351 = CARTESIAN_POINT('',(-4.145248067051,-35.63934773178));
#2352 = CARTESIAN_POINT('',(-4.144301600511,-35.61368527055));
#2353 = CARTESIAN_POINT('',(-4.143291527332,-35.58856250755));
#2354 = CARTESIAN_POINT('',(-4.142222166506,-35.56399535829));
#2355 = CARTESIAN_POINT('',(-4.141097885675,-35.53999838186));
#2356 = CARTESIAN_POINT('',(-4.138356044597,-35.48535315099));
#2357 = CARTESIAN_POINT('',(-4.136698684303,-35.45515063825));
#2358 = CARTESIAN_POINT('',(-4.134959549982,-35.42597252667));
#2359 = CARTESIAN_POINT('',(-4.133146443165,-35.39781127064));
#2360 = CARTESIAN_POINT('',(-4.131266445314,-35.3706567971));
#2361 = CARTESIAN_POINT('',(-4.129325925942,-35.34449680757));
#2362 = CARTESIAN_POINT('',(-4.120590847181,-35.23426846516));
#2363 = CARTESIAN_POINT('',(-4.11320194816,-35.16010863336));
#2364 = CARTESIAN_POINT('',(-4.105372787456,-35.09641301604));
#2365 = CARTESIAN_POINT('',(-4.097237702744,-35.0426672637));
#2366 = CARTESIAN_POINT('',(-4.088876102771,-34.99844292036));
#2367 = CARTESIAN_POINT('',(-4.08032962387,-34.96354752533));
#2368 = CARTESIAN_POINT('',(-4.065429928819,-34.92016144451));
#2369 = CARTESIAN_POINT('',(-4.059170502237,-34.9069941817));
#2370 = CARTESIAN_POINT('',(-4.052865694975,-34.89876487872));
#2371 = CARTESIAN_POINT('',(-4.046536820353,-34.8955943743));
#2372 = CARTESIAN_POINT('',(-4.040205552261,-34.89764720717));
#2373 = CARTESIAN_POINT('',(-4.033895641049,-34.90513117036));
#2374 = CARTESIAN_POINT('',(-4.024940208796,-34.92396271027));
#2375 = CARTESIAN_POINT('',(-4.0222552339,-34.93067997597));
#2376 = CARTESIAN_POINT('',(-4.019582286627,-34.93846735493));
#2377 = CARTESIAN_POINT('',(-4.016924104845,-34.94734387322));
#2378 = CARTESIAN_POINT('',(-4.014283582391,-34.95732889054));
#2379 = CARTESIAN_POINT('',(-4.011663769067,-34.96844210029));
#2380 = CARTESIAN_POINT('',(-4.005173140024,-34.99909984402));
#2381 = CARTESIAN_POINT('',(-4.001330910936,-35.02008701387));
#2382 = CARTESIAN_POINT('',(-3.997554535218,-35.0437246988));
#2383 = CARTESIAN_POINT('',(-3.993858110763,-35.07006386263));
#2384 = CARTESIAN_POINT('',(-3.990256526732,-35.09914613513));
#2385 = CARTESIAN_POINT('',(-3.986765508747,-35.13100317388));
#2386 = CARTESIAN_POINT('',(-3.980584092215,-35.19468141597));
#2387 = CARTESIAN_POINT('',(-3.977855561422,-35.225670251));
#2388 = CARTESIAN_POINT('',(-3.975228444219,-35.25860908092));
#2389 = CARTESIAN_POINT('',(-3.972714975938,-35.29346996764));
#2390 = CARTESIAN_POINT('',(-3.970327237318,-35.33021044087));
#2391 = CARTESIAN_POINT('',(-3.968077137073,-35.36877345364));
#2392 = CARTESIAN_POINT('',(-3.962226228293,-35.48105415788));
#2393 = CARTESIAN_POINT('',(-3.958944309016,-35.55874852683));
#2394 = CARTESIAN_POINT('',(-3.956219488185,-35.64144933193));
#2395 = CARTESIAN_POINT('',(-3.954122603425,-35.72816922438));
#2396 = CARTESIAN_POINT('',(-3.952704274242,-35.81771926666));
#2397 = CARTESIAN_POINT('',(-3.951992906654,-35.90878300972));
#2398 = CARTESIAN_POINT('',(-3.951992906654,-36.));
#2399 = ( GEOMETRIC_REPRESENTATION_CONTEXT(2) 
PARAMETRIC_REPRESENTATION_CONTEXT() REPRESENTATION_CONTEXT('2D SPACE',''
  ) );
#2400 = PCURVE('',#2401,#2406);
#2401 = CYLINDRICAL_SURFACE('',#2402,1.1);
#2402 = AXIS2_PLACEMENT_3D('',#2403,#2404,#2405);
#2403 = CARTESIAN_POINT('',(-14.14213562373,-14.14213562373,36.));
#2404 = DIRECTION('',(-1.,-0.,-0.));
#2405 = DIRECTION('',(0.,1.,0.));
#2406 = DEFINITIONAL_REPRESENTATION('',(#2407),#2512);
#2407 = B_SPLINE_CURVE_WITH_KNOTS('',7,(#2408,#2409,#2410,#2411,#2412,
    #2413,#2414,#2415,#2416,#2417,#2418,#2419,#2420,#2421,#2422,#2423,
    #2424,#2425,#2426,#2427,#2428,#2429,#2430,#2431,#2432,#2433,#2434,
    #2435,#2436,#2437,#2438,#2439,#2440,#2441,#2442,#2443,#2444,#2445,
    #2446,#2447,#2448,#2449,#2450,#2451,#2452,#2453,#2454,#2455,#2456,
    #2457,#2458,#2459,#2460,#2461,#2462,#2463,#2464,#2465,#2466,#2467,
    #2468,#2469,#2470,#2471,#2472,#2473,#2474,#2475,#2476,#2477,#2478,
    #2479,#2480,#2481,#2482,#2483,#2484,#2485,#2486,#2487,#2488,#2489,
    #2490,#2491,#2492,#2493,#2494,#2495,#2496,#2497,#2498,#2499,#2500,
    #2501,#2502,#2503,#2504,#2505,#2506,#2507,#2508,#2509,#2510,#2511),
  .UNSPECIFIED.,.F.,.F.,(8,6,6,6,6,6,6,6,6,6,6,6,6,6,6,6,6,8),(0.,
    7.655874576465E-02,0.121413747161,0.172631450756,0.29114820803,
    0.375071028668,0.436676615739,0.474825197351,0.500291875573,
    0.539224629722,0.564383715608,0.597943664933,0.711297839833,
    0.791889577425,0.826572157829,0.878607825623,0.922193142385,1.),
  .UNSPECIFIED.);
#2408 = CARTESIAN_POINT('',(0.,-1.736382991496));
#2409 = CARTESIAN_POINT('',(-8.14773066442E-02,-1.736382991496));
#2410 = CARTESIAN_POINT('',(-0.162826319783,-1.74533981279));
#2411 = CARTESIAN_POINT('',(-0.243754504468,-1.763200939617));
#2412 = CARTESIAN_POINT('',(-0.323993061118,-1.78965868215));
#2413 = CARTESIAN_POINT('',(-0.403265421575,-1.824165783727));
#2414 = CARTESIAN_POINT('',(-0.481264714514,-1.865941009195));
#2415 = CARTESIAN_POINT('',(-0.602387831412,-1.942101321596));
#2416 = CARTESIAN_POINT('',(-0.646626194728,-1.972413177658));
#2417 = CARTESIAN_POINT('',(-0.690355319337,-2.004749811387));
#2418 = CARTESIAN_POINT('',(-0.733571855132,-2.038957063573));
#2419 = CARTESIAN_POINT('',(-0.776269047139,-2.07487658743));
#2420 = CARTESIAN_POINT('',(-0.818436709912,-2.112345349096));
#2421 = CARTESIAN_POINT('',(-0.90759014692,-2.19555576586));
#2422 = CARTESIAN_POINT('',(-0.954417039282,-2.241722629412));
#2423 = CARTESIAN_POINT('',(-1.000581457192,-2.28950326417));
#2424 = CARTESIAN_POINT('',(-1.046115581314,-2.338712499548));
#2425 = CARTESIAN_POINT('',(-1.09104609407,-2.389171833556));
#2426 = CARTESIAN_POINT('',(-1.135396078917,-2.440708817357));
#2427 = CARTESIAN_POINT('',(-1.28051806246,-2.614519205167));
#2428 = CARTESIAN_POINT('',(-1.37876597275,-2.740651845357));
#2429 = CARTESIAN_POINT('',(-1.47465057692,-2.870012660053));
#2430 = CARTESIAN_POINT('',(-1.568749860639,-3.001379762585));
#2431 = CARTESIAN_POINT('',(-1.661617275088,-3.133683205158));
#2432 = CARTESIAN_POINT('',(-1.753781813854,-3.265886451667));
#2433 = CARTESIAN_POINT('',(-1.911004589204,-3.489576437533));
#2434 = CARTESIAN_POINT('',(-1.976095161532,-3.581645267454));
#2435 = CARTESIAN_POINT('',(-2.041418762992,-3.672806727701));
#2436 = CARTESIAN_POINT('',(-2.107279228989,-3.762741901405));
#2437 = CARTESIAN_POINT('',(-2.173968663999,-3.850997403022));
#2438 = CARTESIAN_POINT('',(-2.241778269257,-3.936922673043));
#2439 = CARTESIAN_POINT('',(-2.361840332528,-4.08029821199));
#2440 = CARTESIAN_POINT('',(-2.413478856588,-4.13929731666));
#2441 = CARTESIAN_POINT('',(-2.466097703753,-4.196284956658));
#2442 = CARTESIAN_POINT('',(-2.519851606103,-4.250831205873));
#2443 = CARTESIAN_POINT('',(-2.574892121464,-4.302381316979));
#2444 = CARTESIAN_POINT('',(-2.631376612494,-4.350244484222));
#2445 = CARTESIAN_POINT('',(-2.72545539096,-4.420419261173));
#2446 = CARTESIAN_POINT('',(-2.762101998005,-4.445557090246));
#2447 = CARTESIAN_POINT('',(-2.799370030894,-4.468720734889));
#2448 = CARTESIAN_POINT('',(-2.837223303217,-4.489650225237));
#2449 = CARTESIAN_POINT('',(-2.875635279452,-4.508101678401));
#2450 = CARTESIAN_POINT('',(-2.914587896238,-4.52384799676));
#2451 = CARTESIAN_POINT('',(-2.98042753141,-4.545245479782));
#2452 = CARTESIAN_POINT('',(-3.006999638079,-4.552505584948));
#2453 = CARTESIAN_POINT('',(-3.033741695252,-4.558387879149));
#2454 = CARTESIAN_POINT('',(-3.060611630944,-4.562837746829));
#2455 = CARTESIAN_POINT('',(-3.087569386639,-4.565818041799));
#2456 = CARTESIAN_POINT('',(-3.114575994335,-4.567309169544));
#2457 = CARTESIAN_POINT('',(-3.182894975922,-4.567309169544));
#2458 = CARTESIAN_POINT('',(-3.224123726437,-4.563824234026));
#2459 = CARTESIAN_POINT('',(-3.265170190538,-4.556876459702));
#2460 = CARTESIAN_POINT('',(-3.305924287317,-4.546569138736));
#2461 = CARTESIAN_POINT('',(-3.346268194804,-4.5330858704));
#2462 = CARTESIAN_POINT('',(-3.386069975226,-4.51668967274));
#2463 = CARTESIAN_POINT('',(-3.450449032544,-4.4854648844));
#2464 = CARTESIAN_POINT('',(-3.475460951433,-4.472119175424));
#2465 = CARTESIAN_POINT('',(-3.500213670034,-4.457751613308));
#2466 = CARTESIAN_POINT('',(-3.52470654729,-4.442429532384));
#2467 = CARTESIAN_POINT('',(-3.548937587979,-4.426220955317));
#2468 = CARTESIAN_POINT('',(-3.57290344271,-4.4091945931));
#2469 = CARTESIAN_POINT('',(-3.62820768637,-4.367709935782));
#2470 = CARTESIAN_POINT('',(-3.659344702865,-4.342661639171));
#2471 = CARTESIAN_POINT('',(-3.690036184882,-4.316409929257));
#2472 = CARTESIAN_POINT('',(-3.720305925572,-4.289078338412));
#2473 = CARTESIAN_POINT('',(-3.750176574416,-4.260779049566));
#2474 = CARTESIAN_POINT('',(-3.779670427867,-4.231612988428));
#2475 = CARTESIAN_POINT('',(-3.907234596673,-4.100532328485));
#2476 = CARTESIAN_POINT('',(-4.001960634647,-3.990179509137));
#2477 = CARTESIAN_POINT('',(-4.093832443296,-3.873937237334));
#2478 = CARTESIAN_POINT('',(-4.183587760237,-3.753945300422));
#2479 = CARTESIAN_POINT('',(-4.271992757348,-3.631466904477));
#2480 = CARTESIAN_POINT('',(-4.359861011548,-3.507193764748));
#2481 = CARTESIAN_POINT('',(-4.51085754438,-3.292199102826));
#2482 = CARTESIAN_POINT('',(-4.573656614908,-3.202360306739));
#2483 = CARTESIAN_POINT('',(-4.636700223726,-3.112372113202));
#2484 = CARTESIAN_POINT('',(-4.700171475458,-3.022557675119));
#2485 = CARTESIAN_POINT('',(-4.764253994125,-2.933234895468));
#2486 = CARTESIAN_POINT('',(-4.82913947916,-2.844739147541));
#2487 = CARTESIAN_POINT('',(-4.923393450914,-2.719879467064));
#2488 = CARTESIAN_POINT('',(-4.95193486761,-2.682541037124));
#2489 = CARTESIAN_POINT('',(-4.980671483784,-2.645465991096));
#2490 = CARTESIAN_POINT('',(-5.009615827063,-2.608691148423));
#2491 = CARTESIAN_POINT('',(-5.038780980417,-2.572254862253));
#2492 = CARTESIAN_POINT('',(-5.06818058217,-2.536197019435));
#2493 = CARTESIAN_POINT('',(-5.142311276494,-2.447089949992));
#2494 = CARTESIAN_POINT('',(-5.187368933757,-2.394547629321));
#2495 = CARTESIAN_POINT('',(-5.233024525593,-2.343106792652));
#2496 = CARTESIAN_POINT('',(-5.279302527797,-2.292948011269));
#2497 = CARTESIAN_POINT('',(-5.326231234897,-2.24425838242));
#2498 = CARTESIAN_POINT('',(-5.373844830908,-2.197232198137));
#2499 = CARTESIAN_POINT('',(-5.462675795362,-2.114244899304));
#2500 = CARTESIAN_POINT('',(-5.503678908141,-2.077724623244));
#2501 = CARTESIAN_POINT('',(-5.545182974185,-2.042664798704));
#2502 = CARTESIAN_POINT('',(-5.587179222968,-2.009215013079));
#2503 = CARTESIAN_POINT('',(-5.629661944486,-1.97752086111));
#2504 = CARTESIAN_POINT('',(-5.672628496073,-1.947724377649));
#2505 = CARTESIAN_POINT('',(-5.793646056028,-1.87040853491));
#2506 = CARTESIAN_POINT('',(-5.872915525219,-1.827240578388));
#2507 = CARTESIAN_POINT('',(-5.953518929299,-1.791546422314));
#2508 = CARTESIAN_POINT('',(-6.035135023656,-1.764158512436));
#2509 = CARTESIAN_POINT('',(-6.117475539804,-1.745660855975));
#2510 = CARTESIAN_POINT('',(-6.200260770569,-1.736382991496));
#2511 = CARTESIAN_POINT('',(-6.28318530718,-1.736382991496));
#2512 = ( GEOMETRIC_REPRESENTATION_CONTEXT(2) 
PARAMETRIC_REPRESENTATION_CONTEXT() REPRESENTATION_CONTEXT('2D SPACE',''
  ) );
#2513 = FACE_BOUND('',#2514,.T.);
#2514 = EDGE_LOOP('',(#2515));
#2515 = ORIENTED_EDGE('',*,*,#2516,.F.);
#2516 = EDGE_CURVE('',#2517,#2517,#2519,.T.);
#2517 = VERTEX_POINT('',#2518);
#2518 = CARTESIAN_POINT('',(-17.96635744941,1.1,29.));
#2519 = SURFACE_CURVE('',#2520,(#2571,#2625),.PCURVE_S1.);
#2520 = B_SPLINE_CURVE_WITH_KNOTS('',7,(#2521,#2522,#2523,#2524,#2525,
    #2526,#2527,#2528,#2529,#2530,#2531,#2532,#2533,#2534,#2535,#2536,
    #2537,#2538,#2539,#2540,#2541,#2542,#2543,#2544,#2545,#2546,#2547,
    #2548,#2549,#2550,#2551,#2552,#2553,#2554,#2555,#2556,#2557,#2558,
    #2559,#2560,#2561,#2562,#2563,#2564,#2565,#2566,#2567,#2568,#2569,
    #2570),.UNSPECIFIED.,.T.,.F.,(8,6,6,6,6,6,6,6,8),(0.,0.152468555772,
    0.247838749425,0.383837749288,0.497782714328,0.651965849029,
    0.748438363984,0.865041874387,1.),.UNSPECIFIED.);
#2521 = CARTESIAN_POINT('',(-17.96635744941,1.1,29.));
#2522 = CARTESIAN_POINT('',(-17.96635744941,1.1,29.136920809117));
#2523 = CARTESIAN_POINT('',(-17.96757475055,1.080116837626,
    29.274005724281));
#2524 = CARTESIAN_POINT('',(-17.9700151595,1.040262258255,
    29.408992714865));
#2525 = CARTESIAN_POINT('',(-17.97356084549,0.980065454008,
    29.539404290171));
#2526 = CARTESIAN_POINT('',(-17.97795915927,0.899102783,29.662268230027)
  );
#2527 = CARTESIAN_POINT('',(-17.9827645878,0.797052190961,
    29.773874847914));
#2528 = CARTESIAN_POINT('',(-17.99024971874,0.597351415809,
    29.92877864754));
#2529 = CARTESIAN_POINT('',(-17.99307034509,0.511858792187,
    29.982397904197));
#2530 = CARTESIAN_POINT('',(-17.99564378422,0.418616561054,
    30.027845491843));
#2531 = CARTESIAN_POINT('',(-17.9977612302,0.319001143702,30.0633731826)
  );
#2532 = CARTESIAN_POINT('',(-17.99924805761,0.214727752167,
    30.087692625974));
#2533 = CARTESIAN_POINT('',(-18.,0.107721416937,30.1));
#2534 = CARTESIAN_POINT('',(-18.,-0.153611987207,30.1));
#2535 = CARTESIAN_POINT('',(-17.99847055249,-0.304134288748,
    30.074973411956));
#2536 = CARTESIAN_POINT('',(-17.99552267326,-0.446732683594,
    30.026731306386));
#2537 = CARTESIAN_POINT('',(-17.99155067026,-0.577203997357,
    29.95817323488));
#2538 = CARTESIAN_POINT('',(-17.98714604992,-0.692224561024,
    29.87320973523));
#2539 = CARTESIAN_POINT('',(-17.98284559504,-0.789681904766,
    29.77667385606));
#2540 = CARTESIAN_POINT('',(-17.97578321278,-0.935768994229,
    29.588339515159));
#2541 = CARTESIAN_POINT('',(-17.97282930809,-0.990902701625,
    29.496830654341));
#2542 = CARTESIAN_POINT('',(-17.97031261537,-1.034724078308,
    29.401205607612));
#2543 = CARTESIAN_POINT('',(-17.96835231583,-1.067415658118,
    29.302709054615));
#2544 = CARTESIAN_POINT('',(-17.96702238187,-1.08914045626,
    29.202390449546));
#2545 = CARTESIAN_POINT('',(-17.96635744941,-1.1,29.101187700187));
#2546 = CARTESIAN_POINT('',(-17.96635744941,-1.1,28.863079190883));
#2547 = CARTESIAN_POINT('',(-17.96757475055,-1.080116837626,
    28.725994275719));
#2548 = CARTESIAN_POINT('',(-17.9700151595,-1.040262258256,
    28.591007285135));
#2549 = CARTESIAN_POINT('',(-17.97356084549,-0.980065454008,
    28.460595709829));
#2550 = CARTESIAN_POINT('',(-17.97795915927,-0.899102783,28.337731769973
    ));
#2551 = CARTESIAN_POINT('',(-17.9827645878,-0.797052190961,
    28.226125152086));
#2552 = CARTESIAN_POINT('',(-17.99025060993,-0.597327639301,
    28.07120290951));
#2553 = CARTESIAN_POINT('',(-17.99307092321,-0.511837501413,
    28.017593460236));
#2554 = CARTESIAN_POINT('',(-17.99564342275,-0.418617764285,
    27.972161538179));
#2555 = CARTESIAN_POINT('',(-17.99776032087,-0.319032277799,
    27.936641705326));
#2556 = CARTESIAN_POINT('',(-17.99924742556,-0.214779715375,
    27.912317982616));
#2557 = CARTESIAN_POINT('',(-18.,-0.10776774804,27.9));
#2558 = CARTESIAN_POINT('',(-18.,0.130255728646,27.9));
#2559 = CARTESIAN_POINT('',(-17.99890087842,0.258859833877,
    27.917994839952));
#2560 = CARTESIAN_POINT('',(-17.99674977055,0.382587760864,
    27.953162999208));
#2561 = CARTESIAN_POINT('',(-17.99376582553,0.498474780089,
    28.003881190595));
#2562 = CARTESIAN_POINT('',(-17.99028299806,0.604019255614,
    28.067776719522));
#2563 = CARTESIAN_POINT('',(-17.98666416856,0.697415677628,
    28.141780759018));
#2564 = CARTESIAN_POINT('',(-17.97916160826,0.870875324489,
    28.315240405878));
#2565 = CARTESIAN_POINT('',(-17.97526526101,0.947945404401,
    28.418288172564));
#2566 = CARTESIAN_POINT('',(-17.97184140147,1.00911747267,
    28.528404021502));
#2567 = CARTESIAN_POINT('',(-17.96913258734,1.054674493751,
    28.643354622179));
#2568 = CARTESIAN_POINT('',(-17.96728192929,1.084900189812,
    28.76130639001));
#2569 = CARTESIAN_POINT('',(-17.96635744941,1.1,28.880680690771));
#2570 = CARTESIAN_POINT('',(-17.96635744941,1.1,29.));
#2571 = PCURVE('',#43,#2572);
#2572 = DEFINITIONAL_REPRESENTATION('',(#2573),#2624);
#2573 = B_SPLINE_CURVE_WITH_KNOTS('',7,(#2574,#2575,#2576,#2577,#2578,
    #2579,#2580,#2581,#2582,#2583,#2584,#2585,#2586,#2587,#2588,#2589,
    #2590,#2591,#2592,#2593,#2594,#2595,#2596,#2597,#2598,#2599,#2600,
    #2601,#2602,#2603,#2604,#2605,#2606,#2607,#2608,#2609,#2610,#2611,
    #2612,#2613,#2614,#2615,#2616,#2617,#2618,#2619,#2620,#2621,#2622,
    #2623),.UNSPECIFIED.,.T.,.F.,(8,6,6,6,6,6,6,6,8),(0.,0.152468555772,
    0.247838749425,0.383837749288,0.497782714328,0.651965849029,
    0.748438363984,0.865041874387,1.),.UNSPECIFIED.);
#2574 = CARTESIAN_POINT('',(-3.080443441147,-29.));
#2575 = CARTESIAN_POINT('',(-3.080443441147,-29.13692080911));
#2576 = CARTESIAN_POINT('',(-3.081550129898,-29.27400572428));
#2577 = CARTESIAN_POINT('',(-3.08376841837,-29.40899271486));
#2578 = CARTESIAN_POINT('',(-3.087118476985,-29.53940429017));
#2579 = CARTESIAN_POINT('',(-3.091622922365,-29.66226823002));
#2580 = CARTESIAN_POINT('',(-3.097298420374,-29.77387484791));
#2581 = CARTESIAN_POINT('',(-3.108400698361,-29.92877864754));
#2582 = CARTESIAN_POINT('',(-3.113152825649,-29.98239790419));
#2583 = CARTESIAN_POINT('',(-3.118334795527,-30.02784549184));
#2584 = CARTESIAN_POINT('',(-3.12387001941,-30.0633731826));
#2585 = CARTESIAN_POINT('',(-3.129663333555,-30.08769262597));
#2586 = CARTESIAN_POINT('',(-3.135608130427,-30.1));
#2587 = CARTESIAN_POINT('',(-3.150126652879,-30.1));
#2588 = CARTESIAN_POINT('',(-3.158489004683,-30.07497341195));
#2589 = CARTESIAN_POINT('',(-3.166412143336,-30.02673130638));
#2590 = CARTESIAN_POINT('',(-3.173663439558,-29.95817323488));
#2591 = CARTESIAN_POINT('',(-3.180057981712,-29.87320973523));
#2592 = CARTESIAN_POINT('',(-3.185477497772,-29.77667385606));
#2593 = CARTESIAN_POINT('',(-3.193602925577,-29.58833951515));
#2594 = CARTESIAN_POINT('',(-3.196670260691,-29.49683065434));
#2595 = CARTESIAN_POINT('',(-3.199108775574,-29.40120560761));
#2596 = CARTESIAN_POINT('',(-3.200928235811,-29.30270905461));
#2597 = CARTESIAN_POINT('',(-3.202137428045,-29.20239044954));
#2598 = CARTESIAN_POINT('',(-3.202741866033,-29.10118770018));
#2599 = CARTESIAN_POINT('',(-3.202741866033,-28.86307919088));
#2600 = CARTESIAN_POINT('',(-3.201635177281,-28.72599427571));
#2601 = CARTESIAN_POINT('',(-3.199416888809,-28.59100728513));
#2602 = CARTESIAN_POINT('',(-3.196066830194,-28.46059570982));
#2603 = CARTESIAN_POINT('',(-3.191562384815,-28.33773176997));
#2604 = CARTESIAN_POINT('',(-3.185886886805,-28.22612515208));
#2605 = CARTESIAN_POINT('',(-3.174783286974,-28.07120290951));
#2606 = CARTESIAN_POINT('',(-3.170031298407,-28.01759346023));
#2607 = CARTESIAN_POINT('',(-3.164850578983,-27.97216153817));
#2608 = CARTESIAN_POINT('',(-3.159317017933,-27.93664170532));
#2609 = CARTESIAN_POINT('',(-3.153524860488,-27.91231798261));
#2610 = CARTESIAN_POINT('',(-3.147579750703,-27.9));
#2611 = CARTESIAN_POINT('',(-3.134356224221,-27.9));
#2612 = CARTESIAN_POINT('',(-3.127211551778,-27.91799483995));
#2613 = CARTESIAN_POINT('',(-3.120337160237,-27.9531629992));
#2614 = CARTESIAN_POINT('',(-3.113897199166,-28.00388119059));
#2615 = CARTESIAN_POINT('',(-3.108030585949,-28.06777671952));
#2616 = CARTESIAN_POINT('',(-3.102838054858,-28.14178075901));
#2617 = CARTESIAN_POINT('',(-3.093192398013,-28.31524040587));
#2618 = CARTESIAN_POINT('',(-3.088905372553,-28.41828817256));
#2619 = CARTESIAN_POINT('',(-3.08550165236,-28.5284040215));
#2620 = CARTESIAN_POINT('',(-3.082966240004,-28.64335462217));
#2621 = CARTESIAN_POINT('',(-3.081283890325,-28.76130639001));
#2622 = CARTESIAN_POINT('',(-3.080443441147,-28.88068069077));
#2623 = CARTESIAN_POINT('',(-3.080443441147,-29.));
#2624 = ( GEOMETRIC_REPRESENTATION_CONTEXT(2) 
PARAMETRIC_REPRESENTATION_CONTEXT() REPRESENTATION_CONTEXT('2D SPACE',''
  ) );
#2625 = PCURVE('',#2626,#2631);
#2626 = CYLINDRICAL_SURFACE('',#2627,1.1);
#2627 = AXIS2_PLACEMENT_3D('',#2628,#2629,#2630);
#2628 = CARTESIAN_POINT('',(-20.,2.449293598295E-15,29.));
#2629 = DIRECTION('',(-1.,-0.,-0.));
#2630 = DIRECTION('',(0.,1.,0.));
#2631 = DEFINITIONAL_REPRESENTATION('',(#2632),#2683);
#2632 = B_SPLINE_CURVE_WITH_KNOTS('',7,(#2633,#2634,#2635,#2636,#2637,
    #2638,#2639,#2640,#2641,#2642,#2643,#2644,#2645,#2646,#2647,#2648,
    #2649,#2650,#2651,#2652,#2653,#2654,#2655,#2656,#2657,#2658,#2659,
    #2660,#2661,#2662,#2663,#2664,#2665,#2666,#2667,#2668,#2669,#2670,
    #2671,#2672,#2673,#2674,#2675,#2676,#2677,#2678,#2679,#2680,#2681,
    #2682),.UNSPECIFIED.,.F.,.F.,(8,6,6,6,6,6,6,6,8),(0.,0.152468555772,
    0.247838749425,0.383837749288,0.497782714328,0.651965849029,
    0.748438363984,0.865041874387,1.),.UNSPECIFIED.);
#2633 = CARTESIAN_POINT('',(0.,-2.033642550589));
#2634 = CARTESIAN_POINT('',(-0.124473462833,-2.033642550589));
#2635 = CARTESIAN_POINT('',(-0.249095621109,-2.032425249446));
#2636 = CARTESIAN_POINT('',(-0.374963282519,-2.029984840494));
#2637 = CARTESIAN_POINT('',(-0.502998767321,-2.026439154507));
#2638 = CARTESIAN_POINT('',(-0.634223423174,-2.022040840727));
#2639 = CARTESIAN_POINT('',(-0.769715114194,-2.017235412193));
#2640 = CARTESIAN_POINT('',(-0.999475295912,-2.009750281255));
#2641 = CARTESIAN_POINT('',(-1.090762257593,-2.006929654902));
#2642 = CARTESIAN_POINT('',(-1.184193043379,-2.004356215775));
#2643 = CARTESIAN_POINT('',(-1.279260488403,-2.002238769794));
#2644 = CARTESIAN_POINT('',(-1.375589562774,-2.000751942386));
#2645 = CARTESIAN_POINT('',(-1.472867765943,-2.));
#2646 = CARTESIAN_POINT('',(-1.710443587893,-2.));
#2647 = CARTESIAN_POINT('',(-1.847282028741,-2.001529447503));
#2648 = CARTESIAN_POINT('',(-1.981364941754,-2.004477326733));
#2649 = CARTESIAN_POINT('',(-2.112515189198,-2.008449329737));
#2650 = CARTESIAN_POINT('',(-2.240311161884,-2.012853950072));
#2651 = CARTESIAN_POINT('',(-2.36395716836,-2.017154404959));
#2652 = CARTESIAN_POINT('',(-2.580640014764,-2.024216787217));
#2653 = CARTESIAN_POINT('',(-2.677093448834,-2.02717069191));
#2654 = CARTESIAN_POINT('',(-2.771771650838,-2.02968738463));
#2655 = CARTESIAN_POINT('',(-2.865132782614,-2.031647684162));
#2656 = CARTESIAN_POINT('',(-2.957600682082,-2.03297761813));
#2657 = CARTESIAN_POINT('',(-3.049603835238,-2.033642550589));
#2658 = CARTESIAN_POINT('',(-3.266066116423,-2.033642550589));
#2659 = CARTESIAN_POINT('',(-3.390688274699,-2.032425249446));
#2660 = CARTESIAN_POINT('',(-3.516555936109,-2.029984840494));
#2661 = CARTESIAN_POINT('',(-3.644591420911,-2.026439154507));
#2662 = CARTESIAN_POINT('',(-3.775816076764,-2.022040840727));
#2663 = CARTESIAN_POINT('',(-3.911307767784,-2.017235412193));
#2664 = CARTESIAN_POINT('',(-4.141095304903,-2.00974939007));
#2665 = CARTESIAN_POINT('',(-4.232375044768,-2.006929076787));
#2666 = CARTESIAN_POINT('',(-4.325781931263,-2.00435657725));
#2667 = CARTESIAN_POINT('',(-4.420822861306,-2.00223967913));
#2668 = CARTESIAN_POINT('',(-4.51713500012,-2.000752574435));
#2669 = CARTESIAN_POINT('',(-4.614418300348,-2.));
#2670 = CARTESIAN_POINT('',(-4.830803279154,-2.));
#2671 = CARTESIAN_POINT('',(-4.94771530891,-2.001099121579));
#2672 = CARTESIAN_POINT('',(-5.062910120553,-2.003250229446));
#2673 = CARTESIAN_POINT('',(-5.176083957927,-2.006234174461));
#2674 = CARTESIAN_POINT('',(-5.286810265022,-2.009717001937));
#2675 = CARTESIAN_POINT('',(-5.394418698249,-2.013335831438));
#2676 = CARTESIAN_POINT('',(-5.617426866535,-2.020838391739));
#2677 = CARTESIAN_POINT('',(-5.73321115275,-2.02473473899));
#2678 = CARTESIAN_POINT('',(-5.846115286385,-2.02815859853));
#2679 = CARTESIAN_POINT('',(-5.956877079437,-2.030867412659));
#2680 = CARTESIAN_POINT('',(-6.066191263321,-2.032718070707));
#2681 = CARTESIAN_POINT('',(-6.17471320788,-2.033642550589));
#2682 = CARTESIAN_POINT('',(-6.28318530718,-2.033642550589));
#2683 = ( GEOMETRIC_REPRESENTATION_CONTEXT(2) 
PARAMETRIC_REPRESENTATION_CONTEXT() REPRESENTATION_CONTEXT('2D SPACE',''
  ) );
#2684 = ADVANCED_FACE('',(#2685),#74,.T.);
#2685 = FACE_BOUND('',#2686,.F.);
#2686 = EDGE_LOOP('',(#2687,#2710,#2737,#2738));
#2687 = ORIENTED_EDGE('',*,*,#2688,.T.);
#2688 = EDGE_CURVE('',#58,#2689,#2691,.T.);
#2689 = VERTEX_POINT('',#2690);
#2690 = CARTESIAN_POINT('',(25.,0.,4.));
#2691 = SEAM_CURVE('',#2692,(#2696,#2703),.PCURVE_S1.);
#2692 = LINE('',#2693,#2694);
#2693 = CARTESIAN_POINT('',(25.,0.,0.));
#2694 = VECTOR('',#2695,1.);
#2695 = DIRECTION('',(0.,0.,1.));
#2696 = PCURVE('',#74,#2697);
#2697 = DEFINITIONAL_REPRESENTATION('',(#2698),#2702);
#2698 = LINE('',#2699,#2700);
#2699 = CARTESIAN_POINT('',(-0.,0.));
#2700 = VECTOR('',#2701,1.);
#2701 = DIRECTION('',(-0.,-1.));
#2702 = ( GEOMETRIC_REPRESENTATION_CONTEXT(2) 
PARAMETRIC_REPRESENTATION_CONTEXT() REPRESENTATION_CONTEXT('2D SPACE',''
  ) );
#2703 = PCURVE('',#74,#2704);
#2704 = DEFINITIONAL_REPRESENTATION('',(#2705),#2709);
#2705 = LINE('',#2706,#2707);
#2706 = CARTESIAN_POINT('',(-6.28318530718,0.));
#2707 = VECTOR('',#2708,1.);
#2708 = DIRECTION('',(-0.,-1.));
#2709 = ( GEOMETRIC_REPRESENTATION_CONTEXT(2) 
PARAMETRIC_REPRESENTATION_CONTEXT() REPRESENTATION_CONTEXT('2D SPACE',''
  ) );
#2710 = ORIENTED_EDGE('',*,*,#2711,.T.);
#2711 = EDGE_CURVE('',#2689,#2689,#2712,.T.);
#2712 = SURFACE_CURVE('',#2713,(#2718,#2725),.PCURVE_S1.);
#2713 = CIRCLE('',#2714,25.);
#2714 = AXIS2_PLACEMENT_3D('',#2715,#2716,#2717);
#2715 = CARTESIAN_POINT('',(0.,0.,4.));
#2716 = DIRECTION('',(0.,0.,1.));
#2717 = DIRECTION('',(1.,0.,0.));
#2718 = PCURVE('',#74,#2719);
#2719 = DEFINITIONAL_REPRESENTATION('',(#2720),#2724);
#2720 = LINE('',#2721,#2722);
#2721 = CARTESIAN_POINT('',(-0.,-4.));
#2722 = VECTOR('',#2723,1.);
#2723 = DIRECTION('',(-1.,0.));
#2724 = ( GEOMETRIC_REPRESENTATION_CONTEXT(2) 
PARAMETRIC_REPRESENTATION_CONTEXT() REPRESENTATION_CONTEXT('2D SPACE',''
  ) );
#2725 = PCURVE('',#2726,#2731);
#2726 = PLANE('',#2727);
#2727 = AXIS2_PLACEMENT_3D('',#2728,#2729,#2730);
#2728 = CARTESIAN_POINT('',(-8.751616848252E-16,1.604946055186E-15,4.));
#2729 = DIRECTION('',(0.,0.,1.));
#2730 = DIRECTION('',(1.,0.,-0.));
#2731 = DEFINITIONAL_REPRESENTATION('',(#2732),#2736);
#2732 = CIRCLE('',#2733,25.);
#2733 = AXIS2_PLACEMENT_2D('',#2734,#2735);
#2734 = CARTESIAN_POINT('',(8.751616848252E-16,-1.604946055186E-15));
#2735 = DIRECTION('',(1.,0.));
#2736 = ( GEOMETRIC_REPRESENTATION_CONTEXT(2) 
PARAMETRIC_REPRESENTATION_CONTEXT() REPRESENTATION_CONTEXT('2D SPACE',''
  ) );
#2737 = ORIENTED_EDGE('',*,*,#2688,.F.);
#2738 = ORIENTED_EDGE('',*,*,#57,.F.);
#2739 = ADVANCED_FACE('',(#2740),#151,.F.);
#2740 = FACE_BOUND('',#2741,.F.);
#2741 = EDGE_LOOP('',(#2742,#2743,#2744,#2745,#2768,#2829,#2921,#2975));
#2742 = ORIENTED_EDGE('',*,*,#174,.T.);
#2743 = ORIENTED_EDGE('',*,*,#281,.T.);
#2744 = ORIENTED_EDGE('',*,*,#113,.T.);
#2745 = ORIENTED_EDGE('',*,*,#2746,.F.);
#2746 = EDGE_CURVE('',#2747,#114,#2749,.T.);
#2747 = VERTEX_POINT('',#2748);
#2748 = CARTESIAN_POINT('',(20.971170687398,1.1,57.));
#2749 = SEAM_CURVE('',#2750,(#2754,#2761),.PCURVE_S1.);
#2750 = LINE('',#2751,#2752);
#2751 = CARTESIAN_POINT('',(20.971170687398,1.1,57.));
#2752 = VECTOR('',#2753,1.);
#2753 = DIRECTION('',(-1.,0.,0.));
#2754 = PCURVE('',#151,#2755);
#2755 = DEFINITIONAL_REPRESENTATION('',(#2756),#2760);
#2756 = LINE('',#2757,#2758);
#2757 = CARTESIAN_POINT('',(6.28318530718,0.971170687398));
#2758 = VECTOR('',#2759,1.);
#2759 = DIRECTION('',(0.,-1.));
#2760 = ( GEOMETRIC_REPRESENTATION_CONTEXT(2) 
PARAMETRIC_REPRESENTATION_CONTEXT() REPRESENTATION_CONTEXT('2D SPACE',''
  ) );
#2761 = PCURVE('',#151,#2762);
#2762 = DEFINITIONAL_REPRESENTATION('',(#2763),#2767);
#2763 = LINE('',#2764,#2765);
#2764 = CARTESIAN_POINT('',(0.,0.971170687398));
#2765 = VECTOR('',#2766,1.);
#2766 = DIRECTION('',(0.,-1.));
#2767 = ( GEOMETRIC_REPRESENTATION_CONTEXT(2) 
PARAMETRIC_REPRESENTATION_CONTEXT() REPRESENTATION_CONTEXT('2D SPACE',''
  ) );
#2768 = ORIENTED_EDGE('',*,*,#2769,.F.);
#2769 = EDGE_CURVE('',#2770,#2747,#2772,.T.);
#2770 = VERTEX_POINT('',#2771);
#2771 = CARTESIAN_POINT('',(21.,0.,55.9));
#2772 = SURFACE_CURVE('',#2773,(#2788,#2806),.PCURVE_S1.);
#2773 = B_SPLINE_CURVE_WITH_KNOTS('',7,(#2774,#2775,#2776,#2777,#2778,
    #2779,#2780,#2781,#2782,#2783,#2784,#2785,#2786,#2787),
  .UNSPECIFIED.,.F.,.F.,(8,6,8),(0.,0.463477045215,1.),.UNSPECIFIED.);
#2774 = CARTESIAN_POINT('',(21.,1.357658087456E-15,55.9));
#2775 = CARTESIAN_POINT('',(21.,0.130252592563,55.9));
#2776 = CARTESIAN_POINT('',(20.999057925514,0.258859688613,
    55.917994424434));
#2777 = CARTESIAN_POINT('',(20.997214107136,0.382588265729,
    55.95316231934));
#2778 = CARTESIAN_POINT('',(20.994656470807,0.498477042748,
    56.003882179631));
#2779 = CARTESIAN_POINT('',(20.991671464983,0.604023662347,
    56.067779662492));
#2780 = CARTESIAN_POINT('',(20.988570270665,0.697417408572,
    56.141782489962));
#2781 = CARTESIAN_POINT('',(20.982140661257,0.870888892356,
    56.315253973745));
#2782 = CARTESIAN_POINT('',(20.978801809759,0.94796037972,
    56.418310720396));
#2783 = CARTESIAN_POINT('',(20.975868392541,1.009128409361,
    56.528428844371));
#2784 = CARTESIAN_POINT('',(20.973547886683,1.054680398976,
    56.643376422609));
#2785 = CARTESIAN_POINT('',(20.971962598894,1.084902203506,
    56.761322018178));
#2786 = CARTESIAN_POINT('',(20.971170687398,1.1,56.880688629889));
#2787 = CARTESIAN_POINT('',(20.971170687398,1.1,57.));
#2788 = PCURVE('',#151,#2789);
#2789 = DEFINITIONAL_REPRESENTATION('',(#2790),#2805);
#2790 = B_SPLINE_CURVE_WITH_KNOTS('',7,(#2791,#2792,#2793,#2794,#2795,
    #2796,#2797,#2798,#2799,#2800,#2801,#2802,#2803,#2804),
  .UNSPECIFIED.,.F.,.F.,(8,6,8),(0.,0.463477045215,1.),.UNSPECIFIED.);
#2791 = CARTESIAN_POINT('',(4.712388980385,1.));
#2792 = CARTESIAN_POINT('',(4.830800428169,1.));
#2793 = CARTESIAN_POINT('',(4.947715264932,0.999057925514));
#2794 = CARTESIAN_POINT('',(5.062910286435,0.997214107136));
#2795 = CARTESIAN_POINT('',(5.176086031384,0.994656470807));
#2796 = CARTESIAN_POINT('',(5.28681509246,0.991671464983));
#2797 = CARTESIAN_POINT('',(5.394420923635,0.988570270665));
#2798 = CARTESIAN_POINT('',(5.617444310045,0.982140661257));
#2799 = CARTESIAN_POINT('',(5.733235274708,0.978801809759));
#2800 = CARTESIAN_POINT('',(5.84613949055,0.975868392541));
#2801 = CARTESIAN_POINT('',(5.9568973055,0.973547886683));
#2802 = CARTESIAN_POINT('',(6.066205474514,0.971962598894));
#2803 = CARTESIAN_POINT('',(6.17472042526,0.971170687398));
#2804 = CARTESIAN_POINT('',(6.28318530718,0.971170687398));
#2805 = ( GEOMETRIC_REPRESENTATION_CONTEXT(2) 
PARAMETRIC_REPRESENTATION_CONTEXT() REPRESENTATION_CONTEXT('2D SPACE',''
  ) );
#2806 = PCURVE('',#2807,#2812);
#2807 = CYLINDRICAL_SURFACE('',#2808,21.);
#2808 = AXIS2_PLACEMENT_3D('',#2809,#2810,#2811);
#2809 = CARTESIAN_POINT('',(0.,0.,0.));
#2810 = DIRECTION('',(-0.,-0.,-1.));
#2811 = DIRECTION('',(1.,0.,0.));
#2812 = DEFINITIONAL_REPRESENTATION('',(#2813),#2828);
#2813 = B_SPLINE_CURVE_WITH_KNOTS('',7,(#2814,#2815,#2816,#2817,#2818,
    #2819,#2820,#2821,#2822,#2823,#2824,#2825,#2826,#2827),
  .UNSPECIFIED.,.F.,.F.,(8,6,8),(0.,0.463477045215,1.),.UNSPECIFIED.);
#2814 = CARTESIAN_POINT('',(0.,-55.9));
#2815 = CARTESIAN_POINT('',(-6.202504407773E-03,-55.9));
#2816 = CARTESIAN_POINT('',(-1.232665179521E-02,-55.91799442443));
#2817 = CARTESIAN_POINT('',(-1.8218877843E-02,-55.95316231934));
#2818 = CARTESIAN_POINT('',(-2.373852039673E-02,-56.00388217963));
#2819 = CARTESIAN_POINT('',(-2.876645863729E-02,-56.06777966249));
#2820 = CARTESIAN_POINT('',(-3.321619798049E-02,-56.14178248996));
#2821 = CARTESIAN_POINT('',(-4.14824169122E-02,-56.31525397374));
#2822 = CARTESIAN_POINT('',(-4.515585830121E-02,-56.41831072039));
#2823 = CARTESIAN_POINT('',(-4.807193956869E-02,-56.52842884437));
#2824 = CARTESIAN_POINT('',(-5.024389252948E-02,-56.6433764226));
#2825 = CARTESIAN_POINT('',(-5.168500446844E-02,-56.76132201817));
#2826 = CARTESIAN_POINT('',(-5.240493550132E-02,-56.88068862988));
#2827 = CARTESIAN_POINT('',(-5.240493550132E-02,-57.));
#2828 = ( GEOMETRIC_REPRESENTATION_CONTEXT(2) 
PARAMETRIC_REPRESENTATION_CONTEXT() REPRESENTATION_CONTEXT('2D SPACE',''
  ) );
#2829 = ORIENTED_EDGE('',*,*,#2830,.F.);
#2830 = EDGE_CURVE('',#2831,#2770,#2833,.T.);
#2831 = VERTEX_POINT('',#2832);
#2832 = CARTESIAN_POINT('',(21.,0.,58.1));
#2833 = SURFACE_CURVE('',#2834,(#2861,#2891),.PCURVE_S1.);
#2834 = B_SPLINE_CURVE_WITH_KNOTS('',7,(#2835,#2836,#2837,#2838,#2839,
    #2840,#2841,#2842,#2843,#2844,#2845,#2846,#2847,#2848,#2849,#2850,
    #2851,#2852,#2853,#2854,#2855,#2856,#2857,#2858,#2859,#2860),
  .UNSPECIFIED.,.F.,.F.,(8,6,6,6,8),(0.,0.271654628207,0.499293714483,
    0.807307878747,1.),.UNSPECIFIED.);
#2835 = CARTESIAN_POINT('',(21.,-1.998401444325E-15,58.1));
#2836 = CARTESIAN_POINT('',(21.,-0.153609747136,58.1));
#2837 = CARTESIAN_POINT('',(20.998689084749,-0.304135129328,
    58.074974140738));
#2838 = CARTESIAN_POINT('',(20.996162235015,-0.446738448607,
    58.026730353979));
#2839 = CARTESIAN_POINT('',(20.992757670519,-0.577212767422,
    57.95816874079));
#2840 = CARTESIAN_POINT('',(20.988982874994,-0.692232780172,
    57.873202640915));
#2841 = CARTESIAN_POINT('',(20.985297792798,-0.78968668915,
    57.776667688068));
#2842 = CARTESIAN_POINT('',(20.979246115801,-0.935775766371,
    57.588330784567));
#2843 = CARTESIAN_POINT('',(20.976715018833,-0.990911060183,
    57.496815722474));
#2844 = CARTESIAN_POINT('',(20.974558835799,-1.034730826253,
    57.401188123639));
#2845 = CARTESIAN_POINT('',(20.97287951923,-1.06741953065,57.30269276489
    ));
#2846 = CARTESIAN_POINT('',(20.971740278048,-1.089141765084,
    57.202378387363));
#2847 = CARTESIAN_POINT('',(20.971170687398,-1.1,57.101181607403));
#2848 = CARTESIAN_POINT('',(20.971170687398,-1.1,56.86309307091));
#2849 = CARTESIAN_POINT('',(20.972213357804,-1.080120871357,
    56.726020585177));
#2850 = CARTESIAN_POINT('',(20.9743037175,-1.040273591172,
    56.591041003752));
#2851 = CARTESIAN_POINT('',(20.977341133366,-0.980084270979,
    56.460629507551));
#2852 = CARTESIAN_POINT('',(20.981109725329,-0.899125000469,
    56.337758089453));
#2853 = CARTESIAN_POINT('',(20.985227980431,-0.797069398668,
    56.226138499752));
#2854 = CARTESIAN_POINT('',(20.991643856251,-0.597329875547,
    56.071204644121));
#2855 = CARTESIAN_POINT('',(20.994060909921,-0.511841133395,
    56.017595526512));
#2856 = CARTESIAN_POINT('',(20.996265809766,-0.418620334664,
    55.972162012589));
#2857 = CARTESIAN_POINT('',(20.998080338748,-0.319031146347,
    55.936640355313));
#2858 = CARTESIAN_POINT('',(20.999355018836,-0.214774160209,
    55.912316429983));
#2859 = CARTESIAN_POINT('',(21.,-0.107760932001,55.9));
#2860 = CARTESIAN_POINT('',(21.,-1.110223024625E-15,55.9));
#2861 = PCURVE('',#151,#2862);
#2862 = DEFINITIONAL_REPRESENTATION('',(#2863),#2890);
#2863 = B_SPLINE_CURVE_WITH_KNOTS('',7,(#2864,#2865,#2866,#2867,#2868,
    #2869,#2870,#2871,#2872,#2873,#2874,#2875,#2876,#2877,#2878,#2879,
    #2880,#2881,#2882,#2883,#2884,#2885,#2886,#2887,#2888,#2889),
  .UNSPECIFIED.,.F.,.F.,(8,6,6,6,8),(0.,0.271654628207,0.499293714483,
    0.807307878747,1.),.UNSPECIFIED.);
#2864 = CARTESIAN_POINT('',(1.570796326795,1.));
#2865 = CARTESIAN_POINT('',(1.710441551464,1.));
#2866 = CARTESIAN_POINT('',(1.847282792903,0.998689084749));
#2867 = CARTESIAN_POINT('',(1.981369988754,0.996162235015));
#2868 = CARTESIAN_POINT('',(2.112523788674,0.992757670519));
#2869 = CARTESIAN_POINT('',(2.24032083708,0.988982874994));
#2870 = CARTESIAN_POINT('',(2.363964264771,0.985297792798));
#2871 = CARTESIAN_POINT('',(2.580650059505,0.979246115801));
#2872 = CARTESIAN_POINT('',(2.677108834029,0.976715018833));
#2873 = CARTESIAN_POINT('',(2.771788445092,0.974558835799));
#2874 = CARTESIAN_POINT('',(2.865147825332,0.97287951923));
#2875 = CARTESIAN_POINT('',(2.957611646102,0.971740278048));
#2876 = CARTESIAN_POINT('',(3.049609374133,0.971170687398));
#2877 = CARTESIAN_POINT('',(3.266053498217,0.971170687398));
#2878 = CARTESIAN_POINT('',(3.390664354571,0.972213357804));
#2879 = CARTESIAN_POINT('',(3.516524333789,0.9743037175));
#2880 = CARTESIAN_POINT('',(3.644557143905,0.977341133366));
#2881 = CARTESIAN_POINT('',(3.775785450887,0.981109725329));
#2882 = CARTESIAN_POINT('',(3.911287969934,0.985227980431));
#2883 = CARTESIAN_POINT('',(4.141092732052,0.991643856251));
#2884 = CARTESIAN_POINT('',(4.23237127992,0.994060909921));
#2885 = CARTESIAN_POINT('',(4.32577972466,0.996265809766));
#2886 = CARTESIAN_POINT('',(4.420824185738,0.998080338748));
#2887 = CARTESIAN_POINT('',(4.517140043412,0.999355018836));
#2888 = CARTESIAN_POINT('',(4.614424496747,1.));
#2889 = CARTESIAN_POINT('',(4.712388980385,1.));
#2890 = ( GEOMETRIC_REPRESENTATION_CONTEXT(2) 
PARAMETRIC_REPRESENTATION_CONTEXT() REPRESENTATION_CONTEXT('2D SPACE',''
  ) );
#2891 = PCURVE('',#2807,#2892);
#2892 = DEFINITIONAL_REPRESENTATION('',(#2893),#2920);
#2893 = B_SPLINE_CURVE_WITH_KNOTS('',7,(#2894,#2895,#2896,#2897,#2898,
    #2899,#2900,#2901,#2902,#2903,#2904,#2905,#2906,#2907,#2908,#2909,
    #2910,#2911,#2912,#2913,#2914,#2915,#2916,#2917,#2918,#2919),
  .UNSPECIFIED.,.F.,.F.,(8,6,6,6,8),(0.,0.271654628207,0.499293714483,
    0.807307878747,1.),.UNSPECIFIED.);
#2894 = CARTESIAN_POINT('',(-6.28318530718,-58.1));
#2895 = CARTESIAN_POINT('',(-6.275870557316,-58.1));
#2896 = CARTESIAN_POINT('',(-6.268702680887,-58.07497414073));
#2897 = CARTESIAN_POINT('',(-6.261911413424,-58.02673035397));
#2898 = CARTESIAN_POINT('',(-6.255696530525,-57.95816874079));
#2899 = CARTESIAN_POINT('',(-6.250216546912,-57.87320264091));
#2900 = CARTESIAN_POINT('',(-6.245572599125,-57.77666768806));
#2901 = CARTESIAN_POINT('',(-6.238610010194,-57.58833078456));
#2902 = CARTESIAN_POINT('',(-6.235981781124,-57.49681572247));
#2903 = CARTESIAN_POINT('',(-6.233892612087,-57.40118812363));
#2904 = CARTESIAN_POINT('',(-6.232333954934,-57.30269276489));
#2905 = CARTESIAN_POINT('',(-6.231298141476,-57.20237838736));
#2906 = CARTESIAN_POINT('',(-6.230780371678,-57.1011816074));
#2907 = CARTESIAN_POINT('',(-6.230780371678,-56.86309307091));
#2908 = CARTESIAN_POINT('',(-6.231728298304,-56.72602058517));
#2909 = CARTESIAN_POINT('',(-6.233628395792,-56.59104100375));
#2910 = CARTESIAN_POINT('',(-6.236498198266,-56.46062950755));
#2911 = CARTESIAN_POINT('',(-6.240357505118,-56.33775808945));
#2912 = CARTESIAN_POINT('',(-6.245221086189,-56.22613849975));
#2913 = CARTESIAN_POINT('',(-6.25473739759,-56.07120464412));
#2914 = CARTESIAN_POINT('',(-6.258809887067,-56.01759552651));
#2915 = CARTESIAN_POINT('',(-6.26325013465,-55.97216201258));
#2916 = CARTESIAN_POINT('',(-6.267993128143,-55.93664035531));
#2917 = CARTESIAN_POINT('',(-6.272957965919,-55.91231642998));
#2918 = CARTESIAN_POINT('',(-6.278053834227,-55.9));
#2919 = CARTESIAN_POINT('',(-6.28318530718,-55.9));
#2920 = ( GEOMETRIC_REPRESENTATION_CONTEXT(2) 
PARAMETRIC_REPRESENTATION_CONTEXT() REPRESENTATION_CONTEXT('2D SPACE',''
  ) );
#2921 = ORIENTED_EDGE('',*,*,#2922,.F.);
#2922 = EDGE_CURVE('',#2747,#2831,#2923,.T.);
#2923 = SURFACE_CURVE('',#2924,(#2939,#2957),.PCURVE_S1.);
#2924 = B_SPLINE_CURVE_WITH_KNOTS('',7,(#2925,#2926,#2927,#2928,#2929,
    #2930,#2931,#2932,#2933,#2934,#2935,#2936,#2937,#2938),
  .UNSPECIFIED.,.F.,.F.,(8,6,8),(0.,0.615226106145,1.),.UNSPECIFIED.);
#2925 = CARTESIAN_POINT('',(20.971170687398,1.1,57.));
#2926 = CARTESIAN_POINT('',(20.971170687398,1.1,57.13690692909));
#2927 = CARTESIAN_POINT('',(20.972213357804,1.080120871357,
    57.273979414824));
#2928 = CARTESIAN_POINT('',(20.9743037175,1.040273591172,57.408958996248
    ));
#2929 = CARTESIAN_POINT('',(20.977341133366,0.980084270978,
    57.539370492449));
#2930 = CARTESIAN_POINT('',(20.981109725329,0.89912500047,
    57.662241910546));
#2931 = CARTESIAN_POINT('',(20.985227980431,0.797069398668,
    57.773861500248));
#2932 = CARTESIAN_POINT('',(20.991643160318,0.597351541408,
    57.928778550115));
#2933 = CARTESIAN_POINT('',(20.994060508657,0.511859008277,
    57.982397780413));
#2934 = CARTESIAN_POINT('',(20.996266157643,0.41861639946,
    58.027845705008));
#2935 = CARTESIAN_POINT('',(20.998081078258,0.319000100368,
    58.063373712578));
#2936 = CARTESIAN_POINT('',(20.999355502271,0.214725818322,
    58.087693062686));
#2937 = CARTESIAN_POINT('',(21.,0.10771950143,58.1));
#2938 = CARTESIAN_POINT('',(21.,6.500841215985E-16,58.1));
#2939 = PCURVE('',#151,#2940);
#2940 = DEFINITIONAL_REPRESENTATION('',(#2941),#2956);
#2941 = B_SPLINE_CURVE_WITH_KNOTS('',7,(#2942,#2943,#2944,#2945,#2946,
    #2947,#2948,#2949,#2950,#2951,#2952,#2953,#2954,#2955),
  .UNSPECIFIED.,.F.,.F.,(8,6,8),(0.,0.615226106145,1.),.UNSPECIFIED.);
#2942 = CARTESIAN_POINT('',(0.,0.971170687398));
#2943 = CARTESIAN_POINT('',(0.124460844627,0.971170687398));
#2944 = CARTESIAN_POINT('',(0.249071700982,0.972213357804));
#2945 = CARTESIAN_POINT('',(0.374931680198,0.9743037175));
#2946 = CARTESIAN_POINT('',(0.502964490316,0.977341133366));
#2947 = CARTESIAN_POINT('',(0.634192797297,0.981109725329));
#2948 = CARTESIAN_POINT('',(0.769695316345,0.985227980431));
#2949 = CARTESIAN_POINT('',(0.999475151407,0.991643160318));
#2950 = CARTESIAN_POINT('',(1.090762035127,0.994060508657));
#2951 = CARTESIAN_POINT('',(1.184193268054,0.996266157643));
#2952 = CARTESIAN_POINT('',(1.27926152316,0.998081078258));
#2953 = CARTESIAN_POINT('',(1.375591319068,0.999355502271));
#2954 = CARTESIAN_POINT('',(1.472869507313,1.));
#2955 = CARTESIAN_POINT('',(1.570796326795,1.));
#2956 = ( GEOMETRIC_REPRESENTATION_CONTEXT(2) 
PARAMETRIC_REPRESENTATION_CONTEXT() REPRESENTATION_CONTEXT('2D SPACE',''
  ) );
#2957 = PCURVE('',#2807,#2958);
#2958 = DEFINITIONAL_REPRESENTATION('',(#2959),#2974);
#2959 = B_SPLINE_CURVE_WITH_KNOTS('',7,(#2960,#2961,#2962,#2963,#2964,
    #2965,#2966,#2967,#2968,#2969,#2970,#2971,#2972,#2973),
  .UNSPECIFIED.,.F.,.F.,(8,6,8),(0.,0.615226106145,1.),.UNSPECIFIED.);
#2960 = CARTESIAN_POINT('',(-5.240493550132E-02,-57.));
#2961 = CARTESIAN_POINT('',(-5.240493550132E-02,-57.13690692909));
#2962 = CARTESIAN_POINT('',(-5.145700887595E-02,-57.27397941482));
#2963 = CARTESIAN_POINT('',(-4.95569113873E-02,-57.40895899624));
#2964 = CARTESIAN_POINT('',(-4.668710891313E-02,-57.53937049244));
#2965 = CARTESIAN_POINT('',(-4.28278020616E-02,-57.66224191054));
#2966 = CARTESIAN_POINT('',(-3.796422099016E-02,-57.77386150024));
#2967 = CARTESIAN_POINT('',(-2.844894182932E-02,-57.92877855011));
#2968 = CARTESIAN_POINT('',(-2.437627143338E-02,-57.98239778041));
#2969 = CARTESIAN_POINT('',(-1.993498483179E-02,-58.027845705));
#2970 = CARTESIAN_POINT('',(-1.519070037187E-02,-58.06337371257));
#2971 = CARTESIAN_POINT('',(-1.022503926278E-02,-58.08769306268));
#2972 = CARTESIAN_POINT('',(-5.129500068103E-03,-58.1));
#2973 = CARTESIAN_POINT('',(0.,-58.1));
#2974 = ( GEOMETRIC_REPRESENTATION_CONTEXT(2) 
PARAMETRIC_REPRESENTATION_CONTEXT() REPRESENTATION_CONTEXT('2D SPACE',''
  ) );
#2975 = ORIENTED_EDGE('',*,*,#2746,.T.);
#2976 = ADVANCED_FACE('',(#2977,#2980),#268,.T.);
#2977 = FACE_BOUND('',#2978,.T.);
#2978 = EDGE_LOOP('',(#2979));
#2979 = ORIENTED_EDGE('',*,*,#253,.F.);
#2980 = FACE_BOUND('',#2981,.T.);
#2981 = EDGE_LOOP('',(#2982));
#2982 = ORIENTED_EDGE('',*,*,#2983,.T.);
#2983 = EDGE_CURVE('',#2984,#2984,#2986,.T.);
#2984 = VERTEX_POINT('',#2985);
#2985 = CARTESIAN_POINT('',(25.,0.,88.));
#2986 = SURFACE_CURVE('',#2987,(#2992,#2999),.PCURVE_S1.);
#2987 = CIRCLE('',#2988,25.);
#2988 = AXIS2_PLACEMENT_3D('',#2989,#2990,#2991);
#2989 = CARTESIAN_POINT('',(0.,0.,88.));
#2990 = DIRECTION('',(0.,0.,1.));
#2991 = DIRECTION('',(1.,0.,0.));
#2992 = PCURVE('',#268,#2993);
#2993 = DEFINITIONAL_REPRESENTATION('',(#2994),#2998);
#2994 = CIRCLE('',#2995,25.);
#2995 = AXIS2_PLACEMENT_2D('',#2996,#2997);
#2996 = CARTESIAN_POINT('',(1.041859148601E-15,-1.846063891983E-16));
#2997 = DIRECTION('',(1.,0.));
#2998 = ( GEOMETRIC_REPRESENTATION_CONTEXT(2) 
PARAMETRIC_REPRESENTATION_CONTEXT() REPRESENTATION_CONTEXT('2D SPACE',''
  ) );
#2999 = PCURVE('',#3000,#3005);
#3000 = CYLINDRICAL_SURFACE('',#3001,25.);
#3001 = AXIS2_PLACEMENT_3D('',#3002,#3003,#3004);
#3002 = CARTESIAN_POINT('',(0.,0.,84.));
#3003 = DIRECTION('',(-0.,-0.,-1.));
#3004 = DIRECTION('',(1.,0.,0.));
#3005 = DEFINITIONAL_REPRESENTATION('',(#3006),#3010);
#3006 = LINE('',#3007,#3008);
#3007 = CARTESIAN_POINT('',(-0.,-4.));
#3008 = VECTOR('',#3009,1.);
#3009 = DIRECTION('',(-1.,0.));
#3010 = ( GEOMETRIC_REPRESENTATION_CONTEXT(2) 
PARAMETRIC_REPRESENTATION_CONTEXT() REPRESENTATION_CONTEXT('2D SPACE',''
  ) );
#3011 = ADVANCED_FACE('',(#3012),#616,.F.);
#3012 = FACE_BOUND('',#3013,.F.);
#3013 = EDGE_LOOP('',(#3014,#3015,#3038,#3311));
#3014 = ORIENTED_EDGE('',*,*,#374,.T.);
#3015 = ORIENTED_EDGE('',*,*,#3016,.F.);
#3016 = EDGE_CURVE('',#3017,#375,#3019,.T.);
#3017 = VERTEX_POINT('',#3018);
#3018 = CARTESIAN_POINT('',(14.445667226812,15.242135623731,64.));
#3019 = SEAM_CURVE('',#3020,(#3024,#3031),.PCURVE_S1.);
#3020 = LINE('',#3021,#3022);
#3021 = CARTESIAN_POINT('',(14.445667226812,15.242135623731,64.));
#3022 = VECTOR('',#3023,1.);
#3023 = DIRECTION('',(-1.,0.,0.));
#3024 = PCURVE('',#616,#3025);
#3025 = DEFINITIONAL_REPRESENTATION('',(#3026),#3030);
#3026 = LINE('',#3027,#3028);
#3027 = CARTESIAN_POINT('',(6.28318530718,0.303531603081));
#3028 = VECTOR('',#3029,1.);
#3029 = DIRECTION('',(0.,-1.));
#3030 = ( GEOMETRIC_REPRESENTATION_CONTEXT(2) 
PARAMETRIC_REPRESENTATION_CONTEXT() REPRESENTATION_CONTEXT('2D SPACE',''
  ) );
#3031 = PCURVE('',#616,#3032);
#3032 = DEFINITIONAL_REPRESENTATION('',(#3033),#3037);
#3033 = LINE('',#3034,#3035);
#3034 = CARTESIAN_POINT('',(0.,0.303531603081));
#3035 = VECTOR('',#3036,1.);
#3036 = DIRECTION('',(0.,-1.));
#3037 = ( GEOMETRIC_REPRESENTATION_CONTEXT(2) 
PARAMETRIC_REPRESENTATION_CONTEXT() REPRESENTATION_CONTEXT('2D SPACE',''
  ) );
#3038 = ORIENTED_EDGE('',*,*,#3039,.F.);
#3039 = EDGE_CURVE('',#3017,#3017,#3040,.T.);
#3040 = SURFACE_CURVE('',#3041,(#3129,#3220),.PCURVE_S1.);
#3041 = B_SPLINE_CURVE_WITH_KNOTS('',6,(#3042,#3043,#3044,#3045,#3046,
    #3047,#3048,#3049,#3050,#3051,#3052,#3053,#3054,#3055,#3056,#3057,
    #3058,#3059,#3060,#3061,#3062,#3063,#3064,#3065,#3066,#3067,#3068,
    #3069,#3070,#3071,#3072,#3073,#3074,#3075,#3076,#3077,#3078,#3079,
    #3080,#3081,#3082,#3083,#3084,#3085,#3086,#3087,#3088,#3089,#3090,
    #3091,#3092,#3093,#3094,#3095,#3096,#3097,#3098,#3099,#3100,#3101,
    #3102,#3103,#3104,#3105,#3106,#3107,#3108,#3109,#3110,#3111,#3112,
    #3113,#3114,#3115,#3116,#3117,#3118,#3119,#3120,#3121,#3122,#3123,
    #3124,#3125,#3126,#3127,#3128),.UNSPECIFIED.,.T.,.F.,(7,5,5,5,5,5,5,
    5,5,5,5,5,5,5,5,5,5,7),(0.,8.536598906377E-02,0.14486845618,
    0.205744103748,0.285037467241,0.326095928829,0.368376627859,
    0.422801565515,0.499974523501,0.544264826357,0.577219470229,
    0.630972204167,0.673865525282,0.714741378457,0.793688647737,
    0.85615527143,0.915959991679,1.),.UNSPECIFIED.);
#3042 = CARTESIAN_POINT('',(14.445667226812,15.242135623731,64.));
#3043 = CARTESIAN_POINT('',(14.445667226812,15.242135623731,
    64.104483358025));
#3044 = CARTESIAN_POINT('',(14.45823279852,15.230226485958,
    64.208505374215));
#3045 = CARTESIAN_POINT('',(14.483157540825,15.206604992574,
    64.310090463664));
#3046 = CARTESIAN_POINT('',(14.519510570793,15.172002008234,
    64.407313207034));
#3047 = CARTESIAN_POINT('',(14.565681485487,15.127674683888,
    64.498433950813));
#3048 = CARTESIAN_POINT('',(14.656998251033,15.039120053853,
    64.640424189018));
#3049 = CARTESIAN_POINT('',(14.698344955872,14.998806798685,
    64.69532448999));
#3050 = CARTESIAN_POINT('',(14.743037993717,14.954945037747,
    64.746608862198));
#3051 = CARTESIAN_POINT('',(14.790603726466,14.907911492268,
    64.794111316946));
#3052 = CARTESIAN_POINT('',(14.840589696546,14.858072967029,
    64.837694070803));
#3053 = CARTESIAN_POINT('',(14.945741829862,14.752304556626,
    64.917710279504));
#3054 = CARTESIAN_POINT('',(15.001031375928,14.696229957412,
    64.953978959424));
#3055 = CARTESIAN_POINT('',(15.058032680088,14.637896115201,
    64.985963608013));
#3056 = CARTESIAN_POINT('',(15.116376537304,14.577614020415,
    65.013577412125));
#3057 = CARTESIAN_POINT('',(15.17572346968,14.515682121261,
    65.036732865099));
#3058 = CARTESIAN_POINT('',(15.313961950179,14.369950632755,
    65.079575878428));
#3059 = CARTESIAN_POINT('',(15.393377982065,14.285158052723,
    65.096108261657));
#3060 = CARTESIAN_POINT('',(15.473245692921,14.198726652655,
    65.104694133764));
#3061 = CARTESIAN_POINT('',(15.552835649122,14.111398907302,
    65.105117519972));
#3062 = CARTESIAN_POINT('',(15.631444396343,14.023957594711,
    65.097189441514));
#3063 = CARTESIAN_POINT('',(15.748227901669,13.892333196893,
    65.072234865327));
#3064 = CARTESIAN_POINT('',(15.787610248524,13.847635744434,
    65.061441372828));
#3065 = CARTESIAN_POINT('',(15.826416460791,13.803286451887,
    65.048352352176));
#3066 = CARTESIAN_POINT('',(15.864532137045,13.759429201109,
    65.032962519193));
#3067 = CARTESIAN_POINT('',(15.901845839518,13.716210284101,
    65.015276685339));
#3068 = CARTESIAN_POINT('',(15.975736008872,13.630083400217,
    64.974748450131));
#3069 = CARTESIAN_POINT('',(16.012257748255,13.587222542337,
    64.951768031949));
#3070 = CARTESIAN_POINT('',(16.047676988694,13.545379749975,
    64.926395036289));
#3071 = CARTESIAN_POINT('',(16.081864158761,13.504736869026,
    64.898674414748));
#3072 = CARTESIAN_POINT('',(16.114697109859,13.465472253177,
    64.868669291761));
#3073 = CARTESIAN_POINT('',(16.186433018411,13.379214202954,
    64.795000913307));
#3074 = CARTESIAN_POINT('',(16.224371098817,13.33323970612,
    64.749889521159));
#3075 = CARTESIAN_POINT('',(16.259602222112,13.290238659924,
    64.701328348942));
#3076 = CARTESIAN_POINT('',(16.291889282123,13.250582145954,
    64.649577759594));
#3077 = CARTESIAN_POINT('',(16.321029291033,13.214601583639,
    64.594953558003));
#3078 = CARTESIAN_POINT('',(16.383467351721,13.137176249341,
    64.45681567124));
#3079 = CARTESIAN_POINT('',(16.413405252179,13.099742564239,
    64.370786921721));
#3080 = CARTESIAN_POINT('',(16.436182492226,13.071085386179,
    64.28079974219));
#3081 = CARTESIAN_POINT('',(16.451477012587,13.051783580577,
    64.18810029105));
#3082 = CARTESIAN_POINT('',(16.459122041355,13.042135623731,
    64.094042152595));
#3083 = CARTESIAN_POINT('',(16.459122041355,13.042135623731,
    63.946028304106));
#3084 = CARTESIAN_POINT('',(16.456603914635,13.04531345346,
    63.892054387383));
#3085 = CARTESIAN_POINT('',(16.451567687521,13.051669253027,
    63.838337403389));
#3086 = CARTESIAN_POINT('',(16.444030706939,13.061171333905,
    63.785131901168));
#3087 = CARTESIAN_POINT('',(16.434027846034,13.07375713252,
    63.732685772406));
#3088 = CARTESIAN_POINT('',(16.412373359157,13.100924410154,
    63.642958115492));
#3089 = CARTESIAN_POINT('',(16.401798947313,13.114170842238,
    63.605230420821));
#3090 = CARTESIAN_POINT('',(16.389910265647,13.129034894234,
    63.568154108057));
#3091 = CARTESIAN_POINT('',(16.376734496855,13.145469650556,
    63.531823026794));
#3092 = CARTESIAN_POINT('',(16.362304214949,13.163419845887,
    63.496325882735));
#3093 = CARTESIAN_POINT('',(16.321135644635,13.214468742766,
    63.405342943897));
#3094 = CARTESIAN_POINT('',(16.292379216362,13.249976151929,
    63.351384816827));
#3095 = CARTESIAN_POINT('',(16.260552374865,13.289070577658,
    63.300226328652));
#3096 = CARTESIAN_POINT('',(16.225850412401,13.331433163337,
    63.252172180404));
#3097 = CARTESIAN_POINT('',(16.188501130206,13.376707169008,
    63.207474369771));
#3098 = CARTESIAN_POINT('',(16.117058964524,13.462647231809,
    63.133496501884));
#3099 = CARTESIAN_POINT('',(16.083832535191,13.502396464061,
    63.102925815267));
#3100 = CARTESIAN_POINT('',(16.049206907348,13.543572193623,
    63.074702888215));
#3101 = CARTESIAN_POINT('',(16.013309511347,13.585988165298,
    63.048894362565));
#3102 = CARTESIAN_POINT('',(15.976275697949,13.629454334959,
    63.02554756551));
#3103 = CARTESIAN_POINT('',(15.902011054336,13.716017708586,
    62.98481393382));
#3104 = CARTESIAN_POINT('',(15.864870529619,13.759037253491,
    62.967197905832));
#3105 = CARTESIAN_POINT('',(15.826934646362,13.802690197135,
    62.951857010589));
#3106 = CARTESIAN_POINT('',(15.788313468504,13.846832043135,
    62.938796125704));
#3107 = CARTESIAN_POINT('',(15.7491199975,13.89132063931,62.928010154137
    ));
#3108 = CARTESIAN_POINT('',(15.63289084293,14.022340753925,
    62.903016730579));
#3109 = CARTESIAN_POINT('',(15.554652187151,14.109389342957,
    62.894987969493));
#3110 = CARTESIAN_POINT('',(15.47543090683,14.19633711521,
    62.895239074688));
#3111 = CARTESIAN_POINT('',(15.395921615961,14.282410300615,
    62.903584056098));
#3112 = CARTESIAN_POINT('',(15.316844305787,14.366874973983,
    62.919809912765));
#3113 = CARTESIAN_POINT('',(15.177319770253,14.514027293924,
    62.962561613738));
#3114 = CARTESIAN_POINT('',(15.116402292771,14.577608799537,
    62.986238518947));
#3115 = CARTESIAN_POINT('',(15.05653676318,14.639456747237,
    63.014610059674));
#3116 = CARTESIAN_POINT('',(14.99809005091,14.699248595774,
    63.047581699268));
#3117 = CARTESIAN_POINT('',(14.941462014553,14.756647859495,
    63.085059513869));
#3118 = CARTESIAN_POINT('',(14.835033008566,14.863621466261,
    63.167050974577));
#3119 = CARTESIAN_POINT('',(14.785014083187,14.913455079689,
    63.211220023435));
#3120 = CARTESIAN_POINT('',(14.737472503188,14.960428774096,
    63.259339740108));
#3121 = CARTESIAN_POINT('',(14.69287078859,15.004167864082,
    63.311267186691));
#3122 = CARTESIAN_POINT('',(14.651692131354,15.044288247398,
    63.366829919383));
#3123 = CARTESIAN_POINT('',(14.562088960585,15.131122872546,
    63.508725523493));
#3124 = CARTESIAN_POINT('',(14.517250315717,15.174153410678,
    63.59878405455));
#3125 = CARTESIAN_POINT('',(14.4819919912,15.207709571954,
    63.694689579747));
#3126 = CARTESIAN_POINT('',(14.457838468262,15.230600227981,
    63.794767531322));
#3127 = CARTESIAN_POINT('',(14.445667226812,15.242135623731,
    63.897169220811));
#3128 = CARTESIAN_POINT('',(14.445667226812,15.242135623731,64.));
#3129 = PCURVE('',#616,#3130);
#3130 = DEFINITIONAL_REPRESENTATION('',(#3131),#3219);
#3131 = B_SPLINE_CURVE_WITH_KNOTS('',6,(#3132,#3133,#3134,#3135,#3136,
    #3137,#3138,#3139,#3140,#3141,#3142,#3143,#3144,#3145,#3146,#3147,
    #3148,#3149,#3150,#3151,#3152,#3153,#3154,#3155,#3156,#3157,#3158,
    #3159,#3160,#3161,#3162,#3163,#3164,#3165,#3166,#3167,#3168,#3169,
    #3170,#3171,#3172,#3173,#3174,#3175,#3176,#3177,#3178,#3179,#3180,
    #3181,#3182,#3183,#3184,#3185,#3186,#3187,#3188,#3189,#3190,#3191,
    #3192,#3193,#3194,#3195,#3196,#3197,#3198,#3199,#3200,#3201,#3202,
    #3203,#3204,#3205,#3206,#3207,#3208,#3209,#3210,#3211,#3212,#3213,
    #3214,#3215,#3216,#3217,#3218),.UNSPECIFIED.,.F.,.F.,(7,5,5,5,5,5,5,
    5,5,5,5,5,5,5,5,5,5,7),(0.,8.536598906377E-02,0.14486845618,
    0.205744103748,0.285037467241,0.326095928829,0.368376627859,
    0.422801565515,0.499974523501,0.544264826357,0.577219470229,
    0.630972204167,0.673865525282,0.714741378457,0.793688647737,
    0.85615527143,0.915959991679,1.),.UNSPECIFIED.);
#3132 = CARTESIAN_POINT('',(0.,0.303531603081));
#3133 = CARTESIAN_POINT('',(9.498487093184E-02,0.303531603081));
#3134 = CARTESIAN_POINT('',(0.189550013005,0.316097174789));
#3135 = CARTESIAN_POINT('',(0.283444231462,0.341021917094));
#3136 = CARTESIAN_POINT('',(0.376383751659,0.377374947062));
#3137 = CARTESIAN_POINT('',(0.467996080995,0.423545861756));
#3138 = CARTESIAN_POINT('',(0.620124642997,0.514862627302));
#3139 = CARTESIAN_POINT('',(0.681867033658,0.556209332141));
#3140 = CARTESIAN_POINT('',(0.742965722784,0.600902369986));
#3141 = CARTESIAN_POINT('',(0.80350033621,0.648468102735));
#3142 = CARTESIAN_POINT('',(0.863537024342,0.698454072815));
#3143 = CARTESIAN_POINT('',(0.984105753393,0.803606206131));
#3144 = CARTESIAN_POINT('',(1.044652197147,0.858895752198));
#3145 = CARTESIAN_POINT('',(1.104894689996,0.915897056357));
#3146 = CARTESIAN_POINT('',(1.164940438667,0.974240913573));
#3147 = CARTESIAN_POINT('',(1.224893501495,1.033587845949));
#3148 = CARTESIAN_POINT('',(1.362983155368,1.171826326448));
#3149 = CARTESIAN_POINT('',(1.441176455556,1.251242358334));
#3150 = CARTESIAN_POINT('',(1.519620471803,1.33111006919));
#3151 = CARTESIAN_POINT('',(1.59847726711,1.410700025391));
#3152 = CARTESIAN_POINT('',(1.677920899374,1.489308772612));
#3153 = CARTESIAN_POINT('',(1.799710967276,1.606092277938));
#3154 = CARTESIAN_POINT('',(1.841461525285,1.645474624793));
#3155 = CARTESIAN_POINT('',(1.883419095408,1.68428083706));
#3156 = CARTESIAN_POINT('',(1.925591231449,1.722396513314));
#3157 = CARTESIAN_POINT('',(1.967987463571,1.759710215787));
#3158 = CARTESIAN_POINT('',(2.054520206988,1.833600385141));
#3159 = CARTESIAN_POINT('',(2.09867133939,1.870122124525));
#3160 = CARTESIAN_POINT('',(2.143063455838,1.905541364963));
#3161 = CARTESIAN_POINT('',(2.187690502793,1.93972853503));
#3162 = CARTESIAN_POINT('',(2.232548571566,1.972561486128));
#3163 = CARTESIAN_POINT('',(2.33567122666,2.04429739468));
#3164 = CARTESIAN_POINT('',(2.394086442838,2.082235475086));
#3165 = CARTESIAN_POINT('',(2.452834632667,2.117466598381));
#3166 = CARTESIAN_POINT('',(2.511880496628,2.149753658393));
#3167 = CARTESIAN_POINT('',(2.571191325853,2.178893667302));
#3168 = CARTESIAN_POINT('',(2.715151714546,2.24133172799));
#3169 = CARTESIAN_POINT('',(2.800012874719,2.271269628448));
#3170 = CARTESIAN_POINT('',(2.885195327535,2.294046868495));
#3171 = CARTESIAN_POINT('',(2.970592403453,2.309341388856));
#3172 = CARTESIAN_POINT('',(3.056099787595,2.316986417624));
#3173 = CARTESIAN_POINT('',(3.190657831675,2.316986417624));
#3174 = CARTESIAN_POINT('',(3.239725027418,2.314468290904));
#3175 = CARTESIAN_POINT('',(3.288771278561,2.30943206379));
#3176 = CARTESIAN_POINT('',(3.337777786808,2.301895083208));
#3177 = CARTESIAN_POINT('',(3.386725922858,2.291892222303));
#3178 = CARTESIAN_POINT('',(3.471953442321,2.270237735426));
#3179 = CARTESIAN_POINT('',(3.5082690637,2.259663323582));
#3180 = CARTESIAN_POINT('',(3.544531144467,2.247774641916));
#3181 = CARTESIAN_POINT('',(3.580730581355,2.234598873124));
#3182 = CARTESIAN_POINT('',(3.616858118936,2.220168591218));
#3183 = CARTESIAN_POINT('',(3.711699809703,2.179000020904));
#3184 = CARTESIAN_POINT('',(3.770273985333,2.150243592631));
#3185 = CARTESIAN_POINT('',(3.828590123282,2.118416751134));
#3186 = CARTESIAN_POINT('',(3.886616552023,2.08371478867));
#3187 = CARTESIAN_POINT('',(3.944319156939,2.046365506475));
#3188 = CARTESIAN_POINT('',(4.047405493743,1.974923340793));
#3189 = CARTESIAN_POINT('',(4.092923036105,1.94169691146));
#3190 = CARTESIAN_POINT('',(4.138203360029,1.907071283617));
#3191 = CARTESIAN_POINT('',(4.183242212029,1.871173887616));
#3192 = CARTESIAN_POINT('',(4.228033070562,1.834140074218));
#3193 = CARTESIAN_POINT('',(4.315004360611,1.759875430605));
#3194 = CARTESIAN_POINT('',(4.357209571535,1.722734905888));
#3195 = CARTESIAN_POINT('',(4.399192820141,1.684799022631));
#3196 = CARTESIAN_POINT('',(4.440963341199,1.646177844773));
#3197 = CARTESIAN_POINT('',(4.482528425762,1.606984373769));
#3198 = CARTESIAN_POINT('',(4.603785415524,1.490755219199));
#3199 = CARTESIAN_POINT('',(4.682886715073,1.41251656342));
#3200 = CARTESIAN_POINT('',(4.76140429779,1.333295283099));
#3201 = CARTESIAN_POINT('',(4.839509490805,1.25378599223));
#3202 = CARTESIAN_POINT('',(4.917361729935,1.174708682056));
#3203 = CARTESIAN_POINT('',(5.056667900855,1.035184146522));
#3204 = CARTESIAN_POINT('',(5.118179248621,0.97426666904));
#3205 = CARTESIAN_POINT('',(5.17978753878,0.914401139449));
#3206 = CARTESIAN_POINT('',(5.241604749532,0.855954427179));
#3207 = CARTESIAN_POINT('',(5.303746401621,0.799326390822));
#3208 = CARTESIAN_POINT('',(5.42627469882,0.692897384835));
#3209 = CARTESIAN_POINT('',(5.486657705154,0.642878459456));
#3210 = CARTESIAN_POINT('',(5.547550147741,0.595336879457));
#3211 = CARTESIAN_POINT('',(5.609017775238,0.550735164859));
#3212 = CARTESIAN_POINT('',(5.671140407867,0.509556507623));
#3213 = CARTESIAN_POINT('',(5.82237394352,0.419953336855));
#3214 = CARTESIAN_POINT('',(5.912625691423,0.375114691986));
#3215 = CARTESIAN_POINT('',(6.004158717517,0.339856367469));
#3216 = CARTESIAN_POINT('',(6.096610635298,0.315702844531));
#3217 = CARTESIAN_POINT('',(6.189702780644,0.303531603081));
#3218 = CARTESIAN_POINT('',(6.28318530718,0.303531603081));
#3219 = ( GEOMETRIC_REPRESENTATION_CONTEXT(2) 
PARAMETRIC_REPRESENTATION_CONTEXT() REPRESENTATION_CONTEXT('2D SPACE',''
  ) );
#3220 = PCURVE('',#2807,#3221);
#3221 = DEFINITIONAL_REPRESENTATION('',(#3222),#3310);
#3222 = B_SPLINE_CURVE_WITH_KNOTS('',6,(#3223,#3224,#3225,#3226,#3227,
    #3228,#3229,#3230,#3231,#3232,#3233,#3234,#3235,#3236,#3237,#3238,
    #3239,#3240,#3241,#3242,#3243,#3244,#3245,#3246,#3247,#3248,#3249,
    #3250,#3251,#3252,#3253,#3254,#3255,#3256,#3257,#3258,#3259,#3260,
    #3261,#3262,#3263,#3264,#3265,#3266,#3267,#3268,#3269,#3270,#3271,
    #3272,#3273,#3274,#3275,#3276,#3277,#3278,#3279,#3280,#3281,#3282,
    #3283,#3284,#3285,#3286,#3287,#3288,#3289,#3290,#3291,#3292,#3293,
    #3294,#3295,#3296,#3297,#3298,#3299,#3300,#3301,#3302,#3303,#3304,
    #3305,#3306,#3307,#3308,#3309),.UNSPECIFIED.,.T.,.F.,(7,5,5,5,5,5,5,
    5,5,5,5,5,5,5,5,5,5,7),(0.,8.536598906377E-02,0.14486845618,
    0.205744103748,0.285037467241,0.326095928829,0.368376627859,
    0.422801565515,0.499974523501,0.544264826357,0.577219470229,
    0.630972204167,0.673865525282,0.714741378457,0.793688647737,
    0.85615527143,0.915959991679,1.),.UNSPECIFIED.);
#3223 = CARTESIAN_POINT('',(-0.812219865147,-64.));
#3224 = CARTESIAN_POINT('',(-0.812219865147,-64.10448335802));
#3225 = CARTESIAN_POINT('',(-0.811395463335,-64.20850537421));
#3226 = CARTESIAN_POINT('',(-0.809760233383,-64.31009046366));
#3227 = CARTESIAN_POINT('',(-0.807370309943,-64.40731320703));
#3228 = CARTESIAN_POINT('',(-0.804322482863,-64.49843395081));
#3229 = CARTESIAN_POINT('',(-0.798265183866,-64.64042418901));
#3230 = CARTESIAN_POINT('',(-0.795515339491,-64.69532448999));
#3231 = CARTESIAN_POINT('',(-0.792533439287,-64.74660886219));
#3232 = CARTESIAN_POINT('',(-0.789348102914,-64.79411131694));
#3233 = CARTESIAN_POINT('',(-0.785986866564,-64.8376940708));
#3234 = CARTESIAN_POINT('',(-0.778884772117,-64.9177102795));
#3235 = CARTESIAN_POINT('',(-0.775134884913,-64.95397895942));
#3236 = CARTESIAN_POINT('',(-0.771251151074,-64.98596360801));
#3237 = CARTESIAN_POINT('',(-0.767256346331,-65.01357741212));
#3238 = CARTESIAN_POINT('',(-0.763171800829,-65.03673286509));
#3239 = CARTESIAN_POINT('',(-0.753606706474,-65.07957587842));
#3240 = CARTESIAN_POINT('',(-0.748074663206,-65.09610826165));
#3241 = CARTESIAN_POINT('',(-0.742470915203,-65.10469413376));
#3242 = CARTESIAN_POINT('',(-0.736844666044,-65.10511751997));
#3243 = CARTESIAN_POINT('',(-0.731245685042,-65.09718944151));
#3244 = CARTESIAN_POINT('',(-0.722866441545,-65.07223486532));
#3245 = CARTESIAN_POINT('',(-0.720029693987,-65.06144137282));
#3246 = CARTESIAN_POINT('',(-0.717223512347,-65.04835235217));
#3247 = CARTESIAN_POINT('',(-0.714456599942,-65.03296251919));
#3248 = CARTESIAN_POINT('',(-0.711737659233,-65.01527668533));
#3249 = CARTESIAN_POINT('',(-0.706333873448,-64.97474845013));
#3250 = CARTESIAN_POINT('',(-0.703652428616,-64.95176803194));
#3251 = CARTESIAN_POINT('',(-0.701041924923,-64.92639503628));
#3252 = CARTESIAN_POINT('',(-0.698512923658,-64.89867441474));
#3253 = CARTESIAN_POINT('',(-0.696075640512,-64.86866929176));
#3254 = CARTESIAN_POINT('',(-0.690733281694,-64.7950009133));
#3255 = CARTESIAN_POINT('',(-0.687894890972,-64.74988952115));
#3256 = CARTESIAN_POINT('',(-0.685247737943,-64.70132834894));
#3257 = CARTESIAN_POINT('',(-0.682812609584,-64.64957775959));
#3258 = CARTESIAN_POINT('',(-0.680607826024,-64.594953558));
#3259 = CARTESIAN_POINT('',(-0.675871419574,-64.45681567124));
#3260 = CARTESIAN_POINT('',(-0.673588921622,-64.37078692172));
#3261 = CARTESIAN_POINT('',(-0.671845758482,-64.28079974219));
#3262 = CARTESIAN_POINT('',(-0.670673050205,-64.18810029105));
#3263 = CARTESIAN_POINT('',(-0.670086872602,-64.09404215259));
#3264 = CARTESIAN_POINT('',(-0.670086872602,-63.9460283041));
#3265 = CARTESIAN_POINT('',(-0.670279947465,-63.89205438738));
#3266 = CARTESIAN_POINT('',(-0.670666101895,-63.83833740338));
#3267 = CARTESIAN_POINT('',(-0.671243639671,-63.78513190116));
#3268 = CARTESIAN_POINT('',(-0.672009195019,-63.7326857724));
#3269 = CARTESIAN_POINT('',(-0.673663556243,-63.64295811549));
#3270 = CARTESIAN_POINT('',(-0.67447067607,-63.60523042082));
#3271 = CARTESIAN_POINT('',(-0.675377040756,-63.56815410805));
#3272 = CARTESIAN_POINT('',(-0.676380098339,-63.53182302679));
#3273 = CARTESIAN_POINT('',(-0.677476827609,-63.49632588273));
#3274 = CARTESIAN_POINT('',(-0.680599722748,-63.40534294389));
#3275 = CARTESIAN_POINT('',(-0.682775501487,-63.35138481682));
#3276 = CARTESIAN_POINT('',(-0.685176037209,-63.30022632865));
#3277 = CARTESIAN_POINT('',(-0.687783704096,-63.2521721804));
#3278 = CARTESIAN_POINT('',(-0.690578522381,-63.20747436977));
#3279 = CARTESIAN_POINT('',(-0.69590029502,-63.13349650188));
#3280 = CARTESIAN_POINT('',(-0.698367300627,-63.10292581526));
#3281 = CARTESIAN_POINT('',(-0.700929158995,-63.07470288821));
#3282 = CARTESIAN_POINT('',(-0.703575205529,-63.04889436256));
#3283 = CARTESIAN_POINT('',(-0.706294404542,-63.02554756551));
#3284 = CARTESIAN_POINT('',(-0.711725576631,-62.98481393382));
#3285 = CARTESIAN_POINT('',(-0.714431942199,-62.96719790583));
#3286 = CARTESIAN_POINT('',(-0.717185895509,-62.95185701058));
#3287 = CARTESIAN_POINT('',(-0.719978841041,-62.9387961257));
#3288 = CARTESIAN_POINT('',(-0.722802180772,-62.92801015413));
#3289 = CARTESIAN_POINT('',(-0.731142380229,-62.90301673057));
#3290 = CARTESIAN_POINT('',(-0.736715673396,-62.89498796949));
#3291 = CARTESIAN_POINT('',(-0.742316726433,-62.89523907468));
#3292 = CARTESIAN_POINT('',(-0.747896365715,-62.90358405609));
#3293 = CARTESIAN_POINT('',(-0.753405987678,-62.91980991276));
#3294 = CARTESIAN_POINT('',(-0.763062315868,-62.96256161373));
#3295 = CARTESIAN_POINT('',(-0.767255317264,-62.98623851894));
#3296 = CARTESIAN_POINT('',(-0.771354088953,-63.01461005967));
#3297 = CARTESIAN_POINT('',(-0.775335579517,-63.04758169926));
#3298 = CARTESIAN_POINT('',(-0.779175132373,-63.08505951386));
#3299 = CARTESIAN_POINT('',(-0.786360795515,-63.16705097457));
#3300 = CARTESIAN_POINT('',(-0.789722978108,-63.21122002343));
#3301 = CARTESIAN_POINT('',(-0.792905493035,-63.2593397401));
#3302 = CARTESIAN_POINT('',(-0.795880198367,-63.31126718669));
#3303 = CARTESIAN_POINT('',(-0.798617901938,-63.36682991938));
#3304 = CARTESIAN_POINT('',(-0.804559602897,-63.50872552349));
#3305 = CARTESIAN_POINT('',(-0.807518902262,-63.59878405455));
#3306 = CARTESIAN_POINT('',(-0.809836700513,-63.69468957974));
#3307 = CARTESIAN_POINT('',(-0.811421334873,-63.79476753132));
#3308 = CARTESIAN_POINT('',(-0.812219865147,-63.89716922081));
#3309 = CARTESIAN_POINT('',(-0.812219865147,-64.));
#3310 = ( GEOMETRIC_REPRESENTATION_CONTEXT(2) 
PARAMETRIC_REPRESENTATION_CONTEXT() REPRESENTATION_CONTEXT('2D SPACE',''
  ) );
#3311 = ORIENTED_EDGE('',*,*,#3016,.T.);
#3312 = ADVANCED_FACE('',(#3313),#985,.F.);
#3313 = FACE_BOUND('',#3314,.T.);
#3314 = EDGE_LOOP('',(#3315,#3344,#3365,#3366));
#3315 = ORIENTED_EDGE('',*,*,#3316,.F.);
#3316 = EDGE_CURVE('',#3317,#3317,#3319,.T.);
#3317 = VERTEX_POINT('',#3318);
#3318 = CARTESIAN_POINT('',(-14.14213562373,15.242135623731,78.));
#3319 = SURFACE_CURVE('',#3320,(#3325,#3332),.PCURVE_S1.);
#3320 = CIRCLE('',#3321,1.1);
#3321 = AXIS2_PLACEMENT_3D('',#3322,#3323,#3324);
#3322 = CARTESIAN_POINT('',(-14.14213562373,14.142135623731,78.));
#3323 = DIRECTION('',(1.,0.,0.));
#3324 = DIRECTION('',(0.,1.,0.));
#3325 = PCURVE('',#985,#3326);
#3326 = DEFINITIONAL_REPRESENTATION('',(#3327),#3331);
#3327 = LINE('',#3328,#3329);
#3328 = CARTESIAN_POINT('',(-0.,0.));
#3329 = VECTOR('',#3330,1.);
#3330 = DIRECTION('',(-1.,0.));
#3331 = ( GEOMETRIC_REPRESENTATION_CONTEXT(2) 
PARAMETRIC_REPRESENTATION_CONTEXT() REPRESENTATION_CONTEXT('2D SPACE',''
  ) );
#3332 = PCURVE('',#3333,#3338);
#3333 = CYLINDRICAL_SURFACE('',#3334,1.1);
#3334 = AXIS2_PLACEMENT_3D('',#3335,#3336,#3337);
#3335 = CARTESIAN_POINT('',(-14.14213562373,14.142135623731,78.));
#3336 = DIRECTION('',(1.,0.,0.));
#3337 = DIRECTION('',(0.,1.,0.));
#3338 = DEFINITIONAL_REPRESENTATION('',(#3339),#3343);
#3339 = LINE('',#3340,#3341);
#3340 = CARTESIAN_POINT('',(0.,0.));
#3341 = VECTOR('',#3342,1.);
#3342 = DIRECTION('',(1.,0.));
#3343 = ( GEOMETRIC_REPRESENTATION_CONTEXT(2) 
PARAMETRIC_REPRESENTATION_CONTEXT() REPRESENTATION_CONTEXT('2D SPACE',''
  ) );
#3344 = ORIENTED_EDGE('',*,*,#3345,.T.);
#3345 = EDGE_CURVE('',#3317,#744,#3346,.T.);
#3346 = SEAM_CURVE('',#3347,(#3351,#3358),.PCURVE_S1.);
#3347 = LINE('',#3348,#3349);
#3348 = CARTESIAN_POINT('',(-14.14213562373,15.242135623731,78.));
#3349 = VECTOR('',#3350,1.);
#3350 = DIRECTION('',(1.,0.,0.));
#3351 = PCURVE('',#985,#3352);
#3352 = DEFINITIONAL_REPRESENTATION('',(#3353),#3357);
#3353 = LINE('',#3354,#3355);
#3354 = CARTESIAN_POINT('',(-6.28318530718,0.));
#3355 = VECTOR('',#3356,1.);
#3356 = DIRECTION('',(-0.,-1.));
#3357 = ( GEOMETRIC_REPRESENTATION_CONTEXT(2) 
PARAMETRIC_REPRESENTATION_CONTEXT() REPRESENTATION_CONTEXT('2D SPACE',''
  ) );
#3358 = PCURVE('',#985,#3359);
#3359 = DEFINITIONAL_REPRESENTATION('',(#3360),#3364);
#3360 = LINE('',#3361,#3362);
#3361 = CARTESIAN_POINT('',(-0.,0.));
#3362 = VECTOR('',#3363,1.);
#3363 = DIRECTION('',(-0.,-1.));
#3364 = ( GEOMETRIC_REPRESENTATION_CONTEXT(2) 
PARAMETRIC_REPRESENTATION_CONTEXT() REPRESENTATION_CONTEXT('2D SPACE',''
  ) );
#3365 = ORIENTED_EDGE('',*,*,#743,.T.);
#3366 = ORIENTED_EDGE('',*,*,#3345,.F.);
#3367 = ADVANCED_FACE('',(#3368),#1330,.F.);
#3368 = FACE_BOUND('',#3369,.F.);
#3369 = EDGE_LOOP('',(#3370,#3371,#3394,#3700));
#3370 = ORIENTED_EDGE('',*,*,#1112,.T.);
#3371 = ORIENTED_EDGE('',*,*,#3372,.F.);
#3372 = EDGE_CURVE('',#3373,#1113,#3375,.T.);
#3373 = VERTEX_POINT('',#3374);
#3374 = CARTESIAN_POINT('',(16.459122041355,-13.04213562373,50.));
#3375 = SEAM_CURVE('',#3376,(#3380,#3387),.PCURVE_S1.);
#3376 = LINE('',#3377,#3378);
#3377 = CARTESIAN_POINT('',(16.459122041355,-13.04213562373,50.));
#3378 = VECTOR('',#3379,1.);
#3379 = DIRECTION('',(-1.,0.,0.));
#3380 = PCURVE('',#1330,#3381);
#3381 = DEFINITIONAL_REPRESENTATION('',(#3382),#3386);
#3382 = LINE('',#3383,#3384);
#3383 = CARTESIAN_POINT('',(6.28318530718,2.316986417624));
#3384 = VECTOR('',#3385,1.);
#3385 = DIRECTION('',(0.,-1.));
#3386 = ( GEOMETRIC_REPRESENTATION_CONTEXT(2) 
PARAMETRIC_REPRESENTATION_CONTEXT() REPRESENTATION_CONTEXT('2D SPACE',''
  ) );
#3387 = PCURVE('',#1330,#3388);
#3388 = DEFINITIONAL_REPRESENTATION('',(#3389),#3393);
#3389 = LINE('',#3390,#3391);
#3390 = CARTESIAN_POINT('',(0.,2.316986417624));
#3391 = VECTOR('',#3392,1.);
#3392 = DIRECTION('',(0.,-1.));
#3393 = ( GEOMETRIC_REPRESENTATION_CONTEXT(2) 
PARAMETRIC_REPRESENTATION_CONTEXT() REPRESENTATION_CONTEXT('2D SPACE',''
  ) );
#3394 = ORIENTED_EDGE('',*,*,#3395,.F.);
#3395 = EDGE_CURVE('',#3373,#3373,#3396,.T.);
#3396 = SURFACE_CURVE('',#3397,(#3496,#3598),.PCURVE_S1.);
#3397 = B_SPLINE_CURVE_WITH_KNOTS('',7,(#3398,#3399,#3400,#3401,#3402,
    #3403,#3404,#3405,#3406,#3407,#3408,#3409,#3410,#3411,#3412,#3413,
    #3414,#3415,#3416,#3417,#3418,#3419,#3420,#3421,#3422,#3423,#3424,
    #3425,#3426,#3427,#3428,#3429,#3430,#3431,#3432,#3433,#3434,#3435,
    #3436,#3437,#3438,#3439,#3440,#3441,#3442,#3443,#3444,#3445,#3446,
    #3447,#3448,#3449,#3450,#3451,#3452,#3453,#3454,#3455,#3456,#3457,
    #3458,#3459,#3460,#3461,#3462,#3463,#3464,#3465,#3466,#3467,#3468,
    #3469,#3470,#3471,#3472,#3473,#3474,#3475,#3476,#3477,#3478,#3479,
    #3480,#3481,#3482,#3483,#3484,#3485,#3486,#3487,#3488,#3489,#3490,
    #3491,#3492,#3493,#3494,#3495),.UNSPECIFIED.,.T.,.F.,(8,6,6,6,6,6,6,
    6,6,6,6,6,6,6,6,6,8),(0.,0.101038521666,0.173779595503,
    0.214642254392,0.293564029096,0.356010480337,0.415795887822,
    0.463172248388,0.499785221581,0.53652075385,0.585473237142,
    0.644964593047,0.70582887297,0.785107429577,0.826158229357,
    0.868431043913,1.),.UNSPECIFIED.);
#3398 = CARTESIAN_POINT('',(16.459122041355,-13.04213562373,50.));
#3399 = CARTESIAN_POINT('',(16.459122041355,-13.04213562373,
    50.105595559141));
#3400 = CARTESIAN_POINT('',(16.449750685277,-13.05396201682,
    50.211227162254));
#3401 = CARTESIAN_POINT('',(16.430998250585,-13.07762827339,
    50.315110087889));
#3402 = CARTESIAN_POINT('',(16.403077380441,-13.1127533062,
    50.415498382723));
#3403 = CARTESIAN_POINT('',(16.366401490777,-13.15859790744,
    50.510776767881));
#3404 = CARTESIAN_POINT('',(16.32157751966,-13.21411797006,
    50.599543318958));
#3405 = CARTESIAN_POINT('',(16.231858017842,-13.32405017664,
    50.739098082519));
#3406 = CARTESIAN_POINT('',(16.190517817646,-13.37439397306,
    50.793529170183));
#3407 = CARTESIAN_POINT('',(16.145679859985,-13.42860527256,
    50.843600915409));
#3408 = CARTESIAN_POINT('',(16.097663550207,-13.48618637659,
    50.889008906881));
#3409 = CARTESIAN_POINT('',(16.046821737231,-13.54661026967,
    50.929521526049));
#3410 = CARTESIAN_POINT('',(15.99354219336,-13.60932839048,
    50.964981883897));
#3411 = CARTESIAN_POINT('',(15.907187921429,-13.70998351709,
    51.012346591199));
#3412 = CARTESIAN_POINT('',(15.875482108304,-13.74674595463,
    51.027768942468));
#3413 = CARTESIAN_POINT('',(15.843192878238,-13.78398179703,
    51.041568321101));
#3414 = CARTESIAN_POINT('',(15.810382709417,-13.82160813526,
    51.053740513105));
#3415 = CARTESIAN_POINT('',(15.777115334698,-13.85954306982,
    51.064285580913));
#3416 = CARTESIAN_POINT('',(15.743455741604,-13.89770571076,
    51.073207863384));
#3417 = CARTESIAN_POINT('',(15.64383074713,-14.0100086716,
    51.094630798904));
#3418 = CARTESIAN_POINT('',(15.577006088802,-14.08451831751,
    51.102718098768));
#3419 = CARTESIAN_POINT('',(15.50938288411,-14.15907378424,
    51.104868541824));
#3420 = CARTESIAN_POINT('',(15.441355496457,-14.23322562324,
    51.101184504708));
#3421 = CARTESIAN_POINT('',(15.373328098768,-14.30654306443,
    51.091779984855));
#3422 = CARTESIAN_POINT('',(15.305716806373,-14.37861081203,
    51.076780511094));
#3423 = CARTESIAN_POINT('',(15.186124347344,-14.50474137198,
    51.040136195974));
#3424 = CARTESIAN_POINT('',(15.133807286337,-14.55944265507,
    51.020526311113));
#3425 = CARTESIAN_POINT('',(15.082193418719,-14.61295048393,
    50.997549172067));
#3426 = CARTESIAN_POINT('',(15.031488172207,-14.66508182518,
    50.971259237643));
#3427 = CARTESIAN_POINT('',(14.981910611951,-14.7156483854,
    50.941710353703));
#3428 = CARTESIAN_POINT('',(14.933694442093,-14.76445517888,
    50.908956453806));
#3429 = CARTESIAN_POINT('',(14.842469579762,-14.85614684188,
    50.83867805887));
#3430 = CARTESIAN_POINT('',(14.799305204725,-14.89921690442,
    50.8013997048));
#3431 = CARTESIAN_POINT('',(14.75784746609,-14.94029719073,
    50.761282995649));
#3432 = CARTESIAN_POINT('',(14.718357482682,-14.97917409834,
    50.718405639978));
#3433 = CARTESIAN_POINT('',(14.68110545794,-15.01563083075,
    50.672857746825));
#3434 = CARTESIAN_POINT('',(14.64637022959,-15.04944571382,
    50.624742315624));
#3435 = CARTESIAN_POINT('',(14.589135085976,-15.10491241436,
    50.534104727582));
#3436 = CARTESIAN_POINT('',(14.565586380847,-15.12763744322,
    50.492485396099));
#3437 = CARTESIAN_POINT('',(14.543971919265,-15.14841662509,
    50.449430297038));
#3438 = CARTESIAN_POINT('',(14.524455815146,-15.16711665382,
    50.405062717403));
#3439 = CARTESIAN_POINT('',(14.50718624806,-15.18361892594,
    50.359515824918));
#3440 = CARTESIAN_POINT('',(14.492294630335,-15.19781857571,
    50.312931827104));
#3441 = CARTESIAN_POINT('',(14.470312028744,-15.21874649399,
    50.228775253115));
#3442 = CARTESIAN_POINT('',(14.462220539314,-15.22643632109,
    50.19157169217));
#3443 = CARTESIAN_POINT('',(14.455678235892,-15.23264547439,
    50.153948477046));
#3444 = CARTESIAN_POINT('',(14.450729089966,-15.23733824051,
    50.116006076528));
#3445 = CARTESIAN_POINT('',(14.447402976178,-15.2404905539,
    50.077846859233));
#3446 = CARTESIAN_POINT('',(14.445715534018,-15.24208984078,
    50.039574554191));
#3447 = CARTESIAN_POINT('',(14.445620366015,-15.24218003585,
    49.96288472651));
#3448 = CARTESIAN_POINT('',(14.447223652415,-15.24066050673,
    49.924479093359));
#3449 = CARTESIAN_POINT('',(14.450477201356,-15.23757704915,
    49.886182492103));
#3450 = CARTESIAN_POINT('',(14.45536573544,-15.23294194487,
    49.848099807747));
#3451 = CARTESIAN_POINT('',(14.461859525982,-15.22677914027,
    49.81033457599));
#3452 = CARTESIAN_POINT('',(14.469914531737,-15.21912440287,
    49.772988429068));
#3453 = CARTESIAN_POINT('',(14.492209201437,-15.19790056875,
    49.687084988955));
#3454 = CARTESIAN_POINT('',(14.507608596128,-15.18321707962,
    49.638953751925));
#3455 = CARTESIAN_POINT('',(14.52554544676,-15.16607642995,
    49.591931980346));
#3456 = CARTESIAN_POINT('',(14.545874731644,-15.14659427196,
    49.546175511626));
#3457 = CARTESIAN_POINT('',(14.568432660196,-15.1249016206,
    49.501829893811));
#3458 = CARTESIAN_POINT('',(14.593037650799,-15.10114598366,
    49.459029408672));
#3459 = CARTESIAN_POINT('',(14.6516401164,-15.04431611645,
    49.367907280109));
#3460 = CARTESIAN_POINT('',(14.68653161163,-15.01032487159,
    49.320361310288));
#3461 = CARTESIAN_POINT('',(14.723883834646,-14.97374293528,
    49.275370154455));
#3462 = CARTESIAN_POINT('',(14.763423307759,-14.93478780396,
    49.233032942904));
#3463 = CARTESIAN_POINT('',(14.804885432203,-14.89367191362,
    49.193436467668));
#3464 = CARTESIAN_POINT('',(14.848014885043,-14.85060426088,
    49.156655683085));
#3465 = CARTESIAN_POINT('',(14.938145285037,-14.75994562338,
    49.088070361334));
#3466 = CARTESIAN_POINT('',(14.985234362767,-14.71225127147,
    49.056383520553));
#3467 = CARTESIAN_POINT('',(15.033603549734,-14.66289633329,
    49.027744098525));
#3468 = CARTESIAN_POINT('',(15.083037190323,-14.61206093172,
    49.002201904511));
#3469 = CARTESIAN_POINT('',(15.133332803697,-14.55991919208,
    48.979806744168));
#3470 = CARTESIAN_POINT('',(15.184300214646,-14.50664048679,
    48.960609021201));
#3471 = CARTESIAN_POINT('',(15.302790340787,-14.38172778235,
    48.923886438348));
#3472 = CARTESIAN_POINT('',(15.37068768724,-14.30938450416,
    48.908615276408));
#3473 = CARTESIAN_POINT('',(15.439016673982,-14.23576868125,
    48.89898552571));
#3474 = CARTESIAN_POINT('',(15.50735567415,-14.16130047607,
    48.895124415004));
#3475 = CARTESIAN_POINT('',(15.575295291185,-14.08641567513,
    48.897147645302));
#3476 = CARTESIAN_POINT('',(15.642436166195,-14.01156898654,
    48.905159305918));
#3477 = CARTESIAN_POINT('',(15.742536317998,-13.89874806919,
    48.926548943586));
#3478 = CARTESIAN_POINT('',(15.776358150071,-13.86040644447,
    48.935474771707));
#3479 = CARTESIAN_POINT('',(15.809785223671,-13.82229329535,
    48.946038066021));
#3480 = CARTESIAN_POINT('',(15.842751747169,-13.78449049118,
    48.958243289509));
#3481 = CARTESIAN_POINT('',(15.875193195157,-13.74708093872,
    48.972090576983));
#3482 = CARTESIAN_POINT('',(15.907046308452,-13.71014858214,
    48.987575735084));
#3483 = CARTESIAN_POINT('',(15.970380735332,-13.63632554347,
    49.022314220214));
#3484 = CARTESIAN_POINT('',(16.001822965574,-13.59946850173,
    49.041666134285));
#3485 = CARTESIAN_POINT('',(16.032497314221,-13.56331237527,
    49.062730822714));
#3486 = CARTESIAN_POINT('',(16.062328633009,-13.52796137242,
    49.085485230086));
#3487 = CARTESIAN_POINT('',(16.091245001932,-13.49351840735,
    49.109898477534));
#3488 = CARTESIAN_POINT('',(16.119177635153,-13.46008469506,
    49.135931932922));
#3489 = CARTESIAN_POINT('',(16.229731303106,-13.32715065917,
    49.249463769551));
#3490 = CARTESIAN_POINT('',(16.303291893255,-13.23721087172,
    49.350692219201));
#3491 = CARTESIAN_POINT('',(16.364430770612,-13.16131976983,
    49.465550120919));
#3492 = CARTESIAN_POINT('',(16.411452132929,-13.10229459856,
    49.591420517519));
#3493 = CARTESIAN_POINT('',(16.443223037838,-13.0622001548,
    49.724980200155));
#3494 = CARTESIAN_POINT('',(16.459122041355,-13.04213562373,
    49.862457534201));
#3495 = CARTESIAN_POINT('',(16.459122041355,-13.04213562373,50.));
#3496 = PCURVE('',#1330,#3497);
#3497 = DEFINITIONAL_REPRESENTATION('',(#3498),#3597);
#3498 = B_SPLINE_CURVE_WITH_KNOTS('',7,(#3499,#3500,#3501,#3502,#3503,
    #3504,#3505,#3506,#3507,#3508,#3509,#3510,#3511,#3512,#3513,#3514,
    #3515,#3516,#3517,#3518,#3519,#3520,#3521,#3522,#3523,#3524,#3525,
    #3526,#3527,#3528,#3529,#3530,#3531,#3532,#3533,#3534,#3535,#3536,
    #3537,#3538,#3539,#3540,#3541,#3542,#3543,#3544,#3545,#3546,#3547,
    #3548,#3549,#3550,#3551,#3552,#3553,#3554,#3555,#3556,#3557,#3558,
    #3559,#3560,#3561,#3562,#3563,#3564,#3565,#3566,#3567,#3568,#3569,
    #3570,#3571,#3572,#3573,#3574,#3575,#3576,#3577,#3578,#3579,#3580,
    #3581,#3582,#3583,#3584,#3585,#3586,#3587,#3588,#3589,#3590,#3591,
    #3592,#3593,#3594,#3595,#3596),.UNSPECIFIED.,.F.,.F.,(8,6,6,6,6,6,6,
    6,6,6,6,6,6,6,6,6,8),(0.,0.101038521666,0.173779595503,
    0.214642254392,0.293564029096,0.356010480337,0.415795887822,
    0.463172248388,0.499785221581,0.53652075385,0.585473237142,
    0.644964593047,0.70582887297,0.785107429577,0.826158229357,
    0.868431043913,1.),.UNSPECIFIED.);
#3499 = CARTESIAN_POINT('',(0.,2.316986417624));
#3500 = CARTESIAN_POINT('',(9.599596285537E-02,2.316986417624));
#3501 = CARTESIAN_POINT('',(0.19202459896,2.307615061546));
#3502 = CARTESIAN_POINT('',(0.287908899021,2.288862626854));
#3503 = CARTESIAN_POINT('',(0.383509276057,2.26094175671));
#3504 = CARTESIAN_POINT('',(0.478693302123,2.224265867046));
#3505 = CARTESIAN_POINT('',(0.573316982365,2.179441895929));
#3506 = CARTESIAN_POINT('',(0.734819795779,2.089722394111));
#3507 = CARTESIAN_POINT('',(0.802011693516,2.048382193915));
#3508 = CARTESIAN_POINT('',(0.868770631442,2.003544236254));
#3509 = CARTESIAN_POINT('',(0.935076133528,1.955527926476));
#3510 = CARTESIAN_POINT('',(1.000903866778,1.9046861135));
#3511 = CARTESIAN_POINT('',(1.066219632121,1.851406569629));
#3512 = CARTESIAN_POINT('',(1.167349080344,1.765052297698));
#3513 = CARTESIAN_POINT('',(1.203558285738,1.733346484573));
#3514 = CARTESIAN_POINT('',(1.239607349785,1.701057254507));
#3515 = CARTESIAN_POINT('',(1.275501822478,1.668247085686));
#3516 = CARTESIAN_POINT('',(1.311246425491,1.634979710967));
#3517 = CARTESIAN_POINT('',(1.346845052178,1.601320117873));
#3518 = CARTESIAN_POINT('',(1.450779619883,1.501695123399));
#3519 = CARTESIAN_POINT('',(1.518693690183,1.434870465071));
#3520 = CARTESIAN_POINT('',(1.586161251607,1.367247260379));
#3521 = CARTESIAN_POINT('',(1.653285298349,1.299219872726));
#3522 = CARTESIAN_POINT('',(1.720160334109,1.231192475037));
#3523 = CARTESIAN_POINT('',(1.786879160527,1.163581182642));
#3524 = CARTESIAN_POINT('',(1.906284449887,1.043988723613));
#3525 = CARTESIAN_POINT('',(1.959011924241,0.991671662606));
#3526 = CARTESIAN_POINT('',(2.011791332265,0.940057794988));
#3527 = CARTESIAN_POINT('',(2.064687975512,0.889352548476));
#3528 = CARTESIAN_POINT('',(2.117766853682,0.83977498822));
#3529 = CARTESIAN_POINT('',(2.17109630479,0.791558818362));
#3530 = CARTESIAN_POINT('',(2.276120559597,0.700333956031));
#3531 = CARTESIAN_POINT('',(2.327812764046,0.657169580994));
#3532 = CARTESIAN_POINT('',(2.379860732987,0.615711842359));
#3533 = CARTESIAN_POINT('',(2.432300763022,0.576221858951));
#3534 = CARTESIAN_POINT('',(2.485174445264,0.538969834209));
#3535 = CARTESIAN_POINT('',(2.538530137527,0.504234605859));
#3536 = CARTESIAN_POINT('',(2.635132445883,0.446999462245));
#3537 = CARTESIAN_POINT('',(2.678188346352,0.423450757116));
#3538 = CARTESIAN_POINT('',(2.721561598588,0.401836295534));
#3539 = CARTESIAN_POINT('',(2.765229628251,0.382320191415));
#3540 = CARTESIAN_POINT('',(2.809176024372,0.365050624329));
#3541 = CARTESIAN_POINT('',(2.853388737703,0.350159006604));
#3542 = CARTESIAN_POINT('',(2.9322248304,0.328176405014));
#3543 = CARTESIAN_POINT('',(2.966733669833,0.320084915583));
#3544 = CARTESIAN_POINT('',(3.001354203903,0.313542612161));
#3545 = CARTESIAN_POINT('',(3.036058690231,0.308593466236));
#3546 = CARTESIAN_POINT('',(3.070821063564,0.305267352447));
#3547 = CARTESIAN_POINT('',(3.105615761804,0.303579910287));
#3548 = CARTESIAN_POINT('',(3.175333835186,0.303484742284));
#3549 = CARTESIAN_POINT('',(3.210246406208,0.305088028684));
#3550 = CARTESIAN_POINT('',(3.245127700347,0.308341577625));
#3551 = CARTESIAN_POINT('',(3.279951848822,0.313230111709));
#3552 = CARTESIAN_POINT('',(3.314692488083,0.319723902251));
#3553 = CARTESIAN_POINT('',(3.349321569074,0.327778908006));
#3554 = CARTESIAN_POINT('',(3.429763798014,0.350073577706));
#3555 = CARTESIAN_POINT('',(3.475443991717,0.365472972397));
#3556 = CARTESIAN_POINT('',(3.520839123359,0.383409823029));
#3557 = CARTESIAN_POINT('',(3.565936710365,0.403739107913));
#3558 = CARTESIAN_POINT('',(3.610719333309,0.426297036465));
#3559 = CARTESIAN_POINT('',(3.655162557375,0.450902027068));
#3560 = CARTESIAN_POINT('',(3.75279094761,0.509504492669));
#3561 = CARTESIAN_POINT('',(3.805819004201,0.5443959879));
#3562 = CARTESIAN_POINT('',(3.8583732239,0.581748210915));
#3563 = CARTESIAN_POINT('',(3.910501782137,0.621287684029));
#3564 = CARTESIAN_POINT('',(3.962246329265,0.662749808472));
#3565 = CARTESIAN_POINT('',(4.013643490365,0.705879261312));
#3566 = CARTESIAN_POINT('',(4.116988115276,0.796009661306));
#3567 = CARTESIAN_POINT('',(4.168945866807,0.843098739036));
#3568 = CARTESIAN_POINT('',(4.220669132365,0.891467926003));
#3569 = CARTESIAN_POINT('',(4.272221235873,0.940901566592));
#3570 = CARTESIAN_POINT('',(4.323662538779,0.991197179966));
#3571 = CARTESIAN_POINT('',(4.375053666384,1.042164590915));
#3572 = CARTESIAN_POINT('',(4.493416226846,1.160654717056));
#3573 = CARTESIAN_POINT('',(4.560428166235,1.228552063509));
#3574 = CARTESIAN_POINT('',(4.627594261287,1.296881050252));
#3575 = CARTESIAN_POINT('',(4.69500889481,1.365220050419));
#3576 = CARTESIAN_POINT('',(4.762768101347,1.433159667454));
#3577 = CARTESIAN_POINT('',(4.830976545044,1.500300542464));
#3578 = CARTESIAN_POINT('',(4.935368036385,1.600400694267));
#3579 = CARTESIAN_POINT('',(4.971125448462,1.63422252634));
#3580 = CARTESIAN_POINT('',(5.007029929489,1.66764959994));
#3581 = CARTESIAN_POINT('',(5.043085517889,1.700616123438));
#3582 = CARTESIAN_POINT('',(5.079297094773,1.733057571426));
#3583 = CARTESIAN_POINT('',(5.115670383943,1.764910684721));
#3584 = CARTESIAN_POINT('',(5.189841302193,1.828245111601));
#3585 = CARTESIAN_POINT('',(5.227649383722,1.859687341844));
#3586 = CARTESIAN_POINT('',(5.265630916665,1.89036169049));
#3587 = CARTESIAN_POINT('',(5.303781986695,1.920193009278));
#3588 = CARTESIAN_POINT('',(5.34209974746,1.949109378201));
#3589 = CARTESIAN_POINT('',(5.380582123081,1.977042011422));
#3590 = CARTESIAN_POINT('',(5.539506544611,2.087595679375));
#3591 = CARTESIAN_POINT('',(5.661445557914,2.161156269524));
#3592 = CARTESIAN_POINT('',(5.784562276248,2.222295146881));
#3593 = CARTESIAN_POINT('',(5.908556762246,2.269316509198));
#3594 = CARTESIAN_POINT('',(6.03316720807,2.301087414107));
#3595 = CARTESIAN_POINT('',(6.158146701908,2.316986417624));
#3596 = CARTESIAN_POINT('',(6.28318530718,2.316986417624));
#3597 = ( GEOMETRIC_REPRESENTATION_CONTEXT(2) 
PARAMETRIC_REPRESENTATION_CONTEXT() REPRESENTATION_CONTEXT('2D SPACE',''
  ) );
#3598 = PCURVE('',#2807,#3599);
#3599 = DEFINITIONAL_REPRESENTATION('',(#3600),#3699);
#3600 = B_SPLINE_CURVE_WITH_KNOTS('',7,(#3601,#3602,#3603,#3604,#3605,
    #3606,#3607,#3608,#3609,#3610,#3611,#3612,#3613,#3614,#3615,#3616,
    #3617,#3618,#3619,#3620,#3621,#3622,#3623,#3624,#3625,#3626,#3627,
    #3628,#3629,#3630,#3631,#3632,#3633,#3634,#3635,#3636,#3637,#3638,
    #3639,#3640,#3641,#3642,#3643,#3644,#3645,#3646,#3647,#3648,#3649,
    #3650,#3651,#3652,#3653,#3654,#3655,#3656,#3657,#3658,#3659,#3660,
    #3661,#3662,#3663,#3664,#3665,#3666,#3667,#3668,#3669,#3670,#3671,
    #3672,#3673,#3674,#3675,#3676,#3677,#3678,#3679,#3680,#3681,#3682,
    #3683,#3684,#3685,#3686,#3687,#3688,#3689,#3690,#3691,#3692,#3693,
    #3694,#3695,#3696,#3697,#3698),.UNSPECIFIED.,.F.,.F.,(8,6,6,6,6,6,6,
    6,6,6,6,6,6,6,6,6,8),(0.,0.101038521666,0.173779595503,
    0.214642254392,0.293564029096,0.356010480337,0.415795887822,
    0.463172248388,0.499785221581,0.53652075385,0.585473237142,
    0.644964593047,0.70582887297,0.785107429577,0.826158229357,
    0.868431043913,1.),.UNSPECIFIED.);
#3601 = CARTESIAN_POINT('',(-5.613098434578,-50.));
#3602 = CARTESIAN_POINT('',(-5.613098434578,-50.10559555914));
#3603 = CARTESIAN_POINT('',(-5.612379899162,-50.21122716225));
#3604 = CARTESIAN_POINT('',(-5.610942032824,-50.31511008788));
#3605 = CARTESIAN_POINT('',(-5.608805359017,-50.41549838272));
#3606 = CARTESIAN_POINT('',(-5.606009680912,-50.51077676788));
#3607 = CARTESIAN_POINT('',(-5.602611829379,-50.59954331895));
#3608 = CARTESIAN_POINT('',(-5.595854842728,-50.73909808251));
#3609 = CARTESIAN_POINT('',(-5.592752844602,-50.79352917018));
#3610 = CARTESIAN_POINT('',(-5.58940281898,-50.8436009154));
#3611 = CARTESIAN_POINT('',(-5.585832669343,-50.88900890688));
#3612 = CARTESIAN_POINT('',(-5.582072353171,-50.92952152604));
#3613 = CARTESIAN_POINT('',(-5.578153647645,-50.96498188389));
#3614 = CARTESIAN_POINT('',(-5.57183832869,-51.01234659119));
#3615 = CARTESIAN_POINT('',(-5.569526612303,-51.02776894246));
#3616 = CARTESIAN_POINT('',(-5.567179677101,-51.0415683211));
#3617 = CARTESIAN_POINT('',(-5.564802434754,-51.0537405131));
#3618 = CARTESIAN_POINT('',(-5.562399797697,-51.06428558091));
#3619 = CARTESIAN_POINT('',(-5.559976679126,-51.07320786338));
#3620 = CARTESIAN_POINT('',(-5.552827936386,-51.0946307989));
#3621 = CARTESIAN_POINT('',(-5.54806200326,-51.10271809876));
#3622 = CARTESIAN_POINT('',(-5.543269032048,-51.10486854182));
#3623 = CARTESIAN_POINT('',(-5.538477306769,-51.1011845047));
#3624 = CARTESIAN_POINT('',(-5.533714763761,-51.09177998485));
#3625 = CARTESIAN_POINT('',(-5.529009198419,-51.07678051109));
#3626 = CARTESIAN_POINT('',(-5.520732345685,-51.04013619597));
#3627 = CARTESIAN_POINT('',(-5.517127990314,-51.02052631111));
#3628 = CARTESIAN_POINT('',(-5.513587834664,-50.99754917206));
#3629 = CARTESIAN_POINT('',(-5.510124865128,-50.97125923764));
#3630 = CARTESIAN_POINT('',(-5.506752712561,-50.9417103537));
#3631 = CARTESIAN_POINT('',(-5.503485739211,-50.9089564538));
#3632 = CARTESIAN_POINT('',(-5.497326599371,-50.83867805887));
#3633 = CARTESIAN_POINT('',(-5.49442295267,-50.8013997048));
#3634 = CARTESIAN_POINT('',(-5.491643749117,-50.76128299564));
#3635 = CARTESIAN_POINT('',(-5.489004940433,-50.71840563997));
#3636 = CARTESIAN_POINT('',(-5.486522907791,-50.67285774682));
#3637 = CARTESIAN_POINT('',(-5.484214503123,-50.62474231562));
#3638 = CARTESIAN_POINT('',(-5.48041916748,-50.53410472758));
#3639 = CARTESIAN_POINT('',(-5.478860806516,-50.49248539609));
#3640 = CARTESIAN_POINT('',(-5.477433064874,-50.44943029703));
#3641 = CARTESIAN_POINT('',(-5.476145969853,-50.4050627174));
#3642 = CARTESIAN_POINT('',(-5.475008520571,-50.35951582491));
#3643 = CARTESIAN_POINT('',(-5.474028689832,-50.3129318271));
#3644 = CARTESIAN_POINT('',(-5.472583381106,-50.22877525311));
#3645 = CARTESIAN_POINT('',(-5.47205182464,-50.19157169217));
#3646 = CARTESIAN_POINT('',(-5.471622314372,-50.15394847704));
#3647 = CARTESIAN_POINT('',(-5.471297539567,-50.11600607652));
#3648 = CARTESIAN_POINT('',(-5.471079321061,-50.07784685923));
#3649 = CARTESIAN_POINT('',(-5.470968611353,-50.03957455419));
#3650 = CARTESIAN_POINT('',(-5.470962367608,-49.96288472651));
#3651 = CARTESIAN_POINT('',(-5.471067556074,-49.92447909335));
#3652 = CARTESIAN_POINT('',(-5.471281011063,-49.8861824921));
#3653 = CARTESIAN_POINT('',(-5.471601802155,-49.84809980774));
#3654 = CARTESIAN_POINT('',(-5.472028117455,-49.81033457599));
#3655 = CARTESIAN_POINT('',(-5.472557263508,-49.77298842906));
#3656 = CARTESIAN_POINT('',(-5.474023051302,-49.68708498895));
#3657 = CARTESIAN_POINT('',(-5.475036281213,-49.63895375192));
#3658 = CARTESIAN_POINT('',(-5.476217705026,-49.59193198034));
#3659 = CARTESIAN_POINT('',(-5.477558526695,-49.54617551162));
#3660 = CARTESIAN_POINT('',(-5.47904880192,-49.50182989381));
#3661 = CARTESIAN_POINT('',(-5.480677436033,-49.45902940867));
#3662 = CARTESIAN_POINT('',(-5.484564703108,-49.3679072801));
#3663 = CARTESIAN_POINT('',(-5.486884297867,-49.32036131028));
#3664 = CARTESIAN_POINT('',(-5.489373910663,-49.27537015445));
#3665 = CARTESIAN_POINT('',(-5.492017012053,-49.2330329429));
#3666 = CARTESIAN_POINT('',(-5.494797557508,-49.19343646766));
#3667 = CARTESIAN_POINT('',(-5.497699946275,-49.15665568308));
#3668 = CARTESIAN_POINT('',(-5.503787455802,-49.08807036133));
#3669 = CARTESIAN_POINT('',(-5.506979025922,-49.05638352055));
#3670 = CARTESIAN_POINT('',(-5.510269698746,-49.02774409852));
#3671 = CARTESIAN_POINT('',(-5.513646215281,-49.00220190451));
#3672 = CARTESIAN_POINT('',(-5.51709597385,-48.97980674416));
#3673 = CARTESIAN_POINT('',(-5.520606954532,-48.9606090212));
#3674 = CARTESIAN_POINT('',(-5.528805606836,-48.92388643834));
#3675 = CARTESIAN_POINT('',(-5.533530060183,-48.9086152764));
#3676 = CARTESIAN_POINT('',(-5.53831278569,-48.89898552571));
#3677 = CARTESIAN_POINT('',(-5.543125641616,-48.895124415));
#3678 = CARTESIAN_POINT('',(-5.547940349993,-48.8971476453));
#3679 = CARTESIAN_POINT('',(-5.552728284164,-48.90515930591));
#3680 = CARTESIAN_POINT('',(-5.55991049319,-48.92654894358));
#3681 = CARTESIAN_POINT('',(-5.562345113934,-48.9354747717));
#3682 = CARTESIAN_POINT('',(-5.564759145319,-48.94603806602));
#3683 = CARTESIAN_POINT('',(-5.567147614186,-48.9582432895));
#3684 = CARTESIAN_POINT('',(-5.569505547462,-48.97209057698));
#3685 = CARTESIAN_POINT('',(-5.571827972154,-48.98757573508));
#3686 = CARTESIAN_POINT('',(-5.576459788249,-49.02231422021));
#3687 = CARTESIAN_POINT('',(-5.578766751469,-49.04166613428));
#3688 = CARTESIAN_POINT('',(-5.58102459496,-49.06273082271));
#3689 = CARTESIAN_POINT('',(-5.583227239942,-49.08548523008));
#3690 = CARTESIAN_POINT('',(-5.585368750134,-49.10989847753));
#3691 = CARTESIAN_POINT('',(-5.587443342985,-49.13593193292));
#3692 = CARTESIAN_POINT('',(-5.595676560836,-49.24946376955));
#3693 = CARTESIAN_POINT('',(-5.601209275546,-49.3506922192));
#3694 = CARTESIAN_POINT('',(-5.605849807437,-49.46555012091));
#3695 = CARTESIAN_POINT('',(-5.609443375995,-49.59142051751));
#3696 = CARTESIAN_POINT('',(-5.611879383312,-49.72498020015));
#3697 = CARTESIAN_POINT('',(-5.613098434578,-49.8624575342));
#3698 = CARTESIAN_POINT('',(-5.613098434578,-50.));
#3699 = ( GEOMETRIC_REPRESENTATION_CONTEXT(2) 
PARAMETRIC_REPRESENTATION_CONTEXT() REPRESENTATION_CONTEXT('2D SPACE',''
  ) );
#3700 = ORIENTED_EDGE('',*,*,#3372,.T.);
#3701 = ADVANCED_FACE('',(#3702),#1687,.F.);
#3702 = FACE_BOUND('',#3703,.F.);
#3703 = EDGE_LOOP('',(#3704,#3705,#3728,#4001));
#3704 = ORIENTED_EDGE('',*,*,#1445,.T.);
#3705 = ORIENTED_EDGE('',*,*,#3706,.F.);
#3706 = EDGE_CURVE('',#3707,#1446,#3709,.T.);
#3707 = VERTEX_POINT('',#3708);
#3708 = CARTESIAN_POINT('',(14.445667226812,15.242135623731,8.));
#3709 = SEAM_CURVE('',#3710,(#3714,#3721),.PCURVE_S1.);
#3710 = LINE('',#3711,#3712);
#3711 = CARTESIAN_POINT('',(14.445667226812,15.242135623731,8.));
#3712 = VECTOR('',#3713,1.);
#3713 = DIRECTION('',(-1.,0.,0.));
#3714 = PCURVE('',#1687,#3715);
#3715 = DEFINITIONAL_REPRESENTATION('',(#3716),#3720);
#3716 = LINE('',#3717,#3718);
#3717 = CARTESIAN_POINT('',(6.28318530718,0.303531603081));
#3718 = VECTOR('',#3719,1.);
#3719 = DIRECTION('',(0.,-1.));
#3720 = ( GEOMETRIC_REPRESENTATION_CONTEXT(2) 
PARAMETRIC_REPRESENTATION_CONTEXT() REPRESENTATION_CONTEXT('2D SPACE',''
  ) );
#3721 = PCURVE('',#1687,#3722);
#3722 = DEFINITIONAL_REPRESENTATION('',(#3723),#3727);
#3723 = LINE('',#3724,#3725);
#3724 = CARTESIAN_POINT('',(0.,0.303531603081));
#3725 = VECTOR('',#3726,1.);
#3726 = DIRECTION('',(0.,-1.));
#3727 = ( GEOMETRIC_REPRESENTATION_CONTEXT(2) 
PARAMETRIC_REPRESENTATION_CONTEXT() REPRESENTATION_CONTEXT('2D SPACE',''
  ) );
#3728 = ORIENTED_EDGE('',*,*,#3729,.F.);
#3729 = EDGE_CURVE('',#3707,#3707,#3730,.T.);
#3730 = SURFACE_CURVE('',#3731,(#3819,#3910),.PCURVE_S1.);
#3731 = B_SPLINE_CURVE_WITH_KNOTS('',6,(#3732,#3733,#3734,#3735,#3736,
    #3737,#3738,#3739,#3740,#3741,#3742,#3743,#3744,#3745,#3746,#3747,
    #3748,#3749,#3750,#3751,#3752,#3753,#3754,#3755,#3756,#3757,#3758,
    #3759,#3760,#3761,#3762,#3763,#3764,#3765,#3766,#3767,#3768,#3769,
    #3770,#3771,#3772,#3773,#3774,#3775,#3776,#3777,#3778,#3779,#3780,
    #3781,#3782,#3783,#3784,#3785,#3786,#3787,#3788,#3789,#3790,#3791,
    #3792,#3793,#3794,#3795,#3796,#3797,#3798,#3799,#3800,#3801,#3802,
    #3803,#3804,#3805,#3806,#3807,#3808,#3809,#3810,#3811,#3812,#3813,
    #3814,#3815,#3816,#3817,#3818),.UNSPECIFIED.,.T.,.F.,(7,5,5,5,5,5,5,
    5,5,5,5,5,5,5,5,5,5,7),(0.,8.536597051299E-02,0.144868424699,
    0.205744059038,0.2850374053,0.326095863232,0.368376563911,
    0.42280150369,0.499974470724,0.544264785824,0.577219438806,
    0.630972187603,0.673865520575,0.71474137943,0.793688648429,
    0.8561552719,0.915959991948,1.),.UNSPECIFIED.);
#3732 = CARTESIAN_POINT('',(14.445667226812,15.242135623731,8.));
#3733 = CARTESIAN_POINT('',(14.445667226812,15.242135623731,
    8.104483358025));
#3734 = CARTESIAN_POINT('',(14.45823279852,15.230226485958,
    8.208505374215));
#3735 = CARTESIAN_POINT('',(14.483157540825,15.206604992574,
    8.310090463664));
#3736 = CARTESIAN_POINT('',(14.519510570793,15.172002008234,
    8.407313207034));
#3737 = CARTESIAN_POINT('',(14.565681485487,15.127674683888,
    8.498433950813));
#3738 = CARTESIAN_POINT('',(14.656998251033,15.039120053853,
    8.640424189018));
#3739 = CARTESIAN_POINT('',(14.698344955872,14.998806798685,
    8.69532448999));
#3740 = CARTESIAN_POINT('',(14.743037993717,14.954945037747,
    8.746608862198));
#3741 = CARTESIAN_POINT('',(14.790603726466,14.907911492268,
    8.794111316946));
#3742 = CARTESIAN_POINT('',(14.840589696546,14.858072967029,
    8.837694070803));
#3743 = CARTESIAN_POINT('',(14.945741829862,14.752304556626,
    8.917710279504));
#3744 = CARTESIAN_POINT('',(15.001031375928,14.696229957412,
    8.953978959424));
#3745 = CARTESIAN_POINT('',(15.058032680088,14.637896115201,
    8.985963608013));
#3746 = CARTESIAN_POINT('',(15.116376537304,14.577614020415,
    9.013577412125));
#3747 = CARTESIAN_POINT('',(15.17572346968,14.515682121261,
    9.036732865099));
#3748 = CARTESIAN_POINT('',(15.313961950179,14.369950632755,
    9.079575878428));
#3749 = CARTESIAN_POINT('',(15.393377982065,14.285158052723,
    9.096108261657));
#3750 = CARTESIAN_POINT('',(15.473245692921,14.198726652655,
    9.104694133764));
#3751 = CARTESIAN_POINT('',(15.552835649122,14.111398907302,
    9.105117519972));
#3752 = CARTESIAN_POINT('',(15.631444396343,14.023957594711,
    9.097189441514));
#3753 = CARTESIAN_POINT('',(15.74822790678,13.892333191133,
    9.072234864235));
#3754 = CARTESIAN_POINT('',(15.787610247387,13.847635745813,
    9.061441373917));
#3755 = CARTESIAN_POINT('',(15.826416455884,13.803286457511,
    9.048352354026));
#3756 = CARTESIAN_POINT('',(15.864532135548,13.759429202751,
    9.032962519111));
#3757 = CARTESIAN_POINT('',(15.901845844179,13.716210278669,
    9.015276682783));
#3758 = CARTESIAN_POINT('',(15.975736008872,13.630083400217,
    8.974748450131));
#3759 = CARTESIAN_POINT('',(16.012257748255,13.587222542337,
    8.951768031949));
#3760 = CARTESIAN_POINT('',(16.047676988694,13.545379749976,
    8.926395036289));
#3761 = CARTESIAN_POINT('',(16.081864158761,13.504736869026,
    8.898674414748));
#3762 = CARTESIAN_POINT('',(16.114697109859,13.465472253177,
    8.868669291761));
#3763 = CARTESIAN_POINT('',(16.186433018411,13.379214202954,
    8.795000913307));
#3764 = CARTESIAN_POINT('',(16.224371098817,13.33323970612,
    8.749889521159));
#3765 = CARTESIAN_POINT('',(16.259602222112,13.290238659924,
    8.701328348942));
#3766 = CARTESIAN_POINT('',(16.291889282123,13.250582145954,
    8.649577759594));
#3767 = CARTESIAN_POINT('',(16.321029291033,13.214601583639,
    8.594953558003));
#3768 = CARTESIAN_POINT('',(16.383467354586,13.137176245788,
    8.456815664902));
#3769 = CARTESIAN_POINT('',(16.413404918693,13.099742112569,
    8.370787065642));
#3770 = CARTESIAN_POINT('',(16.436183079985,13.071086195297,
    8.280799486821));
#3771 = CARTESIAN_POINT('',(16.451476690382,13.051783134685,
    8.188100446035));
#3772 = CARTESIAN_POINT('',(16.459122041355,13.042135623731,
    8.094042137624));
#3773 = CARTESIAN_POINT('',(16.459122041355,13.042135623731,
    7.946028304106));
#3774 = CARTESIAN_POINT('',(16.456603914635,13.04531345346,
    7.892054387383));
#3775 = CARTESIAN_POINT('',(16.451567687521,13.051669253027,
    7.838337403389));
#3776 = CARTESIAN_POINT('',(16.444030706939,13.061171333905,
    7.785131901168));
#3777 = CARTESIAN_POINT('',(16.434027846034,13.07375713252,
    7.732685772406));
#3778 = CARTESIAN_POINT('',(16.412373359157,13.100924410154,
    7.642958115492));
#3779 = CARTESIAN_POINT('',(16.401798947313,13.114170842238,
    7.605230420821));
#3780 = CARTESIAN_POINT('',(16.389910265647,13.129034894234,
    7.568154108057));
#3781 = CARTESIAN_POINT('',(16.376734496855,13.145469650556,
    7.531823026794));
#3782 = CARTESIAN_POINT('',(16.362304214949,13.163419845887,
    7.496325882735));
#3783 = CARTESIAN_POINT('',(16.321135644635,13.214468742766,
    7.405342943897));
#3784 = CARTESIAN_POINT('',(16.292379216362,13.249976151929,
    7.351384816827));
#3785 = CARTESIAN_POINT('',(16.260552374865,13.289070577659,
    7.300226328652));
#3786 = CARTESIAN_POINT('',(16.225850412401,13.331433163337,
    7.252172180404));
#3787 = CARTESIAN_POINT('',(16.188501130206,13.376707169009,
    7.207474369771));
#3788 = CARTESIAN_POINT('',(16.117058964524,13.462647231809,
    7.133496501884));
#3789 = CARTESIAN_POINT('',(16.083832535191,13.502396464061,
    7.102925815267));
#3790 = CARTESIAN_POINT('',(16.049206907348,13.543572193623,
    7.074702888215));
#3791 = CARTESIAN_POINT('',(16.013309511347,13.585988165298,
    7.048894362565));
#3792 = CARTESIAN_POINT('',(15.976275697949,13.629454334959,
    7.02554756551));
#3793 = CARTESIAN_POINT('',(15.902011059319,13.716017702778,
    6.984813936553));
#3794 = CARTESIAN_POINT('',(15.864870527899,13.759037255378,
    6.967197905924));
#3795 = CARTESIAN_POINT('',(15.826934640992,13.802690203282,
    6.951857008631));
#3796 = CARTESIAN_POINT('',(15.788313467317,13.846832044573,
    6.938796124581));
#3797 = CARTESIAN_POINT('',(15.74912000315,13.891320632942,
    6.928010155352));
#3798 = CARTESIAN_POINT('',(15.63289084293,14.022340753925,
    6.903016730579));
#3799 = CARTESIAN_POINT('',(15.554652187151,14.109389342957,
    6.894987969493));
#3800 = CARTESIAN_POINT('',(15.47543090683,14.19633711521,6.895239074688
    ));
#3801 = CARTESIAN_POINT('',(15.395921615961,14.282410300615,
    6.903584056098));
#3802 = CARTESIAN_POINT('',(15.316844305787,14.366874973983,
    6.919809912765));
#3803 = CARTESIAN_POINT('',(15.177319770253,14.514027293924,
    6.962561613738));
#3804 = CARTESIAN_POINT('',(15.116402292771,14.577608799537,
    6.986238518947));
#3805 = CARTESIAN_POINT('',(15.05653676318,14.639456747237,
    7.014610059674));
#3806 = CARTESIAN_POINT('',(14.99809005091,14.699248595774,
    7.047581699268));
#3807 = CARTESIAN_POINT('',(14.941462014553,14.756647859495,
    7.085059513869));
#3808 = CARTESIAN_POINT('',(14.835033008556,14.86362146627,
    7.167050974584));
#3809 = CARTESIAN_POINT('',(14.785014083191,14.913455079685,
    7.211220023435));
#3810 = CARTESIAN_POINT('',(14.737472503196,14.960428774088,
    7.259339740098));
#3811 = CARTESIAN_POINT('',(14.69287078859,15.004167864082,
    7.311267186687));
#3812 = CARTESIAN_POINT('',(14.651692131347,15.044288247405,
    7.366829919394));
#3813 = CARTESIAN_POINT('',(14.562088960585,15.131122872547,
    7.508725523493));
#3814 = CARTESIAN_POINT('',(14.517250315717,15.174153410678,
    7.59878405455));
#3815 = CARTESIAN_POINT('',(14.4819919912,15.207709571954,7.694689579747
    ));
#3816 = CARTESIAN_POINT('',(14.457838468262,15.230600227981,
    7.794767531322));
#3817 = CARTESIAN_POINT('',(14.445667226812,15.242135623731,
    7.897169220811));
#3818 = CARTESIAN_POINT('',(14.445667226812,15.242135623731,8.));
#3819 = PCURVE('',#1687,#3820);
#3820 = DEFINITIONAL_REPRESENTATION('',(#3821),#3909);
#3821 = B_SPLINE_CURVE_WITH_KNOTS('',6,(#3822,#3823,#3824,#3825,#3826,
    #3827,#3828,#3829,#3830,#3831,#3832,#3833,#3834,#3835,#3836,#3837,
    #3838,#3839,#3840,#3841,#3842,#3843,#3844,#3845,#3846,#3847,#3848,
    #3849,#3850,#3851,#3852,#3853,#3854,#3855,#3856,#3857,#3858,#3859,
    #3860,#3861,#3862,#3863,#3864,#3865,#3866,#3867,#3868,#3869,#3870,
    #3871,#3872,#3873,#3874,#3875,#3876,#3877,#3878,#3879,#3880,#3881,
    #3882,#3883,#3884,#3885,#3886,#3887,#3888,#3889,#3890,#3891,#3892,
    #3893,#3894,#3895,#3896,#3897,#3898,#3899,#3900,#3901,#3902,#3903,
    #3904,#3905,#3906,#3907,#3908),.UNSPECIFIED.,.F.,.F.,(7,5,5,5,5,5,5,
    5,5,5,5,5,5,5,5,5,5,7),(0.,8.536597051299E-02,0.144868424699,
    0.205744059038,0.2850374053,0.326095863232,0.368376563911,
    0.42280150369,0.499974470724,0.544264785824,0.577219438806,
    0.630972187603,0.673865520575,0.71474137943,0.793688648429,
    0.8561552719,0.915959991948,1.),.UNSPECIFIED.);
#3822 = CARTESIAN_POINT('',(0.,0.303531603081));
#3823 = CARTESIAN_POINT('',(9.498487093184E-02,0.303531603081));
#3824 = CARTESIAN_POINT('',(0.189550013005,0.316097174789));
#3825 = CARTESIAN_POINT('',(0.283444231462,0.341021917094));
#3826 = CARTESIAN_POINT('',(0.376383751659,0.377374947062));
#3827 = CARTESIAN_POINT('',(0.467996080995,0.423545861756));
#3828 = CARTESIAN_POINT('',(0.620124642997,0.514862627302));
#3829 = CARTESIAN_POINT('',(0.681867033658,0.556209332141));
#3830 = CARTESIAN_POINT('',(0.742965722784,0.600902369986));
#3831 = CARTESIAN_POINT('',(0.80350033621,0.648468102735));
#3832 = CARTESIAN_POINT('',(0.863537024342,0.698454072815));
#3833 = CARTESIAN_POINT('',(0.984105753393,0.803606206131));
#3834 = CARTESIAN_POINT('',(1.044652197147,0.858895752198));
#3835 = CARTESIAN_POINT('',(1.104894689996,0.915897056357));
#3836 = CARTESIAN_POINT('',(1.164940438667,0.974240913573));
#3837 = CARTESIAN_POINT('',(1.224893501495,1.033587845949));
#3838 = CARTESIAN_POINT('',(1.362983155368,1.171826326448));
#3839 = CARTESIAN_POINT('',(1.441176455556,1.251242358334));
#3840 = CARTESIAN_POINT('',(1.519620471803,1.33111006919));
#3841 = CARTESIAN_POINT('',(1.59847726711,1.410700025391));
#3842 = CARTESIAN_POINT('',(1.677920899374,1.489308772612));
#3843 = CARTESIAN_POINT('',(1.799710972606,1.606092283049));
#3844 = CARTESIAN_POINT('',(1.841461523779,1.645474623656));
#3845 = CARTESIAN_POINT('',(1.883419089989,1.684280832153));
#3846 = CARTESIAN_POINT('',(1.925591230045,1.722396511817));
#3847 = CARTESIAN_POINT('',(1.96798746903,1.759710220448));
#3848 = CARTESIAN_POINT('',(2.054520206988,1.833600385141));
#3849 = CARTESIAN_POINT('',(2.09867133939,1.870122124525));
#3850 = CARTESIAN_POINT('',(2.143063455838,1.905541364963));
#3851 = CARTESIAN_POINT('',(2.187690502793,1.93972853503));
#3852 = CARTESIAN_POINT('',(2.232548571566,1.972561486128));
#3853 = CARTESIAN_POINT('',(2.33567122666,2.04429739468));
#3854 = CARTESIAN_POINT('',(2.394086442838,2.082235475086));
#3855 = CARTESIAN_POINT('',(2.452834632667,2.117466598381));
#3856 = CARTESIAN_POINT('',(2.511880496627,2.149753658393));
#3857 = CARTESIAN_POINT('',(2.571191325853,2.178893667302));
#3858 = CARTESIAN_POINT('',(2.715151721151,2.241331730855));
#3859 = CARTESIAN_POINT('',(2.80001310442,2.271269294962));
#3860 = CARTESIAN_POINT('',(2.88519491726,2.294047456255));
#3861 = CARTESIAN_POINT('',(2.970592616005,2.309341066651));
#3862 = CARTESIAN_POINT('',(3.056099801205,2.316986417624));
#3863 = CARTESIAN_POINT('',(3.190657831675,2.316986417624));
#3864 = CARTESIAN_POINT('',(3.239725027418,2.314468290904));
#3865 = CARTESIAN_POINT('',(3.288771278561,2.30943206379));
#3866 = CARTESIAN_POINT('',(3.337777786808,2.301895083208));
#3867 = CARTESIAN_POINT('',(3.386725922858,2.291892222303));
#3868 = CARTESIAN_POINT('',(3.471953442321,2.270237735426));
#3869 = CARTESIAN_POINT('',(3.5082690637,2.259663323582));
#3870 = CARTESIAN_POINT('',(3.544531144467,2.247774641916));
#3871 = CARTESIAN_POINT('',(3.580730581355,2.234598873124));
#3872 = CARTESIAN_POINT('',(3.616858118936,2.220168591218));
#3873 = CARTESIAN_POINT('',(3.711699809703,2.179000020904));
#3874 = CARTESIAN_POINT('',(3.770273985334,2.150243592631));
#3875 = CARTESIAN_POINT('',(3.828590123282,2.118416751134));
#3876 = CARTESIAN_POINT('',(3.886616552024,2.08371478867));
#3877 = CARTESIAN_POINT('',(3.944319156939,2.046365506475));
#3878 = CARTESIAN_POINT('',(4.047405493743,1.974923340793));
#3879 = CARTESIAN_POINT('',(4.092923036105,1.94169691146));
#3880 = CARTESIAN_POINT('',(4.138203360029,1.907071283617));
#3881 = CARTESIAN_POINT('',(4.183242212029,1.871173887616));
#3882 = CARTESIAN_POINT('',(4.228033070562,1.834140074218));
#3883 = CARTESIAN_POINT('',(4.315004354775,1.759875435588));
#3884 = CARTESIAN_POINT('',(4.357209573149,1.722734904168));
#3885 = CARTESIAN_POINT('',(4.399192826045,1.684799017261));
#3886 = CARTESIAN_POINT('',(4.440963342765,1.646177843586));
#3887 = CARTESIAN_POINT('',(4.482528419868,1.606984379419));
#3888 = CARTESIAN_POINT('',(4.603785415524,1.490755219199));
#3889 = CARTESIAN_POINT('',(4.682886715072,1.41251656342));
#3890 = CARTESIAN_POINT('',(4.76140429779,1.333295283099));
#3891 = CARTESIAN_POINT('',(4.839509490805,1.25378599223));
#3892 = CARTESIAN_POINT('',(4.917361729934,1.174708682056));
#3893 = CARTESIAN_POINT('',(5.056667900855,1.035184146522));
#3894 = CARTESIAN_POINT('',(5.118179248621,0.97426666904));
#3895 = CARTESIAN_POINT('',(5.17978753878,0.914401139449));
#3896 = CARTESIAN_POINT('',(5.241604749532,0.855954427179));
#3897 = CARTESIAN_POINT('',(5.303746401621,0.799326390822));
#3898 = CARTESIAN_POINT('',(5.42627469883,0.692897384825));
#3899 = CARTESIAN_POINT('',(5.486657705151,0.64287845946));
#3900 = CARTESIAN_POINT('',(5.547550147729,0.595336879465));
#3901 = CARTESIAN_POINT('',(5.609017775235,0.550735164859));
#3902 = CARTESIAN_POINT('',(5.671140407879,0.509556507616));
#3903 = CARTESIAN_POINT('',(5.82237394352,0.419953336854));
#3904 = CARTESIAN_POINT('',(5.912625691423,0.375114691986));
#3905 = CARTESIAN_POINT('',(6.004158717517,0.339856367469));
#3906 = CARTESIAN_POINT('',(6.096610635298,0.315702844531));
#3907 = CARTESIAN_POINT('',(6.189702780644,0.303531603081));
#3908 = CARTESIAN_POINT('',(6.28318530718,0.303531603081));
#3909 = ( GEOMETRIC_REPRESENTATION_CONTEXT(2) 
PARAMETRIC_REPRESENTATION_CONTEXT() REPRESENTATION_CONTEXT('2D SPACE',''
  ) );
#3910 = PCURVE('',#2807,#3911);
#3911 = DEFINITIONAL_REPRESENTATION('',(#3912),#4000);
#3912 = B_SPLINE_CURVE_WITH_KNOTS('',6,(#3913,#3914,#3915,#3916,#3917,
    #3918,#3919,#3920,#3921,#3922,#3923,#3924,#3925,#3926,#3927,#3928,
    #3929,#3930,#3931,#3932,#3933,#3934,#3935,#3936,#3937,#3938,#3939,
    #3940,#3941,#3942,#3943,#3944,#3945,#3946,#3947,#3948,#3949,#3950,
    #3951,#3952,#3953,#3954,#3955,#3956,#3957,#3958,#3959,#3960,#3961,
    #3962,#3963,#3964,#3965,#3966,#3967,#3968,#3969,#3970,#3971,#3972,
    #3973,#3974,#3975,#3976,#3977,#3978,#3979,#3980,#3981,#3982,#3983,
    #3984,#3985,#3986,#3987,#3988,#3989,#3990,#3991,#3992,#3993,#3994,
    #3995,#3996,#3997,#3998,#3999),.UNSPECIFIED.,.T.,.F.,(7,5,5,5,5,5,5,
    5,5,5,5,5,5,5,5,5,5,7),(0.,8.536597051299E-02,0.144868424699,
    0.205744059038,0.2850374053,0.326095863232,0.368376563911,
    0.42280150369,0.499974470724,0.544264785824,0.577219438806,
    0.630972187603,0.673865520575,0.71474137943,0.793688648429,
    0.8561552719,0.915959991948,1.),.UNSPECIFIED.);
#3913 = CARTESIAN_POINT('',(-0.812219865147,-8.));
#3914 = CARTESIAN_POINT('',(-0.812219865147,-8.104483358025));
#3915 = CARTESIAN_POINT('',(-0.811395463335,-8.208505374215));
#3916 = CARTESIAN_POINT('',(-0.809760233383,-8.310090463664));
#3917 = CARTESIAN_POINT('',(-0.807370309943,-8.407313207034));
#3918 = CARTESIAN_POINT('',(-0.804322482863,-8.498433950813));
#3919 = CARTESIAN_POINT('',(-0.798265183866,-8.640424189018));
#3920 = CARTESIAN_POINT('',(-0.795515339491,-8.69532448999));
#3921 = CARTESIAN_POINT('',(-0.792533439287,-8.746608862198));
#3922 = CARTESIAN_POINT('',(-0.789348102914,-8.794111316946));
#3923 = CARTESIAN_POINT('',(-0.785986866564,-8.837694070803));
#3924 = CARTESIAN_POINT('',(-0.778884772117,-8.917710279504));
#3925 = CARTESIAN_POINT('',(-0.775134884913,-8.953978959424));
#3926 = CARTESIAN_POINT('',(-0.771251151074,-8.985963608013));
#3927 = CARTESIAN_POINT('',(-0.767256346331,-9.013577412125));
#3928 = CARTESIAN_POINT('',(-0.763171800829,-9.036732865099));
#3929 = CARTESIAN_POINT('',(-0.753606706474,-9.079575878428));
#3930 = CARTESIAN_POINT('',(-0.748074663206,-9.096108261657));
#3931 = CARTESIAN_POINT('',(-0.742470915203,-9.104694133764));
#3932 = CARTESIAN_POINT('',(-0.736844666044,-9.105117519972));
#3933 = CARTESIAN_POINT('',(-0.731245685042,-9.097189441514));
#3934 = CARTESIAN_POINT('',(-0.722866441179,-9.072234864235));
#3935 = CARTESIAN_POINT('',(-0.720029694072,-9.061441373917));
#3936 = CARTESIAN_POINT('',(-0.717223512703,-9.048352354026));
#3937 = CARTESIAN_POINT('',(-0.714456600048,-9.032962519111));
#3938 = CARTESIAN_POINT('',(-0.711737658892,-9.015276682783));
#3939 = CARTESIAN_POINT('',(-0.706333873448,-8.974748450131));
#3940 = CARTESIAN_POINT('',(-0.703652428616,-8.951768031949));
#3941 = CARTESIAN_POINT('',(-0.701041924923,-8.926395036289));
#3942 = CARTESIAN_POINT('',(-0.698512923658,-8.898674414748));
#3943 = CARTESIAN_POINT('',(-0.696075640512,-8.868669291761));
#3944 = CARTESIAN_POINT('',(-0.690733281694,-8.795000913307));
#3945 = CARTESIAN_POINT('',(-0.687894890972,-8.749889521159));
#3946 = CARTESIAN_POINT('',(-0.685247737943,-8.701328348942));
#3947 = CARTESIAN_POINT('',(-0.682812609584,-8.649577759594));
#3948 = CARTESIAN_POINT('',(-0.680607826024,-8.594953558003));
#3949 = CARTESIAN_POINT('',(-0.675871419357,-8.456815664902));
#3950 = CARTESIAN_POINT('',(-0.673588913841,-8.370787065642));
#3951 = CARTESIAN_POINT('',(-0.671845772695,-8.280799486821));
#3952 = CARTESIAN_POINT('',(-0.670673042325,-8.188100446035));
#3953 = CARTESIAN_POINT('',(-0.670086872602,-8.094042137624));
#3954 = CARTESIAN_POINT('',(-0.670086872602,-7.946028304106));
#3955 = CARTESIAN_POINT('',(-0.670279947465,-7.892054387383));
#3956 = CARTESIAN_POINT('',(-0.670666101895,-7.838337403389));
#3957 = CARTESIAN_POINT('',(-0.671243639671,-7.785131901168));
#3958 = CARTESIAN_POINT('',(-0.672009195019,-7.732685772406));
#3959 = CARTESIAN_POINT('',(-0.673663556243,-7.642958115492));
#3960 = CARTESIAN_POINT('',(-0.67447067607,-7.605230420821));
#3961 = CARTESIAN_POINT('',(-0.675377040756,-7.568154108057));
#3962 = CARTESIAN_POINT('',(-0.676380098339,-7.531823026794));
#3963 = CARTESIAN_POINT('',(-0.677476827609,-7.496325882735));
#3964 = CARTESIAN_POINT('',(-0.680599722748,-7.405342943897));
#3965 = CARTESIAN_POINT('',(-0.682775501487,-7.351384816827));
#3966 = CARTESIAN_POINT('',(-0.685176037209,-7.300226328652));
#3967 = CARTESIAN_POINT('',(-0.687783704096,-7.252172180403));
#3968 = CARTESIAN_POINT('',(-0.690578522381,-7.207474369771));
#3969 = CARTESIAN_POINT('',(-0.69590029502,-7.133496501884));
#3970 = CARTESIAN_POINT('',(-0.698367300627,-7.102925815267));
#3971 = CARTESIAN_POINT('',(-0.700929158995,-7.074702888215));
#3972 = CARTESIAN_POINT('',(-0.703575205529,-7.048894362565));
#3973 = CARTESIAN_POINT('',(-0.706294404542,-7.02554756551));
#3974 = CARTESIAN_POINT('',(-0.711725576267,-6.984813936553));
#3975 = CARTESIAN_POINT('',(-0.71443194232,-6.967197905924));
#3976 = CARTESIAN_POINT('',(-0.717185895898,-6.951857008631));
#3977 = CARTESIAN_POINT('',(-0.71997884113,-6.938796124581));
#3978 = CARTESIAN_POINT('',(-0.722802180366,-6.928010155352));
#3979 = CARTESIAN_POINT('',(-0.731142380229,-6.903016730579));
#3980 = CARTESIAN_POINT('',(-0.736715673396,-6.894987969493));
#3981 = CARTESIAN_POINT('',(-0.742316726433,-6.895239074688));
#3982 = CARTESIAN_POINT('',(-0.747896365715,-6.903584056098));
#3983 = CARTESIAN_POINT('',(-0.753405987678,-6.919809912765));
#3984 = CARTESIAN_POINT('',(-0.763062315868,-6.962561613738));
#3985 = CARTESIAN_POINT('',(-0.767255317264,-6.986238518947));
#3986 = CARTESIAN_POINT('',(-0.771354088953,-7.014610059674));
#3987 = CARTESIAN_POINT('',(-0.775335579517,-7.047581699268));
#3988 = CARTESIAN_POINT('',(-0.779175132373,-7.085059513869));
#3989 = CARTESIAN_POINT('',(-0.786360795516,-7.167050974584));
#3990 = CARTESIAN_POINT('',(-0.789722978107,-7.211220023435));
#3991 = CARTESIAN_POINT('',(-0.792905493034,-7.259339740098));
#3992 = CARTESIAN_POINT('',(-0.795880198367,-7.311267186687));
#3993 = CARTESIAN_POINT('',(-0.798617901938,-7.366829919394));
#3994 = CARTESIAN_POINT('',(-0.804559602897,-7.508725523493));
#3995 = CARTESIAN_POINT('',(-0.807518902262,-7.59878405455));
#3996 = CARTESIAN_POINT('',(-0.809836700513,-7.694689579747));
#3997 = CARTESIAN_POINT('',(-0.811421334873,-7.794767531322));
#3998 = CARTESIAN_POINT('',(-0.812219865147,-7.897169220811));
#3999 = CARTESIAN_POINT('',(-0.812219865147,-8.));
#4000 = ( GEOMETRIC_REPRESENTATION_CONTEXT(2) 
PARAMETRIC_REPRESENTATION_CONTEXT() REPRESENTATION_CONTEXT('2D SPACE',''
  ) );
#4001 = ORIENTED_EDGE('',*,*,#3706,.T.);
#4002 = ADVANCED_FACE('',(#4003),#2056,.F.);
#4003 = FACE_BOUND('',#4004,.T.);
#4004 = EDGE_LOOP('',(#4005,#4034,#4055,#4056));
#4005 = ORIENTED_EDGE('',*,*,#4006,.F.);
#4006 = EDGE_CURVE('',#4007,#4007,#4009,.T.);
#4007 = VERTEX_POINT('',#4008);
#4008 = CARTESIAN_POINT('',(-14.14213562373,15.242135623731,22.));
#4009 = SURFACE_CURVE('',#4010,(#4015,#4022),.PCURVE_S1.);
#4010 = CIRCLE('',#4011,1.1);
#4011 = AXIS2_PLACEMENT_3D('',#4012,#4013,#4014);
#4012 = CARTESIAN_POINT('',(-14.14213562373,14.142135623731,22.));
#4013 = DIRECTION('',(1.,0.,0.));
#4014 = DIRECTION('',(0.,1.,0.));
#4015 = PCURVE('',#2056,#4016);
#4016 = DEFINITIONAL_REPRESENTATION('',(#4017),#4021);
#4017 = LINE('',#4018,#4019);
#4018 = CARTESIAN_POINT('',(-0.,0.));
#4019 = VECTOR('',#4020,1.);
#4020 = DIRECTION('',(-1.,0.));
#4021 = ( GEOMETRIC_REPRESENTATION_CONTEXT(2) 
PARAMETRIC_REPRESENTATION_CONTEXT() REPRESENTATION_CONTEXT('2D SPACE',''
  ) );
#4022 = PCURVE('',#4023,#4028);
#4023 = CYLINDRICAL_SURFACE('',#4024,1.1);
#4024 = AXIS2_PLACEMENT_3D('',#4025,#4026,#4027);
#4025 = CARTESIAN_POINT('',(-14.14213562373,14.142135623731,22.));
#4026 = DIRECTION('',(1.,0.,0.));
#4027 = DIRECTION('',(0.,1.,0.));
#4028 = DEFINITIONAL_REPRESENTATION('',(#4029),#4033);
#4029 = LINE('',#4030,#4031);
#4030 = CARTESIAN_POINT('',(0.,0.));
#4031 = VECTOR('',#4032,1.);
#4032 = DIRECTION('',(1.,0.));
#4033 = ( GEOMETRIC_REPRESENTATION_CONTEXT(2) 
PARAMETRIC_REPRESENTATION_CONTEXT() REPRESENTATION_CONTEXT('2D SPACE',''
  ) );
#4034 = ORIENTED_EDGE('',*,*,#4035,.T.);
#4035 = EDGE_CURVE('',#4007,#1815,#4036,.T.);
#4036 = SEAM_CURVE('',#4037,(#4041,#4048),.PCURVE_S1.);
#4037 = LINE('',#4038,#4039);
#4038 = CARTESIAN_POINT('',(-14.14213562373,15.242135623731,22.));
#4039 = VECTOR('',#4040,1.);
#4040 = DIRECTION('',(1.,0.,0.));
#4041 = PCURVE('',#2056,#4042);
#4042 = DEFINITIONAL_REPRESENTATION('',(#4043),#4047);
#4043 = LINE('',#4044,#4045);
#4044 = CARTESIAN_POINT('',(-6.28318530718,0.));
#4045 = VECTOR('',#4046,1.);
#4046 = DIRECTION('',(-0.,-1.));
#4047 = ( GEOMETRIC_REPRESENTATION_CONTEXT(2) 
PARAMETRIC_REPRESENTATION_CONTEXT() REPRESENTATION_CONTEXT('2D SPACE',''
  ) );
#4048 = PCURVE('',#2056,#4049);
#4049 = DEFINITIONAL_REPRESENTATION('',(#4050),#4054);
#4050 = LINE('',#4051,#4052);
#4051 = CARTESIAN_POINT('',(-0.,0.));
#4052 = VECTOR('',#4053,1.);
#4053 = DIRECTION('',(-0.,-1.));
#4054 = ( GEOMETRIC_REPRESENTATION_CONTEXT(2) 
PARAMETRIC_REPRESENTATION_CONTEXT() REPRESENTATION_CONTEXT('2D SPACE',''
  ) );
#4055 = ORIENTED_EDGE('',*,*,#1814,.T.);
#4056 = ORIENTED_EDGE('',*,*,#4035,.F.);
#4057 = ADVANCED_FACE('',(#4058),#2401,.F.);
#4058 = FACE_BOUND('',#4059,.T.);
#4059 = EDGE_LOOP('',(#4060,#4089,#4110,#4111));
#4060 = ORIENTED_EDGE('',*,*,#4061,.F.);
#4061 = EDGE_CURVE('',#4062,#4062,#4064,.T.);
#4062 = VERTEX_POINT('',#4063);
#4063 = CARTESIAN_POINT('',(-14.14213562373,-13.04213562373,36.));
#4064 = SURFACE_CURVE('',#4065,(#4070,#4077),.PCURVE_S1.);
#4065 = CIRCLE('',#4066,1.1);
#4066 = AXIS2_PLACEMENT_3D('',#4067,#4068,#4069);
#4067 = CARTESIAN_POINT('',(-14.14213562373,-14.14213562373,36.));
#4068 = DIRECTION('',(1.,0.,0.));
#4069 = DIRECTION('',(0.,1.,0.));
#4070 = PCURVE('',#2401,#4071);
#4071 = DEFINITIONAL_REPRESENTATION('',(#4072),#4076);
#4072 = LINE('',#4073,#4074);
#4073 = CARTESIAN_POINT('',(-0.,0.));
#4074 = VECTOR('',#4075,1.);
#4075 = DIRECTION('',(-1.,0.));
#4076 = ( GEOMETRIC_REPRESENTATION_CONTEXT(2) 
PARAMETRIC_REPRESENTATION_CONTEXT() REPRESENTATION_CONTEXT('2D SPACE',''
  ) );
#4077 = PCURVE('',#4078,#4083);
#4078 = CYLINDRICAL_SURFACE('',#4079,1.1);
#4079 = AXIS2_PLACEMENT_3D('',#4080,#4081,#4082);
#4080 = CARTESIAN_POINT('',(-14.14213562373,-14.14213562373,36.));
#4081 = DIRECTION('',(1.,0.,0.));
#4082 = DIRECTION('',(0.,1.,0.));
#4083 = DEFINITIONAL_REPRESENTATION('',(#4084),#4088);
#4084 = LINE('',#4085,#4086);
#4085 = CARTESIAN_POINT('',(0.,0.));
#4086 = VECTOR('',#4087,1.);
#4087 = DIRECTION('',(1.,0.));
#4088 = ( GEOMETRIC_REPRESENTATION_CONTEXT(2) 
PARAMETRIC_REPRESENTATION_CONTEXT() REPRESENTATION_CONTEXT('2D SPACE',''
  ) );
#4089 = ORIENTED_EDGE('',*,*,#4090,.T.);
#4090 = EDGE_CURVE('',#4062,#2184,#4091,.T.);
#4091 = SEAM_CURVE('',#4092,(#4096,#4103),.PCURVE_S1.);
#4092 = LINE('',#4093,#4094);
#4093 = CARTESIAN_POINT('',(-14.14213562373,-13.04213562373,36.));
#4094 = VECTOR('',#4095,1.);
#4095 = DIRECTION('',(1.,0.,0.));
#4096 = PCURVE('',#2401,#4097);
#4097 = DEFINITIONAL_REPRESENTATION('',(#4098),#4102);
#4098 = LINE('',#4099,#4100);
#4099 = CARTESIAN_POINT('',(-6.28318530718,0.));
#4100 = VECTOR('',#4101,1.);
#4101 = DIRECTION('',(-0.,-1.));
#4102 = ( GEOMETRIC_REPRESENTATION_CONTEXT(2) 
PARAMETRIC_REPRESENTATION_CONTEXT() REPRESENTATION_CONTEXT('2D SPACE',''
  ) );
#4103 = PCURVE('',#2401,#4104);
#4104 = DEFINITIONAL_REPRESENTATION('',(#4105),#4109);
#4105 = LINE('',#4106,#4107);
#4106 = CARTESIAN_POINT('',(-0.,0.));
#4107 = VECTOR('',#4108,1.);
#4108 = DIRECTION('',(-0.,-1.));
#4109 = ( GEOMETRIC_REPRESENTATION_CONTEXT(2) 
PARAMETRIC_REPRESENTATION_CONTEXT() REPRESENTATION_CONTEXT('2D SPACE',''
  ) );
#4110 = ORIENTED_EDGE('',*,*,#2183,.T.);
#4111 = ORIENTED_EDGE('',*,*,#4090,.F.);
#4112 = ADVANCED_FACE('',(#4113),#2626,.F.);
#4113 = FACE_BOUND('',#4114,.T.);
#4114 = EDGE_LOOP('',(#4115,#4144,#4165,#4166));
#4115 = ORIENTED_EDGE('',*,*,#4116,.F.);
#4116 = EDGE_CURVE('',#4117,#4117,#4119,.T.);
#4117 = VERTEX_POINT('',#4118);
#4118 = CARTESIAN_POINT('',(-20.,1.1,29.));
#4119 = SURFACE_CURVE('',#4120,(#4125,#4132),.PCURVE_S1.);
#4120 = CIRCLE('',#4121,1.1);
#4121 = AXIS2_PLACEMENT_3D('',#4122,#4123,#4124);
#4122 = CARTESIAN_POINT('',(-20.,2.449293598295E-15,29.));
#4123 = DIRECTION('',(1.,0.,0.));
#4124 = DIRECTION('',(0.,1.,0.));
#4125 = PCURVE('',#2626,#4126);
#4126 = DEFINITIONAL_REPRESENTATION('',(#4127),#4131);
#4127 = LINE('',#4128,#4129);
#4128 = CARTESIAN_POINT('',(-0.,0.));
#4129 = VECTOR('',#4130,1.);
#4130 = DIRECTION('',(-1.,0.));
#4131 = ( GEOMETRIC_REPRESENTATION_CONTEXT(2) 
PARAMETRIC_REPRESENTATION_CONTEXT() REPRESENTATION_CONTEXT('2D SPACE',''
  ) );
#4132 = PCURVE('',#4133,#4138);
#4133 = CYLINDRICAL_SURFACE('',#4134,1.1);
#4134 = AXIS2_PLACEMENT_3D('',#4135,#4136,#4137);
#4135 = CARTESIAN_POINT('',(-20.,2.449293598295E-15,29.));
#4136 = DIRECTION('',(1.,0.,0.));
#4137 = DIRECTION('',(0.,1.,0.));
#4138 = DEFINITIONAL_REPRESENTATION('',(#4139),#4143);
#4139 = LINE('',#4140,#4141);
#4140 = CARTESIAN_POINT('',(0.,0.));
#4141 = VECTOR('',#4142,1.);
#4142 = DIRECTION('',(1.,0.));
#4143 = ( GEOMETRIC_REPRESENTATION_CONTEXT(2) 
PARAMETRIC_REPRESENTATION_CONTEXT() REPRESENTATION_CONTEXT('2D SPACE',''
  ) );
#4144 = ORIENTED_EDGE('',*,*,#4145,.T.);
#4145 = EDGE_CURVE('',#4117,#2517,#4146,.T.);
#4146 = SEAM_CURVE('',#4147,(#4151,#4158),.PCURVE_S1.);
#4147 = LINE('',#4148,#4149);
#4148 = CARTESIAN_POINT('',(-20.,1.1,29.));
#4149 = VECTOR('',#4150,1.);
#4150 = DIRECTION('',(1.,0.,0.));
#4151 = PCURVE('',#2626,#4152);
#4152 = DEFINITIONAL_REPRESENTATION('',(#4153),#4157);
#4153 = LINE('',#4154,#4155);
#4154 = CARTESIAN_POINT('',(-6.28318530718,0.));
#4155 = VECTOR('',#4156,1.);
#4156 = DIRECTION('',(-0.,-1.));
#4157 = ( GEOMETRIC_REPRESENTATION_CONTEXT(2) 
PARAMETRIC_REPRESENTATION_CONTEXT() REPRESENTATION_CONTEXT('2D SPACE',''
  ) );
#4158 = PCURVE('',#2626,#4159);
#4159 = DEFINITIONAL_REPRESENTATION('',(#4160),#4164);
#4160 = LINE('',#4161,#4162);
#4161 = CARTESIAN_POINT('',(-0.,0.));
#4162 = VECTOR('',#4163,1.);
#4163 = DIRECTION('',(-0.,-1.));
#4164 = ( GEOMETRIC_REPRESENTATION_CONTEXT(2) 
PARAMETRIC_REPRESENTATION_CONTEXT() REPRESENTATION_CONTEXT('2D SPACE',''
  ) );
#4165 = ORIENTED_EDGE('',*,*,#2516,.T.);
#4166 = ORIENTED_EDGE('',*,*,#4145,.F.);
#4167 = ADVANCED_FACE('',(#4168,#4171),#2726,.T.);
#4168 = FACE_BOUND('',#4169,.T.);
#4169 = EDGE_LOOP('',(#4170));
#4170 = ORIENTED_EDGE('',*,*,#2711,.T.);
#4171 = FACE_BOUND('',#4172,.T.);
#4172 = EDGE_LOOP('',(#4173));
#4173 = ORIENTED_EDGE('',*,*,#4174,.T.);
#4174 = EDGE_CURVE('',#4175,#4175,#4177,.T.);
#4175 = VERTEX_POINT('',#4176);
#4176 = CARTESIAN_POINT('',(21.,0.,4.));
#4177 = SURFACE_CURVE('',#4178,(#4183,#4194),.PCURVE_S1.);
#4178 = CIRCLE('',#4179,21.);
#4179 = AXIS2_PLACEMENT_3D('',#4180,#4181,#4182);
#4180 = CARTESIAN_POINT('',(0.,0.,4.));
#4181 = DIRECTION('',(0.,0.,-1.));
#4182 = DIRECTION('',(1.,0.,0.));
#4183 = PCURVE('',#2726,#4184);
#4184 = DEFINITIONAL_REPRESENTATION('',(#4185),#4193);
#4185 = ( BOUNDED_CURVE() B_SPLINE_CURVE(2,(#4186,#4187,#4188,#4189,
#4190,#4191,#4192),.UNSPECIFIED.,.T.,.F.) B_SPLINE_CURVE_WITH_KNOTS((1,2
    ,2,2,2,1),(-2.094395102393,0.,2.094395102393,4.188790204786,
6.28318530718,8.377580409573),.UNSPECIFIED.) CURVE() 
GEOMETRIC_REPRESENTATION_ITEM() RATIONAL_B_SPLINE_CURVE((1.,0.5,1.,0.5,
1.,0.5,1.)) REPRESENTATION_ITEM('') );
#4186 = CARTESIAN_POINT('',(21.,-1.604946055186E-15));
#4187 = CARTESIAN_POINT('',(21.,-36.37306695894));
#4188 = CARTESIAN_POINT('',(-10.5,-18.18653347947));
#4189 = CARTESIAN_POINT('',(-42.,-6.748462611605E-15));
#4190 = CARTESIAN_POINT('',(-10.5,18.186533479473));
#4191 = CARTESIAN_POINT('',(21.,36.373066958946));
#4192 = CARTESIAN_POINT('',(21.,-1.604946055186E-15));
#4193 = ( GEOMETRIC_REPRESENTATION_CONTEXT(2) 
PARAMETRIC_REPRESENTATION_CONTEXT() REPRESENTATION_CONTEXT('2D SPACE',''
  ) );
#4194 = PCURVE('',#2807,#4195);
#4195 = DEFINITIONAL_REPRESENTATION('',(#4196),#4200);
#4196 = LINE('',#4197,#4198);
#4197 = CARTESIAN_POINT('',(-6.28318530718,-4.));
#4198 = VECTOR('',#4199,1.);
#4199 = DIRECTION('',(1.,-0.));
#4200 = ( GEOMETRIC_REPRESENTATION_CONTEXT(2) 
PARAMETRIC_REPRESENTATION_CONTEXT() REPRESENTATION_CONTEXT('2D SPACE',''
  ) );
#4201 = ADVANCED_FACE('',(#4202,#4285,#4681,#4684,#4961,#4964,#5130,
    #5133,#5524,#5801,#6111),#2807,.T.);
#4202 = FACE_BOUND('',#4203,.F.);
#4203 = EDGE_LOOP('',(#4204,#4205,#4226,#4227,#4228,#4251,#4282,#4283,
    #4284));
#4204 = ORIENTED_EDGE('',*,*,#4174,.T.);
#4205 = ORIENTED_EDGE('',*,*,#4206,.T.);
#4206 = EDGE_CURVE('',#4175,#2770,#4207,.T.);
#4207 = SEAM_CURVE('',#4208,(#4212,#4219),.PCURVE_S1.);
#4208 = LINE('',#4209,#4210);
#4209 = CARTESIAN_POINT('',(21.,0.,0.));
#4210 = VECTOR('',#4211,1.);
#4211 = DIRECTION('',(0.,0.,1.));
#4212 = PCURVE('',#2807,#4213);
#4213 = DEFINITIONAL_REPRESENTATION('',(#4214),#4218);
#4214 = LINE('',#4215,#4216);
#4215 = CARTESIAN_POINT('',(-6.28318530718,0.));
#4216 = VECTOR('',#4217,1.);
#4217 = DIRECTION('',(-0.,-1.));
#4218 = ( GEOMETRIC_REPRESENTATION_CONTEXT(2) 
PARAMETRIC_REPRESENTATION_CONTEXT() REPRESENTATION_CONTEXT('2D SPACE',''
  ) );
#4219 = PCURVE('',#2807,#4220);
#4220 = DEFINITIONAL_REPRESENTATION('',(#4221),#4225);
#4221 = LINE('',#4222,#4223);
#4222 = CARTESIAN_POINT('',(-0.,0.));
#4223 = VECTOR('',#4224,1.);
#4224 = DIRECTION('',(-0.,-1.));
#4225 = ( GEOMETRIC_REPRESENTATION_CONTEXT(2) 
PARAMETRIC_REPRESENTATION_CONTEXT() REPRESENTATION_CONTEXT('2D SPACE',''
  ) );
#4226 = ORIENTED_EDGE('',*,*,#2769,.T.);
#4227 = ORIENTED_EDGE('',*,*,#2922,.T.);
#4228 = ORIENTED_EDGE('',*,*,#4229,.T.);
#4229 = EDGE_CURVE('',#2831,#4230,#4232,.T.);
#4230 = VERTEX_POINT('',#4231);
#4231 = CARTESIAN_POINT('',(21.,0.,84.));
#4232 = SEAM_CURVE('',#4233,(#4237,#4244),.PCURVE_S1.);
#4233 = LINE('',#4234,#4235);
#4234 = CARTESIAN_POINT('',(21.,0.,0.));
#4235 = VECTOR('',#4236,1.);
#4236 = DIRECTION('',(0.,0.,1.));
#4237 = PCURVE('',#2807,#4238);
#4238 = DEFINITIONAL_REPRESENTATION('',(#4239),#4243);
#4239 = LINE('',#4240,#4241);
#4240 = CARTESIAN_POINT('',(-6.28318530718,0.));
#4241 = VECTOR('',#4242,1.);
#4242 = DIRECTION('',(-0.,-1.));
#4243 = ( GEOMETRIC_REPRESENTATION_CONTEXT(2) 
PARAMETRIC_REPRESENTATION_CONTEXT() REPRESENTATION_CONTEXT('2D SPACE',''
  ) );
#4244 = PCURVE('',#2807,#4245);
#4245 = DEFINITIONAL_REPRESENTATION('',(#4246),#4250);
#4246 = LINE('',#4247,#4248);
#4247 = CARTESIAN_POINT('',(-0.,0.));
#4248 = VECTOR('',#4249,1.);
#4249 = DIRECTION('',(-0.,-1.));
#4250 = ( GEOMETRIC_REPRESENTATION_CONTEXT(2) 
PARAMETRIC_REPRESENTATION_CONTEXT() REPRESENTATION_CONTEXT('2D SPACE',''
  ) );
#4251 = ORIENTED_EDGE('',*,*,#4252,.F.);
#4252 = EDGE_CURVE('',#4230,#4230,#4253,.T.);
#4253 = SURFACE_CURVE('',#4254,(#4259,#4266),.PCURVE_S1.);
#4254 = CIRCLE('',#4255,21.);
#4255 = AXIS2_PLACEMENT_3D('',#4256,#4257,#4258);
#4256 = CARTESIAN_POINT('',(0.,0.,84.));
#4257 = DIRECTION('',(0.,0.,-1.));
#4258 = DIRECTION('',(1.,0.,0.));
#4259 = PCURVE('',#2807,#4260);
#4260 = DEFINITIONAL_REPRESENTATION('',(#4261),#4265);
#4261 = LINE('',#4262,#4263);
#4262 = CARTESIAN_POINT('',(-6.28318530718,-84.));
#4263 = VECTOR('',#4264,1.);
#4264 = DIRECTION('',(1.,-0.));
#4265 = ( GEOMETRIC_REPRESENTATION_CONTEXT(2) 
PARAMETRIC_REPRESENTATION_CONTEXT() REPRESENTATION_CONTEXT('2D SPACE',''
  ) );
#4266 = PCURVE('',#4267,#4272);
#4267 = PLANE('',#4268);
#4268 = AXIS2_PLACEMENT_3D('',#4269,#4270,#4271);
#4269 = CARTESIAN_POINT('',(-8.751616848252E-16,1.604946055186E-15,84.)
  );
#4270 = DIRECTION('',(0.,0.,1.));
#4271 = DIRECTION('',(1.,0.,-0.));
#4272 = DEFINITIONAL_REPRESENTATION('',(#4273),#4281);
#4273 = ( BOUNDED_CURVE() B_SPLINE_CURVE(2,(#4274,#4275,#4276,#4277,
#4278,#4279,#4280),.UNSPECIFIED.,.T.,.F.) B_SPLINE_CURVE_WITH_KNOTS((1,2
    ,2,2,2,1),(-2.094395102393,0.,2.094395102393,4.188790204786,
6.28318530718,8.377580409573),.UNSPECIFIED.) CURVE() 
GEOMETRIC_REPRESENTATION_ITEM() RATIONAL_B_SPLINE_CURVE((1.,0.5,1.,0.5,
1.,0.5,1.)) REPRESENTATION_ITEM('') );
#4274 = CARTESIAN_POINT('',(21.,-1.604946055186E-15));
#4275 = CARTESIAN_POINT('',(21.,-36.37306695894));
#4276 = CARTESIAN_POINT('',(-10.5,-18.18653347947));
#4277 = CARTESIAN_POINT('',(-42.,-6.748462611605E-15));
#4278 = CARTESIAN_POINT('',(-10.5,18.186533479473));
#4279 = CARTESIAN_POINT('',(21.,36.373066958946));
#4280 = CARTESIAN_POINT('',(21.,-1.604946055186E-15));
#4281 = ( GEOMETRIC_REPRESENTATION_CONTEXT(2) 
PARAMETRIC_REPRESENTATION_CONTEXT() REPRESENTATION_CONTEXT('2D SPACE',''
  ) );
#4282 = ORIENTED_EDGE('',*,*,#4229,.F.);
#4283 = ORIENTED_EDGE('',*,*,#2830,.T.);
#4284 = ORIENTED_EDGE('',*,*,#4206,.F.);
#4285 = FACE_BOUND('',#4286,.F.);
#4286 = EDGE_LOOP('',(#4287,#4377,#4465,#4491,#4574,#4657));
#4287 = ORIENTED_EDGE('',*,*,#4288,.T.);
#4288 = EDGE_CURVE('',#4289,#4291,#4293,.T.);
#4289 = VERTEX_POINT('',#4290);
#4290 = CARTESIAN_POINT('',(-6.,20.124611797498,72.092918981409));
#4291 = VERTEX_POINT('',#4292);
#4292 = CARTESIAN_POINT('',(6.123233995737E-15,21.,71.458257569496));
#4293 = SURFACE_CURVE('',#4294,(#4318,#4345),.PCURVE_S1.);
#4294 = B_SPLINE_CURVE_WITH_KNOTS('',8,(#4295,#4296,#4297,#4298,#4299,
    #4300,#4301,#4302,#4303,#4304,#4305,#4306,#4307,#4308,#4309,#4310,
    #4311,#4312,#4313,#4314,#4315,#4316,#4317),.UNSPECIFIED.,.F.,.F.,(9,
    7,7,9),(0.,0.511621433283,0.902980029099,1.),.UNSPECIFIED.);
#4295 = CARTESIAN_POINT('',(-6.0000006,20.124611618613,72.092919001805)
  );
#4296 = CARTESIAN_POINT('',(-5.625686487024,20.236210537638,72.0801948)
  );
#4297 = CARTESIAN_POINT('',(-5.247595357676,20.340271462745,
    72.055137922296));
#4298 = CARTESIAN_POINT('',(-4.867924967619,20.4360256762,
    72.020336118828));
#4299 = CARTESIAN_POINT('',(-4.488080413414,20.523208378985,
    71.977966252099));
#4300 = CARTESIAN_POINT('',(-4.108669312531,20.601893793191,
    71.929833139989));
#4301 = CARTESIAN_POINT('',(-3.729632997124,20.672273004022,
    71.877545607091));
#4302 = CARTESIAN_POINT('',(-3.350068418665,20.73467925309,
    71.822443939133));
#4303 = CARTESIAN_POINT('',(-2.673632796066,20.831211875285,
    71.722976962137));
#4304 = CARTESIAN_POINT('',(-2.380318028609,20.868248404056,
    71.679430295308));
#4305 = CARTESIAN_POINT('',(-2.085645982702,20.90069138905,
    71.636186369161));
#4306 = CARTESIAN_POINT('',(-1.78958652546,20.928445928444,
    71.59430954441));
#4307 = CARTESIAN_POINT('',(-1.493092748061,20.951362263431,
    71.555354641979));
#4308 = CARTESIAN_POINT('',(-1.196929684401,20.969450271238,
    71.5213063302));
#4309 = CARTESIAN_POINT('',(-0.900152489845,20.982863976337,
    71.494340189017));
#4310 = CARTESIAN_POINT('',(-0.524159414669,20.993590464908,
    71.472019269745));
#4311 = CARTESIAN_POINT('',(-0.449372179532,20.995420028007,
    71.468153918834));
#4312 = CARTESIAN_POINT('',(-0.374528785308,20.996945986975,
    71.464889133108));
#4313 = CARTESIAN_POINT('',(-0.299655434486,20.998167211046,
    71.462250616212));
#4314 = CARTESIAN_POINT('',(-0.224767253392,20.999083316249,
    71.460257969765));
#4315 = CARTESIAN_POINT('',(-0.149868317799,20.999694271085,
    71.458924590051));
#4316 = CARTESIAN_POINT('',(-7.495167853241E-02,21.000000002188,
    71.458257564722));
#4317 = CARTESIAN_POINT('',(6.129243912412E-07,21.,71.458257569496));
#4318 = PCURVE('',#2807,#4319);
#4319 = DEFINITIONAL_REPRESENTATION('',(#4320),#4344);
#4320 = B_SPLINE_CURVE_WITH_KNOTS('',8,(#4321,#4322,#4323,#4324,#4325,
    #4326,#4327,#4328,#4329,#4330,#4331,#4332,#4333,#4334,#4335,#4336,
    #4337,#4338,#4339,#4340,#4341,#4342,#4343),.UNSPECIFIED.,.F.,.F.,(9,
    7,7,9),(0.,0.511621433283,0.902980029099,1.),.UNSPECIFIED.);
#4321 = CARTESIAN_POINT('',(-1.860548058045,-72.0929190018));
#4322 = CARTESIAN_POINT('',(-1.841948240068,-72.0801948));
#4323 = CARTESIAN_POINT('',(-1.82327861744,-72.05513792229));
#4324 = CARTESIAN_POINT('',(-1.804640151081,-72.02033611882));
#4325 = CARTESIAN_POINT('',(-1.786090391681,-71.97796625209));
#4326 = CARTESIAN_POINT('',(-1.767646910914,-71.92983313998));
#4327 = CARTESIAN_POINT('',(-1.74929558437,-71.87754560709));
#4328 = CARTESIAN_POINT('',(-1.730982527961,-71.82244393913));
#4329 = CARTESIAN_POINT('',(-1.698444962068,-71.72297696213));
#4330 = CARTESIAN_POINT('',(-1.684368523819,-71.6794302953));
#4331 = CARTESIAN_POINT('',(-1.670254714106,-71.63618636916));
#4332 = CARTESIAN_POINT('',(-1.656098604665,-71.59430954441));
#4333 = CARTESIAN_POINT('',(-1.641941467898,-71.55535464197));
#4334 = CARTESIAN_POINT('',(-1.627815155904,-71.5213063302));
#4335 = CARTESIAN_POINT('',(-1.613670434863,-71.49434018901));
#4336 = CARTESIAN_POINT('',(-1.595758718247,-71.47201926974));
#4337 = CARTESIAN_POINT('',(-1.59219638501,-71.46815391883));
#4338 = CARTESIAN_POINT('',(-1.588631722436,-71.4648891331));
#4339 = CARTESIAN_POINT('',(-1.585065910166,-71.46225061621));
#4340 = CARTESIAN_POINT('',(-1.581499599124,-71.46025796976));
#4341 = CARTESIAN_POINT('',(-1.577932913665,-71.45892459005));
#4342 = CARTESIAN_POINT('',(-1.574365453729,-71.45825756472));
#4343 = CARTESIAN_POINT('',(-1.570796296993,-71.45825756949));
#4344 = ( GEOMETRIC_REPRESENTATION_CONTEXT(2) 
PARAMETRIC_REPRESENTATION_CONTEXT() REPRESENTATION_CONTEXT('2D SPACE',''
  ) );
#4345 = PCURVE('',#4346,#4351);
#4346 = CYLINDRICAL_SURFACE('',#4347,1.1);
#4347 = AXIS2_PLACEMENT_3D('',#4348,#4349,#4350);
#4348 = CARTESIAN_POINT('',(6.123233995737E-15,20.,71.));
#4349 = DIRECTION('',(1.,0.,0.));
#4350 = DIRECTION('',(0.,1.,0.));
#4351 = DEFINITIONAL_REPRESENTATION('',(#4352),#4376);
#4352 = B_SPLINE_CURVE_WITH_KNOTS('',8,(#4353,#4354,#4355,#4356,#4357,
    #4358,#4359,#4360,#4361,#4362,#4363,#4364,#4365,#4366,#4367,#4368,
    #4369,#4370,#4371,#4372,#4373,#4374,#4375),.UNSPECIFIED.,.F.,.F.,(9,
    7,7,9),(0.,0.511621433283,0.902980029099,1.),.UNSPECIFIED.);
#4353 = CARTESIAN_POINT('',(1.457269331096,-6.0000006));
#4354 = CARTESIAN_POINT('',(1.355158452942,-5.625686487024));
#4355 = CARTESIAN_POINT('',(1.258586251918,-5.247595357676));
#4356 = CARTESIAN_POINT('',(1.166890179613,-4.867924967618));
#4357 = CARTESIAN_POINT('',(1.079653470735,-4.488080413416));
#4358 = CARTESIAN_POINT('',(0.996505701657,-4.108669312529));
#4359 = CARTESIAN_POINT('',(0.917281126098,-3.729632997124));
#4360 = CARTESIAN_POINT('',(0.841822881005,-3.350068418665));
#4361 = CARTESIAN_POINT('',(0.715815447601,-2.673632796066));
#4362 = CARTESIAN_POINT('',(0.663957516824,-2.380318028609));
#4363 = CARTESIAN_POINT('',(0.614958345259,-2.085645982702));
#4364 = CARTESIAN_POINT('',(0.569426416403,-1.78958652546));
#4365 = CARTESIAN_POINT('',(0.528423330185,-1.493092748061));
#4366 = CARTESIAN_POINT('',(0.493390990109,-1.196929684401));
#4367 = CARTESIAN_POINT('',(0.466013886899,-0.900152489845));
#4368 = CARTESIAN_POINT('',(0.443500695279,-0.524159414669));
#4369 = CARTESIAN_POINT('',(0.439613053164,-0.449372186639));
#4370 = CARTESIAN_POINT('',(0.436336928473,-0.374528789839));
#4371 = CARTESIAN_POINT('',(0.433693834106,-0.299655429224));
#4372 = CARTESIAN_POINT('',(0.431700062946,-0.224767242245));
#4373 = CARTESIAN_POINT('',(0.430366704475,-0.149868313846));
#4374 = CARTESIAN_POINT('',(0.429699661378,-7.495169145681E-02));
#4375 = CARTESIAN_POINT('',(0.429699666151,5.999999999062E-07));
#4376 = ( GEOMETRIC_REPRESENTATION_CONTEXT(2) 
PARAMETRIC_REPRESENTATION_CONTEXT() REPRESENTATION_CONTEXT('2D SPACE',''
  ) );
#4377 = ORIENTED_EDGE('',*,*,#4378,.T.);
#4378 = EDGE_CURVE('',#4291,#4379,#4381,.T.);
#4379 = VERTEX_POINT('',#4380);
#4380 = CARTESIAN_POINT('',(6.,20.124611797498,72.092918981409));
#4381 = SURFACE_CURVE('',#4382,(#4406,#4433),.PCURVE_S1.);
#4382 = B_SPLINE_CURVE_WITH_KNOTS('',8,(#4383,#4384,#4385,#4386,#4387,
    #4388,#4389,#4390,#4391,#4392,#4393,#4394,#4395,#4396,#4397,#4398,
    #4399,#4400,#4401,#4402,#4403,#4404,#4405),.UNSPECIFIED.,.F.,.F.,(9,
    7,7,9),(0.,0.368459153396,0.48606684552,1.),.UNSPECIFIED.);
#4383 = CARTESIAN_POINT('',(-6.129243813662E-07,21.,71.458257569496));
#4384 = CARTESIAN_POINT('',(0.290373700767,21.000000008475,
    71.458257551001));
#4385 = CARTESIAN_POINT('',(0.5730489986,20.995410975895,71.468271168028
    ));
#4386 = CARTESIAN_POINT('',(0.853375925775,20.986660942005,
    71.487366812489));
#4387 = CARTESIAN_POINT('',(1.135120480246,20.973674292509,
    71.514223007881));
#4388 = CARTESIAN_POINT('',(1.419347288156,20.956176454113,
    71.547156271539));
#4389 = CARTESIAN_POINT('',(1.704653577771,20.93403461029,
    71.584254887808));
#4390 = CARTESIAN_POINT('',(1.987795447775,20.907551611103,
    71.623549059455));
#4391 = CARTESIAN_POINT('',(2.351828741193,20.868079715136,
    71.675787375676));
#4392 = CARTESIAN_POINT('',(2.439856372363,20.858105253522,
    71.688555382938));
#4393 = CARTESIAN_POINT('',(2.527824213187,20.847707709077,
    71.701416542944));
#4394 = CARTESIAN_POINT('',(2.615729423622,20.836887647122,
    71.714338662844));
#4395 = CARTESIAN_POINT('',(2.703573079756,20.825645177833,
    71.727292422035));
#4396 = CARTESIAN_POINT('',(2.791360223898,20.813979779219,
    71.740251053765));
#4397 = CARTESIAN_POINT('',(2.879099914665,20.801890120087,
    71.753190026731));
#4398 = CARTESIAN_POINT('',(3.350068418673,20.734679253089,
    71.822443939135));
#4399 = CARTESIAN_POINT('',(3.729632997108,20.672273004024,
    71.877545607089));
#4400 = CARTESIAN_POINT('',(4.108669312531,20.601893793193,
    71.929833139989));
#4401 = CARTESIAN_POINT('',(4.488080413423,20.523208378982,
    71.977966252101));
#4402 = CARTESIAN_POINT('',(4.867924967628,20.436025676197,
    72.020336118827));
#4403 = CARTESIAN_POINT('',(5.247595357658,20.340271462751,
    72.055137922296));
#4404 = CARTESIAN_POINT('',(5.62568648703,20.236210537636,
    72.080194800001));
#4405 = CARTESIAN_POINT('',(6.0000006,20.124611618613,72.092919001805));
#4406 = PCURVE('',#2807,#4407);
#4407 = DEFINITIONAL_REPRESENTATION('',(#4408),#4432);
#4408 = B_SPLINE_CURVE_WITH_KNOTS('',8,(#4409,#4410,#4411,#4412,#4413,
    #4414,#4415,#4416,#4417,#4418,#4419,#4420,#4421,#4422,#4423,#4424,
    #4425,#4426,#4427,#4428,#4429,#4430,#4431),.UNSPECIFIED.,.F.,.F.,(9,
    7,7,9),(0.,0.368459153396,0.48606684552,1.),.UNSPECIFIED.);
#4409 = CARTESIAN_POINT('',(-1.570796356597,-71.45825756949));
#4410 = CARTESIAN_POINT('',(-1.556969008326,-71.458257551));
#4411 = CARTESIAN_POINT('',(-1.543508278977,-71.46827116803));
#4412 = CARTESIAN_POINT('',(-1.530155345102,-71.48736681248));
#4413 = CARTESIAN_POINT('',(-1.5167277605,-71.51422300788));
#4414 = CARTESIAN_POINT('',(-1.503170876796,-71.54715627154));
#4415 = CARTESIAN_POINT('',(-1.489546876837,-71.5842548878));
#4416 = CARTESIAN_POINT('',(-1.476006548817,-71.62354905945));
#4417 = CARTESIAN_POINT('',(-1.458570025176,-71.67578737567));
#4418 = CARTESIAN_POINT('',(-1.454351458345,-71.68855538293));
#4419 = CARTESIAN_POINT('',(-1.450133435737,-71.70141654294));
#4420 = CARTESIAN_POINT('',(-1.445915980508,-71.71433866284));
#4421 = CARTESIAN_POINT('',(-1.441698928235,-71.72729242203));
#4422 = CARTESIAN_POINT('',(-1.437481923354,-71.74025105376));
#4423 = CARTESIAN_POINT('',(-1.433264415587,-71.75319002673));
#4424 = CARTESIAN_POINT('',(-1.410610125628,-71.82244393913));
#4425 = CARTESIAN_POINT('',(-1.39229706922,-71.87754560708));
#4426 = CARTESIAN_POINT('',(-1.373945742676,-71.92983313998));
#4427 = CARTESIAN_POINT('',(-1.355502261908,-71.9779662521));
#4428 = CARTESIAN_POINT('',(-1.336952502508,-72.02033611882));
#4429 = CARTESIAN_POINT('',(-1.31831403615,-72.05513792229));
#4430 = CARTESIAN_POINT('',(-1.299644413522,-72.0801948));
#4431 = CARTESIAN_POINT('',(-1.281044595545,-72.0929190018));
#4432 = ( GEOMETRIC_REPRESENTATION_CONTEXT(2) 
PARAMETRIC_REPRESENTATION_CONTEXT() REPRESENTATION_CONTEXT('2D SPACE',''
  ) );
#4433 = PCURVE('',#4434,#4439);
#4434 = CYLINDRICAL_SURFACE('',#4435,1.1);
#4435 = AXIS2_PLACEMENT_3D('',#4436,#4437,#4438);
#4436 = CARTESIAN_POINT('',(6.123233995737E-15,20.,71.));
#4437 = DIRECTION('',(-1.,-0.,-0.));
#4438 = DIRECTION('',(0.,1.,0.));
#4439 = DEFINITIONAL_REPRESENTATION('',(#4440),#4464);
#4440 = B_SPLINE_CURVE_WITH_KNOTS('',8,(#4441,#4442,#4443,#4444,#4445,
    #4446,#4447,#4448,#4449,#4450,#4451,#4452,#4453,#4454,#4455,#4456,
    #4457,#4458,#4459,#4460,#4461,#4462,#4463),.UNSPECIFIED.,.F.,.F.,(9,
    7,7,9),(0.,0.368459153396,0.48606684552,1.),.UNSPECIFIED.);
#4441 = CARTESIAN_POINT('',(-0.429699666151,5.999999999062E-07));
#4442 = CARTESIAN_POINT('',(-0.429699647657,-0.290373713692));
#4443 = CARTESIAN_POINT('',(-0.439712740679,-0.573048946973));
#4444 = CARTESIAN_POINT('',(-0.458810612731,-0.853375966578));
#4445 = CARTESIAN_POINT('',(-0.485919969054,-1.135120495486));
#4446 = CARTESIAN_POINT('',(-0.519767312401,-1.419347248171));
#4447 = CARTESIAN_POINT('',(-0.558947387917,-1.704653596165));
#4448 = CARTESIAN_POINT('',(-0.601962900541,-1.987795447775));
#4449 = CARTESIAN_POINT('',(-0.661484910172,-2.351828741193));
#4450 = CARTESIAN_POINT('',(-0.676212284883,-2.439856372363));
#4451 = CARTESIAN_POINT('',(-0.691243664651,-2.527824213187));
#4452 = CARTESIAN_POINT('',(-0.706560791629,-2.615729423622));
#4453 = CARTESIAN_POINT('',(-0.72214854388,-2.703573079756));
#4454 = CARTESIAN_POINT('',(-0.737994777364,-2.791360223898));
#4455 = CARTESIAN_POINT('',(-0.754090167912,-2.879099914665));
#4456 = CARTESIAN_POINT('',(-0.841822881007,-3.350068418673));
#4457 = CARTESIAN_POINT('',(-0.917281126095,-3.729632997108));
#4458 = CARTESIAN_POINT('',(-0.996505701656,-4.108669312529));
#4459 = CARTESIAN_POINT('',(-1.079653470738,-4.488080413426));
#4460 = CARTESIAN_POINT('',(-1.166890179616,-4.867924967627));
#4461 = CARTESIAN_POINT('',(-1.258586251913,-5.247595357659));
#4462 = CARTESIAN_POINT('',(-1.355158452943,-5.62568648703));
#4463 = CARTESIAN_POINT('',(-1.457269331096,-6.0000006));
#4464 = ( GEOMETRIC_REPRESENTATION_CONTEXT(2) 
PARAMETRIC_REPRESENTATION_CONTEXT() REPRESENTATION_CONTEXT('2D SPACE',''
  ) );
#4465 = ORIENTED_EDGE('',*,*,#4466,.T.);
#4466 = EDGE_CURVE('',#4379,#4467,#4469,.T.);
#4467 = VERTEX_POINT('',#4468);
#4468 = CARTESIAN_POINT('',(6.,20.124611797498,69.907081018591));
#4469 = SURFACE_CURVE('',#4470,(#4474,#4480),.PCURVE_S1.);
#4470 = LINE('',#4471,#4472);
#4471 = CARTESIAN_POINT('',(6.,20.124611797498,0.));
#4472 = VECTOR('',#4473,1.);
#4473 = DIRECTION('',(-0.,-0.,-1.));
#4474 = PCURVE('',#2807,#4475);
#4475 = DEFINITIONAL_REPRESENTATION('',(#4476),#4479);
#4476 = B_SPLINE_CURVE_WITH_KNOTS('',1,(#4477,#4478),.UNSPECIFIED.,.F.,
  .F.,(2,2),(-72.32,-69.68),.PIECEWISE_BEZIER_KNOTS.);
#4477 = CARTESIAN_POINT('',(-1.281044625359,-72.32));
#4478 = CARTESIAN_POINT('',(-1.281044625359,-69.68));
#4479 = ( GEOMETRIC_REPRESENTATION_CONTEXT(2) 
PARAMETRIC_REPRESENTATION_CONTEXT() REPRESENTATION_CONTEXT('2D SPACE',''
  ) );
#4480 = PCURVE('',#4481,#4486);
#4481 = PLANE('',#4482);
#4482 = AXIS2_PLACEMENT_3D('',#4483,#4484,#4485);
#4483 = CARTESIAN_POINT('',(6.,20.,71.));
#4484 = DIRECTION('',(1.,0.,0.));
#4485 = DIRECTION('',(-0.,0.,1.));
#4486 = DEFINITIONAL_REPRESENTATION('',(#4487),#4490);
#4487 = B_SPLINE_CURVE_WITH_KNOTS('',1,(#4488,#4489),.UNSPECIFIED.,.F.,
  .F.,(2,2),(-72.32,-69.68),.PIECEWISE_BEZIER_KNOTS.);
#4488 = CARTESIAN_POINT('',(1.32,-0.124611797498));
#4489 = CARTESIAN_POINT('',(-1.32,-0.124611797498));
#4490 = ( GEOMETRIC_REPRESENTATION_CONTEXT(2) 
PARAMETRIC_REPRESENTATION_CONTEXT() REPRESENTATION_CONTEXT('2D SPACE',''
  ) );
#4491 = ORIENTED_EDGE('',*,*,#4492,.T.);
#4492 = EDGE_CURVE('',#4467,#4493,#4495,.T.);
#4493 = VERTEX_POINT('',#4494);
#4494 = CARTESIAN_POINT('',(6.123233995737E-15,21.,70.541742430504));
#4495 = SURFACE_CURVE('',#4496,(#4520,#4547),.PCURVE_S1.);
#4496 = B_SPLINE_CURVE_WITH_KNOTS('',8,(#4497,#4498,#4499,#4500,#4501,
    #4502,#4503,#4504,#4505,#4506,#4507,#4508,#4509,#4510,#4511,#4512,
    #4513,#4514,#4515,#4516,#4517,#4518,#4519),.UNSPECIFIED.,.F.,.F.,(9,
    7,7,9),(0.,0.511878795014,0.89894569285,1.),.UNSPECIFIED.);
#4497 = CARTESIAN_POINT('',(6.0000006,20.124611618613,69.907080998195));
#4498 = CARTESIAN_POINT('',(5.625437039909,20.236284908407,
    69.91981367955));
#4499 = CARTESIAN_POINT('',(5.247089310291,20.340410785175,
    69.944895548503));
#4500 = CARTESIAN_POINT('',(4.867159646529,20.436218798495,
    69.97973393764));
#4501 = CARTESIAN_POINT('',(4.48705627456,20.523443542037,
    70.022147902984));
#4502 = CARTESIAN_POINT('',(4.107388002937,20.602159555592,
    70.07032942575));
#4503 = CARTESIAN_POINT('',(3.728096153312,20.672558247304,
    70.122666478806));
#4504 = CARTESIAN_POINT('',(3.34827616185,20.734973642159,
    70.177816291326));
#4505 = CARTESIAN_POINT('',(2.674736006689,20.831025052848,
    70.27686333651));
#4506 = CARTESIAN_POINT('',(2.384716582461,20.867665673233,
    70.319914292416));
#4507 = CARTESIAN_POINT('',(2.093410409629,20.899812282438,
    70.362666558156));
#4508 = CARTESIAN_POINT('',(1.80071873017,20.927383017553,
    70.404104064353));
#4509 = CARTESIAN_POINT('',(1.507520039058,20.950232007719,
    70.442735701844));
#4510 = CARTESIAN_POINT('',(1.214565739784,20.968359648926,
    70.476649736542));
#4511 = CARTESIAN_POINT('',(0.921034928888,20.981906822409,
    70.503740966682));
#4512 = CARTESIAN_POINT('',(0.545578821658,20.993055779582,
    70.526852623534));
#4513 = CARTESIAN_POINT('',(0.467741879725,20.995037857766,
    70.531029091038));
#4514 = CARTESIAN_POINT('',(0.389841770316,20.996691120764,
    70.534560412343));
#4515 = CARTESIAN_POINT('',(0.311909192479,20.998014227391,
    70.537416654112));
#4516 = CARTESIAN_POINT('',(0.233961412371,20.999006755615,
    70.539574955227));
#4517 = CARTESIAN_POINT('',(0.156002324692,20.999668705566,
    70.541019657442));
#4518 = CARTESIAN_POINT('',(7.802251412119E-02,21.000000002539,
    70.541742436044));
#4519 = CARTESIAN_POINT('',(-6.832525320027E-07,21.,70.541742430504));
#4520 = PCURVE('',#2807,#4521);
#4521 = DEFINITIONAL_REPRESENTATION('',(#4522),#4546);
#4522 = B_SPLINE_CURVE_WITH_KNOTS('',8,(#4523,#4524,#4525,#4526,#4527,
    #4528,#4529,#4530,#4531,#4532,#4533,#4534,#4535,#4536,#4537,#4538,
    #4539,#4540,#4541,#4542,#4543,#4544,#4545),.UNSPECIFIED.,.F.,.F.,(9,
    7,7,9),(0.,0.511878795014,0.89894569285,1.),.UNSPECIFIED.);
#4523 = CARTESIAN_POINT('',(-1.281044595545,-69.90708099819));
#4524 = CARTESIAN_POINT('',(-1.299656808649,-69.91981367955));
#4525 = CARTESIAN_POINT('',(-1.318339024692,-69.9448955485));
#4526 = CARTESIAN_POINT('',(-1.33699007427,-69.97973393763));
#4527 = CARTESIAN_POINT('',(-1.355552276919,-70.02214790298));
#4528 = CARTESIAN_POINT('',(-1.374008028302,-70.07032942575));
#4529 = CARTESIAN_POINT('',(-1.392371475502,-70.1226664788));
#4530 = CARTESIAN_POINT('',(-1.410696595588,-70.17781629132));
#4531 = CARTESIAN_POINT('',(-1.443094427817,-70.27686333651));
#4532 = CARTESIAN_POINT('',(-1.457012877567,-70.31991429241));
#4533 = CARTESIAN_POINT('',(-1.470965927733,-70.36266655815));
#4534 = CARTESIAN_POINT('',(-1.48496168303,-70.40410406435));
#4535 = CARTESIAN_POINT('',(-1.498962253527,-70.44273570184));
#4536 = CARTESIAN_POINT('',(-1.512936259194,-70.47664973654));
#4537 = CARTESIAN_POINT('',(-1.526926911627,-70.50374096668));
#4538 = CARTESIAN_POINT('',(-1.544813654568,-70.52685262353));
#4539 = CARTESIAN_POINT('',(-1.548521346028,-70.53102909104));
#4540 = CARTESIAN_POINT('',(-1.55223165416,-70.53456041234));
#4541 = CARTESIAN_POINT('',(-1.555943194412,-70.5374166541));
#4542 = CARTESIAN_POINT('',(-1.55965522562,-70.53957495522));
#4543 = CARTESIAN_POINT('',(-1.563367643302,-70.54101965744));
#4544 = CARTESIAN_POINT('',(-1.567080972944,-70.54174243605));
#4545 = CARTESIAN_POINT('',(-1.570796363295,-70.5417424305));
#4546 = ( GEOMETRIC_REPRESENTATION_CONTEXT(2) 
PARAMETRIC_REPRESENTATION_CONTEXT() REPRESENTATION_CONTEXT('2D SPACE',''
  ) );
#4547 = PCURVE('',#4434,#4548);
#4548 = DEFINITIONAL_REPRESENTATION('',(#4549),#4573);
#4549 = B_SPLINE_CURVE_WITH_KNOTS('',8,(#4550,#4551,#4552,#4553,#4554,
    #4555,#4556,#4557,#4558,#4559,#4560,#4561,#4562,#4563,#4564,#4565,
    #4566,#4567,#4568,#4569,#4570,#4571,#4572),.UNSPECIFIED.,.F.,.F.,(9,
    7,7,9),(0.,0.511878795014,0.89894569285,1.),.UNSPECIFIED.);
#4550 = CARTESIAN_POINT('',(-4.825915976084,-6.0000006));
#4551 = CARTESIAN_POINT('',(-4.92809490207,-5.625437039909));
#4552 = CARTESIAN_POINT('',(-5.024728342562,-5.247089310292));
#4553 = CARTESIAN_POINT('',(-5.116480028002,-4.867159646526));
#4554 = CARTESIAN_POINT('',(-5.203767081386,-4.487056274563));
#4555 = CARTESIAN_POINT('',(-5.286960422423,-4.107388002935));
#4556 = CARTESIAN_POINT('',(-5.36622535937,-3.728096153313));
#4557 = CARTESIAN_POINT('',(-5.441718575227,-3.34827616185));
#4558 = CARTESIAN_POINT('',(-5.567147395565,-2.674736006689));
#4559 = CARTESIAN_POINT('',(-5.618432523839,-2.384716582461));
#4560 = CARTESIAN_POINT('',(-5.666917597366,-2.093410409629));
#4561 = CARTESIAN_POINT('',(-5.712028609976,-1.80071873017));
#4562 = CARTESIAN_POINT('',(-5.752748839627,-1.507520039058));
#4563 = CARTESIAN_POINT('',(-5.787689406842,-1.214565739784));
#4564 = CARTESIAN_POINT('',(-5.815222229002,-0.921034928888));
#4565 = CARTESIAN_POINT('',(-5.838549720117,-0.545578821658));
#4566 = CARTESIAN_POINT('',(-5.842752308038,-0.467741925081));
#4567 = CARTESIAN_POINT('',(-5.846296933629,-0.389841798931));
#4568 = CARTESIAN_POINT('',(-5.849158549879,-0.311909158248));
#4569 = CARTESIAN_POINT('',(-5.851318169751,-0.23396134058));
#4570 = CARTESIAN_POINT('',(-5.852762845263,-0.156002299375));
#4571 = CARTESIAN_POINT('',(-5.853485646568,-7.802259737372E-02));
#4572 = CARTESIAN_POINT('',(-5.853485641028,5.999999999062E-07));
#4573 = ( GEOMETRIC_REPRESENTATION_CONTEXT(2) 
PARAMETRIC_REPRESENTATION_CONTEXT() REPRESENTATION_CONTEXT('2D SPACE',''
  ) );
#4574 = ORIENTED_EDGE('',*,*,#4575,.T.);
#4575 = EDGE_CURVE('',#4493,#4576,#4578,.T.);
#4576 = VERTEX_POINT('',#4577);
#4577 = CARTESIAN_POINT('',(-6.,20.124611797498,69.907081018591));
#4578 = SURFACE_CURVE('',#4579,(#4603,#4630),.PCURVE_S1.);
#4579 = B_SPLINE_CURVE_WITH_KNOTS('',8,(#4580,#4581,#4582,#4583,#4584,
    #4585,#4586,#4587,#4588,#4589,#4590,#4591,#4592,#4593,#4594,#4595,
    #4596,#4597,#4598,#4599,#4600,#4601,#4602),.UNSPECIFIED.,.F.,.F.,(9,
    7,7,9),(0.,0.367529875415,0.485777859935,1.),.UNSPECIFIED.);
#4580 = CARTESIAN_POINT('',(6.832525372147E-07,21.,70.541742430504));
#4581 = CARTESIAN_POINT('',(-0.289631938156,21.000000009423,
    70.541742451068));
#4582 = CARTESIAN_POINT('',(-0.571588878784,20.995434385056,
    70.531779916426));
#4583 = CARTESIAN_POINT('',(-0.851182111852,20.986728806494,
    70.512781289232));
#4584 = CARTESIAN_POINT('',(-1.132154724314,20.973810051593,
    70.486058163183));
#4585 = CARTESIAN_POINT('',(-1.41557750405,20.956407342665,70.4532792627
    ));
#4586 = CARTESIAN_POINT('',(-1.700078976487,20.934388320496,
    70.416339010142));
#4587 = CARTESIAN_POINT('',(-1.982462362277,20.908049160193,
    70.377190494206));
#4588 = CARTESIAN_POINT('',(-2.346337324402,20.868699967395,
    70.325008551295));
#4589 = CARTESIAN_POINT('',(-2.434858014612,20.858692927879,
    70.312174687011));
#4590 = CARTESIAN_POINT('',(-2.523318064296,20.848258095012,
    70.299245188653));
#4591 = CARTESIAN_POINT('',(-2.611714527813,20.837396055605,
    70.286252885735));
#4592 = CARTESIAN_POINT('',(-2.700048499201,20.826106929111,
    70.273227656189));
#4593 = CARTESIAN_POINT('',(-2.788325163483,20.814390184139,
    70.260196753592));
#4594 = CARTESIAN_POINT('',(-2.876553847976,20.802244454974,
    70.247185134414));
#4595 = CARTESIAN_POINT('',(-3.348276161852,20.734973642159,
    70.177816291326));
#4596 = CARTESIAN_POINT('',(-3.728096153312,20.672558247304,
    70.122666478806));
#4597 = CARTESIAN_POINT('',(-4.107388002939,20.602159555591,
    70.07032942575));
#4598 = CARTESIAN_POINT('',(-4.487056274553,20.523443542039,
    70.022147902985));
#4599 = CARTESIAN_POINT('',(-4.867159646531,20.436218798494,
    69.979733937639));
#4600 = CARTESIAN_POINT('',(-5.247089310292,20.340410785175,
    69.944895548503));
#4601 = CARTESIAN_POINT('',(-5.625437039908,20.236284908407,
    69.91981367955));
#4602 = CARTESIAN_POINT('',(-6.0000006,20.124611618613,69.907080998195)
  );
#4603 = PCURVE('',#2807,#4604);
#4604 = DEFINITIONAL_REPRESENTATION('',(#4605),#4629);
#4605 = B_SPLINE_CURVE_WITH_KNOTS('',8,(#4606,#4607,#4608,#4609,#4610,
    #4611,#4612,#4613,#4614,#4615,#4616,#4617,#4618,#4619,#4620,#4621,
    #4622,#4623,#4624,#4625,#4626,#4627,#4628),.UNSPECIFIED.,.F.,.F.,(9,
    7,7,9),(0.,0.367529875415,0.485777859935,1.),.UNSPECIFIED.);
#4606 = CARTESIAN_POINT('',(-1.570796290295,-70.5417424305));
#4607 = CARTESIAN_POINT('',(-1.584588319886,-70.5417424511));
#4608 = CARTESIAN_POINT('',(-1.598014858072,-70.53177991636));
#4609 = CARTESIAN_POINT('',(-1.611332800163,-70.51278128927));
#4610 = CARTESIAN_POINT('',(-1.62472354714,-70.4860581632));
#4611 = CARTESIAN_POINT('',(-1.638241981269,-70.45327926265));
#4612 = CARTESIAN_POINT('',(-1.65182732993,-70.41633901016));
#4613 = CARTESIAN_POINT('',(-1.665331073586,-70.3771904942));
#4614 = CARTESIAN_POINT('',(-1.682759472429,-70.32500855129));
#4615 = CARTESIAN_POINT('',(-1.687001542953,-70.31217468701));
#4616 = CARTESIAN_POINT('',(-1.691243049218,-70.29924518865));
#4617 = CARTESIAN_POINT('',(-1.695483964878,-70.28625288573));
#4618 = CARTESIAN_POINT('',(-1.699724457068,-70.27322765618));
#4619 = CARTESIAN_POINT('',(-1.703964890067,-70.26019675359));
#4620 = CARTESIAN_POINT('',(-1.708205828968,-70.24718513441));
#4621 = CARTESIAN_POINT('',(-1.730896058002,-70.17781629132));
#4622 = CARTESIAN_POINT('',(-1.749221178088,-70.1226664788));
#4623 = CARTESIAN_POINT('',(-1.767584625288,-70.07032942575));
#4624 = CARTESIAN_POINT('',(-1.786040376671,-70.02214790298));
#4625 = CARTESIAN_POINT('',(-1.80460257932,-69.97973393763));
#4626 = CARTESIAN_POINT('',(-1.823253628897,-69.9448955485));
#4627 = CARTESIAN_POINT('',(-1.841935844941,-69.91981367955));
#4628 = CARTESIAN_POINT('',(-1.860548058045,-69.90708099819));
#4629 = ( GEOMETRIC_REPRESENTATION_CONTEXT(2) 
PARAMETRIC_REPRESENTATION_CONTEXT() REPRESENTATION_CONTEXT('2D SPACE',''
  ) );
#4630 = PCURVE('',#4346,#4631);
#4631 = DEFINITIONAL_REPRESENTATION('',(#4632),#4656);
#4632 = B_SPLINE_CURVE_WITH_KNOTS('',8,(#4633,#4634,#4635,#4636,#4637,
    #4638,#4639,#4640,#4641,#4642,#4643,#4644,#4645,#4646,#4647,#4648,
    #4649,#4650,#4651,#4652,#4653,#4654,#4655),.UNSPECIFIED.,.F.,.F.,(9,
    7,7,9),(0.,0.367529875415,0.485777859935,1.),.UNSPECIFIED.);
#4633 = CARTESIAN_POINT('',(5.853485641028,5.999999999062E-07));
#4634 = CARTESIAN_POINT('',(5.853485661592,-0.289632021408));
#4635 = CARTESIAN_POINT('',(5.843523649776,-0.571588555458));
#4636 = CARTESIAN_POINT('',(5.824522820334,-0.851182362863));
#4637 = CARTESIAN_POINT('',(5.797549074364,-1.13215482075));
#4638 = CARTESIAN_POINT('',(5.763865401154,-1.415577257754));
#4639 = CARTESIAN_POINT('',(5.724864810231,-1.700079088966));
#4640 = CARTESIAN_POINT('',(5.682031521926,-1.982462362277));
#4641 = CARTESIAN_POINT('',(5.622617620474,-2.346337324402));
#4642 = CARTESIAN_POINT('',(5.607824850977,-2.434858014613));
#4643 = CARTESIAN_POINT('',(5.592723889201,-2.523318064296));
#4644 = CARTESIAN_POINT('',(5.577333406549,-2.611714527813));
#4645 = CARTESIAN_POINT('',(5.561668854883,-2.700048499201));
#4646 = CARTESIAN_POINT('',(5.545742628507,-2.788325163483));
#4647 = CARTESIAN_POINT('',(5.529564226155,-2.876553847976));
#4648 = CARTESIAN_POINT('',(5.441718575227,-3.348276161852));
#4649 = CARTESIAN_POINT('',(5.36622535937,-3.728096153312));
#4650 = CARTESIAN_POINT('',(5.286960422422,-4.107388002938));
#4651 = CARTESIAN_POINT('',(5.203767081388,-4.487056274554));
#4652 = CARTESIAN_POINT('',(5.116480028,-4.867159646531));
#4653 = CARTESIAN_POINT('',(5.024728342562,-5.247089310292));
#4654 = CARTESIAN_POINT('',(4.92809490207,-5.625437039908));
#4655 = CARTESIAN_POINT('',(4.825915976084,-6.0000006));
#4656 = ( GEOMETRIC_REPRESENTATION_CONTEXT(2) 
PARAMETRIC_REPRESENTATION_CONTEXT() REPRESENTATION_CONTEXT('2D SPACE',''
  ) );
#4657 = ORIENTED_EDGE('',*,*,#4658,.F.);
#4658 = EDGE_CURVE('',#4289,#4576,#4659,.T.);
#4659 = SURFACE_CURVE('',#4660,(#4664,#4670),.PCURVE_S1.);
#4660 = LINE('',#4661,#4662);
#4661 = CARTESIAN_POINT('',(-6.,20.124611797498,0.));
#4662 = VECTOR('',#4663,1.);
#4663 = DIRECTION('',(-0.,-0.,-1.));
#4664 = PCURVE('',#2807,#4665);
#4665 = DEFINITIONAL_REPRESENTATION('',(#4666),#4669);
#4666 = B_SPLINE_CURVE_WITH_KNOTS('',1,(#4667,#4668),.UNSPECIFIED.,.F.,
  .F.,(2,2),(-72.32,-69.68),.PIECEWISE_BEZIER_KNOTS.);
#4667 = CARTESIAN_POINT('',(-1.860548028231,-72.32));
#4668 = CARTESIAN_POINT('',(-1.860548028231,-69.68));
#4669 = ( GEOMETRIC_REPRESENTATION_CONTEXT(2) 
PARAMETRIC_REPRESENTATION_CONTEXT() REPRESENTATION_CONTEXT('2D SPACE',''
  ) );
#4670 = PCURVE('',#4671,#4676);
#4671 = PLANE('',#4672);
#4672 = AXIS2_PLACEMENT_3D('',#4673,#4674,#4675);
#4673 = CARTESIAN_POINT('',(-6.,20.,71.));
#4674 = DIRECTION('',(1.,0.,0.));
#4675 = DIRECTION('',(-0.,0.,1.));
#4676 = DEFINITIONAL_REPRESENTATION('',(#4677),#4680);
#4677 = B_SPLINE_CURVE_WITH_KNOTS('',1,(#4678,#4679),.UNSPECIFIED.,.F.,
  .F.,(2,2),(-72.32,-69.68),.PIECEWISE_BEZIER_KNOTS.);
#4678 = CARTESIAN_POINT('',(1.32,-0.124611797498));
#4679 = CARTESIAN_POINT('',(-1.32,-0.124611797498));
#4680 = ( GEOMETRIC_REPRESENTATION_CONTEXT(2) 
PARAMETRIC_REPRESENTATION_CONTEXT() REPRESENTATION_CONTEXT('2D SPACE',''
  ) );
#4681 = FACE_BOUND('',#4682,.F.);
#4682 = EDGE_LOOP('',(#4683));
#4683 = ORIENTED_EDGE('',*,*,#3039,.T.);
#4684 = FACE_BOUND('',#4685,.F.);
#4685 = EDGE_LOOP('',(#4686));
#4686 = ORIENTED_EDGE('',*,*,#4687,.F.);
#4687 = EDGE_CURVE('',#4688,#4688,#4690,.T.);
#4688 = VERTEX_POINT('',#4689);
#4689 = CARTESIAN_POINT('',(-14.44566722681,15.242135623731,78.));
#4690 = SURFACE_CURVE('',#4691,(#4779,#4870),.PCURVE_S1.);
#4691 = B_SPLINE_CURVE_WITH_KNOTS('',6,(#4692,#4693,#4694,#4695,#4696,
    #4697,#4698,#4699,#4700,#4701,#4702,#4703,#4704,#4705,#4706,#4707,
    #4708,#4709,#4710,#4711,#4712,#4713,#4714,#4715,#4716,#4717,#4718,
    #4719,#4720,#4721,#4722,#4723,#4724,#4725,#4726,#4727,#4728,#4729,
    #4730,#4731,#4732,#4733,#4734,#4735,#4736,#4737,#4738,#4739,#4740,
    #4741,#4742,#4743,#4744,#4745,#4746,#4747,#4748,#4749,#4750,#4751,
    #4752,#4753,#4754,#4755,#4756,#4757,#4758,#4759,#4760,#4761,#4762,
    #4763,#4764,#4765,#4766,#4767,#4768,#4769,#4770,#4771,#4772,#4773,
    #4774,#4775,#4776,#4777,#4778),.UNSPECIFIED.,.T.,.F.,(7,5,5,5,5,5,5,
    5,5,5,5,5,5,5,5,5,5,7),(0.,8.53659783559E-02,0.144868438008,
    0.205744077941,0.285037431488,0.326095887942,0.368376581702,
    0.422801512573,0.499974466977,0.544264774828,0.577219422417,
    0.630972162416,0.673865488368,0.71474134616,0.793688624366,
    0.856155255123,0.915959982146,1.),.UNSPECIFIED.);
#4692 = CARTESIAN_POINT('',(-14.44566722681,15.242135623731,78.));
#4693 = CARTESIAN_POINT('',(-14.44566722681,15.242135623731,
    78.104483358025));
#4694 = CARTESIAN_POINT('',(-14.45823279852,15.230226485958,
    78.208505374215));
#4695 = CARTESIAN_POINT('',(-14.48315754082,15.206604992574,
    78.310090463664));
#4696 = CARTESIAN_POINT('',(-14.51951057079,15.172002008234,
    78.407313207034));
#4697 = CARTESIAN_POINT('',(-14.56568148548,15.127674683888,
    78.498433950813));
#4698 = CARTESIAN_POINT('',(-14.65699825103,15.039120053853,
    78.640424189018));
#4699 = CARTESIAN_POINT('',(-14.69834495587,14.998806798685,
    78.69532448999));
#4700 = CARTESIAN_POINT('',(-14.74303799371,14.954945037747,
    78.746608862198));
#4701 = CARTESIAN_POINT('',(-14.79060372646,14.907911492268,
    78.794111316946));
#4702 = CARTESIAN_POINT('',(-14.84058969654,14.858072967029,
    78.837694070803));
#4703 = CARTESIAN_POINT('',(-14.94574182986,14.752304556626,
    78.917710279504));
#4704 = CARTESIAN_POINT('',(-15.00103137592,14.696229957412,
    78.953978959424));
#4705 = CARTESIAN_POINT('',(-15.05803268008,14.637896115201,
    78.985963608013));
#4706 = CARTESIAN_POINT('',(-15.1163765373,14.577614020415,
    79.013577412125));
#4707 = CARTESIAN_POINT('',(-15.17572346968,14.515682121261,
    79.036732865099));
#4708 = CARTESIAN_POINT('',(-15.31396195017,14.369950632755,
    79.079575878428));
#4709 = CARTESIAN_POINT('',(-15.39337798206,14.285158052723,
    79.096108261657));
#4710 = CARTESIAN_POINT('',(-15.47324569292,14.198726652655,
    79.104694133764));
#4711 = CARTESIAN_POINT('',(-15.55283564912,14.111398907302,
    79.105117519972));
#4712 = CARTESIAN_POINT('',(-15.63144439634,14.023957594711,
    79.097189441514));
#4713 = CARTESIAN_POINT('',(-15.74822790168,13.892333196874,
    79.072234865324));
#4714 = CARTESIAN_POINT('',(-15.78761024852,13.847635744438,
    79.061441372831));
#4715 = CARTESIAN_POINT('',(-15.82641646077,13.803286451905,
    79.048352352182));
#4716 = CARTESIAN_POINT('',(-15.86453213704,13.759429201114,
    79.032962519193));
#4717 = CARTESIAN_POINT('',(-15.90184583953,13.716210284084,
    79.015276685331));
#4718 = CARTESIAN_POINT('',(-15.97573600887,13.630083400218,
    78.974748450132));
#4719 = CARTESIAN_POINT('',(-16.01225774825,13.587222542337,
    78.951768031949));
#4720 = CARTESIAN_POINT('',(-16.04767698869,13.545379749975,
    78.926395036289));
#4721 = CARTESIAN_POINT('',(-16.08186415876,13.504736869026,
    78.898674414747));
#4722 = CARTESIAN_POINT('',(-16.11469710985,13.465472253178,
    78.868669291761));
#4723 = CARTESIAN_POINT('',(-16.18643301841,13.379214202954,
    78.795000913307));
#4724 = CARTESIAN_POINT('',(-16.22437109881,13.33323970612,
    78.749889521159));
#4725 = CARTESIAN_POINT('',(-16.25960222211,13.290238659924,
    78.701328348942));
#4726 = CARTESIAN_POINT('',(-16.29188928212,13.250582145954,
    78.649577759594));
#4727 = CARTESIAN_POINT('',(-16.32102929103,13.214601583639,
    78.594953558003));
#4728 = CARTESIAN_POINT('',(-16.38346735458,13.137176245788,
    78.456815664902));
#4729 = CARTESIAN_POINT('',(-16.41340491869,13.099742112569,
    78.370787065642));
#4730 = CARTESIAN_POINT('',(-16.43618307998,13.071086195297,
    78.280799486821));
#4731 = CARTESIAN_POINT('',(-16.45147669038,13.051783134685,
    78.188100446035));
#4732 = CARTESIAN_POINT('',(-16.45912204135,13.042135623731,
    78.094042137624));
#4733 = CARTESIAN_POINT('',(-16.45912204135,13.042135623731,
    77.946028304106));
#4734 = CARTESIAN_POINT('',(-16.45660391463,13.04531345346,
    77.892054387383));
#4735 = CARTESIAN_POINT('',(-16.45156768752,13.051669253027,
    77.838337403389));
#4736 = CARTESIAN_POINT('',(-16.44403070693,13.061171333905,
    77.785131901168));
#4737 = CARTESIAN_POINT('',(-16.43402784603,13.07375713252,
    77.732685772406));
#4738 = CARTESIAN_POINT('',(-16.41237335915,13.100924410154,
    77.642958115492));
#4739 = CARTESIAN_POINT('',(-16.40179894731,13.114170842238,
    77.605230420821));
#4740 = CARTESIAN_POINT('',(-16.38991026564,13.129034894234,
    77.568154108057));
#4741 = CARTESIAN_POINT('',(-16.37673449685,13.145469650556,
    77.531823026794));
#4742 = CARTESIAN_POINT('',(-16.36230421494,13.163419845887,
    77.496325882735));
#4743 = CARTESIAN_POINT('',(-16.32113564463,13.214468742766,
    77.405342943897));
#4744 = CARTESIAN_POINT('',(-16.29237921636,13.249976151929,
    77.351384816827));
#4745 = CARTESIAN_POINT('',(-16.26055237486,13.289070577658,
    77.300226328652));
#4746 = CARTESIAN_POINT('',(-16.2258504124,13.331433163337,
    77.252172180404));
#4747 = CARTESIAN_POINT('',(-16.1885011302,13.376707169008,
    77.207474369771));
#4748 = CARTESIAN_POINT('',(-16.11705896452,13.462647231809,
    77.133496501884));
#4749 = CARTESIAN_POINT('',(-16.08383253519,13.502396464061,
    77.102925815267));
#4750 = CARTESIAN_POINT('',(-16.04920690734,13.543572193623,
    77.074702888215));
#4751 = CARTESIAN_POINT('',(-16.01330951134,13.585988165298,
    77.048894362565));
#4752 = CARTESIAN_POINT('',(-15.97627569794,13.629454334959,
    77.02554756551));
#4753 = CARTESIAN_POINT('',(-15.90201105433,13.716017708592,
    76.984813933817));
#4754 = CARTESIAN_POINT('',(-15.86487052962,13.759037253489,
    76.967197905832));
#4755 = CARTESIAN_POINT('',(-15.82693464636,13.802690197128,
    76.951857010591));
#4756 = CARTESIAN_POINT('',(-15.7883134685,13.846832043133,
    76.938796125705));
#4757 = CARTESIAN_POINT('',(-15.74911999749,13.891320639317,
    76.928010154136));
#4758 = CARTESIAN_POINT('',(-15.63289084293,14.022340753925,
    76.903016730579));
#4759 = CARTESIAN_POINT('',(-15.55465218715,14.109389342957,
    76.894987969493));
#4760 = CARTESIAN_POINT('',(-15.47543090683,14.19633711521,
    76.895239074688));
#4761 = CARTESIAN_POINT('',(-15.39592161596,14.282410300615,
    76.903584056098));
#4762 = CARTESIAN_POINT('',(-15.31684430578,14.366874973983,
    76.919809912765));
#4763 = CARTESIAN_POINT('',(-15.17731977025,14.514027293924,
    76.962561613738));
#4764 = CARTESIAN_POINT('',(-15.11640229277,14.577608799537,
    76.986238518947));
#4765 = CARTESIAN_POINT('',(-15.05653676318,14.639456747237,
    77.014610059674));
#4766 = CARTESIAN_POINT('',(-14.99809005091,14.699248595774,
    77.047581699268));
#4767 = CARTESIAN_POINT('',(-14.94146201455,14.756647859495,
    77.085059513869));
#4768 = CARTESIAN_POINT('',(-14.83503300855,14.86362146627,
    77.167050974584));
#4769 = CARTESIAN_POINT('',(-14.78501408319,14.913455079685,
    77.211220023435));
#4770 = CARTESIAN_POINT('',(-14.73747250319,14.960428774088,
    77.259339740098));
#4771 = CARTESIAN_POINT('',(-14.69287078859,15.004167864082,
    77.311267186687));
#4772 = CARTESIAN_POINT('',(-14.65169213134,15.044288247405,
    77.366829919394));
#4773 = CARTESIAN_POINT('',(-14.56208896058,15.131122872547,
    77.508725523493));
#4774 = CARTESIAN_POINT('',(-14.51725031571,15.174153410678,
    77.59878405455));
#4775 = CARTESIAN_POINT('',(-14.4819919912,15.207709571954,
    77.694689579747));
#4776 = CARTESIAN_POINT('',(-14.45783846826,15.23060022798,
    77.794767531322));
#4777 = CARTESIAN_POINT('',(-14.44566722681,15.242135623731,
    77.897169220811));
#4778 = CARTESIAN_POINT('',(-14.44566722681,15.242135623731,78.));
#4779 = PCURVE('',#2807,#4780);
#4780 = DEFINITIONAL_REPRESENTATION('',(#4781),#4869);
#4781 = B_SPLINE_CURVE_WITH_KNOTS('',6,(#4782,#4783,#4784,#4785,#4786,
    #4787,#4788,#4789,#4790,#4791,#4792,#4793,#4794,#4795,#4796,#4797,
    #4798,#4799,#4800,#4801,#4802,#4803,#4804,#4805,#4806,#4807,#4808,
    #4809,#4810,#4811,#4812,#4813,#4814,#4815,#4816,#4817,#4818,#4819,
    #4820,#4821,#4822,#4823,#4824,#4825,#4826,#4827,#4828,#4829,#4830,
    #4831,#4832,#4833,#4834,#4835,#4836,#4837,#4838,#4839,#4840,#4841,
    #4842,#4843,#4844,#4845,#4846,#4847,#4848,#4849,#4850,#4851,#4852,
    #4853,#4854,#4855,#4856,#4857,#4858,#4859,#4860,#4861,#4862,#4863,
    #4864,#4865,#4866,#4867,#4868),.UNSPECIFIED.,.T.,.F.,(7,5,5,5,5,5,5,
    5,5,5,5,5,5,5,5,5,5,7),(0.,8.53659783559E-02,0.144868438008,
    0.205744077941,0.285037431488,0.326095887942,0.368376581702,
    0.422801512573,0.499974466977,0.544264774828,0.577219422417,
    0.630972162416,0.673865488368,0.71474134616,0.793688624366,
    0.856155255123,0.915959982146,1.),.UNSPECIFIED.);
#4782 = CARTESIAN_POINT('',(-2.329372788443,-78.));
#4783 = CARTESIAN_POINT('',(-2.329372788443,-78.10448335802));
#4784 = CARTESIAN_POINT('',(-2.330197190255,-78.20850537421));
#4785 = CARTESIAN_POINT('',(-2.331832420207,-78.31009046366));
#4786 = CARTESIAN_POINT('',(-2.334222343647,-78.40731320703));
#4787 = CARTESIAN_POINT('',(-2.337270170727,-78.49843395081));
#4788 = CARTESIAN_POINT('',(-2.343327469723,-78.64042418901));
#4789 = CARTESIAN_POINT('',(-2.346077314099,-78.69532448999));
#4790 = CARTESIAN_POINT('',(-2.349059214303,-78.74660886219));
#4791 = CARTESIAN_POINT('',(-2.352244550675,-78.79411131694));
#4792 = CARTESIAN_POINT('',(-2.355605787026,-78.8376940708));
#4793 = CARTESIAN_POINT('',(-2.362707881473,-78.9177102795));
#4794 = CARTESIAN_POINT('',(-2.366457768676,-78.95397895942));
#4795 = CARTESIAN_POINT('',(-2.370341502515,-78.98596360801));
#4796 = CARTESIAN_POINT('',(-2.374336307259,-79.01357741212));
#4797 = CARTESIAN_POINT('',(-2.378420852761,-79.03673286509));
#4798 = CARTESIAN_POINT('',(-2.387985947115,-79.07957587842));
#4799 = CARTESIAN_POINT('',(-2.393517990384,-79.09610826165));
#4800 = CARTESIAN_POINT('',(-2.399121738387,-79.10469413376));
#4801 = CARTESIAN_POINT('',(-2.404747987545,-79.10511751997));
#4802 = CARTESIAN_POINT('',(-2.410346968547,-79.09718944151));
#4803 = CARTESIAN_POINT('',(-2.418726212046,-79.07223486532));
#4804 = CARTESIAN_POINT('',(-2.421562959603,-79.06144137283));
#4805 = CARTESIAN_POINT('',(-2.424369141241,-79.04835235218));
#4806 = CARTESIAN_POINT('',(-2.427136053647,-79.03296251919));
#4807 = CARTESIAN_POINT('',(-2.429854994358,-79.01527668533));
#4808 = CARTESIAN_POINT('',(-2.435258780142,-78.97474845013));
#4809 = CARTESIAN_POINT('',(-2.437940224974,-78.95176803194));
#4810 = CARTESIAN_POINT('',(-2.440550728667,-78.92639503628));
#4811 = CARTESIAN_POINT('',(-2.443079729932,-78.89867441474));
#4812 = CARTESIAN_POINT('',(-2.445517013077,-78.86866929176));
#4813 = CARTESIAN_POINT('',(-2.450859371895,-78.7950009133));
#4814 = CARTESIAN_POINT('',(-2.453697762618,-78.74988952115));
#4815 = CARTESIAN_POINT('',(-2.456344915646,-78.70132834894));
#4816 = CARTESIAN_POINT('',(-2.458780044006,-78.64957775959));
#4817 = CARTESIAN_POINT('',(-2.460984827566,-78.594953558));
#4818 = CARTESIAN_POINT('',(-2.465721234233,-78.4568156649));
#4819 = CARTESIAN_POINT('',(-2.468003739749,-78.37078706564));
#4820 = CARTESIAN_POINT('',(-2.469746880895,-78.28079948682));
#4821 = CARTESIAN_POINT('',(-2.470919611265,-78.18810044603));
#4822 = CARTESIAN_POINT('',(-2.471505780988,-78.09404213762));
#4823 = CARTESIAN_POINT('',(-2.471505780988,-77.9460283041));
#4824 = CARTESIAN_POINT('',(-2.471312706125,-77.89205438738));
#4825 = CARTESIAN_POINT('',(-2.470926551695,-77.83833740338));
#4826 = CARTESIAN_POINT('',(-2.470349013919,-77.78513190116));
#4827 = CARTESIAN_POINT('',(-2.46958345857,-77.7326857724));
#4828 = CARTESIAN_POINT('',(-2.467929097347,-77.64295811549));
#4829 = CARTESIAN_POINT('',(-2.46712197752,-77.60523042082));
#4830 = CARTESIAN_POINT('',(-2.466215612834,-77.56815410805));
#4831 = CARTESIAN_POINT('',(-2.465212555251,-77.53182302679));
#4832 = CARTESIAN_POINT('',(-2.464115825981,-77.49632588273));
#4833 = CARTESIAN_POINT('',(-2.460992930842,-77.40534294389));
#4834 = CARTESIAN_POINT('',(-2.458817152103,-77.35138481682));
#4835 = CARTESIAN_POINT('',(-2.456416616381,-77.30022632865));
#4836 = CARTESIAN_POINT('',(-2.453808949494,-77.2521721804));
#4837 = CARTESIAN_POINT('',(-2.451014131209,-77.20747436977));
#4838 = CARTESIAN_POINT('',(-2.44569235857,-77.13349650188));
#4839 = CARTESIAN_POINT('',(-2.443225352963,-77.10292581526));
#4840 = CARTESIAN_POINT('',(-2.440663494595,-77.07470288821));
#4841 = CARTESIAN_POINT('',(-2.438017448061,-77.04889436256));
#4842 = CARTESIAN_POINT('',(-2.435298249048,-77.02554756551));
#4843 = CARTESIAN_POINT('',(-2.429867076958,-76.98481393381));
#4844 = CARTESIAN_POINT('',(-2.427160711391,-76.96719790583));
#4845 = CARTESIAN_POINT('',(-2.424406758081,-76.95185701059));
#4846 = CARTESIAN_POINT('',(-2.421613812549,-76.9387961257));
#4847 = CARTESIAN_POINT('',(-2.418790472818,-76.92801015413));
#4848 = CARTESIAN_POINT('',(-2.41045027336,-76.90301673057));
#4849 = CARTESIAN_POINT('',(-2.404876980194,-76.89498796949));
#4850 = CARTESIAN_POINT('',(-2.399275927157,-76.89523907468));
#4851 = CARTESIAN_POINT('',(-2.393696287874,-76.90358405609));
#4852 = CARTESIAN_POINT('',(-2.388186665912,-76.91980991276));
#4853 = CARTESIAN_POINT('',(-2.378530337722,-76.96256161373));
#4854 = CARTESIAN_POINT('',(-2.374337336325,-76.98623851894));
#4855 = CARTESIAN_POINT('',(-2.370238564637,-77.01461005967));
#4856 = CARTESIAN_POINT('',(-2.366257074073,-77.04758169926));
#4857 = CARTESIAN_POINT('',(-2.362417521216,-77.08505951386));
#4858 = CARTESIAN_POINT('',(-2.355231858074,-77.16705097458));
#4859 = CARTESIAN_POINT('',(-2.351869675482,-77.21122002343));
#4860 = CARTESIAN_POINT('',(-2.348687160555,-77.25933974009));
#4861 = CARTESIAN_POINT('',(-2.345712455223,-77.31126718668));
#4862 = CARTESIAN_POINT('',(-2.342974751651,-77.36682991939));
#4863 = CARTESIAN_POINT('',(-2.337033050693,-77.50872552349));
#4864 = CARTESIAN_POINT('',(-2.334073751328,-77.59878405455));
#4865 = CARTESIAN_POINT('',(-2.331755953076,-77.69468957974));
#4866 = CARTESIAN_POINT('',(-2.330171318717,-77.79476753132));
#4867 = CARTESIAN_POINT('',(-2.329372788443,-77.89716922081));
#4868 = CARTESIAN_POINT('',(-2.329372788443,-78.));
#4869 = ( GEOMETRIC_REPRESENTATION_CONTEXT(2) 
PARAMETRIC_REPRESENTATION_CONTEXT() REPRESENTATION_CONTEXT('2D SPACE',''
  ) );
#4870 = PCURVE('',#3333,#4871);
#4871 = DEFINITIONAL_REPRESENTATION('',(#4872),#4960);
#4872 = B_SPLINE_CURVE_WITH_KNOTS('',6,(#4873,#4874,#4875,#4876,#4877,
    #4878,#4879,#4880,#4881,#4882,#4883,#4884,#4885,#4886,#4887,#4888,
    #4889,#4890,#4891,#4892,#4893,#4894,#4895,#4896,#4897,#4898,#4899,
    #4900,#4901,#4902,#4903,#4904,#4905,#4906,#4907,#4908,#4909,#4910,
    #4911,#4912,#4913,#4914,#4915,#4916,#4917,#4918,#4919,#4920,#4921,
    #4922,#4923,#4924,#4925,#4926,#4927,#4928,#4929,#4930,#4931,#4932,
    #4933,#4934,#4935,#4936,#4937,#4938,#4939,#4940,#4941,#4942,#4943,
    #4944,#4945,#4946,#4947,#4948,#4949,#4950,#4951,#4952,#4953,#4954,
    #4955,#4956,#4957,#4958,#4959),.UNSPECIFIED.,.F.,.F.,(7,5,5,5,5,5,5,
    5,5,5,5,5,5,5,5,5,5,7),(0.,8.53659783559E-02,0.144868438008,
    0.205744077941,0.285037431488,0.326095887942,0.368376581702,
    0.422801512573,0.499974466977,0.544264774828,0.577219422417,
    0.630972162416,0.673865488368,0.71474134616,0.793688624366,
    0.856155255123,0.915959982146,1.),.UNSPECIFIED.);
#4873 = CARTESIAN_POINT('',(0.,-0.303531603081));
#4874 = CARTESIAN_POINT('',(9.498487093182E-02,-0.303531603081));
#4875 = CARTESIAN_POINT('',(0.189550013005,-0.316097174789));
#4876 = CARTESIAN_POINT('',(0.283444231462,-0.341021917094));
#4877 = CARTESIAN_POINT('',(0.376383751659,-0.377374947062));
#4878 = CARTESIAN_POINT('',(0.467996080995,-0.423545861756));
#4879 = CARTESIAN_POINT('',(0.620124642997,-0.514862627302));
#4880 = CARTESIAN_POINT('',(0.681867033658,-0.556209332141));
#4881 = CARTESIAN_POINT('',(0.742965722784,-0.600902369986));
#4882 = CARTESIAN_POINT('',(0.80350033621,-0.648468102735));
#4883 = CARTESIAN_POINT('',(0.863537024342,-0.698454072815));
#4884 = CARTESIAN_POINT('',(0.984105753393,-0.803606206131));
#4885 = CARTESIAN_POINT('',(1.044652197147,-0.858895752197));
#4886 = CARTESIAN_POINT('',(1.104894689996,-0.915897056357));
#4887 = CARTESIAN_POINT('',(1.164940438667,-0.974240913573));
#4888 = CARTESIAN_POINT('',(1.224893501495,-1.033587845949));
#4889 = CARTESIAN_POINT('',(1.362983155368,-1.171826326448));
#4890 = CARTESIAN_POINT('',(1.441176455556,-1.251242358334));
#4891 = CARTESIAN_POINT('',(1.519620471803,-1.33111006919));
#4892 = CARTESIAN_POINT('',(1.59847726711,-1.410700025391));
#4893 = CARTESIAN_POINT('',(1.677920899374,-1.489308772612));
#4894 = CARTESIAN_POINT('',(1.799710967293,-1.606092277955));
#4895 = CARTESIAN_POINT('',(1.84146152528,-1.64547462479));
#4896 = CARTESIAN_POINT('',(1.883419095391,-1.684280837044));
#4897 = CARTESIAN_POINT('',(1.925591231444,-1.72239651331));
#4898 = CARTESIAN_POINT('',(1.967987463589,-1.759710215802));
#4899 = CARTESIAN_POINT('',(2.054520206987,-1.83360038514));
#4900 = CARTESIAN_POINT('',(2.09867133939,-1.870122124525));
#4901 = CARTESIAN_POINT('',(2.143063455839,-1.905541364964));
#4902 = CARTESIAN_POINT('',(2.187690502793,-1.939728535031));
#4903 = CARTESIAN_POINT('',(2.232548571565,-1.972561486128));
#4904 = CARTESIAN_POINT('',(2.33567122666,-2.04429739468));
#4905 = CARTESIAN_POINT('',(2.394086442838,-2.082235475086));
#4906 = CARTESIAN_POINT('',(2.452834632667,-2.117466598381));
#4907 = CARTESIAN_POINT('',(2.511880496628,-2.149753658393));
#4908 = CARTESIAN_POINT('',(2.571191325852,-2.178893667302));
#4909 = CARTESIAN_POINT('',(2.715151721151,-2.241331730855));
#4910 = CARTESIAN_POINT('',(2.80001310442,-2.271269294962));
#4911 = CARTESIAN_POINT('',(2.88519491726,-2.294047456255));
#4912 = CARTESIAN_POINT('',(2.970592616005,-2.309341066651));
#4913 = CARTESIAN_POINT('',(3.056099801205,-2.316986417624));
#4914 = CARTESIAN_POINT('',(3.190657831675,-2.316986417624));
#4915 = CARTESIAN_POINT('',(3.239725027418,-2.314468290904));
#4916 = CARTESIAN_POINT('',(3.288771278561,-2.30943206379));
#4917 = CARTESIAN_POINT('',(3.337777786808,-2.301895083208));
#4918 = CARTESIAN_POINT('',(3.386725922858,-2.291892222304));
#4919 = CARTESIAN_POINT('',(3.471953442321,-2.270237735426));
#4920 = CARTESIAN_POINT('',(3.5082690637,-2.259663323582));
#4921 = CARTESIAN_POINT('',(3.544531144467,-2.247774641916));
#4922 = CARTESIAN_POINT('',(3.580730581355,-2.234598873124));
#4923 = CARTESIAN_POINT('',(3.616858118936,-2.220168591218));
#4924 = CARTESIAN_POINT('',(3.711699809703,-2.179000020904));
#4925 = CARTESIAN_POINT('',(3.770273985333,-2.150243592631));
#4926 = CARTESIAN_POINT('',(3.828590123282,-2.118416751134));
#4927 = CARTESIAN_POINT('',(3.886616552023,-2.08371478867));
#4928 = CARTESIAN_POINT('',(3.944319156939,-2.046365506475));
#4929 = CARTESIAN_POINT('',(4.047405493743,-1.974923340793));
#4930 = CARTESIAN_POINT('',(4.092923036105,-1.94169691146));
#4931 = CARTESIAN_POINT('',(4.138203360029,-1.907071283617));
#4932 = CARTESIAN_POINT('',(4.183242212029,-1.871173887616));
#4933 = CARTESIAN_POINT('',(4.228033070562,-1.834140074218));
#4934 = CARTESIAN_POINT('',(4.315004360617,-1.759875430599));
#4935 = CARTESIAN_POINT('',(4.357209571534,-1.72273490589));
#4936 = CARTESIAN_POINT('',(4.399192820135,-1.684799022637));
#4937 = CARTESIAN_POINT('',(4.440963341197,-1.646177844774));
#4938 = CARTESIAN_POINT('',(4.482528425768,-1.606984373763));
#4939 = CARTESIAN_POINT('',(4.603785415524,-1.490755219199));
#4940 = CARTESIAN_POINT('',(4.682886715072,-1.41251656342));
#4941 = CARTESIAN_POINT('',(4.76140429779,-1.333295283099));
#4942 = CARTESIAN_POINT('',(4.839509490805,-1.25378599223));
#4943 = CARTESIAN_POINT('',(4.917361729934,-1.174708682056));
#4944 = CARTESIAN_POINT('',(5.056667900855,-1.035184146522));
#4945 = CARTESIAN_POINT('',(5.118179248621,-0.97426666904));
#4946 = CARTESIAN_POINT('',(5.17978753878,-0.914401139449));
#4947 = CARTESIAN_POINT('',(5.241604749532,-0.855954427179));
#4948 = CARTESIAN_POINT('',(5.303746401621,-0.799326390822));
#4949 = CARTESIAN_POINT('',(5.42627469883,-0.692897384825));
#4950 = CARTESIAN_POINT('',(5.486657705151,-0.64287845946));
#4951 = CARTESIAN_POINT('',(5.547550147729,-0.595336879465));
#4952 = CARTESIAN_POINT('',(5.609017775235,-0.550735164859));
#4953 = CARTESIAN_POINT('',(5.671140407879,-0.509556507616));
#4954 = CARTESIAN_POINT('',(5.82237394352,-0.419953336854));
#4955 = CARTESIAN_POINT('',(5.912625691423,-0.375114691986));
#4956 = CARTESIAN_POINT('',(6.004158717517,-0.339856367469));
#4957 = CARTESIAN_POINT('',(6.096610635298,-0.315702844531));
#4958 = CARTESIAN_POINT('',(6.189702780644,-0.303531603081));
#4959 = CARTESIAN_POINT('',(6.28318530718,-0.303531603081));
#4960 = ( GEOMETRIC_REPRESENTATION_CONTEXT(2) 
PARAMETRIC_REPRESENTATION_CONTEXT() REPRESENTATION_CONTEXT('2D SPACE',''
  ) );
#4961 = FACE_BOUND('',#4962,.F.);
#4962 = EDGE_LOOP('',(#4963));
#4963 = ORIENTED_EDGE('',*,*,#3395,.T.);
#4964 = FACE_BOUND('',#4965,.F.);
#4965 = EDGE_LOOP('',(#4966));
#4966 = ORIENTED_EDGE('',*,*,#4967,.F.);
#4967 = EDGE_CURVE('',#4968,#4968,#4970,.T.);
#4968 = VERTEX_POINT('',#4969);
#4969 = CARTESIAN_POINT('',(-20.97117068739,1.1,29.));
#4970 = SURFACE_CURVE('',#4971,(#5022,#5076),.PCURVE_S1.);
#4971 = B_SPLINE_CURVE_WITH_KNOTS('',7,(#4972,#4973,#4974,#4975,#4976,
    #4977,#4978,#4979,#4980,#4981,#4982,#4983,#4984,#4985,#4986,#4987,
    #4988,#4989,#4990,#4991,#4992,#4993,#4994,#4995,#4996,#4997,#4998,
    #4999,#5000,#5001,#5002,#5003,#5004,#5005,#5006,#5007,#5008,#5009,
    #5010,#5011,#5012,#5013,#5014,#5015,#5016,#5017,#5018,#5019,#5020,
    #5021),.UNSPECIFIED.,.T.,.F.,(8,6,6,6,6,6,6,6,8),(0.,0.152478759446,
    0.24784182258,0.383831090751,0.497786348046,0.651977062449,
    0.748440582012,0.865032596343,1.),.UNSPECIFIED.);
#4972 = CARTESIAN_POINT('',(-20.97117068739,1.1,29.));
#4973 = CARTESIAN_POINT('',(-20.97117068739,1.1,29.13690692909));
#4974 = CARTESIAN_POINT('',(-20.9722133578,1.080120871357,
    29.273979414824));
#4975 = CARTESIAN_POINT('',(-20.9743037175,1.040273591172,
    29.408958996247));
#4976 = CARTESIAN_POINT('',(-20.97734113336,0.980084270978,
    29.53937049245));
#4977 = CARTESIAN_POINT('',(-20.98110972532,0.89912500047,
    29.662241910546));
#4978 = CARTESIAN_POINT('',(-20.98522798043,0.797069398668,
    29.773861500248));
#4979 = CARTESIAN_POINT('',(-20.99164316031,0.597351541408,
    29.928778550115));
#4980 = CARTESIAN_POINT('',(-20.99406050865,0.511859008277,
    29.982397780413));
#4981 = CARTESIAN_POINT('',(-20.99626615764,0.41861639946,
    30.027845705008));
#4982 = CARTESIAN_POINT('',(-20.99808107825,0.319000100368,
    30.063373712578));
#4983 = CARTESIAN_POINT('',(-20.99935550227,0.214725818322,
    30.087693062686));
#4984 = CARTESIAN_POINT('',(-21.,0.10771950143,30.1));
#4985 = CARTESIAN_POINT('',(-21.,-0.15360974874,30.1));
#4986 = CARTESIAN_POINT('',(-20.99868908474,-0.304135125434,
    30.074974140378));
#4987 = CARTESIAN_POINT('',(-20.99616223507,-0.446738451797,
    30.026730355764));
#4988 = CARTESIAN_POINT('',(-20.9927576704,-0.577212767598,
    29.958168737493));
#4989 = CARTESIAN_POINT('',(-20.98898287508,-0.692232778472,
    29.873202643737));
#4990 = CARTESIAN_POINT('',(-20.98529779276,-0.789686689928,
    29.776667687065));
#4991 = CARTESIAN_POINT('',(-20.9792461158,-0.935775766371,
    29.588330784567));
#4992 = CARTESIAN_POINT('',(-20.97671501883,-0.990911060183,
    29.496815722474));
#4993 = CARTESIAN_POINT('',(-20.97455883579,-1.034730826253,
    29.401188123639));
#4994 = CARTESIAN_POINT('',(-20.97287951923,-1.06741953065,
    29.30269276489));
#4995 = CARTESIAN_POINT('',(-20.97174027804,-1.089141765084,
    29.202378387363));
#4996 = CARTESIAN_POINT('',(-20.97117068739,-1.1,29.101181607403));
#4997 = CARTESIAN_POINT('',(-20.97117068739,-1.1,28.86309307091));
#4998 = CARTESIAN_POINT('',(-20.9722133578,-1.080120871357,
    28.726020585176));
#4999 = CARTESIAN_POINT('',(-20.9743037175,-1.040273591172,
    28.591041003752));
#5000 = CARTESIAN_POINT('',(-20.97734113336,-0.980084270978,
    28.460629507551));
#5001 = CARTESIAN_POINT('',(-20.98110972532,-0.899125000469,
    28.337758089454));
#5002 = CARTESIAN_POINT('',(-20.98522798043,-0.797069398668,
    28.226138499752));
#5003 = CARTESIAN_POINT('',(-20.99164392227,-0.59732781999,
    28.071203049667));
#5004 = CARTESIAN_POINT('',(-20.99406100325,-0.511837764179,
    28.017593602011));
#5005 = CARTESIAN_POINT('',(-20.99626584843,-0.41861759796,
    27.972161308832));
#5006 = CARTESIAN_POINT('',(-20.99808030046,-0.319031165407,
    27.936641142859));
#5007 = CARTESIAN_POINT('',(-20.99935496189,-0.214777668378,
    27.912317522473));
#5008 = CARTESIAN_POINT('',(-21.,-0.107765729778,27.9));
#5009 = CARTESIAN_POINT('',(-21.,0.130252592563,27.9));
#5010 = CARTESIAN_POINT('',(-20.99905792551,0.258859688614,
    27.917994424434));
#5011 = CARTESIAN_POINT('',(-20.99721410713,0.382588265729,
    27.95316231934));
#5012 = CARTESIAN_POINT('',(-20.9946564708,0.498477042748,
    28.003882179631));
#5013 = CARTESIAN_POINT('',(-20.99167146498,0.604023662348,
    28.067779662492));
#5014 = CARTESIAN_POINT('',(-20.98857027066,0.697417408572,
    28.141782489962));
#5015 = CARTESIAN_POINT('',(-20.98214066117,0.870888894459,
    28.315253975849));
#5016 = CARTESIAN_POINT('',(-20.97880180995,0.947960374405,
    28.418310715975));
#5017 = CARTESIAN_POINT('',(-20.97586839233,1.009128415023,
    28.528428845841));
#5018 = CARTESIAN_POINT('',(-20.97354788678,1.0546803961,28.643376427184
    ));
#5019 = CARTESIAN_POINT('',(-20.97196259887,1.084902204101,
    28.761322012569));
#5020 = CARTESIAN_POINT('',(-20.97117068739,1.1,28.880688632125));
#5021 = CARTESIAN_POINT('',(-20.97117068739,1.1,29.));
#5022 = PCURVE('',#2807,#5023);
#5023 = DEFINITIONAL_REPRESENTATION('',(#5024),#5075);
#5024 = B_SPLINE_CURVE_WITH_KNOTS('',7,(#5025,#5026,#5027,#5028,#5029,
    #5030,#5031,#5032,#5033,#5034,#5035,#5036,#5037,#5038,#5039,#5040,
    #5041,#5042,#5043,#5044,#5045,#5046,#5047,#5048,#5049,#5050,#5051,
    #5052,#5053,#5054,#5055,#5056,#5057,#5058,#5059,#5060,#5061,#5062,
    #5063,#5064,#5065,#5066,#5067,#5068,#5069,#5070,#5071,#5072,#5073,
    #5074),.UNSPECIFIED.,.T.,.F.,(8,6,6,6,6,6,6,6,8),(0.,0.152478759446,
    0.24784182258,0.383831090751,0.497786348046,0.651977062449,
    0.748440582012,0.865032596343,1.),.UNSPECIFIED.);
#5025 = CARTESIAN_POINT('',(-3.089187718088,-29.));
#5026 = CARTESIAN_POINT('',(-3.089187718088,-29.13690692909));
#5027 = CARTESIAN_POINT('',(-3.090135644714,-29.27397941482));
#5028 = CARTESIAN_POINT('',(-3.092035742202,-29.40895899624));
#5029 = CARTESIAN_POINT('',(-3.094905544677,-29.53937049245));
#5030 = CARTESIAN_POINT('',(-3.098764851528,-29.66224191054));
#5031 = CARTESIAN_POINT('',(-3.1036284326,-29.77386150024));
#5032 = CARTESIAN_POINT('',(-3.11314371176,-29.92877855011));
#5033 = CARTESIAN_POINT('',(-3.117216382156,-29.98239778041));
#5034 = CARTESIAN_POINT('',(-3.121657668758,-30.027845705));
#5035 = CARTESIAN_POINT('',(-3.126401953218,-30.06337371257));
#5036 = CARTESIAN_POINT('',(-3.131367614327,-30.08769306268));
#5037 = CARTESIAN_POINT('',(-3.136463153522,-30.1));
#5038 = CARTESIAN_POINT('',(-3.14890740353,-30.1));
#5039 = CARTESIAN_POINT('',(-3.156075279697,-30.07497414037));
#5040 = CARTESIAN_POINT('',(-3.162866547498,-30.02673035576));
#5041 = CARTESIAN_POINT('',(-3.169081430252,-29.95816873749));
#5042 = CARTESIAN_POINT('',(-3.174561413777,-29.87320264373));
#5043 = CARTESIAN_POINT('',(-3.179205361681,-29.77666768706));
#5044 = CARTESIAN_POINT('',(-3.186167950575,-29.58833078456));
#5045 = CARTESIAN_POINT('',(-3.188796179645,-29.49681572247));
#5046 = CARTESIAN_POINT('',(-3.190885348683,-29.40118812363));
#5047 = CARTESIAN_POINT('',(-3.192444005836,-29.30269276489));
#5048 = CARTESIAN_POINT('',(-3.193479819294,-29.20237838736));
#5049 = CARTESIAN_POINT('',(-3.193997589091,-29.1011816074));
#5050 = CARTESIAN_POINT('',(-3.193997589091,-28.86309307091));
#5051 = CARTESIAN_POINT('',(-3.193049662466,-28.72602058517));
#5052 = CARTESIAN_POINT('',(-3.191149564977,-28.59104100375));
#5053 = CARTESIAN_POINT('',(-3.188279762503,-28.46062950755));
#5054 = CARTESIAN_POINT('',(-3.184420455651,-28.33775808945));
#5055 = CARTESIAN_POINT('',(-3.17955687458,-28.22613849975));
#5056 = CARTESIAN_POINT('',(-3.170040465245,-28.07120304966));
#5057 = CARTESIAN_POINT('',(-3.165967913209,-28.01759360201));
#5058 = CARTESIAN_POINT('',(-3.161527695797,-27.97216130883));
#5059 = CARTESIAN_POINT('',(-3.156784833558,-27.93664114285));
#5060 = CARTESIAN_POINT('',(-3.151820161914,-27.91231752247));
#5061 = CARTESIAN_POINT('',(-3.146724355008,-27.9));
#5062 = CARTESIAN_POINT('',(-3.135390149182,-27.9));
#5063 = CARTESIAN_POINT('',(-3.129266001795,-27.91799442443));
#5064 = CARTESIAN_POINT('',(-3.123373775747,-27.95316231934));
#5065 = CARTESIAN_POINT('',(-3.117854133193,-28.00388217963));
#5066 = CARTESIAN_POINT('',(-3.112826194953,-28.06777966249));
#5067 = CARTESIAN_POINT('',(-3.108376455609,-28.14178248996));
#5068 = CARTESIAN_POINT('',(-3.100110236577,-28.31525397584));
#5069 = CARTESIAN_POINT('',(-3.096436795542,-28.41831071597));
#5070 = CARTESIAN_POINT('',(-3.093520713751,-28.52842884584));
#5071 = CARTESIAN_POINT('',(-3.091348761197,-28.64337642718));
#5072 = CARTESIAN_POINT('',(-3.089907649093,-28.76132201256));
#5073 = CARTESIAN_POINT('',(-3.089187718088,-28.88068863212));
#5074 = CARTESIAN_POINT('',(-3.089187718088,-29.));
#5075 = ( GEOMETRIC_REPRESENTATION_CONTEXT(2) 
PARAMETRIC_REPRESENTATION_CONTEXT() REPRESENTATION_CONTEXT('2D SPACE',''
  ) );
#5076 = PCURVE('',#4133,#5077);
#5077 = DEFINITIONAL_REPRESENTATION('',(#5078),#5129);
#5078 = B_SPLINE_CURVE_WITH_KNOTS('',7,(#5079,#5080,#5081,#5082,#5083,
    #5084,#5085,#5086,#5087,#5088,#5089,#5090,#5091,#5092,#5093,#5094,
    #5095,#5096,#5097,#5098,#5099,#5100,#5101,#5102,#5103,#5104,#5105,
    #5106,#5107,#5108,#5109,#5110,#5111,#5112,#5113,#5114,#5115,#5116,
    #5117,#5118,#5119,#5120,#5121,#5122,#5123,#5124,#5125,#5126,#5127,
    #5128),.UNSPECIFIED.,.F.,.F.,(8,6,6,6,6,6,6,6,8),(0.,0.152478759446,
    0.24784182258,0.383831090751,0.497786348046,0.651977062449,
    0.748440582012,0.865032596343,1.),.UNSPECIFIED.);
#5079 = CARTESIAN_POINT('',(0.,-0.971170687398));
#5080 = CARTESIAN_POINT('',(0.124460844627,-0.971170687398));
#5081 = CARTESIAN_POINT('',(0.249071700982,-0.972213357804));
#5082 = CARTESIAN_POINT('',(0.374931680198,-0.9743037175));
#5083 = CARTESIAN_POINT('',(0.502964490316,-0.977341133366));
#5084 = CARTESIAN_POINT('',(0.634192797297,-0.981109725329));
#5085 = CARTESIAN_POINT('',(0.769695316345,-0.985227980431));
#5086 = CARTESIAN_POINT('',(0.999475151407,-0.991643160318));
#5087 = CARTESIAN_POINT('',(1.090762035127,-0.994060508657));
#5088 = CARTESIAN_POINT('',(1.184193268054,-0.996266157643));
#5089 = CARTESIAN_POINT('',(1.27926152316,-0.998081078258));
#5090 = CARTESIAN_POINT('',(1.375591319068,-0.999355502271));
#5091 = CARTESIAN_POINT('',(1.472869507313,-1.));
#5092 = CARTESIAN_POINT('',(1.710441552922,-1.));
#5093 = CARTESIAN_POINT('',(1.847282789559,-0.99868908474));
#5094 = CARTESIAN_POINT('',(1.981369990864,-0.996162235072));
#5095 = CARTESIAN_POINT('',(2.112523790207,-0.992757670407));
#5096 = CARTESIAN_POINT('',(2.240320834347,-0.988982875088));
#5097 = CARTESIAN_POINT('',(2.363964265925,-0.985297792766));
#5098 = CARTESIAN_POINT('',(2.580650059505,-0.979246115801));
#5099 = CARTESIAN_POINT('',(2.677108834029,-0.976715018833));
#5100 = CARTESIAN_POINT('',(2.771788445092,-0.974558835799));
#5101 = CARTESIAN_POINT('',(2.865147825332,-0.97287951923));
#5102 = CARTESIAN_POINT('',(2.957611646102,-0.971740278048));
#5103 = CARTESIAN_POINT('',(3.049609374133,-0.971170687398));
#5104 = CARTESIAN_POINT('',(3.266053498217,-0.971170687398));
#5105 = CARTESIAN_POINT('',(3.390664354571,-0.972213357804));
#5106 = CARTESIAN_POINT('',(3.516524333788,-0.9743037175));
#5107 = CARTESIAN_POINT('',(3.644557143905,-0.977341133366));
#5108 = CARTESIAN_POINT('',(3.775785450887,-0.981109725329));
#5109 = CARTESIAN_POINT('',(3.911287969934,-0.985227980431));
#5110 = CARTESIAN_POINT('',(4.141095097017,-0.991643922278));
#5111 = CARTESIAN_POINT('',(4.232374778516,-0.994061003252));
#5112 = CARTESIAN_POINT('',(4.32578216635,-0.996265848436));
#5113 = CARTESIAN_POINT('',(4.420823963051,-0.998080300463));
#5114 = CARTESIAN_POINT('',(4.517136859187,-0.999354961899));
#5115 = CARTESIAN_POINT('',(4.614420135132,-1.));
#5116 = CARTESIAN_POINT('',(4.830800428169,-1.));
#5117 = CARTESIAN_POINT('',(4.947715264932,-0.999057925514));
#5118 = CARTESIAN_POINT('',(5.062910286435,-0.997214107136));
#5119 = CARTESIAN_POINT('',(5.176086031384,-0.994656470807));
#5120 = CARTESIAN_POINT('',(5.28681509246,-0.991671464983));
#5121 = CARTESIAN_POINT('',(5.394420923635,-0.988570270665));
#5122 = CARTESIAN_POINT('',(5.617444312749,-0.982140661179));
#5123 = CARTESIAN_POINT('',(5.73323526872,-0.978801809958));
#5124 = CARTESIAN_POINT('',(5.846139494064,-0.975868392334));
#5125 = CARTESIAN_POINT('',(5.956897308418,-0.97354788678));
#5126 = CARTESIAN_POINT('',(6.066205469735,-0.971962598877));
#5127 = CARTESIAN_POINT('',(6.174720427293,-0.971170687398));
#5128 = CARTESIAN_POINT('',(6.28318530718,-0.971170687398));
#5129 = ( GEOMETRIC_REPRESENTATION_CONTEXT(2) 
PARAMETRIC_REPRESENTATION_CONTEXT() REPRESENTATION_CONTEXT('2D SPACE',''
  ) );
#5130 = FACE_BOUND('',#5131,.F.);
#5131 = EDGE_LOOP('',(#5132));
#5132 = ORIENTED_EDGE('',*,*,#3729,.T.);
#5133 = FACE_BOUND('',#5134,.F.);
#5134 = EDGE_LOOP('',(#5135,#5225,#5308,#5334,#5417,#5500));
#5135 = ORIENTED_EDGE('',*,*,#5136,.T.);
#5136 = EDGE_CURVE('',#5137,#5139,#5141,.T.);
#5137 = VERTEX_POINT('',#5138);
#5138 = CARTESIAN_POINT('',(-6.,20.124611797498,16.092918981409));
#5139 = VERTEX_POINT('',#5140);
#5140 = CARTESIAN_POINT('',(1.224646799147E-15,21.,15.458257569496));
#5141 = SURFACE_CURVE('',#5142,(#5166,#5193),.PCURVE_S1.);
#5142 = B_SPLINE_CURVE_WITH_KNOTS('',8,(#5143,#5144,#5145,#5146,#5147,
    #5148,#5149,#5150,#5151,#5152,#5153,#5154,#5155,#5156,#5157,#5158,
    #5159,#5160,#5161,#5162,#5163,#5164,#5165),.UNSPECIFIED.,.F.,.F.,(9,
    7,7,9),(0.,0.511621433273,0.902980029098,1.),.UNSPECIFIED.);
#5143 = CARTESIAN_POINT('',(-6.0000006,20.124611618613,16.092919001805)
  );
#5144 = CARTESIAN_POINT('',(-5.62568648702,20.236210537639,16.0801948));
#5145 = CARTESIAN_POINT('',(-5.247595357685,20.340271462743,
    16.055137922296));
#5146 = CARTESIAN_POINT('',(-4.867924967614,20.436025676202,
    16.020336118828));
#5147 = CARTESIAN_POINT('',(-4.488080413413,20.523208378984,
    15.977966252098));
#5148 = CARTESIAN_POINT('',(-4.10866931253,20.601893793191,
    15.929833139989));
#5149 = CARTESIAN_POINT('',(-3.729632997131,20.672273004021,
    15.877545607092));
#5150 = CARTESIAN_POINT('',(-3.35006841866,20.734679253091,
    15.822443939133));
#5151 = CARTESIAN_POINT('',(-2.673632796058,20.831211875286,
    15.722976962136));
#5152 = CARTESIAN_POINT('',(-2.380318028622,20.868248404054,
    15.67943029531));
#5153 = CARTESIAN_POINT('',(-2.085645982702,20.900691389051,
    15.636186369161));
#5154 = CARTESIAN_POINT('',(-1.789586525451,20.928445928445,
    15.594309544409));
#5155 = CARTESIAN_POINT('',(-1.49309274806,20.951362263431,
    15.555354641979));
#5156 = CARTESIAN_POINT('',(-1.196929684405,20.969450271238,
    15.5213063302));
#5157 = CARTESIAN_POINT('',(-0.900152489846,20.982863976337,
    15.494340189017));
#5158 = CARTESIAN_POINT('',(-0.524159414669,20.993590464908,
    15.472019269745));
#5159 = CARTESIAN_POINT('',(-0.449372179532,20.995420028007,
    15.468153918834));
#5160 = CARTESIAN_POINT('',(-0.374528785308,20.996945986975,
    15.464889133108));
#5161 = CARTESIAN_POINT('',(-0.299655434486,20.998167211046,
    15.462250616212));
#5162 = CARTESIAN_POINT('',(-0.224767253392,20.999083316249,
    15.460257969765));
#5163 = CARTESIAN_POINT('',(-0.149868317799,20.999694271085,
    15.458924590051));
#5164 = CARTESIAN_POINT('',(-7.495167853232E-02,21.000000002188,
    15.458257564722));
#5165 = CARTESIAN_POINT('',(6.129243885766E-07,21.,15.458257569496));
#5166 = PCURVE('',#2807,#5167);
#5167 = DEFINITIONAL_REPRESENTATION('',(#5168),#5192);
#5168 = B_SPLINE_CURVE_WITH_KNOTS('',8,(#5169,#5170,#5171,#5172,#5173,
    #5174,#5175,#5176,#5177,#5178,#5179,#5180,#5181,#5182,#5183,#5184,
    #5185,#5186,#5187,#5188,#5189,#5190,#5191),.UNSPECIFIED.,.F.,.F.,(9,
    7,7,9),(0.,0.511621433273,0.902980029098,1.),.UNSPECIFIED.);
#5169 = CARTESIAN_POINT('',(-1.860548058045,-16.0929190018));
#5170 = CARTESIAN_POINT('',(-1.841948240067,-16.0801948));
#5171 = CARTESIAN_POINT('',(-1.823278617441,-16.05513792229));
#5172 = CARTESIAN_POINT('',(-1.804640151081,-16.02033611882));
#5173 = CARTESIAN_POINT('',(-1.786090391681,-15.97796625209));
#5174 = CARTESIAN_POINT('',(-1.767646910914,-15.92983313999));
#5175 = CARTESIAN_POINT('',(-1.749295584371,-15.87754560709));
#5176 = CARTESIAN_POINT('',(-1.730982527961,-15.82244393913));
#5177 = CARTESIAN_POINT('',(-1.698444962068,-15.72297696213));
#5178 = CARTESIAN_POINT('',(-1.68436852382,-15.67943029531));
#5179 = CARTESIAN_POINT('',(-1.670254714106,-15.63618636916));
#5180 = CARTESIAN_POINT('',(-1.656098604665,-15.5943095444));
#5181 = CARTESIAN_POINT('',(-1.641941467898,-15.55535464197));
#5182 = CARTESIAN_POINT('',(-1.627815155905,-15.5213063302));
#5183 = CARTESIAN_POINT('',(-1.613670434863,-15.49434018901));
#5184 = CARTESIAN_POINT('',(-1.595758718247,-15.47201926974));
#5185 = CARTESIAN_POINT('',(-1.59219638501,-15.46815391883));
#5186 = CARTESIAN_POINT('',(-1.588631722436,-15.4648891331));
#5187 = CARTESIAN_POINT('',(-1.585065910166,-15.46225061621));
#5188 = CARTESIAN_POINT('',(-1.581499599124,-15.46025796976));
#5189 = CARTESIAN_POINT('',(-1.577932913665,-15.45892459005));
#5190 = CARTESIAN_POINT('',(-1.574365453729,-15.45825756472));
#5191 = CARTESIAN_POINT('',(-1.570796296993,-15.45825756949));
#5192 = ( GEOMETRIC_REPRESENTATION_CONTEXT(2) 
PARAMETRIC_REPRESENTATION_CONTEXT() REPRESENTATION_CONTEXT('2D SPACE',''
  ) );
#5193 = PCURVE('',#5194,#5199);
#5194 = CYLINDRICAL_SURFACE('',#5195,1.1);
#5195 = AXIS2_PLACEMENT_3D('',#5196,#5197,#5198);
#5196 = CARTESIAN_POINT('',(1.224646799147E-15,20.,15.));
#5197 = DIRECTION('',(1.,0.,0.));
#5198 = DIRECTION('',(0.,1.,0.));
#5199 = DEFINITIONAL_REPRESENTATION('',(#5200),#5224);
#5200 = B_SPLINE_CURVE_WITH_KNOTS('',8,(#5201,#5202,#5203,#5204,#5205,
    #5206,#5207,#5208,#5209,#5210,#5211,#5212,#5213,#5214,#5215,#5216,
    #5217,#5218,#5219,#5220,#5221,#5222,#5223),.UNSPECIFIED.,.F.,.F.,(9,
    7,7,9),(0.,0.511621433273,0.902980029098,1.),.UNSPECIFIED.);
#5201 = CARTESIAN_POINT('',(1.457269331096,-6.0000006));
#5202 = CARTESIAN_POINT('',(1.355158452941,-5.62568648702));
#5203 = CARTESIAN_POINT('',(1.25858625192,-5.247595357684));
#5204 = CARTESIAN_POINT('',(1.166890179612,-4.867924967614));
#5205 = CARTESIAN_POINT('',(1.079653470735,-4.488080413413));
#5206 = CARTESIAN_POINT('',(0.996505701657,-4.10866931253));
#5207 = CARTESIAN_POINT('',(0.917281126099,-3.729632997131));
#5208 = CARTESIAN_POINT('',(0.841822881004,-3.35006841866));
#5209 = CARTESIAN_POINT('',(0.715815447599,-2.673632796058));
#5210 = CARTESIAN_POINT('',(0.663957516827,-2.380318028622));
#5211 = CARTESIAN_POINT('',(0.614958345259,-2.085645982702));
#5212 = CARTESIAN_POINT('',(0.569426416402,-1.789586525451));
#5213 = CARTESIAN_POINT('',(0.528423330185,-1.49309274806));
#5214 = CARTESIAN_POINT('',(0.49339099011,-1.196929684405));
#5215 = CARTESIAN_POINT('',(0.466013886899,-0.900152489846));
#5216 = CARTESIAN_POINT('',(0.443500695279,-0.524159414669));
#5217 = CARTESIAN_POINT('',(0.439613053164,-0.44937218664));
#5218 = CARTESIAN_POINT('',(0.436336928473,-0.374528789839));
#5219 = CARTESIAN_POINT('',(0.433693834106,-0.299655429224));
#5220 = CARTESIAN_POINT('',(0.431700062946,-0.224767242245));
#5221 = CARTESIAN_POINT('',(0.430366704475,-0.149868313846));
#5222 = CARTESIAN_POINT('',(0.429699661378,-7.49516914567E-02));
#5223 = CARTESIAN_POINT('',(0.429699666151,5.999999999062E-07));
#5224 = ( GEOMETRIC_REPRESENTATION_CONTEXT(2) 
PARAMETRIC_REPRESENTATION_CONTEXT() REPRESENTATION_CONTEXT('2D SPACE',''
  ) );
#5225 = ORIENTED_EDGE('',*,*,#5226,.T.);
#5226 = EDGE_CURVE('',#5139,#5227,#5229,.T.);
#5227 = VERTEX_POINT('',#5228);
#5228 = CARTESIAN_POINT('',(6.,20.124611797498,16.092918981409));
#5229 = SURFACE_CURVE('',#5230,(#5254,#5281),.PCURVE_S1.);
#5230 = B_SPLINE_CURVE_WITH_KNOTS('',8,(#5231,#5232,#5233,#5234,#5235,
    #5236,#5237,#5238,#5239,#5240,#5241,#5242,#5243,#5244,#5245,#5246,
    #5247,#5248,#5249,#5250,#5251,#5252,#5253),.UNSPECIFIED.,.F.,.F.,(9,
    7,7,9),(0.,0.368459153395,0.48606684552,1.),.UNSPECIFIED.);
#5231 = CARTESIAN_POINT('',(-6.129243838155E-07,21.,15.458257569496));
#5232 = CARTESIAN_POINT('',(0.290373700772,21.000000008475,
    15.458257551001));
#5233 = CARTESIAN_POINT('',(0.573048998588,20.995410975895,
    15.468271168028));
#5234 = CARTESIAN_POINT('',(0.853375925781,20.986660942005,
    15.487366812489));
#5235 = CARTESIAN_POINT('',(1.135120480252,20.973674292509,
    15.514223007882));
#5236 = CARTESIAN_POINT('',(1.419347288149,20.956176454113,
    15.547156271539));
#5237 = CARTESIAN_POINT('',(1.704653577769,20.93403461029,
    15.584254887807));
#5238 = CARTESIAN_POINT('',(1.987795447778,20.907551611103,
    15.623549059455));
#5239 = CARTESIAN_POINT('',(2.351828741193,20.868079715136,
    15.675787375676));
#5240 = CARTESIAN_POINT('',(2.439856372362,20.858105253522,
    15.688555382938));
#5241 = CARTESIAN_POINT('',(2.527824213187,20.847707709077,
    15.701416542944));
#5242 = CARTESIAN_POINT('',(2.615729423622,20.836887647122,
    15.714338662843));
#5243 = CARTESIAN_POINT('',(2.703573079756,20.825645177833,
    15.727292422035));
#5244 = CARTESIAN_POINT('',(2.791360223899,20.813979779219,
    15.740251053765));
#5245 = CARTESIAN_POINT('',(2.879099914665,20.801890120087,
    15.753190026731));
#5246 = CARTESIAN_POINT('',(3.350068418672,20.734679253089,
    15.822443939134));
#5247 = CARTESIAN_POINT('',(3.729632997105,20.672273004025,
    15.877545607089));
#5248 = CARTESIAN_POINT('',(4.108669312543,20.60189379319,15.92983313999
    ));
#5249 = CARTESIAN_POINT('',(4.488080413403,20.523208378987,15.9779662521
    ));
#5250 = CARTESIAN_POINT('',(4.867924967641,20.436025676194,
    16.020336118828));
#5251 = CARTESIAN_POINT('',(5.247595357656,20.340271462751,
    16.055137922296));
#5252 = CARTESIAN_POINT('',(5.62568648703,20.236210537636,
    16.080194800001));
#5253 = CARTESIAN_POINT('',(6.0000006,20.124611618613,16.092919001805));
#5254 = PCURVE('',#2807,#5255);
#5255 = DEFINITIONAL_REPRESENTATION('',(#5256),#5280);
#5256 = B_SPLINE_CURVE_WITH_KNOTS('',8,(#5257,#5258,#5259,#5260,#5261,
    #5262,#5263,#5264,#5265,#5266,#5267,#5268,#5269,#5270,#5271,#5272,
    #5273,#5274,#5275,#5276,#5277,#5278,#5279),.UNSPECIFIED.,.F.,.F.,(9,
    7,7,9),(0.,0.368459153395,0.48606684552,1.),.UNSPECIFIED.);
#5257 = CARTESIAN_POINT('',(-1.570796356597,-15.45825756949));
#5258 = CARTESIAN_POINT('',(-1.556969008326,-15.458257551));
#5259 = CARTESIAN_POINT('',(-1.543508278977,-15.46827116802));
#5260 = CARTESIAN_POINT('',(-1.530155345101,-15.48736681248));
#5261 = CARTESIAN_POINT('',(-1.5167277605,-15.51422300788));
#5262 = CARTESIAN_POINT('',(-1.503170876797,-15.54715627154));
#5263 = CARTESIAN_POINT('',(-1.489546876837,-15.5842548878));
#5264 = CARTESIAN_POINT('',(-1.476006548817,-15.62354905945));
#5265 = CARTESIAN_POINT('',(-1.458570025176,-15.67578737567));
#5266 = CARTESIAN_POINT('',(-1.454351458345,-15.68855538293));
#5267 = CARTESIAN_POINT('',(-1.450133435737,-15.70141654294));
#5268 = CARTESIAN_POINT('',(-1.445915980508,-15.71433866284));
#5269 = CARTESIAN_POINT('',(-1.441698928235,-15.72729242203));
#5270 = CARTESIAN_POINT('',(-1.437481923354,-15.74025105376));
#5271 = CARTESIAN_POINT('',(-1.433264415587,-15.75319002673));
#5272 = CARTESIAN_POINT('',(-1.410610125628,-15.82244393913));
#5273 = CARTESIAN_POINT('',(-1.39229706922,-15.87754560708));
#5274 = CARTESIAN_POINT('',(-1.373945742675,-15.92983313999));
#5275 = CARTESIAN_POINT('',(-1.355502261909,-15.9779662521));
#5276 = CARTESIAN_POINT('',(-1.336952502508,-16.02033611882));
#5277 = CARTESIAN_POINT('',(-1.318314036151,-16.05513792229));
#5278 = CARTESIAN_POINT('',(-1.299644413522,-16.0801948));
#5279 = CARTESIAN_POINT('',(-1.281044595545,-16.0929190018));
#5280 = ( GEOMETRIC_REPRESENTATION_CONTEXT(2) 
PARAMETRIC_REPRESENTATION_CONTEXT() REPRESENTATION_CONTEXT('2D SPACE',''
  ) );
#5281 = PCURVE('',#5194,#5282);
#5282 = DEFINITIONAL_REPRESENTATION('',(#5283),#5307);
#5283 = B_SPLINE_CURVE_WITH_KNOTS('',8,(#5284,#5285,#5286,#5287,#5288,
    #5289,#5290,#5291,#5292,#5293,#5294,#5295,#5296,#5297,#5298,#5299,
    #5300,#5301,#5302,#5303,#5304,#5305,#5306),.UNSPECIFIED.,.F.,.F.,(9,
    7,7,9),(0.,0.368459153395,0.48606684552,1.),.UNSPECIFIED.);
#5284 = CARTESIAN_POINT('',(0.429699666151,-5.999999999062E-07));
#5285 = CARTESIAN_POINT('',(0.429699647657,0.290373713697));
#5286 = CARTESIAN_POINT('',(0.439712740679,0.573048946961));
#5287 = CARTESIAN_POINT('',(0.458810612731,0.853375966585));
#5288 = CARTESIAN_POINT('',(0.485919969055,1.135120495492));
#5289 = CARTESIAN_POINT('',(0.519767312401,1.419347248164));
#5290 = CARTESIAN_POINT('',(0.558947387916,1.704653596164));
#5291 = CARTESIAN_POINT('',(0.601962900541,1.987795447778));
#5292 = CARTESIAN_POINT('',(0.661484910172,2.351828741193));
#5293 = CARTESIAN_POINT('',(0.676212284883,2.439856372362));
#5294 = CARTESIAN_POINT('',(0.691243664651,2.527824213187));
#5295 = CARTESIAN_POINT('',(0.706560791629,2.615729423622));
#5296 = CARTESIAN_POINT('',(0.72214854388,2.703573079756));
#5297 = CARTESIAN_POINT('',(0.737994777364,2.791360223899));
#5298 = CARTESIAN_POINT('',(0.754090167912,2.879099914665));
#5299 = CARTESIAN_POINT('',(0.841822881006,3.350068418672));
#5300 = CARTESIAN_POINT('',(0.917281126095,3.729632997106));
#5301 = CARTESIAN_POINT('',(0.996505701658,4.10866931254));
#5302 = CARTESIAN_POINT('',(1.079653470734,4.488080413407));
#5303 = CARTESIAN_POINT('',(1.166890179618,4.867924967639));
#5304 = CARTESIAN_POINT('',(1.258586251913,5.247595357657));
#5305 = CARTESIAN_POINT('',(1.355158452943,5.62568648703));
#5306 = CARTESIAN_POINT('',(1.457269331096,6.0000006));
#5307 = ( GEOMETRIC_REPRESENTATION_CONTEXT(2) 
PARAMETRIC_REPRESENTATION_CONTEXT() REPRESENTATION_CONTEXT('2D SPACE',''
  ) );
#5308 = ORIENTED_EDGE('',*,*,#5309,.T.);
#5309 = EDGE_CURVE('',#5227,#5310,#5312,.T.);
#5310 = VERTEX_POINT('',#5311);
#5311 = CARTESIAN_POINT('',(6.,20.124611797498,13.907081018591));
#5312 = SURFACE_CURVE('',#5313,(#5317,#5323),.PCURVE_S1.);
#5313 = LINE('',#5314,#5315);
#5314 = CARTESIAN_POINT('',(6.,20.124611797498,0.));
#5315 = VECTOR('',#5316,1.);
#5316 = DIRECTION('',(-0.,-0.,-1.));
#5317 = PCURVE('',#2807,#5318);
#5318 = DEFINITIONAL_REPRESENTATION('',(#5319),#5322);
#5319 = B_SPLINE_CURVE_WITH_KNOTS('',1,(#5320,#5321),.UNSPECIFIED.,.F.,
  .F.,(2,2),(-16.32,-13.68),.PIECEWISE_BEZIER_KNOTS.);
#5320 = CARTESIAN_POINT('',(-1.281044625359,-16.32));
#5321 = CARTESIAN_POINT('',(-1.281044625359,-13.68));
#5322 = ( GEOMETRIC_REPRESENTATION_CONTEXT(2) 
PARAMETRIC_REPRESENTATION_CONTEXT() REPRESENTATION_CONTEXT('2D SPACE',''
  ) );
#5323 = PCURVE('',#5324,#5329);
#5324 = PLANE('',#5325);
#5325 = AXIS2_PLACEMENT_3D('',#5326,#5327,#5328);
#5326 = CARTESIAN_POINT('',(6.,20.,15.));
#5327 = DIRECTION('',(1.,0.,0.));
#5328 = DIRECTION('',(-0.,0.,1.));
#5329 = DEFINITIONAL_REPRESENTATION('',(#5330),#5333);
#5330 = B_SPLINE_CURVE_WITH_KNOTS('',1,(#5331,#5332),.UNSPECIFIED.,.F.,
  .F.,(2,2),(-16.32,-13.68),.PIECEWISE_BEZIER_KNOTS.);
#5331 = CARTESIAN_POINT('',(1.32,-0.124611797498));
#5332 = CARTESIAN_POINT('',(-1.32,-0.124611797498));
#5333 = ( GEOMETRIC_REPRESENTATION_CONTEXT(2) 
PARAMETRIC_REPRESENTATION_CONTEXT() REPRESENTATION_CONTEXT('2D SPACE',''
  ) );
#5334 = ORIENTED_EDGE('',*,*,#5335,.T.);
#5335 = EDGE_CURVE('',#5310,#5336,#5338,.T.);
#5336 = VERTEX_POINT('',#5337);
#5337 = CARTESIAN_POINT('',(1.224646799147E-15,21.,14.541742430504));
#5338 = SURFACE_CURVE('',#5339,(#5363,#5390),.PCURVE_S1.);
#5339 = B_SPLINE_CURVE_WITH_KNOTS('',8,(#5340,#5341,#5342,#5343,#5344,
    #5345,#5346,#5347,#5348,#5349,#5350,#5351,#5352,#5353,#5354,#5355,
    #5356,#5357,#5358,#5359,#5360,#5361,#5362),.UNSPECIFIED.,.F.,.F.,(9,
    7,7,9),(0.,0.511878795021,0.898945692852,1.),.UNSPECIFIED.);
#5340 = CARTESIAN_POINT('',(6.0000006,20.124611618613,13.907080998195));
#5341 = CARTESIAN_POINT('',(5.625437039919,20.236284908404,
    13.91981367955));
#5342 = CARTESIAN_POINT('',(5.247089310275,20.34041078518,
    13.944895548503));
#5343 = CARTESIAN_POINT('',(4.867159646528,20.436218798494,
    13.979733937642));
#5344 = CARTESIAN_POINT('',(4.487056274573,20.523443542034,
    14.022147902981));
#5345 = CARTESIAN_POINT('',(4.107388002935,20.602159555593,
    14.070329425751));
#5346 = CARTESIAN_POINT('',(3.728096153304,20.672558247305,
    14.122666478807));
#5347 = CARTESIAN_POINT('',(3.348276161856,20.734973642158,
    14.177816291325));
#5348 = CARTESIAN_POINT('',(2.674736006692,20.831025052848,
    14.27686333651));
#5349 = CARTESIAN_POINT('',(2.384716582453,20.867665673235,
    14.319914292418));
#5350 = CARTESIAN_POINT('',(2.093410409633,20.899812282437,
    14.362666558155));
#5351 = CARTESIAN_POINT('',(1.800718730176,20.927383017553,
    14.404104064353));
#5352 = CARTESIAN_POINT('',(1.507520039055,20.950232007719,
    14.442735701845));
#5353 = CARTESIAN_POINT('',(1.214565739779,20.968359648926,
    14.476649736542));
#5354 = CARTESIAN_POINT('',(0.921034928892,20.981906822409,
    14.503740966681));
#5355 = CARTESIAN_POINT('',(0.545578821658,20.993055779582,
    14.526852623534));
#5356 = CARTESIAN_POINT('',(0.467741879725,20.995037857766,
    14.531029091038));
#5357 = CARTESIAN_POINT('',(0.389841770316,20.996691120764,
    14.534560412343));
#5358 = CARTESIAN_POINT('',(0.311909192479,20.998014227391,
    14.537416654112));
#5359 = CARTESIAN_POINT('',(0.233961412371,20.999006755615,
    14.539574955227));
#5360 = CARTESIAN_POINT('',(0.156002324693,20.999668705566,
    14.541019657442));
#5361 = CARTESIAN_POINT('',(7.802251412158E-02,21.000000002539,
    14.541742436044));
#5362 = CARTESIAN_POINT('',(-6.83252534452E-07,21.,14.541742430504));
#5363 = PCURVE('',#2807,#5364);
#5364 = DEFINITIONAL_REPRESENTATION('',(#5365),#5389);
#5365 = B_SPLINE_CURVE_WITH_KNOTS('',8,(#5366,#5367,#5368,#5369,#5370,
    #5371,#5372,#5373,#5374,#5375,#5376,#5377,#5378,#5379,#5380,#5381,
    #5382,#5383,#5384,#5385,#5386,#5387,#5388),.UNSPECIFIED.,.F.,.F.,(9,
    7,7,9),(0.,0.511878795021,0.898945692852,1.),.UNSPECIFIED.);
#5366 = CARTESIAN_POINT('',(-1.281044595545,-13.90708099819));
#5367 = CARTESIAN_POINT('',(-1.299656808649,-13.91981367955));
#5368 = CARTESIAN_POINT('',(-1.318339024693,-13.9448955485));
#5369 = CARTESIAN_POINT('',(-1.33699007427,-13.97973393764));
#5370 = CARTESIAN_POINT('',(-1.355552276918,-14.02214790298));
#5371 = CARTESIAN_POINT('',(-1.374008028302,-14.07032942575));
#5372 = CARTESIAN_POINT('',(-1.392371475502,-14.1226664788));
#5373 = CARTESIAN_POINT('',(-1.410696595588,-14.17781629132));
#5374 = CARTESIAN_POINT('',(-1.443094427817,-14.27686333651));
#5375 = CARTESIAN_POINT('',(-1.457012877568,-14.31991429241));
#5376 = CARTESIAN_POINT('',(-1.470965927732,-14.36266655815));
#5377 = CARTESIAN_POINT('',(-1.48496168303,-14.40410406435));
#5378 = CARTESIAN_POINT('',(-1.498962253527,-14.44273570184));
#5379 = CARTESIAN_POINT('',(-1.512936259194,-14.47664973654));
#5380 = CARTESIAN_POINT('',(-1.526926911627,-14.50374096668));
#5381 = CARTESIAN_POINT('',(-1.544813654568,-14.52685262353));
#5382 = CARTESIAN_POINT('',(-1.548521346028,-14.53102909104));
#5383 = CARTESIAN_POINT('',(-1.55223165416,-14.53456041234));
#5384 = CARTESIAN_POINT('',(-1.555943194412,-14.5374166541));
#5385 = CARTESIAN_POINT('',(-1.55965522562,-14.53957495522));
#5386 = CARTESIAN_POINT('',(-1.563367643302,-14.54101965744));
#5387 = CARTESIAN_POINT('',(-1.567080972944,-14.54174243605));
#5388 = CARTESIAN_POINT('',(-1.570796363295,-14.5417424305));
#5389 = ( GEOMETRIC_REPRESENTATION_CONTEXT(2) 
PARAMETRIC_REPRESENTATION_CONTEXT() REPRESENTATION_CONTEXT('2D SPACE',''
  ) );
#5390 = PCURVE('',#5194,#5391);
#5391 = DEFINITIONAL_REPRESENTATION('',(#5392),#5416);
#5392 = B_SPLINE_CURVE_WITH_KNOTS('',8,(#5393,#5394,#5395,#5396,#5397,
    #5398,#5399,#5400,#5401,#5402,#5403,#5404,#5405,#5406,#5407,#5408,
    #5409,#5410,#5411,#5412,#5413,#5414,#5415),.UNSPECIFIED.,.F.,.F.,(9,
    7,7,9),(0.,0.511878795021,0.898945692852,1.),.UNSPECIFIED.);
#5393 = CARTESIAN_POINT('',(4.825915976084,6.0000006));
#5394 = CARTESIAN_POINT('',(4.928094902067,5.625437039919));
#5395 = CARTESIAN_POINT('',(5.024728342566,5.247089310276));
#5396 = CARTESIAN_POINT('',(5.116480028001,4.867159646524));
#5397 = CARTESIAN_POINT('',(5.203767081383,4.487056274578));
#5398 = CARTESIAN_POINT('',(5.286960422424,4.107388002933));
#5399 = CARTESIAN_POINT('',(5.366225359371,3.728096153305));
#5400 = CARTESIAN_POINT('',(5.441718575226,3.348276161856));
#5401 = CARTESIAN_POINT('',(5.567147395564,2.674736006692));
#5402 = CARTESIAN_POINT('',(5.61843252384,2.384716582453));
#5403 = CARTESIAN_POINT('',(5.666917597365,2.093410409633));
#5404 = CARTESIAN_POINT('',(5.712028609975,1.800718730176));
#5405 = CARTESIAN_POINT('',(5.752748839628,1.507520039055));
#5406 = CARTESIAN_POINT('',(5.787689406842,1.214565739779));
#5407 = CARTESIAN_POINT('',(5.815222229002,0.921034928892));
#5408 = CARTESIAN_POINT('',(5.838549720117,0.545578821658));
#5409 = CARTESIAN_POINT('',(5.842752308038,0.467741925081));
#5410 = CARTESIAN_POINT('',(5.846296933629,0.389841798931));
#5411 = CARTESIAN_POINT('',(5.849158549879,0.311909158248));
#5412 = CARTESIAN_POINT('',(5.851318169751,0.23396134058));
#5413 = CARTESIAN_POINT('',(5.852762845263,0.156002299375));
#5414 = CARTESIAN_POINT('',(5.853485646568,7.802259737411E-02));
#5415 = CARTESIAN_POINT('',(5.853485641028,-5.999999999062E-07));
#5416 = ( GEOMETRIC_REPRESENTATION_CONTEXT(2) 
PARAMETRIC_REPRESENTATION_CONTEXT() REPRESENTATION_CONTEXT('2D SPACE',''
  ) );
#5417 = ORIENTED_EDGE('',*,*,#5418,.T.);
#5418 = EDGE_CURVE('',#5336,#5419,#5421,.T.);
#5419 = VERTEX_POINT('',#5420);
#5420 = CARTESIAN_POINT('',(-6.,20.124611797498,13.907081018591));
#5421 = SURFACE_CURVE('',#5422,(#5446,#5473),.PCURVE_S1.);
#5422 = B_SPLINE_CURVE_WITH_KNOTS('',8,(#5423,#5424,#5425,#5426,#5427,
    #5428,#5429,#5430,#5431,#5432,#5433,#5434,#5435,#5436,#5437,#5438,
    #5439,#5440,#5441,#5442,#5443,#5444,#5445),.UNSPECIFIED.,.F.,.F.,(9,
    7,7,9),(0.,0.367529875425,0.485777859947,1.),.UNSPECIFIED.);
#5423 = CARTESIAN_POINT('',(6.832525345501E-07,21.,14.541742430504));
#5424 = CARTESIAN_POINT('',(-0.289631938149,21.000000009423,
    14.541742451068));
#5425 = CARTESIAN_POINT('',(-0.571588878795,20.995434385056,
    14.531779916426));
#5426 = CARTESIAN_POINT('',(-0.851182111854,20.986728806493,
    14.512781289231));
#5427 = CARTESIAN_POINT('',(-1.132154724304,20.973810051593,
    14.486058163184));
#5428 = CARTESIAN_POINT('',(-1.415577504049,20.956407342666,
    14.453279262701));
#5429 = CARTESIAN_POINT('',(-1.700078976499,20.934388320495,
    14.41633901014));
#5430 = CARTESIAN_POINT('',(-1.982462362269,20.908049160193,
    14.377190494207));
#5431 = CARTESIAN_POINT('',(-2.346337324403,20.868699967395,
    14.325008551295));
#5432 = CARTESIAN_POINT('',(-2.434858014615,20.858692927879,
    14.312174687011));
#5433 = CARTESIAN_POINT('',(-2.523318064298,20.848258095012,
    14.299245188652));
#5434 = CARTESIAN_POINT('',(-2.611714527813,20.837396055605,
    14.286252885735));
#5435 = CARTESIAN_POINT('',(-2.700048499198,20.826106929111,
    14.273227656189));
#5436 = CARTESIAN_POINT('',(-2.78832516348,20.814390184139,
    14.260196753593));
#5437 = CARTESIAN_POINT('',(-2.876553847975,20.802244454974,
    14.247185134414));
#5438 = CARTESIAN_POINT('',(-3.348276161842,20.73497364216,
    14.177816291327));
#5439 = CARTESIAN_POINT('',(-3.728096153325,20.672558247303,
    14.122666478805));
#5440 = CARTESIAN_POINT('',(-4.107388002941,20.60215955559,
    14.070329425749));
#5441 = CARTESIAN_POINT('',(-4.487056274546,20.523443542039,
    14.022147902987));
#5442 = CARTESIAN_POINT('',(-4.867159646525,20.436218798498,
    13.979733937638));
#5443 = CARTESIAN_POINT('',(-5.247089310306,20.34041078517,
    13.944895548503));
#5444 = CARTESIAN_POINT('',(-5.625437039901,20.236284908409,
    13.91981367955));
#5445 = CARTESIAN_POINT('',(-6.0000006,20.124611618613,13.907080998195)
  );
#5446 = PCURVE('',#2807,#5447);
#5447 = DEFINITIONAL_REPRESENTATION('',(#5448),#5472);
#5448 = B_SPLINE_CURVE_WITH_KNOTS('',8,(#5449,#5450,#5451,#5452,#5453,
    #5454,#5455,#5456,#5457,#5458,#5459,#5460,#5461,#5462,#5463,#5464,
    #5465,#5466,#5467,#5468,#5469,#5470,#5471),.UNSPECIFIED.,.F.,.F.,(9,
    7,7,9),(0.,0.367529875425,0.485777859947,1.),.UNSPECIFIED.);
#5449 = CARTESIAN_POINT('',(-1.570796290295,-14.5417424305));
#5450 = CARTESIAN_POINT('',(-1.584588319885,-14.5417424511));
#5451 = CARTESIAN_POINT('',(-1.598014858072,-14.53177991636));
#5452 = CARTESIAN_POINT('',(-1.611332800164,-14.51278128927));
#5453 = CARTESIAN_POINT('',(-1.62472354714,-14.4860581632));
#5454 = CARTESIAN_POINT('',(-1.638241981269,-14.45327926265));
#5455 = CARTESIAN_POINT('',(-1.651827329931,-14.41633901015));
#5456 = CARTESIAN_POINT('',(-1.665331073586,-14.3771904942));
#5457 = CARTESIAN_POINT('',(-1.682759472429,-14.32500855129));
#5458 = CARTESIAN_POINT('',(-1.687001542953,-14.31217468701));
#5459 = CARTESIAN_POINT('',(-1.691243049218,-14.29924518865));
#5460 = CARTESIAN_POINT('',(-1.695483964878,-14.28625288573));
#5461 = CARTESIAN_POINT('',(-1.699724457067,-14.27322765618));
#5462 = CARTESIAN_POINT('',(-1.703964890067,-14.26019675359));
#5463 = CARTESIAN_POINT('',(-1.708205828968,-14.24718513441));
#5464 = CARTESIAN_POINT('',(-1.730896058001,-14.17781629132));
#5465 = CARTESIAN_POINT('',(-1.749221178088,-14.1226664788));
#5466 = CARTESIAN_POINT('',(-1.767584625288,-14.07032942575));
#5467 = CARTESIAN_POINT('',(-1.78604037667,-14.02214790298));
#5468 = CARTESIAN_POINT('',(-1.80460257932,-13.97973393763));
#5469 = CARTESIAN_POINT('',(-1.823253628898,-13.9448955485));
#5470 = CARTESIAN_POINT('',(-1.84193584494,-13.91981367955));
#5471 = CARTESIAN_POINT('',(-1.860548058045,-13.90708099819));
#5472 = ( GEOMETRIC_REPRESENTATION_CONTEXT(2) 
PARAMETRIC_REPRESENTATION_CONTEXT() REPRESENTATION_CONTEXT('2D SPACE',''
  ) );
#5473 = PCURVE('',#5194,#5474);
#5474 = DEFINITIONAL_REPRESENTATION('',(#5475),#5499);
#5475 = B_SPLINE_CURVE_WITH_KNOTS('',8,(#5476,#5477,#5478,#5479,#5480,
    #5481,#5482,#5483,#5484,#5485,#5486,#5487,#5488,#5489,#5490,#5491,
    #5492,#5493,#5494,#5495,#5496,#5497,#5498),.UNSPECIFIED.,.F.,.F.,(9,
    7,7,9),(0.,0.367529875425,0.485777859947,1.),.UNSPECIFIED.);
#5476 = CARTESIAN_POINT('',(5.853485641028,5.999999999062E-07));
#5477 = CARTESIAN_POINT('',(5.853485661592,-0.289632021401));
#5478 = CARTESIAN_POINT('',(5.843523649776,-0.571588555469));
#5479 = CARTESIAN_POINT('',(5.824522820333,-0.851182362865));
#5480 = CARTESIAN_POINT('',(5.797549074364,-1.13215482074));
#5481 = CARTESIAN_POINT('',(5.763865401155,-1.415577257752));
#5482 = CARTESIAN_POINT('',(5.724864810229,-1.700079088977));
#5483 = CARTESIAN_POINT('',(5.682031521927,-1.982462362269));
#5484 = CARTESIAN_POINT('',(5.622617620474,-2.346337324403));
#5485 = CARTESIAN_POINT('',(5.607824850977,-2.434858014615));
#5486 = CARTESIAN_POINT('',(5.592723889201,-2.523318064298));
#5487 = CARTESIAN_POINT('',(5.57733340655,-2.611714527813));
#5488 = CARTESIAN_POINT('',(5.561668854884,-2.700048499198));
#5489 = CARTESIAN_POINT('',(5.545742628508,-2.78832516348));
#5490 = CARTESIAN_POINT('',(5.529564226155,-2.876553847975));
#5491 = CARTESIAN_POINT('',(5.441718575229,-3.348276161842));
#5492 = CARTESIAN_POINT('',(5.366225359368,-3.728096153326));
#5493 = CARTESIAN_POINT('',(5.286960422421,-4.10738800294));
#5494 = CARTESIAN_POINT('',(5.203767081389,-4.487056274548));
#5495 = CARTESIAN_POINT('',(5.116480028003,-4.867159646523));
#5496 = CARTESIAN_POINT('',(5.024728342558,-5.247089310307));
#5497 = CARTESIAN_POINT('',(4.928094902072,-5.625437039901));
#5498 = CARTESIAN_POINT('',(4.825915976084,-6.0000006));
#5499 = ( GEOMETRIC_REPRESENTATION_CONTEXT(2) 
PARAMETRIC_REPRESENTATION_CONTEXT() REPRESENTATION_CONTEXT('2D SPACE',''
  ) );
#5500 = ORIENTED_EDGE('',*,*,#5501,.F.);
#5501 = EDGE_CURVE('',#5137,#5419,#5502,.T.);
#5502 = SURFACE_CURVE('',#5503,(#5507,#5513),.PCURVE_S1.);
#5503 = LINE('',#5504,#5505);
#5504 = CARTESIAN_POINT('',(-6.,20.124611797498,0.));
#5505 = VECTOR('',#5506,1.);
#5506 = DIRECTION('',(-0.,-0.,-1.));
#5507 = PCURVE('',#2807,#5508);
#5508 = DEFINITIONAL_REPRESENTATION('',(#5509),#5512);
#5509 = B_SPLINE_CURVE_WITH_KNOTS('',1,(#5510,#5511),.UNSPECIFIED.,.F.,
  .F.,(2,2),(-16.32,-13.68),.PIECEWISE_BEZIER_KNOTS.);
#5510 = CARTESIAN_POINT('',(-1.860548028231,-16.32));
#5511 = CARTESIAN_POINT('',(-1.860548028231,-13.68));
#5512 = ( GEOMETRIC_REPRESENTATION_CONTEXT(2) 
PARAMETRIC_REPRESENTATION_CONTEXT() REPRESENTATION_CONTEXT('2D SPACE',''
  ) );
#5513 = PCURVE('',#5514,#5519);
#5514 = PLANE('',#5515);
#5515 = AXIS2_PLACEMENT_3D('',#5516,#5517,#5518);
#5516 = CARTESIAN_POINT('',(-6.,20.,15.));
#5517 = DIRECTION('',(1.,0.,0.));
#5518 = DIRECTION('',(-0.,0.,1.));
#5519 = DEFINITIONAL_REPRESENTATION('',(#5520),#5523);
#5520 = B_SPLINE_CURVE_WITH_KNOTS('',1,(#5521,#5522),.UNSPECIFIED.,.F.,
  .F.,(2,2),(-16.32,-13.68),.PIECEWISE_BEZIER_KNOTS.);
#5521 = CARTESIAN_POINT('',(1.32,-0.124611797498));
#5522 = CARTESIAN_POINT('',(-1.32,-0.124611797498));
#5523 = ( GEOMETRIC_REPRESENTATION_CONTEXT(2) 
PARAMETRIC_REPRESENTATION_CONTEXT() REPRESENTATION_CONTEXT('2D SPACE',''
  ) );
#5524 = FACE_BOUND('',#5525,.F.);
#5525 = EDGE_LOOP('',(#5526));
#5526 = ORIENTED_EDGE('',*,*,#5527,.F.);
#5527 = EDGE_CURVE('',#5528,#5528,#5530,.T.);
#5528 = VERTEX_POINT('',#5529);
#5529 = CARTESIAN_POINT('',(-14.44566722681,15.242135623731,22.));
#5530 = SURFACE_CURVE('',#5531,(#5619,#5710),.PCURVE_S1.);
#5531 = B_SPLINE_CURVE_WITH_KNOTS('',6,(#5532,#5533,#5534,#5535,#5536,
    #5537,#5538,#5539,#5540,#5541,#5542,#5543,#5544,#5545,#5546,#5547,
    #5548,#5549,#5550,#5551,#5552,#5553,#5554,#5555,#5556,#5557,#5558,
    #5559,#5560,#5561,#5562,#5563,#5564,#5565,#5566,#5567,#5568,#5569,
    #5570,#5571,#5572,#5573,#5574,#5575,#5576,#5577,#5578,#5579,#5580,
    #5581,#5582,#5583,#5584,#5585,#5586,#5587,#5588,#5589,#5590,#5591,
    #5592,#5593,#5594,#5595,#5596,#5597,#5598,#5599,#5600,#5601,#5602,
    #5603,#5604,#5605,#5606,#5607,#5608,#5609,#5610,#5611,#5612,#5613,
    #5614,#5615,#5616,#5617,#5618),.UNSPECIFIED.,.T.,.F.,(7,5,5,5,5,5,5,
    5,5,5,5,5,5,5,5,5,5,7),(0.,8.536599612356E-02,0.14486846816,
    0.20574412076,0.285037490809,0.326095955872,0.368376658565,
    0.422801600936,0.499974565603,0.544264872296,0.577219519023,
    0.630972257616,0.673865582448,0.714741433548,0.793688687569,
    0.85615529919,0.915960007891,1.),.UNSPECIFIED.);
#5532 = CARTESIAN_POINT('',(-14.44566722681,15.242135623731,22.));
#5533 = CARTESIAN_POINT('',(-14.44566722681,15.242135623731,
    22.104483358025));
#5534 = CARTESIAN_POINT('',(-14.45823279852,15.230226485958,
    22.208505374215));
#5535 = CARTESIAN_POINT('',(-14.48315754082,15.206604992574,
    22.310090463664));
#5536 = CARTESIAN_POINT('',(-14.51951057079,15.172002008234,
    22.407313207034));
#5537 = CARTESIAN_POINT('',(-14.56568148548,15.127674683888,
    22.498433950813));
#5538 = CARTESIAN_POINT('',(-14.65699825103,15.039120053853,
    22.640424189017));
#5539 = CARTESIAN_POINT('',(-14.69834495587,14.998806798685,
    22.69532448999));
#5540 = CARTESIAN_POINT('',(-14.74303799371,14.954945037747,
    22.746608862198));
#5541 = CARTESIAN_POINT('',(-14.79060372646,14.907911492268,
    22.794111316946));
#5542 = CARTESIAN_POINT('',(-14.84058969654,14.85807296703,
    22.837694070803));
#5543 = CARTESIAN_POINT('',(-14.94574182986,14.752304556626,
    22.917710279504));
#5544 = CARTESIAN_POINT('',(-15.00103137592,14.696229957412,
    22.953978959424));
#5545 = CARTESIAN_POINT('',(-15.05803268008,14.637896115201,
    22.985963608013));
#5546 = CARTESIAN_POINT('',(-15.1163765373,14.577614020415,
    23.013577412125));
#5547 = CARTESIAN_POINT('',(-15.17572346968,14.515682121261,
    23.036732865099));
#5548 = CARTESIAN_POINT('',(-15.31396195017,14.369950632755,
    23.079575878428));
#5549 = CARTESIAN_POINT('',(-15.39337798206,14.285158052723,
    23.096108261657));
#5550 = CARTESIAN_POINT('',(-15.47324569292,14.198726652655,
    23.104694133764));
#5551 = CARTESIAN_POINT('',(-15.55283564912,14.111398907302,
    23.105117519972));
#5552 = CARTESIAN_POINT('',(-15.63144439634,14.023957594711,
    23.097189441514));
#5553 = CARTESIAN_POINT('',(-15.74822790174,13.892333196803,
    23.07223486531));
#5554 = CARTESIAN_POINT('',(-15.7876102485,13.847635744455,
    23.061441372845));
#5555 = CARTESIAN_POINT('',(-15.82641646071,13.803286451974,
    23.048352352205));
#5556 = CARTESIAN_POINT('',(-15.86453213702,13.759429201134,
    23.032962519192));
#5557 = CARTESIAN_POINT('',(-15.90184583959,13.716210284017,
    23.015276685299));
#5558 = CARTESIAN_POINT('',(-15.97573600887,13.630083400218,
    22.974748450132));
#5559 = CARTESIAN_POINT('',(-16.01225774825,13.587222542337,
    22.951768031949));
#5560 = CARTESIAN_POINT('',(-16.04767698869,13.545379749975,
    22.926395036289));
#5561 = CARTESIAN_POINT('',(-16.08186415876,13.504736869026,
    22.898674414747));
#5562 = CARTESIAN_POINT('',(-16.11469710985,13.465472253178,
    22.868669291761));
#5563 = CARTESIAN_POINT('',(-16.18643301841,13.379214202954,
    22.795000913307));
#5564 = CARTESIAN_POINT('',(-16.22437109881,13.33323970612,
    22.749889521159));
#5565 = CARTESIAN_POINT('',(-16.25960222211,13.290238659924,
    22.701328348942));
#5566 = CARTESIAN_POINT('',(-16.29188928212,13.250582145954,
    22.649577759594));
#5567 = CARTESIAN_POINT('',(-16.32102929103,13.214601583639,
    22.594953558003));
#5568 = CARTESIAN_POINT('',(-16.38346735171,13.137176249343,
    22.456815671243));
#5569 = CARTESIAN_POINT('',(-16.41340525218,13.099742564235,
    22.370786921716));
#5570 = CARTESIAN_POINT('',(-16.43618249222,13.071085386182,
    22.28079974219));
#5571 = CARTESIAN_POINT('',(-16.45147701258,13.051783580577,
    22.188100291055));
#5572 = CARTESIAN_POINT('',(-16.45912204135,13.042135623731,
    22.094042152591));
#5573 = CARTESIAN_POINT('',(-16.45912204135,13.042135623731,
    21.946028304106));
#5574 = CARTESIAN_POINT('',(-16.45660391463,13.04531345346,
    21.892054387383));
#5575 = CARTESIAN_POINT('',(-16.45156768752,13.051669253027,
    21.838337403389));
#5576 = CARTESIAN_POINT('',(-16.44403070693,13.061171333905,
    21.785131901168));
#5577 = CARTESIAN_POINT('',(-16.43402784603,13.07375713252,
    21.732685772406));
#5578 = CARTESIAN_POINT('',(-16.41237335915,13.100924410154,
    21.642958115492));
#5579 = CARTESIAN_POINT('',(-16.40179894731,13.114170842238,
    21.605230420821));
#5580 = CARTESIAN_POINT('',(-16.38991026564,13.129034894234,
    21.568154108057));
#5581 = CARTESIAN_POINT('',(-16.37673449685,13.145469650556,
    21.531823026794));
#5582 = CARTESIAN_POINT('',(-16.36230421494,13.163419845887,
    21.496325882735));
#5583 = CARTESIAN_POINT('',(-16.32113564463,13.214468742766,
    21.405342943897));
#5584 = CARTESIAN_POINT('',(-16.29237921636,13.249976151929,
    21.351384816827));
#5585 = CARTESIAN_POINT('',(-16.26055237486,13.289070577658,
    21.300226328652));
#5586 = CARTESIAN_POINT('',(-16.2258504124,13.331433163337,
    21.252172180404));
#5587 = CARTESIAN_POINT('',(-16.1885011302,13.376707169008,
    21.207474369771));
#5588 = CARTESIAN_POINT('',(-16.11705896452,13.462647231811,
    21.133496501882));
#5589 = CARTESIAN_POINT('',(-16.08383253519,13.502396464061,
    21.102925815267));
#5590 = CARTESIAN_POINT('',(-16.04920690735,13.543572193621,
    21.074702888217));
#5591 = CARTESIAN_POINT('',(-16.01330951134,13.585988165298,
    21.048894362565));
#5592 = CARTESIAN_POINT('',(-15.97627569794,13.629454334962,
    21.025547565509));
#5593 = CARTESIAN_POINT('',(-15.90201105931,13.716017702778,
    20.984813936553));
#5594 = CARTESIAN_POINT('',(-15.86487052789,13.759037255378,
    20.967197905924));
#5595 = CARTESIAN_POINT('',(-15.82693464099,13.802690203282,
    20.951857008631));
#5596 = CARTESIAN_POINT('',(-15.78831346731,13.846832044573,
    20.938796124581));
#5597 = CARTESIAN_POINT('',(-15.74912000315,13.891320632942,
    20.928010155352));
#5598 = CARTESIAN_POINT('',(-15.63289084293,14.022340753925,
    20.903016730579));
#5599 = CARTESIAN_POINT('',(-15.55465218715,14.109389342957,
    20.894987969493));
#5600 = CARTESIAN_POINT('',(-15.47543090683,14.19633711521,
    20.895239074688));
#5601 = CARTESIAN_POINT('',(-15.39592161596,14.282410300615,
    20.903584056098));
#5602 = CARTESIAN_POINT('',(-15.31684430578,14.366874973983,
    20.919809912765));
#5603 = CARTESIAN_POINT('',(-15.17731977025,14.514027293924,
    20.962561613738));
#5604 = CARTESIAN_POINT('',(-15.11640229277,14.577608799537,
    20.986238518947));
#5605 = CARTESIAN_POINT('',(-15.05653676318,14.639456747237,
    21.014610059674));
#5606 = CARTESIAN_POINT('',(-14.99809005091,14.699248595774,
    21.047581699268));
#5607 = CARTESIAN_POINT('',(-14.94146201455,14.756647859495,
    21.085059513869));
#5608 = CARTESIAN_POINT('',(-14.83503300855,14.86362146627,
    21.167050974584));
#5609 = CARTESIAN_POINT('',(-14.78501408319,14.913455079685,
    21.211220023435));
#5610 = CARTESIAN_POINT('',(-14.73747250319,14.960428774088,
    21.259339740098));
#5611 = CARTESIAN_POINT('',(-14.69287078859,15.004167864082,
    21.311267186687));
#5612 = CARTESIAN_POINT('',(-14.65169213134,15.044288247405,
    21.366829919394));
#5613 = CARTESIAN_POINT('',(-14.56208896058,15.131122872547,
    21.508725523493));
#5614 = CARTESIAN_POINT('',(-14.51725031571,15.174153410678,
    21.59878405455));
#5615 = CARTESIAN_POINT('',(-14.4819919912,15.207709571954,
    21.694689579747));
#5616 = CARTESIAN_POINT('',(-14.45783846826,15.23060022798,
    21.794767531322));
#5617 = CARTESIAN_POINT('',(-14.44566722681,15.242135623731,
    21.897169220811));
#5618 = CARTESIAN_POINT('',(-14.44566722681,15.242135623731,22.));
#5619 = PCURVE('',#2807,#5620);
#5620 = DEFINITIONAL_REPRESENTATION('',(#5621),#5709);
#5621 = B_SPLINE_CURVE_WITH_KNOTS('',6,(#5622,#5623,#5624,#5625,#5626,
    #5627,#5628,#5629,#5630,#5631,#5632,#5633,#5634,#5635,#5636,#5637,
    #5638,#5639,#5640,#5641,#5642,#5643,#5644,#5645,#5646,#5647,#5648,
    #5649,#5650,#5651,#5652,#5653,#5654,#5655,#5656,#5657,#5658,#5659,
    #5660,#5661,#5662,#5663,#5664,#5665,#5666,#5667,#5668,#5669,#5670,
    #5671,#5672,#5673,#5674,#5675,#5676,#5677,#5678,#5679,#5680,#5681,
    #5682,#5683,#5684,#5685,#5686,#5687,#5688,#5689,#5690,#5691,#5692,
    #5693,#5694,#5695,#5696,#5697,#5698,#5699,#5700,#5701,#5702,#5703,
    #5704,#5705,#5706,#5707,#5708),.UNSPECIFIED.,.T.,.F.,(7,5,5,5,5,5,5,
    5,5,5,5,5,5,5,5,5,5,7),(0.,8.536599612356E-02,0.14486846816,
    0.20574412076,0.285037490809,0.326095955872,0.368376658565,
    0.422801600936,0.499974565603,0.544264872296,0.577219519023,
    0.630972257616,0.673865582448,0.714741433548,0.793688687569,
    0.85615529919,0.915960007891,1.),.UNSPECIFIED.);
#5622 = CARTESIAN_POINT('',(-2.329372788443,-22.));
#5623 = CARTESIAN_POINT('',(-2.329372788443,-22.10448335802));
#5624 = CARTESIAN_POINT('',(-2.330197190255,-22.20850537421));
#5625 = CARTESIAN_POINT('',(-2.331832420207,-22.31009046366));
#5626 = CARTESIAN_POINT('',(-2.334222343647,-22.40731320703));
#5627 = CARTESIAN_POINT('',(-2.337270170727,-22.49843395081));
#5628 = CARTESIAN_POINT('',(-2.343327469723,-22.64042418901));
#5629 = CARTESIAN_POINT('',(-2.346077314099,-22.69532448999));
#5630 = CARTESIAN_POINT('',(-2.349059214303,-22.74660886219));
#5631 = CARTESIAN_POINT('',(-2.352244550675,-22.79411131694));
#5632 = CARTESIAN_POINT('',(-2.355605787026,-22.8376940708));
#5633 = CARTESIAN_POINT('',(-2.362707881473,-22.9177102795));
#5634 = CARTESIAN_POINT('',(-2.366457768676,-22.95397895942));
#5635 = CARTESIAN_POINT('',(-2.370341502515,-22.98596360801));
#5636 = CARTESIAN_POINT('',(-2.374336307259,-23.01357741212));
#5637 = CARTESIAN_POINT('',(-2.378420852761,-23.03673286509));
#5638 = CARTESIAN_POINT('',(-2.387985947115,-23.07957587842));
#5639 = CARTESIAN_POINT('',(-2.393517990384,-23.09610826165));
#5640 = CARTESIAN_POINT('',(-2.399121738387,-23.10469413376));
#5641 = CARTESIAN_POINT('',(-2.404747987545,-23.10511751997));
#5642 = CARTESIAN_POINT('',(-2.410346968547,-23.09718944151));
#5643 = CARTESIAN_POINT('',(-2.41872621205,-23.07223486531));
#5644 = CARTESIAN_POINT('',(-2.421562959601,-23.06144137284));
#5645 = CARTESIAN_POINT('',(-2.424369141237,-23.0483523522));
#5646 = CARTESIAN_POINT('',(-2.427136053646,-23.03296251919));
#5647 = CARTESIAN_POINT('',(-2.429854994362,-23.01527668529));
#5648 = CARTESIAN_POINT('',(-2.435258780142,-22.97474845013));
#5649 = CARTESIAN_POINT('',(-2.437940224974,-22.95176803194));
#5650 = CARTESIAN_POINT('',(-2.440550728667,-22.92639503628));
#5651 = CARTESIAN_POINT('',(-2.443079729932,-22.89867441474));
#5652 = CARTESIAN_POINT('',(-2.445517013077,-22.86866929176));
#5653 = CARTESIAN_POINT('',(-2.450859371895,-22.7950009133));
#5654 = CARTESIAN_POINT('',(-2.453697762618,-22.74988952115));
#5655 = CARTESIAN_POINT('',(-2.456344915646,-22.70132834894));
#5656 = CARTESIAN_POINT('',(-2.458780044006,-22.64957775959));
#5657 = CARTESIAN_POINT('',(-2.460984827566,-22.594953558));
#5658 = CARTESIAN_POINT('',(-2.465721234016,-22.45681567124));
#5659 = CARTESIAN_POINT('',(-2.468003731968,-22.37078692171));
#5660 = CARTESIAN_POINT('',(-2.469746895108,-22.28079974219));
#5661 = CARTESIAN_POINT('',(-2.470919603384,-22.18810029105));
#5662 = CARTESIAN_POINT('',(-2.471505780988,-22.09404215259));
#5663 = CARTESIAN_POINT('',(-2.471505780988,-21.9460283041));
#5664 = CARTESIAN_POINT('',(-2.471312706125,-21.89205438738));
#5665 = CARTESIAN_POINT('',(-2.470926551695,-21.83833740338));
#5666 = CARTESIAN_POINT('',(-2.470349013919,-21.78513190116));
#5667 = CARTESIAN_POINT('',(-2.46958345857,-21.7326857724));
#5668 = CARTESIAN_POINT('',(-2.467929097347,-21.64295811549));
#5669 = CARTESIAN_POINT('',(-2.46712197752,-21.60523042082));
#5670 = CARTESIAN_POINT('',(-2.466215612834,-21.56815410805));
#5671 = CARTESIAN_POINT('',(-2.465212555251,-21.53182302679));
#5672 = CARTESIAN_POINT('',(-2.464115825981,-21.49632588273));
#5673 = CARTESIAN_POINT('',(-2.460992930842,-21.40534294389));
#5674 = CARTESIAN_POINT('',(-2.458817152103,-21.35138481682));
#5675 = CARTESIAN_POINT('',(-2.456416616381,-21.30022632865));
#5676 = CARTESIAN_POINT('',(-2.453808949494,-21.2521721804));
#5677 = CARTESIAN_POINT('',(-2.451014131209,-21.20747436977));
#5678 = CARTESIAN_POINT('',(-2.44569235857,-21.13349650188));
#5679 = CARTESIAN_POINT('',(-2.443225352963,-21.10292581526));
#5680 = CARTESIAN_POINT('',(-2.440663494595,-21.07470288821));
#5681 = CARTESIAN_POINT('',(-2.438017448061,-21.04889436256));
#5682 = CARTESIAN_POINT('',(-2.435298249048,-21.0255475655));
#5683 = CARTESIAN_POINT('',(-2.429867077323,-20.98481393655));
#5684 = CARTESIAN_POINT('',(-2.427160711269,-20.96719790592));
#5685 = CARTESIAN_POINT('',(-2.424406757692,-20.95185700863));
#5686 = CARTESIAN_POINT('',(-2.42161381246,-20.93879612458));
#5687 = CARTESIAN_POINT('',(-2.418790473224,-20.92801015535));
#5688 = CARTESIAN_POINT('',(-2.41045027336,-20.90301673057));
#5689 = CARTESIAN_POINT('',(-2.404876980194,-20.89498796949));
#5690 = CARTESIAN_POINT('',(-2.399275927157,-20.89523907468));
#5691 = CARTESIAN_POINT('',(-2.393696287874,-20.90358405609));
#5692 = CARTESIAN_POINT('',(-2.388186665912,-20.91980991276));
#5693 = CARTESIAN_POINT('',(-2.378530337722,-20.96256161373));
#5694 = CARTESIAN_POINT('',(-2.374337336325,-20.98623851894));
#5695 = CARTESIAN_POINT('',(-2.370238564637,-21.01461005967));
#5696 = CARTESIAN_POINT('',(-2.366257074073,-21.04758169926));
#5697 = CARTESIAN_POINT('',(-2.362417521216,-21.08505951386));
#5698 = CARTESIAN_POINT('',(-2.355231858074,-21.16705097458));
#5699 = CARTESIAN_POINT('',(-2.351869675482,-21.21122002343));
#5700 = CARTESIAN_POINT('',(-2.348687160555,-21.25933974009));
#5701 = CARTESIAN_POINT('',(-2.345712455223,-21.31126718668));
#5702 = CARTESIAN_POINT('',(-2.342974751651,-21.36682991939));
#5703 = CARTESIAN_POINT('',(-2.337033050693,-21.50872552349));
#5704 = CARTESIAN_POINT('',(-2.334073751328,-21.59878405455));
#5705 = CARTESIAN_POINT('',(-2.331755953076,-21.69468957974));
#5706 = CARTESIAN_POINT('',(-2.330171318717,-21.79476753132));
#5707 = CARTESIAN_POINT('',(-2.329372788443,-21.89716922081));
#5708 = CARTESIAN_POINT('',(-2.329372788443,-22.));
#5709 = ( GEOMETRIC_REPRESENTATION_CONTEXT(2) 
PARAMETRIC_REPRESENTATION_CONTEXT() REPRESENTATION_CONTEXT('2D SPACE',''
  ) );
#5710 = PCURVE('',#4023,#5711);
#5711 = DEFINITIONAL_REPRESENTATION('',(#5712),#5800);
#5712 = B_SPLINE_CURVE_WITH_KNOTS('',6,(#5713,#5714,#5715,#5716,#5717,
    #5718,#5719,#5720,#5721,#5722,#5723,#5724,#5725,#5726,#5727,#5728,
    #5729,#5730,#5731,#5732,#5733,#5734,#5735,#5736,#5737,#5738,#5739,
    #5740,#5741,#5742,#5743,#5744,#5745,#5746,#5747,#5748,#5749,#5750,
    #5751,#5752,#5753,#5754,#5755,#5756,#5757,#5758,#5759,#5760,#5761,
    #5762,#5763,#5764,#5765,#5766,#5767,#5768,#5769,#5770,#5771,#5772,
    #5773,#5774,#5775,#5776,#5777,#5778,#5779,#5780,#5781,#5782,#5783,
    #5784,#5785,#5786,#5787,#5788,#5789,#5790,#5791,#5792,#5793,#5794,
    #5795,#5796,#5797,#5798,#5799),.UNSPECIFIED.,.F.,.F.,(7,5,5,5,5,5,5,
    5,5,5,5,5,5,5,5,5,5,7),(0.,8.536599612356E-02,0.14486846816,
    0.20574412076,0.285037490809,0.326095955872,0.368376658565,
    0.422801600936,0.499974565603,0.544264872296,0.577219519023,
    0.630972257616,0.673865582448,0.714741433548,0.793688687569,
    0.85615529919,0.915960007891,1.),.UNSPECIFIED.);
#5713 = CARTESIAN_POINT('',(0.,-0.303531603081));
#5714 = CARTESIAN_POINT('',(9.498487093184E-02,-0.303531603081));
#5715 = CARTESIAN_POINT('',(0.189550013005,-0.316097174789));
#5716 = CARTESIAN_POINT('',(0.283444231462,-0.341021917094));
#5717 = CARTESIAN_POINT('',(0.376383751659,-0.377374947062));
#5718 = CARTESIAN_POINT('',(0.467996080995,-0.423545861756));
#5719 = CARTESIAN_POINT('',(0.620124642996,-0.514862627301));
#5720 = CARTESIAN_POINT('',(0.681867033658,-0.556209332141));
#5721 = CARTESIAN_POINT('',(0.742965722785,-0.600902369986));
#5722 = CARTESIAN_POINT('',(0.803500336211,-0.648468102735));
#5723 = CARTESIAN_POINT('',(0.863537024341,-0.698454072814));
#5724 = CARTESIAN_POINT('',(0.984105753393,-0.803606206131));
#5725 = CARTESIAN_POINT('',(1.044652197147,-0.858895752197));
#5726 = CARTESIAN_POINT('',(1.104894689996,-0.915897056357));
#5727 = CARTESIAN_POINT('',(1.164940438667,-0.974240913573));
#5728 = CARTESIAN_POINT('',(1.224893501495,-1.033587845949));
#5729 = CARTESIAN_POINT('',(1.362983155368,-1.171826326448));
#5730 = CARTESIAN_POINT('',(1.441176455556,-1.251242358334));
#5731 = CARTESIAN_POINT('',(1.519620471803,-1.33111006919));
#5732 = CARTESIAN_POINT('',(1.59847726711,-1.410700025391));
#5733 = CARTESIAN_POINT('',(1.677920899374,-1.489308772612));
#5734 = CARTESIAN_POINT('',(1.799710967359,-1.606092278018));
#5735 = CARTESIAN_POINT('',(1.841461525261,-1.645474624775));
#5736 = CARTESIAN_POINT('',(1.883419095323,-1.684280836984));
#5737 = CARTESIAN_POINT('',(1.925591231427,-1.722396513291));
#5738 = CARTESIAN_POINT('',(1.967987463656,-1.759710215859));
#5739 = CARTESIAN_POINT('',(2.054520206987,-1.83360038514));
#5740 = CARTESIAN_POINT('',(2.09867133939,-1.870122124525));
#5741 = CARTESIAN_POINT('',(2.143063455839,-1.905541364964));
#5742 = CARTESIAN_POINT('',(2.187690502793,-1.939728535031));
#5743 = CARTESIAN_POINT('',(2.232548571565,-1.972561486128));
#5744 = CARTESIAN_POINT('',(2.33567122666,-2.04429739468));
#5745 = CARTESIAN_POINT('',(2.394086442838,-2.082235475086));
#5746 = CARTESIAN_POINT('',(2.452834632667,-2.117466598381));
#5747 = CARTESIAN_POINT('',(2.511880496628,-2.149753658393));
#5748 = CARTESIAN_POINT('',(2.571191325853,-2.178893667302));
#5749 = CARTESIAN_POINT('',(2.715151714543,-2.241331727988));
#5750 = CARTESIAN_POINT('',(2.800012874724,-2.271269628451));
#5751 = CARTESIAN_POINT('',(2.885195327536,-2.294046868493));
#5752 = CARTESIAN_POINT('',(2.970592403448,-2.309341388857));
#5753 = CARTESIAN_POINT('',(3.056099787598,-2.316986417624));
#5754 = CARTESIAN_POINT('',(3.190657831675,-2.316986417624));
#5755 = CARTESIAN_POINT('',(3.239725027418,-2.314468290904));
#5756 = CARTESIAN_POINT('',(3.288771278561,-2.30943206379));
#5757 = CARTESIAN_POINT('',(3.337777786808,-2.301895083208));
#5758 = CARTESIAN_POINT('',(3.386725922858,-2.291892222304));
#5759 = CARTESIAN_POINT('',(3.471953442321,-2.270237735426));
#5760 = CARTESIAN_POINT('',(3.5082690637,-2.259663323582));
#5761 = CARTESIAN_POINT('',(3.544531144467,-2.247774641916));
#5762 = CARTESIAN_POINT('',(3.580730581355,-2.234598873124));
#5763 = CARTESIAN_POINT('',(3.616858118936,-2.220168591218));
#5764 = CARTESIAN_POINT('',(3.711699809703,-2.179000020904));
#5765 = CARTESIAN_POINT('',(3.770273985333,-2.150243592631));
#5766 = CARTESIAN_POINT('',(3.828590123282,-2.118416751134));
#5767 = CARTESIAN_POINT('',(3.886616552023,-2.083714788671));
#5768 = CARTESIAN_POINT('',(3.944319156939,-2.046365506475));
#5769 = CARTESIAN_POINT('',(4.047405493745,-1.974923340792));
#5770 = CARTESIAN_POINT('',(4.092923036104,-1.941696911461));
#5771 = CARTESIAN_POINT('',(4.138203360027,-1.907071283619));
#5772 = CARTESIAN_POINT('',(4.183242212029,-1.871173887617));
#5773 = CARTESIAN_POINT('',(4.228033070564,-1.834140074216));
#5774 = CARTESIAN_POINT('',(4.315004354775,-1.759875435588));
#5775 = CARTESIAN_POINT('',(4.357209573149,-1.722734904168));
#5776 = CARTESIAN_POINT('',(4.399192826045,-1.684799017261));
#5777 = CARTESIAN_POINT('',(4.440963342765,-1.646177843586));
#5778 = CARTESIAN_POINT('',(4.482528419868,-1.606984379419));
#5779 = CARTESIAN_POINT('',(4.603785415524,-1.490755219199));
#5780 = CARTESIAN_POINT('',(4.682886715073,-1.41251656342));
#5781 = CARTESIAN_POINT('',(4.76140429779,-1.333295283099));
#5782 = CARTESIAN_POINT('',(4.839509490805,-1.25378599223));
#5783 = CARTESIAN_POINT('',(4.917361729935,-1.174708682056));
#5784 = CARTESIAN_POINT('',(5.056667900855,-1.035184146522));
#5785 = CARTESIAN_POINT('',(5.118179248621,-0.97426666904));
#5786 = CARTESIAN_POINT('',(5.17978753878,-0.914401139449));
#5787 = CARTESIAN_POINT('',(5.241604749532,-0.855954427179));
#5788 = CARTESIAN_POINT('',(5.303746401621,-0.799326390822));
#5789 = CARTESIAN_POINT('',(5.42627469883,-0.692897384825));
#5790 = CARTESIAN_POINT('',(5.486657705151,-0.64287845946));
#5791 = CARTESIAN_POINT('',(5.547550147729,-0.595336879465));
#5792 = CARTESIAN_POINT('',(5.609017775235,-0.550735164859));
#5793 = CARTESIAN_POINT('',(5.671140407879,-0.509556507616));
#5794 = CARTESIAN_POINT('',(5.82237394352,-0.419953336854));
#5795 = CARTESIAN_POINT('',(5.912625691423,-0.375114691986));
#5796 = CARTESIAN_POINT('',(6.004158717517,-0.339856367469));
#5797 = CARTESIAN_POINT('',(6.096610635298,-0.315702844531));
#5798 = CARTESIAN_POINT('',(6.189702780644,-0.303531603081));
#5799 = CARTESIAN_POINT('',(6.28318530718,-0.303531603081));
#5800 = ( GEOMETRIC_REPRESENTATION_CONTEXT(2) 
PARAMETRIC_REPRESENTATION_CONTEXT() REPRESENTATION_CONTEXT('2D SPACE',''
  ) );
#5801 = FACE_BOUND('',#5802,.F.);
#5802 = EDGE_LOOP('',(#5803));
#5803 = ORIENTED_EDGE('',*,*,#5804,.F.);
#5804 = EDGE_CURVE('',#5805,#5805,#5807,.T.);
#5805 = VERTEX_POINT('',#5806);
#5806 = CARTESIAN_POINT('',(-16.45912204135,-13.04213562373,36.));
#5807 = SURFACE_CURVE('',#5808,(#5907,#6009),.PCURVE_S1.);
#5808 = B_SPLINE_CURVE_WITH_KNOTS('',7,(#5809,#5810,#5811,#5812,#5813,
    #5814,#5815,#5816,#5817,#5818,#5819,#5820,#5821,#5822,#5823,#5824,
    #5825,#5826,#5827,#5828,#5829,#5830,#5831,#5832,#5833,#5834,#5835,
    #5836,#5837,#5838,#5839,#5840,#5841,#5842,#5843,#5844,#5845,#5846,
    #5847,#5848,#5849,#5850,#5851,#5852,#5853,#5854,#5855,#5856,#5857,
    #5858,#5859,#5860,#5861,#5862,#5863,#5864,#5865,#5866,#5867,#5868,
    #5869,#5870,#5871,#5872,#5873,#5874,#5875,#5876,#5877,#5878,#5879,
    #5880,#5881,#5882,#5883,#5884,#5885,#5886,#5887,#5888,#5889,#5890,
    #5891,#5892,#5893,#5894,#5895,#5896,#5897,#5898,#5899,#5900,#5901,
    #5902,#5903,#5904,#5905,#5906),.UNSPECIFIED.,.T.,.F.,(8,6,6,6,6,6,6,
    6,6,6,6,6,6,6,6,6,8),(0.,0.101038526771,0.173779604281,
    0.214642265235,0.293564043925,0.356010498319,0.415795908784,
    0.463172271679,0.499785246672,0.536520780747,0.585473266445,
    0.644964625285,0.705828908222,0.785107468753,0.826158265301,
    0.868431071117,1.),.UNSPECIFIED.);
#5809 = CARTESIAN_POINT('',(-16.45912204135,-13.04213562373,36.));
#5810 = CARTESIAN_POINT('',(-16.45912204135,-13.04213562373,
    36.105595559143));
#5811 = CARTESIAN_POINT('',(-16.44975068527,-13.05396201683,
    36.211227162252));
#5812 = CARTESIAN_POINT('',(-16.43099825058,-13.07762827338,
    36.315110087888));
#5813 = CARTESIAN_POINT('',(-16.40307738044,-13.1127533062,
    36.415498382724));
#5814 = CARTESIAN_POINT('',(-16.36640149077,-13.15859790744,
    36.510776767883));
#5815 = CARTESIAN_POINT('',(-16.32157751966,-13.21411797006,
    36.599543318956));
#5816 = CARTESIAN_POINT('',(-16.23185801784,-13.32405017664,
    36.739098082519));
#5817 = CARTESIAN_POINT('',(-16.19051781764,-13.37439397306,
    36.793529170183));
#5818 = CARTESIAN_POINT('',(-16.14567985998,-13.42860527256,
    36.843600915409));
#5819 = CARTESIAN_POINT('',(-16.0976635502,-13.48618637659,
    36.889008906881));
#5820 = CARTESIAN_POINT('',(-16.04682173723,-13.54661026967,
    36.929521526049));
#5821 = CARTESIAN_POINT('',(-15.99354219336,-13.60932839048,
    36.964981883896));
#5822 = CARTESIAN_POINT('',(-15.90718792142,-13.70998351709,
    37.012346591199));
#5823 = CARTESIAN_POINT('',(-15.8754821083,-13.74674595463,
    37.027768942468));
#5824 = CARTESIAN_POINT('',(-15.84319287823,-13.78398179703,
    37.041568321101));
#5825 = CARTESIAN_POINT('',(-15.81038270941,-13.82160813526,
    37.053740513105));
#5826 = CARTESIAN_POINT('',(-15.77711533469,-13.85954306982,
    37.064285580913));
#5827 = CARTESIAN_POINT('',(-15.7434557416,-13.89770571076,
    37.073207863384));
#5828 = CARTESIAN_POINT('',(-15.64383074713,-14.0100086716,
    37.094630798904));
#5829 = CARTESIAN_POINT('',(-15.5770060888,-14.08451831751,
    37.102718098768));
#5830 = CARTESIAN_POINT('',(-15.50938288411,-14.15907378424,
    37.104868541824));
#5831 = CARTESIAN_POINT('',(-15.44135549645,-14.23322562324,
    37.101184504708));
#5832 = CARTESIAN_POINT('',(-15.37332809876,-14.30654306443,
    37.091779984855));
#5833 = CARTESIAN_POINT('',(-15.30571680637,-14.37861081203,
    37.076780511094));
#5834 = CARTESIAN_POINT('',(-15.18612434734,-14.50474137198,
    37.040136195974));
#5835 = CARTESIAN_POINT('',(-15.13380728633,-14.55944265507,
    37.020526311113));
#5836 = CARTESIAN_POINT('',(-15.08219341871,-14.61295048393,
    36.997549172067));
#5837 = CARTESIAN_POINT('',(-15.0314881722,-14.66508182518,
    36.971259237643));
#5838 = CARTESIAN_POINT('',(-14.98191061195,-14.7156483854,
    36.941710353703));
#5839 = CARTESIAN_POINT('',(-14.93369444209,-14.76445517888,
    36.908956453806));
#5840 = CARTESIAN_POINT('',(-14.84246957979,-14.85614684185,
    36.838678058893));
#5841 = CARTESIAN_POINT('',(-14.79930520472,-14.89921690442,
    36.801399704805));
#5842 = CARTESIAN_POINT('',(-14.75784746606,-14.94029719075,
    36.761282995628));
#5843 = CARTESIAN_POINT('',(-14.71835748266,-14.97917409835,
    36.718405639952));
#5844 = CARTESIAN_POINT('',(-14.68110545794,-15.01563083074,
    36.672857746825));
#5845 = CARTESIAN_POINT('',(-14.64637022961,-15.0494457138,
    36.624742315658));
#5846 = CARTESIAN_POINT('',(-14.58913508597,-15.10491241436,
    36.534104727582));
#5847 = CARTESIAN_POINT('',(-14.56558638084,-15.12763744322,
    36.492485396099));
#5848 = CARTESIAN_POINT('',(-14.54397191926,-15.14841662509,
    36.449430297038));
#5849 = CARTESIAN_POINT('',(-14.52445581514,-15.16711665382,
    36.405062717403));
#5850 = CARTESIAN_POINT('',(-14.50718624806,-15.18361892594,
    36.359515824918));
#5851 = CARTESIAN_POINT('',(-14.49229463033,-15.19781857571,
    36.312931827104));
#5852 = CARTESIAN_POINT('',(-14.47031202874,-15.21874649399,
    36.228775253115));
#5853 = CARTESIAN_POINT('',(-14.46222053931,-15.22643632109,
    36.19157169217));
#5854 = CARTESIAN_POINT('',(-14.45567823589,-15.23264547439,
    36.153948477046));
#5855 = CARTESIAN_POINT('',(-14.45072908996,-15.23733824051,
    36.116006076528));
#5856 = CARTESIAN_POINT('',(-14.44740297617,-15.2404905539,
    36.077846859233));
#5857 = CARTESIAN_POINT('',(-14.44571553401,-15.24208984078,
    36.039574554191));
#5858 = CARTESIAN_POINT('',(-14.44562036601,-15.24218003585,
    35.96288472651));
#5859 = CARTESIAN_POINT('',(-14.44722365241,-15.24066050673,
    35.924479093359));
#5860 = CARTESIAN_POINT('',(-14.45047720135,-15.23757704915,
    35.886182492103));
#5861 = CARTESIAN_POINT('',(-14.45536573544,-15.23294194487,
    35.848099807746));
#5862 = CARTESIAN_POINT('',(-14.46185952598,-15.22677914027,
    35.81033457599));
#5863 = CARTESIAN_POINT('',(-14.46991453173,-15.21912440287,
    35.772988429068));
#5864 = CARTESIAN_POINT('',(-14.49220920143,-15.19790056875,
    35.687084988955));
#5865 = CARTESIAN_POINT('',(-14.50760859612,-15.18321707962,
    35.638953751925));
#5866 = CARTESIAN_POINT('',(-14.52554544676,-15.16607642995,
    35.591931980346));
#5867 = CARTESIAN_POINT('',(-14.54587473164,-15.14659427196,
    35.546175511626));
#5868 = CARTESIAN_POINT('',(-14.56843266019,-15.1249016206,
    35.501829893811));
#5869 = CARTESIAN_POINT('',(-14.59303765079,-15.10114598366,
    35.459029408672));
#5870 = CARTESIAN_POINT('',(-14.6516401164,-15.04431611644,35.3679072801
    ));
#5871 = CARTESIAN_POINT('',(-14.68653161163,-15.01032487159,
    35.320361310288));
#5872 = CARTESIAN_POINT('',(-14.72388383464,-14.97374293529,
    35.275370154461));
#5873 = CARTESIAN_POINT('',(-14.76342330775,-14.93478780396,
    35.233032942909));
#5874 = CARTESIAN_POINT('',(-14.8048854322,-14.89367191362,
    35.193436467666));
#5875 = CARTESIAN_POINT('',(-14.84801488505,-14.85060426087,
    35.156655683079));
#5876 = CARTESIAN_POINT('',(-14.93814528503,-14.75994562338,
    35.088070361335));
#5877 = CARTESIAN_POINT('',(-14.98523436276,-14.71225127147,
    35.056383520553));
#5878 = CARTESIAN_POINT('',(-15.03360354973,-14.66289633329,
    35.027744098525));
#5879 = CARTESIAN_POINT('',(-15.08303719032,-14.61206093172,
    35.002201904511));
#5880 = CARTESIAN_POINT('',(-15.13333280369,-14.55991919208,
    34.979806744168));
#5881 = CARTESIAN_POINT('',(-15.18430021464,-14.50664048679,
    34.960609021201));
#5882 = CARTESIAN_POINT('',(-15.30279034078,-14.38172778235,
    34.923886438348));
#5883 = CARTESIAN_POINT('',(-15.37068768724,-14.30938450416,
    34.908615276408));
#5884 = CARTESIAN_POINT('',(-15.43901667398,-14.23576868125,
    34.89898552571));
#5885 = CARTESIAN_POINT('',(-15.50735567415,-14.16130047607,
    34.895124415004));
#5886 = CARTESIAN_POINT('',(-15.57529529118,-14.08641567513,
    34.897147645302));
#5887 = CARTESIAN_POINT('',(-15.64243616619,-14.01156898654,
    34.905159305918));
#5888 = CARTESIAN_POINT('',(-15.74253631361,-13.89874807412,
    34.92654894265));
#5889 = CARTESIAN_POINT('',(-15.77635814942,-13.86040644513,
    34.935474772172));
#5890 = CARTESIAN_POINT('',(-15.80978522696,-13.82229329155,
    34.946038067544));
#5891 = CARTESIAN_POINT('',(-15.84275175061,-13.78449048726,
    34.958243290531));
#5892 = CARTESIAN_POINT('',(-15.87519319489,-13.7470809391,
    34.972090576194));
#5893 = CARTESIAN_POINT('',(-15.90704630445,-13.7101485868,
    34.987575732893));
#5894 = CARTESIAN_POINT('',(-15.97038073533,-13.63632554347,
    35.022314220214));
#5895 = CARTESIAN_POINT('',(-16.00182296557,-13.59946850173,
    35.041666134285));
#5896 = CARTESIAN_POINT('',(-16.03249731422,-13.56331237527,
    35.062730822714));
#5897 = CARTESIAN_POINT('',(-16.062328633,-13.52796137242,
    35.085485230086));
#5898 = CARTESIAN_POINT('',(-16.09124500193,-13.49351840735,
    35.109898477534));
#5899 = CARTESIAN_POINT('',(-16.11917763515,-13.46008469506,
    35.135931932922));
#5900 = CARTESIAN_POINT('',(-16.2297313031,-13.32715065917,
    35.249463769551));
#5901 = CARTESIAN_POINT('',(-16.30329189325,-13.23721087173,
    35.3506922192));
#5902 = CARTESIAN_POINT('',(-16.36443077061,-13.16131976983,
    35.46555012092));
#5903 = CARTESIAN_POINT('',(-16.41145213292,-13.10229459856,
    35.591420517518));
#5904 = CARTESIAN_POINT('',(-16.44322303783,-13.0622001548,
    35.724980200156));
#5905 = CARTESIAN_POINT('',(-16.45912204135,-13.04213562373,
    35.862457534201));
#5906 = CARTESIAN_POINT('',(-16.45912204135,-13.04213562373,36.));
#5907 = PCURVE('',#2807,#5908);
#5908 = DEFINITIONAL_REPRESENTATION('',(#5909),#6008);
#5909 = B_SPLINE_CURVE_WITH_KNOTS('',7,(#5910,#5911,#5912,#5913,#5914,
    #5915,#5916,#5917,#5918,#5919,#5920,#5921,#5922,#5923,#5924,#5925,
    #5926,#5927,#5928,#5929,#5930,#5931,#5932,#5933,#5934,#5935,#5936,
    #5937,#5938,#5939,#5940,#5941,#5942,#5943,#5944,#5945,#5946,#5947,
    #5948,#5949,#5950,#5951,#5952,#5953,#5954,#5955,#5956,#5957,#5958,
    #5959,#5960,#5961,#5962,#5963,#5964,#5965,#5966,#5967,#5968,#5969,
    #5970,#5971,#5972,#5973,#5974,#5975,#5976,#5977,#5978,#5979,#5980,
    #5981,#5982,#5983,#5984,#5985,#5986,#5987,#5988,#5989,#5990,#5991,
    #5992,#5993,#5994,#5995,#5996,#5997,#5998,#5999,#6000,#6001,#6002,
    #6003,#6004,#6005,#6006,#6007),.UNSPECIFIED.,.F.,.F.,(8,6,6,6,6,6,6,
    6,6,6,6,6,6,6,6,6,8),(0.,0.101038526771,0.173779604281,
    0.214642265235,0.293564043925,0.356010498319,0.415795908784,
    0.463172271679,0.499785246672,0.536520780747,0.585473266445,
    0.644964625285,0.705828908222,0.785107468753,0.826158265301,
    0.868431071117,1.),.UNSPECIFIED.);
#5910 = CARTESIAN_POINT('',(-3.811679526191,-36.));
#5911 = CARTESIAN_POINT('',(-3.811679526191,-36.10559555914));
#5912 = CARTESIAN_POINT('',(-3.812398061608,-36.21122716225));
#5913 = CARTESIAN_POINT('',(-3.813835927945,-36.31511008788));
#5914 = CARTESIAN_POINT('',(-3.815972601752,-36.41549838272));
#5915 = CARTESIAN_POINT('',(-3.818768279857,-36.51077676788));
#5916 = CARTESIAN_POINT('',(-3.822166131391,-36.59954331895));
#5917 = CARTESIAN_POINT('',(-3.828923118041,-36.73909808251));
#5918 = CARTESIAN_POINT('',(-3.832025116167,-36.79352917018));
#5919 = CARTESIAN_POINT('',(-3.835375141789,-36.8436009154));
#5920 = CARTESIAN_POINT('',(-3.838945291426,-36.88900890688));
#5921 = CARTESIAN_POINT('',(-3.842705607598,-36.92952152604));
#5922 = CARTESIAN_POINT('',(-3.846624313124,-36.96498188389));
#5923 = CARTESIAN_POINT('',(-3.852939632079,-37.01234659119));
#5924 = CARTESIAN_POINT('',(-3.855251348466,-37.02776894246));
#5925 = CARTESIAN_POINT('',(-3.857598283669,-37.0415683211));
#5926 = CARTESIAN_POINT('',(-3.859975526016,-37.0537405131));
#5927 = CARTESIAN_POINT('',(-3.862378163073,-37.06428558091));
#5928 = CARTESIAN_POINT('',(-3.864801281643,-37.07320786338));
#5929 = CARTESIAN_POINT('',(-3.871950024383,-37.0946307989));
#5930 = CARTESIAN_POINT('',(-3.87671595751,-37.10271809876));
#5931 = CARTESIAN_POINT('',(-3.881508928721,-37.10486854182));
#5932 = CARTESIAN_POINT('',(-3.886300654001,-37.1011845047));
#5933 = CARTESIAN_POINT('',(-3.891063197009,-37.09177998485));
#5934 = CARTESIAN_POINT('',(-3.89576876235,-37.07678051109));
#5935 = CARTESIAN_POINT('',(-3.904045615084,-37.04013619597));
#5936 = CARTESIAN_POINT('',(-3.907649970455,-37.02052631111));
#5937 = CARTESIAN_POINT('',(-3.911190126105,-36.99754917206));
#5938 = CARTESIAN_POINT('',(-3.914653095642,-36.97125923764));
#5939 = CARTESIAN_POINT('',(-3.918025248208,-36.9417103537));
#5940 = CARTESIAN_POINT('',(-3.921292221559,-36.9089564538));
#5941 = CARTESIAN_POINT('',(-3.927451361396,-36.83867805889));
#5942 = CARTESIAN_POINT('',(-3.930355008099,-36.8013997048));
#5943 = CARTESIAN_POINT('',(-3.933134211654,-36.76128299562));
#5944 = CARTESIAN_POINT('',(-3.935773020337,-36.71840563995));
#5945 = CARTESIAN_POINT('',(-3.938255052978,-36.67285774682));
#5946 = CARTESIAN_POINT('',(-3.940563457645,-36.62474231565));
#5947 = CARTESIAN_POINT('',(-3.944358793289,-36.53410472758));
#5948 = CARTESIAN_POINT('',(-3.945917154253,-36.49248539609));
#5949 = CARTESIAN_POINT('',(-3.947344895895,-36.44943029703));
#5950 = CARTESIAN_POINT('',(-3.948631990917,-36.4050627174));
#5951 = CARTESIAN_POINT('',(-3.949769440198,-36.35951582491));
#5952 = CARTESIAN_POINT('',(-3.950749270937,-36.3129318271));
#5953 = CARTESIAN_POINT('',(-3.952194579664,-36.22877525311));
#5954 = CARTESIAN_POINT('',(-3.95272613613,-36.19157169217));
#5955 = CARTESIAN_POINT('',(-3.953155646397,-36.15394847704));
#5956 = CARTESIAN_POINT('',(-3.953480421202,-36.11600607652));
#5957 = CARTESIAN_POINT('',(-3.953698639708,-36.07784685923));
#5958 = CARTESIAN_POINT('',(-3.953809349417,-36.03957455419));
#5959 = CARTESIAN_POINT('',(-3.953815593162,-35.96288472651));
#5960 = CARTESIAN_POINT('',(-3.953710404695,-35.92447909335));
#5961 = CARTESIAN_POINT('',(-3.953496949706,-35.8861824921));
#5962 = CARTESIAN_POINT('',(-3.953176158615,-35.84809980774));
#5963 = CARTESIAN_POINT('',(-3.952749843315,-35.81033457599));
#5964 = CARTESIAN_POINT('',(-3.952220697262,-35.77298842906));
#5965 = CARTESIAN_POINT('',(-3.950754909467,-35.68708498895));
#5966 = CARTESIAN_POINT('',(-3.949741679557,-35.63895375192));
#5967 = CARTESIAN_POINT('',(-3.948560255743,-35.59193198034));
#5968 = CARTESIAN_POINT('',(-3.947219434074,-35.54617551162));
#5969 = CARTESIAN_POINT('',(-3.945729158849,-35.50182989381));
#5970 = CARTESIAN_POINT('',(-3.944100524736,-35.45902940867));
#5971 = CARTESIAN_POINT('',(-3.940213257661,-35.3679072801));
#5972 = CARTESIAN_POINT('',(-3.937893662902,-35.32036131028));
#5973 = CARTESIAN_POINT('',(-3.935404050107,-35.27537015446));
#5974 = CARTESIAN_POINT('',(-3.932760948717,-35.2330329429));
#5975 = CARTESIAN_POINT('',(-3.929980403261,-35.19343646766));
#5976 = CARTESIAN_POINT('',(-3.927078014493,-35.15665568307));
#5977 = CARTESIAN_POINT('',(-3.920990504967,-35.08807036133));
#5978 = CARTESIAN_POINT('',(-3.917798934847,-35.05638352055));
#5979 = CARTESIAN_POINT('',(-3.914508262024,-35.02774409852));
#5980 = CARTESIAN_POINT('',(-3.911131745488,-35.00220190451));
#5981 = CARTESIAN_POINT('',(-3.90768198692,-34.97980674416));
#5982 = CARTESIAN_POINT('',(-3.904171006237,-34.9606090212));
#5983 = CARTESIAN_POINT('',(-3.895972353933,-34.92388643834));
#5984 = CARTESIAN_POINT('',(-3.891247900587,-34.9086152764));
#5985 = CARTESIAN_POINT('',(-3.88646517508,-34.89898552571));
#5986 = CARTESIAN_POINT('',(-3.881652319154,-34.895124415));
#5987 = CARTESIAN_POINT('',(-3.876837610777,-34.8971476453));
#5988 = CARTESIAN_POINT('',(-3.872049676605,-34.90515930591));
#5989 = CARTESIAN_POINT('',(-3.864867467893,-34.92654894265));
#5990 = CARTESIAN_POINT('',(-3.862432846879,-34.93547477217));
#5991 = CARTESIAN_POINT('',(-3.860018815211,-34.94603806754));
#5992 = CARTESIAN_POINT('',(-3.857630346335,-34.95824329053));
#5993 = CARTESIAN_POINT('',(-3.855272413329,-34.97209057619));
#5994 = CARTESIAN_POINT('',(-3.852949988907,-34.98757573289));
#5995 = CARTESIAN_POINT('',(-3.848318172521,-35.02231422021));
#5996 = CARTESIAN_POINT('',(-3.846011209301,-35.04166613428));
#5997 = CARTESIAN_POINT('',(-3.84375336581,-35.06273082271));
#5998 = CARTESIAN_POINT('',(-3.841550720828,-35.08548523008));
#5999 = CARTESIAN_POINT('',(-3.839409210635,-35.10989847753));
#6000 = CARTESIAN_POINT('',(-3.837334617785,-35.13593193292));
#6001 = CARTESIAN_POINT('',(-3.829101399933,-35.24946376955));
#6002 = CARTESIAN_POINT('',(-3.823568685223,-35.3506922192));
#6003 = CARTESIAN_POINT('',(-3.818928153333,-35.46555012092));
#6004 = CARTESIAN_POINT('',(-3.815334584774,-35.59142051751));
#6005 = CARTESIAN_POINT('',(-3.812898577458,-35.72498020015));
#6006 = CARTESIAN_POINT('',(-3.811679526191,-35.8624575342));
#6007 = CARTESIAN_POINT('',(-3.811679526191,-36.));
#6008 = ( GEOMETRIC_REPRESENTATION_CONTEXT(2) 
PARAMETRIC_REPRESENTATION_CONTEXT() REPRESENTATION_CONTEXT('2D SPACE',''
  ) );
#6009 = PCURVE('',#4078,#6010);
#6010 = DEFINITIONAL_REPRESENTATION('',(#6011),#6110);
#6011 = B_SPLINE_CURVE_WITH_KNOTS('',7,(#6012,#6013,#6014,#6015,#6016,
    #6017,#6018,#6019,#6020,#6021,#6022,#6023,#6024,#6025,#6026,#6027,
    #6028,#6029,#6030,#6031,#6032,#6033,#6034,#6035,#6036,#6037,#6038,
    #6039,#6040,#6041,#6042,#6043,#6044,#6045,#6046,#6047,#6048,#6049,
    #6050,#6051,#6052,#6053,#6054,#6055,#6056,#6057,#6058,#6059,#6060,
    #6061,#6062,#6063,#6064,#6065,#6066,#6067,#6068,#6069,#6070,#6071,
    #6072,#6073,#6074,#6075,#6076,#6077,#6078,#6079,#6080,#6081,#6082,
    #6083,#6084,#6085,#6086,#6087,#6088,#6089,#6090,#6091,#6092,#6093,
    #6094,#6095,#6096,#6097,#6098,#6099,#6100,#6101,#6102,#6103,#6104,
    #6105,#6106,#6107,#6108,#6109),.UNSPECIFIED.,.F.,.F.,(8,6,6,6,6,6,6,
    6,6,6,6,6,6,6,6,6,8),(0.,0.101038526771,0.173779604281,
    0.214642265235,0.293564043925,0.356010498319,0.415795908784,
    0.463172271679,0.499785246672,0.536520780747,0.585473266445,
    0.644964625285,0.705828908222,0.785107468753,0.826158265301,
    0.868431071117,1.),.UNSPECIFIED.);
#6012 = CARTESIAN_POINT('',(0.,-2.316986417624));
#6013 = CARTESIAN_POINT('',(9.599596285739E-02,-2.316986417624));
#6014 = CARTESIAN_POINT('',(0.192024598958,-2.307615061546));
#6015 = CARTESIAN_POINT('',(0.28790889902,-2.288862626855));
#6016 = CARTESIAN_POINT('',(0.383509276059,-2.26094175671));
#6017 = CARTESIAN_POINT('',(0.478693302125,-2.224265867044));
#6018 = CARTESIAN_POINT('',(0.573316982363,-2.17944189593));
#6019 = CARTESIAN_POINT('',(0.734819795779,-2.089722394111));
#6020 = CARTESIAN_POINT('',(0.802011693516,-2.048382193915));
#6021 = CARTESIAN_POINT('',(0.868770631442,-2.003544236254));
#6022 = CARTESIAN_POINT('',(0.935076133528,-1.955527926476));
#6023 = CARTESIAN_POINT('',(1.000903866778,-1.9046861135));
#6024 = CARTESIAN_POINT('',(1.066219632121,-1.851406569629));
#6025 = CARTESIAN_POINT('',(1.167349080344,-1.765052297698));
#6026 = CARTESIAN_POINT('',(1.203558285738,-1.733346484573));
#6027 = CARTESIAN_POINT('',(1.239607349785,-1.701057254507));
#6028 = CARTESIAN_POINT('',(1.275501822478,-1.668247085686));
#6029 = CARTESIAN_POINT('',(1.311246425491,-1.634979710967));
#6030 = CARTESIAN_POINT('',(1.346845052178,-1.601320117873));
#6031 = CARTESIAN_POINT('',(1.450779619883,-1.501695123399));
#6032 = CARTESIAN_POINT('',(1.518693690183,-1.434870465071));
#6033 = CARTESIAN_POINT('',(1.586161251607,-1.367247260379));
#6034 = CARTESIAN_POINT('',(1.653285298349,-1.299219872726));
#6035 = CARTESIAN_POINT('',(1.720160334109,-1.231192475037));
#6036 = CARTESIAN_POINT('',(1.786879160527,-1.163581182642));
#6037 = CARTESIAN_POINT('',(1.906284449887,-1.043988723613));
#6038 = CARTESIAN_POINT('',(1.959011924241,-0.991671662606));
#6039 = CARTESIAN_POINT('',(2.011791332265,-0.940057794988));
#6040 = CARTESIAN_POINT('',(2.064687975512,-0.889352548476));
#6041 = CARTESIAN_POINT('',(2.117766853682,-0.83977498822));
#6042 = CARTESIAN_POINT('',(2.17109630479,-0.791558818362));
#6043 = CARTESIAN_POINT('',(2.276120559563,-0.70033395606));
#6044 = CARTESIAN_POINT('',(2.327812764043,-0.657169580993));
#6045 = CARTESIAN_POINT('',(2.379860733016,-0.615711842335));
#6046 = CARTESIAN_POINT('',(2.432300763052,-0.576221858932));
#6047 = CARTESIAN_POINT('',(2.48517444526,-0.538969834215));
#6048 = CARTESIAN_POINT('',(2.53853013749,-0.504234605881));
#6049 = CARTESIAN_POINT('',(2.635132445883,-0.446999462245));
#6050 = CARTESIAN_POINT('',(2.678188346352,-0.423450757116));
#6051 = CARTESIAN_POINT('',(2.721561598588,-0.401836295534));
#6052 = CARTESIAN_POINT('',(2.765229628251,-0.382320191415));
#6053 = CARTESIAN_POINT('',(2.809176024372,-0.365050624329));
#6054 = CARTESIAN_POINT('',(2.853388737703,-0.350159006604));
#6055 = CARTESIAN_POINT('',(2.9322248304,-0.328176405014));
#6056 = CARTESIAN_POINT('',(2.966733669833,-0.320084915583));
#6057 = CARTESIAN_POINT('',(3.001354203903,-0.313542612161));
#6058 = CARTESIAN_POINT('',(3.036058690231,-0.308593466236));
#6059 = CARTESIAN_POINT('',(3.070821063564,-0.305267352447));
#6060 = CARTESIAN_POINT('',(3.105615761804,-0.303579910287));
#6061 = CARTESIAN_POINT('',(3.175333835186,-0.303484742284));
#6062 = CARTESIAN_POINT('',(3.210246406208,-0.305088028684));
#6063 = CARTESIAN_POINT('',(3.245127700347,-0.308341577625));
#6064 = CARTESIAN_POINT('',(3.279951848822,-0.313230111709));
#6065 = CARTESIAN_POINT('',(3.314692488083,-0.319723902251));
#6066 = CARTESIAN_POINT('',(3.349321569074,-0.327778908006));
#6067 = CARTESIAN_POINT('',(3.429763798014,-0.350073577706));
#6068 = CARTESIAN_POINT('',(3.475443991717,-0.365472972397));
#6069 = CARTESIAN_POINT('',(3.520839123359,-0.383409823029));
#6070 = CARTESIAN_POINT('',(3.565936710365,-0.403739107913));
#6071 = CARTESIAN_POINT('',(3.610719333309,-0.426297036465));
#6072 = CARTESIAN_POINT('',(3.655162557375,-0.450902027068));
#6073 = CARTESIAN_POINT('',(3.752790947619,-0.509504492675));
#6074 = CARTESIAN_POINT('',(3.805819004202,-0.544395987901));
#6075 = CARTESIAN_POINT('',(3.858373223893,-0.58174821091));
#6076 = CARTESIAN_POINT('',(3.910501782129,-0.621287684022));
#6077 = CARTESIAN_POINT('',(3.962246329266,-0.662749808472));
#6078 = CARTESIAN_POINT('',(4.013643490374,-0.70587926132));
#6079 = CARTESIAN_POINT('',(4.116988115276,-0.796009661306));
#6080 = CARTESIAN_POINT('',(4.168945866807,-0.843098739036));
#6081 = CARTESIAN_POINT('',(4.220669132365,-0.891467926003));
#6082 = CARTESIAN_POINT('',(4.272221235873,-0.940901566592));
#6083 = CARTESIAN_POINT('',(4.323662538779,-0.991197179966));
#6084 = CARTESIAN_POINT('',(4.375053666384,-1.042164590915));
#6085 = CARTESIAN_POINT('',(4.493416226846,-1.160654717056));
#6086 = CARTESIAN_POINT('',(4.560428166235,-1.22855206351));
#6087 = CARTESIAN_POINT('',(4.627594261287,-1.296881050252));
#6088 = CARTESIAN_POINT('',(4.69500889481,-1.365220050419));
#6089 = CARTESIAN_POINT('',(4.762768101347,-1.433159667454));
#6090 = CARTESIAN_POINT('',(4.830976545044,-1.500300542464));
#6091 = CARTESIAN_POINT('',(4.935368031817,-1.600400689887));
#6092 = CARTESIAN_POINT('',(4.971125448015,-1.634222525692));
#6093 = CARTESIAN_POINT('',(5.00702993323,-1.667649603231));
#6094 = CARTESIAN_POINT('',(5.043085521586,-1.700616126883));
#6095 = CARTESIAN_POINT('',(5.079297094217,-1.733057571164));
#6096 = CARTESIAN_POINT('',(5.115670379266,-1.764910680727));
#6097 = CARTESIAN_POINT('',(5.189841302193,-1.828245111601));
#6098 = CARTESIAN_POINT('',(5.227649383722,-1.859687341844));
#6099 = CARTESIAN_POINT('',(5.265630916665,-1.89036169049));
#6100 = CARTESIAN_POINT('',(5.303781986695,-1.920193009278));
#6101 = CARTESIAN_POINT('',(5.34209974746,-1.949109378201));
#6102 = CARTESIAN_POINT('',(5.38058212308,-1.977042011422));
#6103 = CARTESIAN_POINT('',(5.539506544612,-2.087595679375));
#6104 = CARTESIAN_POINT('',(5.661445557913,-2.161156269524));
#6105 = CARTESIAN_POINT('',(5.78456227625,-2.222295146882));
#6106 = CARTESIAN_POINT('',(5.908556762245,-2.269316509197));
#6107 = CARTESIAN_POINT('',(6.03316720807,-2.301087414107));
#6108 = CARTESIAN_POINT('',(6.158146701907,-2.316986417624));
#6109 = CARTESIAN_POINT('',(6.28318530718,-2.316986417624));
#6110 = ( GEOMETRIC_REPRESENTATION_CONTEXT(2) 
PARAMETRIC_REPRESENTATION_CONTEXT() REPRESENTATION_CONTEXT('2D SPACE',''
  ) );
#6111 = FACE_BOUND('',#6112,.F.);
#6112 = EDGE_LOOP('',(#6113,#6203,#6291,#6317,#6405,#6493));
#6113 = ORIENTED_EDGE('',*,*,#6114,.T.);
#6114 = EDGE_CURVE('',#6115,#6117,#6119,.T.);
#6115 = VERTEX_POINT('',#6116);
#6116 = CARTESIAN_POINT('',(-6.,-20.12461179749,41.907081018591));
#6117 = VERTEX_POINT('',#6118);
#6118 = CARTESIAN_POINT('',(-3.673940397442E-15,-21.,42.541742430504));
#6119 = SURFACE_CURVE('',#6120,(#6144,#6171),.PCURVE_S1.);
#6120 = B_SPLINE_CURVE_WITH_KNOTS('',8,(#6121,#6122,#6123,#6124,#6125,
    #6126,#6127,#6128,#6129,#6130,#6131,#6132,#6133,#6134,#6135,#6136,
    #6137,#6138,#6139,#6140,#6141,#6142,#6143),.UNSPECIFIED.,.F.,.F.,(9,
    7,7,9),(0.,0.511621437363,0.902980036292,1.),.UNSPECIFIED.);
#6121 = CARTESIAN_POINT('',(-6.0000006,-20.12461161861,41.907080998195)
  );
#6122 = CARTESIAN_POINT('',(-5.625686487028,-20.23621053763,
    41.919805199999));
#6123 = CARTESIAN_POINT('',(-5.247595357674,-20.34027146274,
    41.944862077704));
#6124 = CARTESIAN_POINT('',(-4.867924967615,-20.4360256762,
    41.979663881173));
#6125 = CARTESIAN_POINT('',(-4.488080413418,-20.52320837898,
    42.022033747901));
#6126 = CARTESIAN_POINT('',(-4.108669312529,-20.60189379319,
    42.070166860011));
#6127 = CARTESIAN_POINT('',(-3.729632997124,-20.67227300402,
    42.122454392909));
#6128 = CARTESIAN_POINT('',(-3.350068418662,-20.73467925309,
    42.177556060867));
#6129 = CARTESIAN_POINT('',(-2.673632796072,-20.83121187528,
    42.277023037862));
#6130 = CARTESIAN_POINT('',(-2.380318028577,-20.86824840406,
    42.320569704697));
#6131 = CARTESIAN_POINT('',(-2.085645982719,-20.90069138904,
    42.363813630835));
#6132 = CARTESIAN_POINT('',(-1.789586525484,-20.92844592844,
    42.405690455587));
#6133 = CARTESIAN_POINT('',(-1.493092748043,-20.95136226343,
    42.444645358025));
#6134 = CARTESIAN_POINT('',(-1.196929684379,-20.96945027123,
    42.478693669801));
#6135 = CARTESIAN_POINT('',(-0.900152489865,-20.98286397633,
    42.505659810982));
#6136 = CARTESIAN_POINT('',(-0.524159420795,-20.99359046473,
    42.527980729892));
#6137 = CARTESIAN_POINT('',(-0.449372197685,-20.99542002783,
    42.531846080798));
#6138 = CARTESIAN_POINT('',(-0.374528798753,-20.99694598685,
    42.535110866628));
#6139 = CARTESIAN_POINT('',(-0.299655433235,-20.99816721095,
    42.537749383583));
#6140 = CARTESIAN_POINT('',(-0.224767246424,-20.99908331613,
    42.539742029993));
#6141 = CARTESIAN_POINT('',(-0.149868328095,-20.99969427093,
    42.54107540962));
#6142 = CARTESIAN_POINT('',(-7.495172094053E-02,-21.00000000203,
    42.541742434952));
#6143 = CARTESIAN_POINT('',(5.710004673531E-07,-21.,42.541742430504));
#6144 = PCURVE('',#2807,#6145);
#6145 = DEFINITIONAL_REPRESENTATION('',(#6146),#6170);
#6146 = B_SPLINE_CURVE_WITH_KNOTS('',8,(#6147,#6148,#6149,#6150,#6151,
    #6152,#6153,#6154,#6155,#6156,#6157,#6158,#6159,#6160,#6161,#6162,
    #6163,#6164,#6165,#6166,#6167,#6168,#6169),.UNSPECIFIED.,.F.,.F.,(9,
    7,7,9),(0.,0.511621437363,0.902980036292,1.),.UNSPECIFIED.);
#6147 = CARTESIAN_POINT('',(-4.422637249134,-41.90708099819));
#6148 = CARTESIAN_POINT('',(-4.441237067112,-41.91980519999));
#6149 = CARTESIAN_POINT('',(-4.45990668974,-41.9448620777));
#6150 = CARTESIAN_POINT('',(-4.478545156099,-41.97966388117));
#6151 = CARTESIAN_POINT('',(-4.497094915498,-42.0220337479));
#6152 = CARTESIAN_POINT('',(-4.515538396265,-42.07016686001));
#6153 = CARTESIAN_POINT('',(-4.533889722809,-42.1224543929));
#6154 = CARTESIAN_POINT('',(-4.552202779218,-42.17755606086));
#6155 = CARTESIAN_POINT('',(-4.584740345111,-42.27702303786));
#6156 = CARTESIAN_POINT('',(-4.598816783362,-42.32056970469));
#6157 = CARTESIAN_POINT('',(-4.612930593073,-42.36381363083));
#6158 = CARTESIAN_POINT('',(-4.627086702513,-42.40569045558));
#6159 = CARTESIAN_POINT('',(-4.641243839282,-42.44464535802));
#6160 = CARTESIAN_POINT('',(-4.655370151276,-42.4786936698));
#6161 = CARTESIAN_POINT('',(-4.669514872315,-42.50565981098));
#6162 = CARTESIAN_POINT('',(-4.687426588641,-42.52798072989));
#6163 = CARTESIAN_POINT('',(-4.690988920207,-42.53184608079));
#6164 = CARTESIAN_POINT('',(-4.694553583404,-42.53511086662));
#6165 = CARTESIAN_POINT('',(-4.698119397886,-42.53774938358));
#6166 = CARTESIAN_POINT('',(-4.701685710109,-42.53974202999));
#6167 = CARTESIAN_POINT('',(-4.705252393635,-42.54107540962));
#6168 = CARTESIAN_POINT('',(-4.708819849435,-42.54174243495));
#6169 = CARTESIAN_POINT('',(-4.712389006194,-42.5417424305));
#6170 = ( GEOMETRIC_REPRESENTATION_CONTEXT(2) 
PARAMETRIC_REPRESENTATION_CONTEXT() REPRESENTATION_CONTEXT('2D SPACE',''
  ) );
#6171 = PCURVE('',#6172,#6177);
#6172 = CYLINDRICAL_SURFACE('',#6173,1.1);
#6173 = AXIS2_PLACEMENT_3D('',#6174,#6175,#6176);
#6174 = CARTESIAN_POINT('',(-3.673940397442E-15,-20.,43.));
#6175 = DIRECTION('',(1.,0.,0.));
#6176 = DIRECTION('',(0.,1.,0.));
#6177 = DEFINITIONAL_REPRESENTATION('',(#6178),#6202);
#6178 = B_SPLINE_CURVE_WITH_KNOTS('',8,(#6179,#6180,#6181,#6182,#6183,
    #6184,#6185,#6186,#6187,#6188,#6189,#6190,#6191,#6192,#6193,#6194,
    #6195,#6196,#6197,#6198,#6199,#6200,#6201),.UNSPECIFIED.,.F.,.F.,(9,
    7,7,9),(0.,0.511621437363,0.902980036292,1.),.UNSPECIFIED.);
#6179 = CARTESIAN_POINT('',(4.598861984685,-6.0000006));
#6180 = CARTESIAN_POINT('',(4.496751106533,-5.625686487028));
#6181 = CARTESIAN_POINT('',(4.400178905507,-5.247595357674));
#6182 = CARTESIAN_POINT('',(4.308482833203,-4.867924967616));
#6183 = CARTESIAN_POINT('',(4.221246124326,-4.488080413417));
#6184 = CARTESIAN_POINT('',(4.138098355247,-4.10866931253));
#6185 = CARTESIAN_POINT('',(4.058873779688,-3.729632997124));
#6186 = CARTESIAN_POINT('',(3.983415534594,-3.350068418662));
#6187 = CARTESIAN_POINT('',(3.857408101192,-2.673632796072));
#6188 = CARTESIAN_POINT('',(3.805550170408,-2.380318028577));
#6189 = CARTESIAN_POINT('',(3.756550998854,-2.085645982719));
#6190 = CARTESIAN_POINT('',(3.711019069996,-1.789586525484));
#6191 = CARTESIAN_POINT('',(3.67001598377,-1.493092748043));
#6192 = CARTESIAN_POINT('',(3.634983643699,-1.196929684379));
#6193 = CARTESIAN_POINT('',(3.60760654049,-0.900152489865));
#6194 = CARTESIAN_POINT('',(3.585093349236,-0.524159420795));
#6195 = CARTESIAN_POINT('',(3.581205707123,-0.449372181737));
#6196 = CARTESIAN_POINT('',(3.577929582327,-0.374528788586));
#6197 = CARTESIAN_POINT('',(3.5752864879,-0.299655445041));
#6198 = CARTESIAN_POINT('',(3.573292716778,-0.224767271434));
#6199 = CARTESIAN_POINT('',(3.571959358395,-0.149868336966));
#6200 = CARTESIAN_POINT('',(3.571292315294,-7.4951691941E-02));
#6201 = CARTESIAN_POINT('',(3.571292319741,5.999999999062E-07));
#6202 = ( GEOMETRIC_REPRESENTATION_CONTEXT(2) 
PARAMETRIC_REPRESENTATION_CONTEXT() REPRESENTATION_CONTEXT('2D SPACE',''
  ) );
#6203 = ORIENTED_EDGE('',*,*,#6204,.T.);
#6204 = EDGE_CURVE('',#6117,#6205,#6207,.T.);
#6205 = VERTEX_POINT('',#6206);
#6206 = CARTESIAN_POINT('',(6.,-20.12461179749,41.907081018591));
#6207 = SURFACE_CURVE('',#6208,(#6232,#6259),.PCURVE_S1.);
#6208 = B_SPLINE_CURVE_WITH_KNOTS('',8,(#6209,#6210,#6211,#6212,#6213,
    #6214,#6215,#6216,#6217,#6218,#6219,#6220,#6221,#6222,#6223,#6224,
    #6225,#6226,#6227,#6228,#6229,#6230,#6231),.UNSPECIFIED.,.F.,.F.,(9,
    7,7,9),(0.,0.368459153227,0.486066845385,1.),.UNSPECIFIED.);
#6209 = CARTESIAN_POINT('',(-6.129243888366E-07,-21.,42.541742430504));
#6210 = CARTESIAN_POINT('',(0.290373700553,-21.00000000847,
    42.541742448999));
#6211 = CARTESIAN_POINT('',(0.573048998182,-20.9954109759,
    42.531728831989));
#6212 = CARTESIAN_POINT('',(0.853375925494,-20.98666094202,
    42.512633187546));
#6213 = CARTESIAN_POINT('',(1.135120480137,-20.97367429252,
    42.485776992142));
#6214 = CARTESIAN_POINT('',(1.4193472882,-20.95617645411,42.452843728454
    ));
#6215 = CARTESIAN_POINT('',(1.704653577982,-20.93403461027,
    42.415745112165));
#6216 = CARTESIAN_POINT('',(1.987795447972,-20.90755161108,
    42.376450940517));
#6217 = CARTESIAN_POINT('',(2.351828741195,-20.86807971513,
    42.324212624324));
#6218 = CARTESIAN_POINT('',(2.439856372364,-20.85810525352,
    42.311444617061));
#6219 = CARTESIAN_POINT('',(2.527824213188,-20.84770770907,
    42.298583457056));
#6220 = CARTESIAN_POINT('',(2.615729423621,-20.83688764712,
    42.285661337157));
#6221 = CARTESIAN_POINT('',(2.703573079754,-20.82564517783,
    42.272707577965));
#6222 = CARTESIAN_POINT('',(2.791360223897,-20.81397977921,
    42.259748946235));
#6223 = CARTESIAN_POINT('',(2.879099914663,-20.80189012008,
    42.246809973269));
#6224 = CARTESIAN_POINT('',(3.350068418669,-20.73467925308,
    42.177556060866));
#6225 = CARTESIAN_POINT('',(3.729632997112,-20.67227300402,
    42.12245439291));
#6226 = CARTESIAN_POINT('',(4.108669312539,-20.60189379319,
    42.07016686001));
#6227 = CARTESIAN_POINT('',(4.488080413407,-20.52320837898,
    42.022033747901));
#6228 = CARTESIAN_POINT('',(4.867924967632,-20.43602567619,
    41.979663881172));
#6229 = CARTESIAN_POINT('',(5.247595357665,-20.34027146274,
    41.944862077704));
#6230 = CARTESIAN_POINT('',(5.625686487026,-20.23621053763,41.9198052));
#6231 = CARTESIAN_POINT('',(6.0000006,-20.12461161861,41.907080998195));
#6232 = PCURVE('',#2807,#6233);
#6233 = DEFINITIONAL_REPRESENTATION('',(#6234),#6258);
#6234 = B_SPLINE_CURVE_WITH_KNOTS('',8,(#6235,#6236,#6237,#6238,#6239,
    #6240,#6241,#6242,#6243,#6244,#6245,#6246,#6247,#6248,#6249,#6250,
    #6251,#6252,#6253,#6254,#6255,#6256,#6257),.UNSPECIFIED.,.F.,.F.,(9,
    7,7,9),(0.,0.368459153227,0.486066845385,1.),.UNSPECIFIED.);
#6235 = CARTESIAN_POINT('',(-4.712388950582,-42.5417424305));
#6236 = CARTESIAN_POINT('',(-4.726216298843,-42.54174244899));
#6237 = CARTESIAN_POINT('',(-4.739677028183,-42.53172883198));
#6238 = CARTESIAN_POINT('',(-4.753029962064,-42.51263318754));
#6239 = CARTESIAN_POINT('',(-4.766457546674,-42.48577699214));
#6240 = CARTESIAN_POINT('',(-4.780014430385,-42.45284372845));
#6241 = CARTESIAN_POINT('',(-4.793638430353,-42.41574511216));
#6242 = CARTESIAN_POINT('',(-4.807178758372,-42.37645094051));
#6243 = CARTESIAN_POINT('',(-4.824615282003,-42.32421262432));
#6244 = CARTESIAN_POINT('',(-4.828833848834,-42.31144461706));
#6245 = CARTESIAN_POINT('',(-4.833051871442,-42.29858345705));
#6246 = CARTESIAN_POINT('',(-4.837269326671,-42.28566133715));
#6247 = CARTESIAN_POINT('',(-4.841486378944,-42.27270757796));
#6248 = CARTESIAN_POINT('',(-4.845703383826,-42.25974894623));
#6249 = CARTESIAN_POINT('',(-4.849920891593,-42.24680997326));
#6250 = CARTESIAN_POINT('',(-4.872575181551,-42.17755606086));
#6251 = CARTESIAN_POINT('',(-4.890888237959,-42.12245439291));
#6252 = CARTESIAN_POINT('',(-4.909239564504,-42.07016686001));
#6253 = CARTESIAN_POINT('',(-4.927683045271,-42.0220337479));
#6254 = CARTESIAN_POINT('',(-4.946232804671,-41.97966388117));
#6255 = CARTESIAN_POINT('',(-4.964871271029,-41.9448620777));
#6256 = CARTESIAN_POINT('',(-4.983540893657,-41.9198052));
#6257 = CARTESIAN_POINT('',(-5.002140711635,-41.90708099819));
#6258 = ( GEOMETRIC_REPRESENTATION_CONTEXT(2) 
PARAMETRIC_REPRESENTATION_CONTEXT() REPRESENTATION_CONTEXT('2D SPACE',''
  ) );
#6259 = PCURVE('',#6260,#6265);
#6260 = CYLINDRICAL_SURFACE('',#6261,1.1);
#6261 = AXIS2_PLACEMENT_3D('',#6262,#6263,#6264);
#6262 = CARTESIAN_POINT('',(-3.673940397442E-15,-20.,43.));
#6263 = DIRECTION('',(-1.,-0.,-0.));
#6264 = DIRECTION('',(0.,1.,0.));
#6265 = DEFINITIONAL_REPRESENTATION('',(#6266),#6290);
#6266 = B_SPLINE_CURVE_WITH_KNOTS('',8,(#6267,#6268,#6269,#6270,#6271,
    #6272,#6273,#6274,#6275,#6276,#6277,#6278,#6279,#6280,#6281,#6282,
    #6283,#6284,#6285,#6286,#6287,#6288,#6289),.UNSPECIFIED.,.F.,.F.,(9,
    7,7,9),(0.,0.368459153227,0.486066845385,1.),.UNSPECIFIED.);
#6267 = CARTESIAN_POINT('',(-3.571292319741,5.999999999062E-07));
#6268 = CARTESIAN_POINT('',(-3.571292301247,-0.290373713477));
#6269 = CARTESIAN_POINT('',(-3.581305394252,-0.573048946556));
#6270 = CARTESIAN_POINT('',(-3.600403266286,-0.853375966297));
#6271 = CARTESIAN_POINT('',(-3.62751262262,-1.135120495377));
#6272 = CARTESIAN_POINT('',(-3.661359965995,-1.419347248215));
#6273 = CARTESIAN_POINT('',(-3.700540041535,-1.704653596377));
#6274 = CARTESIAN_POINT('',(-3.743555554163,-1.987795447972));
#6275 = CARTESIAN_POINT('',(-3.803077563762,-2.351828741195));
#6276 = CARTESIAN_POINT('',(-3.817804938473,-2.439856372364));
#6277 = CARTESIAN_POINT('',(-3.832836318241,-2.527824213188));
#6278 = CARTESIAN_POINT('',(-3.848153445218,-2.615729423621));
#6279 = CARTESIAN_POINT('',(-3.86374119747,-2.703573079754));
#6280 = CARTESIAN_POINT('',(-3.879587430954,-2.791360223897));
#6281 = CARTESIAN_POINT('',(-3.895682821502,-2.879099914663));
#6282 = CARTESIAN_POINT('',(-3.983415534596,-3.350068418669));
#6283 = CARTESIAN_POINT('',(-4.058873779686,-3.729632997112));
#6284 = CARTESIAN_POINT('',(-4.138098355248,-4.108669312539));
#6285 = CARTESIAN_POINT('',(-4.221246124324,-4.488080413406));
#6286 = CARTESIAN_POINT('',(-4.308482833206,-4.867924967633));
#6287 = CARTESIAN_POINT('',(-4.400178905505,-5.247595357664));
#6288 = CARTESIAN_POINT('',(-4.496751106532,-5.625686487026));
#6289 = CARTESIAN_POINT('',(-4.598861984685,-6.0000006));
#6290 = ( GEOMETRIC_REPRESENTATION_CONTEXT(2) 
PARAMETRIC_REPRESENTATION_CONTEXT() REPRESENTATION_CONTEXT('2D SPACE',''
  ) );
#6291 = ORIENTED_EDGE('',*,*,#6292,.F.);
#6292 = EDGE_CURVE('',#6293,#6205,#6295,.T.);
#6293 = VERTEX_POINT('',#6294);
#6294 = CARTESIAN_POINT('',(6.,-20.12461179749,44.092918981409));
#6295 = SURFACE_CURVE('',#6296,(#6300,#6306),.PCURVE_S1.);
#6296 = LINE('',#6297,#6298);
#6297 = CARTESIAN_POINT('',(6.,-20.12461179749,0.));
#6298 = VECTOR('',#6299,1.);
#6299 = DIRECTION('',(-0.,-0.,-1.));
#6300 = PCURVE('',#2807,#6301);
#6301 = DEFINITIONAL_REPRESENTATION('',(#6302),#6305);
#6302 = B_SPLINE_CURVE_WITH_KNOTS('',1,(#6303,#6304),.UNSPECIFIED.,.F.,
  .F.,(2,2),(-44.32,-41.68),.PIECEWISE_BEZIER_KNOTS.);
#6303 = CARTESIAN_POINT('',(-5.002140681821,-44.32));
#6304 = CARTESIAN_POINT('',(-5.002140681821,-41.68));
#6305 = ( GEOMETRIC_REPRESENTATION_CONTEXT(2) 
PARAMETRIC_REPRESENTATION_CONTEXT() REPRESENTATION_CONTEXT('2D SPACE',''
  ) );
#6306 = PCURVE('',#6307,#6312);
#6307 = PLANE('',#6308);
#6308 = AXIS2_PLACEMENT_3D('',#6309,#6310,#6311);
#6309 = CARTESIAN_POINT('',(6.,-20.,43.));
#6310 = DIRECTION('',(1.,0.,0.));
#6311 = DIRECTION('',(-0.,0.,1.));
#6312 = DEFINITIONAL_REPRESENTATION('',(#6313),#6316);
#6313 = B_SPLINE_CURVE_WITH_KNOTS('',1,(#6314,#6315),.UNSPECIFIED.,.F.,
  .F.,(2,2),(-44.32,-41.68),.PIECEWISE_BEZIER_KNOTS.);
#6314 = CARTESIAN_POINT('',(1.32,0.124611797498));
#6315 = CARTESIAN_POINT('',(-1.32,0.124611797498));
#6316 = ( GEOMETRIC_REPRESENTATION_CONTEXT(2) 
PARAMETRIC_REPRESENTATION_CONTEXT() REPRESENTATION_CONTEXT('2D SPACE',''
  ) );
#6317 = ORIENTED_EDGE('',*,*,#6318,.T.);
#6318 = EDGE_CURVE('',#6293,#6319,#6321,.T.);
#6319 = VERTEX_POINT('',#6320);
#6320 = CARTESIAN_POINT('',(-3.673940397442E-15,-21.,43.458257569496));
#6321 = SURFACE_CURVE('',#6322,(#6346,#6373),.PCURVE_S1.);
#6322 = B_SPLINE_CURVE_WITH_KNOTS('',8,(#6323,#6324,#6325,#6326,#6327,
    #6328,#6329,#6330,#6331,#6332,#6333,#6334,#6335,#6336,#6337,#6338,
    #6339,#6340,#6341,#6342,#6343,#6344,#6345),.UNSPECIFIED.,.F.,.F.,(9,
    7,7,9),(0.,0.511878801518,0.898945704288,1.),.UNSPECIFIED.);
#6323 = CARTESIAN_POINT('',(6.0000006,-20.12461161861,44.092919001805));
#6324 = CARTESIAN_POINT('',(5.625437039899,-20.23628490841,
    44.08018632045));
#6325 = CARTESIAN_POINT('',(5.24708931031,-20.34041078516,
    44.055104451497));
#6326 = CARTESIAN_POINT('',(4.86715964653,-20.43621879849,
    44.020266062363));
#6327 = CARTESIAN_POINT('',(4.487056274531,-20.52344354204,
    43.977852097011));
#6328 = CARTESIAN_POINT('',(4.107388002949,-20.60215955558,
    43.929670574251));
#6329 = CARTESIAN_POINT('',(3.728096153328,-20.6725582473,
    43.877333521196));
#6330 = CARTESIAN_POINT('',(3.348276161838,-20.73497364216,
    43.822183708672));
#6331 = CARTESIAN_POINT('',(2.674736006686,-20.83102505284,
    43.723136663489));
#6332 = CARTESIAN_POINT('',(2.384716582468,-20.86766567323,
    43.680085707585));
#6333 = CARTESIAN_POINT('',(2.093410409626,-20.89981228243,
    43.637333441843));
#6334 = CARTESIAN_POINT('',(1.800718730163,-20.92738301755,
    43.595895935646));
#6335 = CARTESIAN_POINT('',(1.507520039061,-20.95023200771,
    43.557264298157));
#6336 = CARTESIAN_POINT('',(1.21456573979,-20.96835964892,
    43.523350263458));
#6337 = CARTESIAN_POINT('',(0.921034928883,-20.9819068224,
    43.496259033318));
#6338 = CARTESIAN_POINT('',(0.545578831448,-20.99305577929,
    43.473147377069));
#6339 = CARTESIAN_POINT('',(0.467741909814,-20.99503785746,
    43.468970909598));
#6340 = CARTESIAN_POINT('',(0.389841793144,-20.99669112053,
    43.46543958815));
#6341 = CARTESIAN_POINT('',(0.311909191506,-20.9980142272,
    43.462583346298));
#6342 = CARTESIAN_POINT('',(0.233961402475,-20.99900675539,
    43.460425045243));
#6343 = CARTESIAN_POINT('',(0.156002343882,-20.99966870528,
    43.458980343157));
#6344 = CARTESIAN_POINT('',(7.802258655749E-02,-21.00000000227,
    43.458257564526));
#6345 = CARTESIAN_POINT('',(-6.129243888366E-07,-21.,43.458257569496));
#6346 = PCURVE('',#2807,#6347);
#6347 = DEFINITIONAL_REPRESENTATION('',(#6348),#6372);
#6348 = B_SPLINE_CURVE_WITH_KNOTS('',8,(#6349,#6350,#6351,#6352,#6353,
    #6354,#6355,#6356,#6357,#6358,#6359,#6360,#6361,#6362,#6363,#6364,
    #6365,#6366,#6367,#6368,#6369,#6370,#6371),.UNSPECIFIED.,.F.,.F.,(9,
    7,7,9),(0.,0.511878801518,0.898945704288,1.),.UNSPECIFIED.);
#6349 = CARTESIAN_POINT('',(-5.002140711635,-44.0929190018));
#6350 = CARTESIAN_POINT('',(-4.98352849853,-44.08018632045));
#6351 = CARTESIAN_POINT('',(-4.964846282488,-44.05510445149));
#6352 = CARTESIAN_POINT('',(-4.946195232909,-44.02026606236));
#6353 = CARTESIAN_POINT('',(-4.92763303026,-43.97785209701));
#6354 = CARTESIAN_POINT('',(-4.909177278878,-43.92967057425));
#6355 = CARTESIAN_POINT('',(-4.890813831678,-43.87733352119));
#6356 = CARTESIAN_POINT('',(-4.872488711591,-43.82218370867));
#6357 = CARTESIAN_POINT('',(-4.840090879362,-43.72313666348));
#6358 = CARTESIAN_POINT('',(-4.826172429613,-43.68008570758));
#6359 = CARTESIAN_POINT('',(-4.812219379447,-43.63733344184));
#6360 = CARTESIAN_POINT('',(-4.798223624149,-43.59589593564));
#6361 = CARTESIAN_POINT('',(-4.784223053653,-43.55726429815));
#6362 = CARTESIAN_POINT('',(-4.770249047986,-43.52335026345));
#6363 = CARTESIAN_POINT('',(-4.756258395552,-43.49625903331));
#6364 = CARTESIAN_POINT('',(-4.738371653078,-43.47314737706));
#6365 = CARTESIAN_POINT('',(-4.734663964409,-43.46897090959));
#6366 = CARTESIAN_POINT('',(-4.730953655258,-43.46543958815));
#6367 = CARTESIAN_POINT('',(-4.727242111345,-43.46258334629));
#6368 = CARTESIAN_POINT('',(-4.7235300782,-43.46042504524));
#6369 = CARTESIAN_POINT('',(-4.719817663773,-43.45898034315));
#6370 = CARTESIAN_POINT('',(-4.716104341034,-43.45825756452));
#6371 = CARTESIAN_POINT('',(-4.712388950582,-43.45825756949));
#6372 = ( GEOMETRIC_REPRESENTATION_CONTEXT(2) 
PARAMETRIC_REPRESENTATION_CONTEXT() REPRESENTATION_CONTEXT('2D SPACE',''
  ) );
#6373 = PCURVE('',#6374,#6379);
#6374 = CYLINDRICAL_SURFACE('',#6375,1.1);
#6375 = AXIS2_PLACEMENT_3D('',#6376,#6377,#6378);
#6376 = CARTESIAN_POINT('',(-3.673940397442E-15,-20.,43.));
#6377 = DIRECTION('',(-1.,-0.,-0.));
#6378 = DIRECTION('',(0.,1.,0.));
#6379 = DEFINITIONAL_REPRESENTATION('',(#6380),#6404);
#6380 = B_SPLINE_CURVE_WITH_KNOTS('',8,(#6381,#6382,#6383,#6384,#6385,
    #6386,#6387,#6388,#6389,#6390,#6391,#6392,#6393,#6394,#6395,#6396,
    #6397,#6398,#6399,#6400,#6401,#6402,#6403),.UNSPECIFIED.,.F.,.F.,(9,
    7,7,9),(0.,0.511878801518,0.898945704288,1.),.UNSPECIFIED.);
#6381 = CARTESIAN_POINT('',(-1.684323322494,-6.0000006));
#6382 = CARTESIAN_POINT('',(-1.786502248483,-5.625437039899));
#6383 = CARTESIAN_POINT('',(-1.883135688966,-5.247089310311));
#6384 = CARTESIAN_POINT('',(-1.974887374413,-4.867159646526));
#6385 = CARTESIAN_POINT('',(-2.062174427802,-4.487056274537));
#6386 = CARTESIAN_POINT('',(-2.14536776883,-4.107388002945));
#6387 = CARTESIAN_POINT('',(-2.224632705777,-3.72809615333));
#6388 = CARTESIAN_POINT('',(-2.30012592164,-3.348276161838));
#6389 = CARTESIAN_POINT('',(-2.425554741975,-2.674736006686));
#6390 = CARTESIAN_POINT('',(-2.476839870248,-2.384716582468));
#6391 = CARTESIAN_POINT('',(-2.525324943777,-2.093410409625));
#6392 = CARTESIAN_POINT('',(-2.570435956387,-1.800718730164));
#6393 = CARTESIAN_POINT('',(-2.611156186036,-1.507520039061));
#6394 = CARTESIAN_POINT('',(-2.646096753252,-1.21456573979));
#6395 = CARTESIAN_POINT('',(-2.673629575413,-0.921034928883));
#6396 = CARTESIAN_POINT('',(-2.696957065919,-0.545578831448));
#6397 = CARTESIAN_POINT('',(-2.701159653809,-0.467741916855));
#6398 = CARTESIAN_POINT('',(-2.704704279546,-0.389841797586));
#6399 = CARTESIAN_POINT('',(-2.707565895879,-0.311909186192));
#6400 = CARTESIAN_POINT('',(-2.70972551569,-0.23396139133));
#6401 = CARTESIAN_POINT('',(-2.711170191073,-0.156002339952));
#6402 = CARTESIAN_POINT('',(-2.711892992408,-7.802259948188E-02));
#6403 = CARTESIAN_POINT('',(-2.711892987438,5.999999999062E-07));
#6404 = ( GEOMETRIC_REPRESENTATION_CONTEXT(2) 
PARAMETRIC_REPRESENTATION_CONTEXT() REPRESENTATION_CONTEXT('2D SPACE',''
  ) );
#6405 = ORIENTED_EDGE('',*,*,#6406,.T.);
#6406 = EDGE_CURVE('',#6319,#6407,#6409,.T.);
#6407 = VERTEX_POINT('',#6408);
#6408 = CARTESIAN_POINT('',(-6.,-20.12461179749,44.092918981409));
#6409 = SURFACE_CURVE('',#6410,(#6434,#6461),.PCURVE_S1.);
#6410 = B_SPLINE_CURVE_WITH_KNOTS('',8,(#6411,#6412,#6413,#6414,#6415,
    #6416,#6417,#6418,#6419,#6420,#6421,#6422,#6423,#6424,#6425,#6426,
    #6427,#6428,#6429,#6430,#6431,#6432,#6433),.UNSPECIFIED.,.F.,.F.,(9,
    7,7,9),(0.,0.367529870906,0.485777856269,1.),.UNSPECIFIED.);
#6411 = CARTESIAN_POINT('',(6.129243814712E-07,-21.,43.458257569496));
#6412 = CARTESIAN_POINT('',(-0.289632035321,-21.00000000845,
    43.458257551049));
#6413 = CARTESIAN_POINT('',(-0.571588735885,-20.99543438501,
    43.468220083862));
#6414 = CARTESIAN_POINT('',(-0.851182252779,-20.98672880464,
    43.487218714204));
#6415 = CARTESIAN_POINT('',(-1.132154788039,-20.97381005074,
    43.513941838567));
#6416 = CARTESIAN_POINT('',(-1.415577393328,-20.95640734273,
    43.546720737226));
#6417 = CARTESIAN_POINT('',(-1.700079047259,-20.93438831863,
    43.583660992741));
#6418 = CARTESIAN_POINT('',(-1.982462367612,-20.90804915961,
    43.622809506559));
#6419 = CARTESIAN_POINT('',(-2.346337324404,-20.86869996739,
    43.674991448705));
#6420 = CARTESIAN_POINT('',(-2.434858014615,-20.85869292787,
    43.687825312989));
#6421 = CARTESIAN_POINT('',(-2.523318064298,-20.84825809501,
    43.700754811348));
#6422 = CARTESIAN_POINT('',(-2.611714527814,-20.8373960556,
    43.713747114265));
#6423 = CARTESIAN_POINT('',(-2.700048499201,-20.82610692911,
    43.726772343811));
#6424 = CARTESIAN_POINT('',(-2.788325163482,-20.81439018413,
    43.739803246408));
#6425 = CARTESIAN_POINT('',(-2.876553847975,-20.80224445497,
    43.752814865586));
#6426 = CARTESIAN_POINT('',(-3.34827616186,-20.73497364215,
    43.822183708675));
#6427 = CARTESIAN_POINT('',(-3.728096153305,-20.6725582473,
    43.877333521192));
#6428 = CARTESIAN_POINT('',(-4.107388002927,-20.60215955559,
    43.929670574248));
#6429 = CARTESIAN_POINT('',(-4.487056274579,-20.52344354203,
    43.977852097019));
#6430 = CARTESIAN_POINT('',(-4.867159646526,-20.43621879849,
    44.020266062358));
#6431 = CARTESIAN_POINT('',(-5.247089310279,-20.34041078517,
    44.055104451497));
#6432 = CARTESIAN_POINT('',(-5.625437039917,-20.2362849084,
    44.08018632045));
#6433 = CARTESIAN_POINT('',(-6.0000006,-20.12461161861,44.092919001805)
  );
#6434 = PCURVE('',#2807,#6435);
#6435 = DEFINITIONAL_REPRESENTATION('',(#6436),#6460);
#6436 = B_SPLINE_CURVE_WITH_KNOTS('',8,(#6437,#6438,#6439,#6440,#6441,
    #6442,#6443,#6444,#6445,#6446,#6447,#6448,#6449,#6450,#6451,#6452,
    #6453,#6454,#6455,#6456,#6457,#6458,#6459),.UNSPECIFIED.,.F.,.F.,(9,
    7,7,9),(0.,0.367529870906,0.485777856269,1.),.UNSPECIFIED.);
#6437 = CARTESIAN_POINT('',(-4.712389010187,-43.45825756949));
#6438 = CARTESIAN_POINT('',(-4.698596979318,-43.45825755104));
#6439 = CARTESIAN_POINT('',(-4.685170468919,-43.46822008386));
#6440 = CARTESIAN_POINT('',(-4.671852490206,-43.4872187142));
#6441 = CARTESIAN_POINT('',(-4.658461753125,-43.51394183856));
#6442 = CARTESIAN_POINT('',(-4.644943341091,-43.54672073722));
#6443 = CARTESIAN_POINT('',(-4.631357969351,-43.58366099274));
#6444 = CARTESIAN_POINT('',(-4.617854233338,-43.62280950655));
#6445 = CARTESIAN_POINT('',(-4.60042583475,-43.6749914487));
#6446 = CARTESIAN_POINT('',(-4.596183764227,-43.68782531298));
#6447 = CARTESIAN_POINT('',(-4.591942257961,-43.70075481134));
#6448 = CARTESIAN_POINT('',(-4.587701342301,-43.71374711426));
#6449 = CARTESIAN_POINT('',(-4.583460850112,-43.72677234381));
#6450 = CARTESIAN_POINT('',(-4.579220417113,-43.7398032464));
#6451 = CARTESIAN_POINT('',(-4.574979478211,-43.75281486558));
#6452 = CARTESIAN_POINT('',(-4.552289249178,-43.82218370867));
#6453 = CARTESIAN_POINT('',(-4.533964129092,-43.87733352119));
#6454 = CARTESIAN_POINT('',(-4.515600681892,-43.92967057424));
#6455 = CARTESIAN_POINT('',(-4.497144930508,-43.97785209701));
#6456 = CARTESIAN_POINT('',(-4.47858272786,-44.02026606235));
#6457 = CARTESIAN_POINT('',(-4.459931678283,-44.05510445149));
#6458 = CARTESIAN_POINT('',(-4.441249462239,-44.08018632045));
#6459 = CARTESIAN_POINT('',(-4.422637249134,-44.0929190018));
#6460 = ( GEOMETRIC_REPRESENTATION_CONTEXT(2) 
PARAMETRIC_REPRESENTATION_CONTEXT() REPRESENTATION_CONTEXT('2D SPACE',''
  ) );
#6461 = PCURVE('',#6462,#6467);
#6462 = CYLINDRICAL_SURFACE('',#6463,1.1);
#6463 = AXIS2_PLACEMENT_3D('',#6464,#6465,#6466);
#6464 = CARTESIAN_POINT('',(-3.673940397442E-15,-20.,43.));
#6465 = DIRECTION('',(1.,0.,0.));
#6466 = DIRECTION('',(0.,1.,0.));
#6467 = DEFINITIONAL_REPRESENTATION('',(#6468),#6492);
#6468 = B_SPLINE_CURVE_WITH_KNOTS('',8,(#6469,#6470,#6471,#6472,#6473,
    #6474,#6475,#6476,#6477,#6478,#6479,#6480,#6481,#6482,#6483,#6484,
    #6485,#6486,#6487,#6488,#6489,#6490,#6491),.UNSPECIFIED.,.F.,.F.,(9,
    7,7,9),(0.,0.367529870906,0.485777856269,1.),.UNSPECIFIED.);
#6469 = CARTESIAN_POINT('',(2.711892987438,5.999999999062E-07));
#6470 = CARTESIAN_POINT('',(2.711893005885,-0.289632048245));
#6471 = CARTESIAN_POINT('',(2.70193099594,-0.571588685691));
#6472 = CARTESIAN_POINT('',(2.682930163187,-0.851182291747));
#6473 = CARTESIAN_POINT('',(2.655956419011,-1.13215480301));
#6474 = CARTESIAN_POINT('',(2.622272747662,-1.415577355092));
#6475 = CARTESIAN_POINT('',(2.583272153522,-1.700079064721));
#6476 = CARTESIAN_POINT('',(2.540438867465,-1.982462367612));
#6477 = CARTESIAN_POINT('',(2.481024966884,-2.346337324404));
#6478 = CARTESIAN_POINT('',(2.466232197387,-2.434858014615));
#6479 = CARTESIAN_POINT('',(2.451131235611,-2.523318064298));
#6480 = CARTESIAN_POINT('',(2.43574075296,-2.611714527814));
#6481 = CARTESIAN_POINT('',(2.420076201293,-2.700048499201));
#6482 = CARTESIAN_POINT('',(2.404149974918,-2.788325163482));
#6483 = CARTESIAN_POINT('',(2.387971572565,-2.876553847975));
#6484 = CARTESIAN_POINT('',(2.300125921636,-3.34827616186));
#6485 = CARTESIAN_POINT('',(2.224632705781,-3.728096153305));
#6486 = CARTESIAN_POINT('',(2.145367768836,-4.107388002926));
#6487 = CARTESIAN_POINT('',(2.062174427793,-4.48705627458));
#6488 = CARTESIAN_POINT('',(1.974887374411,-4.867159646525));
#6489 = CARTESIAN_POINT('',(1.883135688976,-5.247089310279));
#6490 = CARTESIAN_POINT('',(1.786502248478,-5.625437039917));
#6491 = CARTESIAN_POINT('',(1.684323322494,-6.0000006));
#6492 = ( GEOMETRIC_REPRESENTATION_CONTEXT(2) 
PARAMETRIC_REPRESENTATION_CONTEXT() REPRESENTATION_CONTEXT('2D SPACE',''
  ) );
#6493 = ORIENTED_EDGE('',*,*,#6494,.T.);
#6494 = EDGE_CURVE('',#6407,#6115,#6495,.T.);
#6495 = SURFACE_CURVE('',#6496,(#6500,#6506),.PCURVE_S1.);
#6496 = LINE('',#6497,#6498);
#6497 = CARTESIAN_POINT('',(-6.,-20.12461179749,0.));
#6498 = VECTOR('',#6499,1.);
#6499 = DIRECTION('',(-0.,-0.,-1.));
#6500 = PCURVE('',#2807,#6501);
#6501 = DEFINITIONAL_REPRESENTATION('',(#6502),#6505);
#6502 = B_SPLINE_CURVE_WITH_KNOTS('',1,(#6503,#6504),.UNSPECIFIED.,.F.,
  .F.,(2,2),(-44.32,-41.68),.PIECEWISE_BEZIER_KNOTS.);
#6503 = CARTESIAN_POINT('',(-4.422637278949,-44.32));
#6504 = CARTESIAN_POINT('',(-4.422637278949,-41.68));
#6505 = ( GEOMETRIC_REPRESENTATION_CONTEXT(2) 
PARAMETRIC_REPRESENTATION_CONTEXT() REPRESENTATION_CONTEXT('2D SPACE',''
  ) );
#6506 = PCURVE('',#6507,#6512);
#6507 = PLANE('',#6508);
#6508 = AXIS2_PLACEMENT_3D('',#6509,#6510,#6511);
#6509 = CARTESIAN_POINT('',(-6.,-20.,43.));
#6510 = DIRECTION('',(1.,0.,0.));
#6511 = DIRECTION('',(-0.,0.,1.));
#6512 = DEFINITIONAL_REPRESENTATION('',(#6513),#6516);
#6513 = B_SPLINE_CURVE_WITH_KNOTS('',1,(#6514,#6515),.UNSPECIFIED.,.F.,
  .F.,(2,2),(-44.32,-41.68),.PIECEWISE_BEZIER_KNOTS.);
#6514 = CARTESIAN_POINT('',(1.32,0.124611797498));
#6515 = CARTESIAN_POINT('',(-1.32,0.124611797498));
#6516 = ( GEOMETRIC_REPRESENTATION_CONTEXT(2) 
PARAMETRIC_REPRESENTATION_CONTEXT() REPRESENTATION_CONTEXT('2D SPACE',''
  ) );
#6517 = ADVANCED_FACE('',(#6518),#3000,.T.);
#6518 = FACE_BOUND('',#6519,.F.);
#6519 = EDGE_LOOP('',(#6520,#6543,#6544,#6545));
#6520 = ORIENTED_EDGE('',*,*,#6521,.T.);
#6521 = EDGE_CURVE('',#6522,#2984,#6524,.T.);
#6522 = VERTEX_POINT('',#6523);
#6523 = CARTESIAN_POINT('',(25.,0.,84.));
#6524 = SEAM_CURVE('',#6525,(#6529,#6536),.PCURVE_S1.);
#6525 = LINE('',#6526,#6527);
#6526 = CARTESIAN_POINT('',(25.,0.,84.));
#6527 = VECTOR('',#6528,1.);
#6528 = DIRECTION('',(0.,0.,1.));
#6529 = PCURVE('',#3000,#6530);
#6530 = DEFINITIONAL_REPRESENTATION('',(#6531),#6535);
#6531 = LINE('',#6532,#6533);
#6532 = CARTESIAN_POINT('',(-0.,0.));
#6533 = VECTOR('',#6534,1.);
#6534 = DIRECTION('',(-0.,-1.));
#6535 = ( GEOMETRIC_REPRESENTATION_CONTEXT(2) 
PARAMETRIC_REPRESENTATION_CONTEXT() REPRESENTATION_CONTEXT('2D SPACE',''
  ) );
#6536 = PCURVE('',#3000,#6537);
#6537 = DEFINITIONAL_REPRESENTATION('',(#6538),#6542);
#6538 = LINE('',#6539,#6540);
#6539 = CARTESIAN_POINT('',(-6.28318530718,0.));
#6540 = VECTOR('',#6541,1.);
#6541 = DIRECTION('',(-0.,-1.));
#6542 = ( GEOMETRIC_REPRESENTATION_CONTEXT(2) 
PARAMETRIC_REPRESENTATION_CONTEXT() REPRESENTATION_CONTEXT('2D SPACE',''
  ) );
#6543 = ORIENTED_EDGE('',*,*,#2983,.T.);
#6544 = ORIENTED_EDGE('',*,*,#6521,.F.);
#6545 = ORIENTED_EDGE('',*,*,#6546,.F.);
#6546 = EDGE_CURVE('',#6522,#6522,#6547,.T.);
#6547 = SURFACE_CURVE('',#6548,(#6553,#6560),.PCURVE_S1.);
#6548 = CIRCLE('',#6549,25.);
#6549 = AXIS2_PLACEMENT_3D('',#6550,#6551,#6552);
#6550 = CARTESIAN_POINT('',(0.,0.,84.));
#6551 = DIRECTION('',(0.,0.,1.));
#6552 = DIRECTION('',(1.,0.,0.));
#6553 = PCURVE('',#3000,#6554);
#6554 = DEFINITIONAL_REPRESENTATION('',(#6555),#6559);
#6555 = LINE('',#6556,#6557);
#6556 = CARTESIAN_POINT('',(-0.,0.));
#6557 = VECTOR('',#6558,1.);
#6558 = DIRECTION('',(-1.,0.));
#6559 = ( GEOMETRIC_REPRESENTATION_CONTEXT(2) 
PARAMETRIC_REPRESENTATION_CONTEXT() REPRESENTATION_CONTEXT('2D SPACE',''
  ) );
#6560 = PCURVE('',#4267,#6561);
#6561 = DEFINITIONAL_REPRESENTATION('',(#6562),#6566);
#6562 = CIRCLE('',#6563,25.);
#6563 = AXIS2_PLACEMENT_2D('',#6564,#6565);
#6564 = CARTESIAN_POINT('',(8.751616848252E-16,-1.604946055186E-15));
#6565 = DIRECTION('',(1.,0.));
#6566 = ( GEOMETRIC_REPRESENTATION_CONTEXT(2) 
PARAMETRIC_REPRESENTATION_CONTEXT() REPRESENTATION_CONTEXT('2D SPACE',''
  ) );
#6567 = ADVANCED_FACE('',(#6568),#3333,.F.);
#6568 = FACE_BOUND('',#6569,.F.);
#6569 = EDGE_LOOP('',(#6570,#6571,#6592,#6593));
#6570 = ORIENTED_EDGE('',*,*,#3316,.F.);
#6571 = ORIENTED_EDGE('',*,*,#6572,.T.);
#6572 = EDGE_CURVE('',#3317,#4688,#6573,.T.);
#6573 = SEAM_CURVE('',#6574,(#6578,#6585),.PCURVE_S1.);
#6574 = LINE('',#6575,#6576);
#6575 = CARTESIAN_POINT('',(-14.14213562373,15.242135623731,78.));
#6576 = VECTOR('',#6577,1.);
#6577 = DIRECTION('',(-1.,-0.,-0.));
#6578 = PCURVE('',#3333,#6579);
#6579 = DEFINITIONAL_REPRESENTATION('',(#6580),#6584);
#6580 = LINE('',#6581,#6582);
#6581 = CARTESIAN_POINT('',(6.28318530718,0.));
#6582 = VECTOR('',#6583,1.);
#6583 = DIRECTION('',(0.,-1.));
#6584 = ( GEOMETRIC_REPRESENTATION_CONTEXT(2) 
PARAMETRIC_REPRESENTATION_CONTEXT() REPRESENTATION_CONTEXT('2D SPACE',''
  ) );
#6585 = PCURVE('',#3333,#6586);
#6586 = DEFINITIONAL_REPRESENTATION('',(#6587),#6591);
#6587 = LINE('',#6588,#6589);
#6588 = CARTESIAN_POINT('',(0.,0.));
#6589 = VECTOR('',#6590,1.);
#6590 = DIRECTION('',(0.,-1.));
#6591 = ( GEOMETRIC_REPRESENTATION_CONTEXT(2) 
PARAMETRIC_REPRESENTATION_CONTEXT() REPRESENTATION_CONTEXT('2D SPACE',''
  ) );
#6592 = ORIENTED_EDGE('',*,*,#4687,.T.);
#6593 = ORIENTED_EDGE('',*,*,#6572,.F.);
#6594 = ADVANCED_FACE('',(#6595),#4023,.F.);
#6595 = FACE_BOUND('',#6596,.F.);
#6596 = EDGE_LOOP('',(#6597,#6598,#6619,#6620));
#6597 = ORIENTED_EDGE('',*,*,#4006,.F.);
#6598 = ORIENTED_EDGE('',*,*,#6599,.T.);
#6599 = EDGE_CURVE('',#4007,#5528,#6600,.T.);
#6600 = SEAM_CURVE('',#6601,(#6605,#6612),.PCURVE_S1.);
#6601 = LINE('',#6602,#6603);
#6602 = CARTESIAN_POINT('',(-14.14213562373,15.242135623731,22.));
#6603 = VECTOR('',#6604,1.);
#6604 = DIRECTION('',(-1.,-0.,-0.));
#6605 = PCURVE('',#4023,#6606);
#6606 = DEFINITIONAL_REPRESENTATION('',(#6607),#6611);
#6607 = LINE('',#6608,#6609);
#6608 = CARTESIAN_POINT('',(6.28318530718,0.));
#6609 = VECTOR('',#6610,1.);
#6610 = DIRECTION('',(0.,-1.));
#6611 = ( GEOMETRIC_REPRESENTATION_CONTEXT(2) 
PARAMETRIC_REPRESENTATION_CONTEXT() REPRESENTATION_CONTEXT('2D SPACE',''
  ) );
#6612 = PCURVE('',#4023,#6613);
#6613 = DEFINITIONAL_REPRESENTATION('',(#6614),#6618);
#6614 = LINE('',#6615,#6616);
#6615 = CARTESIAN_POINT('',(0.,0.));
#6616 = VECTOR('',#6617,1.);
#6617 = DIRECTION('',(0.,-1.));
#6618 = ( GEOMETRIC_REPRESENTATION_CONTEXT(2) 
PARAMETRIC_REPRESENTATION_CONTEXT() REPRESENTATION_CONTEXT('2D SPACE',''
  ) );
#6619 = ORIENTED_EDGE('',*,*,#5527,.T.);
#6620 = ORIENTED_EDGE('',*,*,#6599,.F.);
#6621 = ADVANCED_FACE('',(#6622),#4078,.F.);
#6622 = FACE_BOUND('',#6623,.F.);
#6623 = EDGE_LOOP('',(#6624,#6625,#6646,#6647));
#6624 = ORIENTED_EDGE('',*,*,#4061,.F.);
#6625 = ORIENTED_EDGE('',*,*,#6626,.T.);
#6626 = EDGE_CURVE('',#4062,#5805,#6627,.T.);
#6627 = SEAM_CURVE('',#6628,(#6632,#6639),.PCURVE_S1.);
#6628 = LINE('',#6629,#6630);
#6629 = CARTESIAN_POINT('',(-14.14213562373,-13.04213562373,36.));
#6630 = VECTOR('',#6631,1.);
#6631 = DIRECTION('',(-1.,-0.,-0.));
#6632 = PCURVE('',#4078,#6633);
#6633 = DEFINITIONAL_REPRESENTATION('',(#6634),#6638);
#6634 = LINE('',#6635,#6636);
#6635 = CARTESIAN_POINT('',(6.28318530718,0.));
#6636 = VECTOR('',#6637,1.);
#6637 = DIRECTION('',(0.,-1.));
#6638 = ( GEOMETRIC_REPRESENTATION_CONTEXT(2) 
PARAMETRIC_REPRESENTATION_CONTEXT() REPRESENTATION_CONTEXT('2D SPACE',''
  ) );
#6639 = PCURVE('',#4078,#6640);
#6640 = DEFINITIONAL_REPRESENTATION('',(#6641),#6645);
#6641 = LINE('',#6642,#6643);
#6642 = CARTESIAN_POINT('',(0.,0.));
#6643 = VECTOR('',#6644,1.);
#6644 = DIRECTION('',(0.,-1.));
#6645 = ( GEOMETRIC_REPRESENTATION_CONTEXT(2) 
PARAMETRIC_REPRESENTATION_CONTEXT() REPRESENTATION_CONTEXT('2D SPACE',''
  ) );
#6646 = ORIENTED_EDGE('',*,*,#5804,.T.);
#6647 = ORIENTED_EDGE('',*,*,#6626,.F.);
#6648 = ADVANCED_FACE('',(#6649),#4133,.F.);
#6649 = FACE_BOUND('',#6650,.F.);
#6650 = EDGE_LOOP('',(#6651,#6652,#6673,#6674));
#6651 = ORIENTED_EDGE('',*,*,#4116,.F.);
#6652 = ORIENTED_EDGE('',*,*,#6653,.T.);
#6653 = EDGE_CURVE('',#4117,#4968,#6654,.T.);
#6654 = SEAM_CURVE('',#6655,(#6659,#6666),.PCURVE_S1.);
#6655 = LINE('',#6656,#6657);
#6656 = CARTESIAN_POINT('',(-20.,1.1,29.));
#6657 = VECTOR('',#6658,1.);
#6658 = DIRECTION('',(-1.,-0.,-0.));
#6659 = PCURVE('',#4133,#6660);
#6660 = DEFINITIONAL_REPRESENTATION('',(#6661),#6665);
#6661 = LINE('',#6662,#6663);
#6662 = CARTESIAN_POINT('',(6.28318530718,0.));
#6663 = VECTOR('',#6664,1.);
#6664 = DIRECTION('',(0.,-1.));
#6665 = ( GEOMETRIC_REPRESENTATION_CONTEXT(2) 
PARAMETRIC_REPRESENTATION_CONTEXT() REPRESENTATION_CONTEXT('2D SPACE',''
  ) );
#6666 = PCURVE('',#4133,#6667);
#6667 = DEFINITIONAL_REPRESENTATION('',(#6668),#6672);
#6668 = LINE('',#6669,#6670);
#6669 = CARTESIAN_POINT('',(0.,0.));
#6670 = VECTOR('',#6671,1.);
#6671 = DIRECTION('',(0.,-1.));
#6672 = ( GEOMETRIC_REPRESENTATION_CONTEXT(2) 
PARAMETRIC_REPRESENTATION_CONTEXT() REPRESENTATION_CONTEXT('2D SPACE',''
  ) );
#6673 = ORIENTED_EDGE('',*,*,#4967,.T.);
#6674 = ORIENTED_EDGE('',*,*,#6653,.F.);
#6675 = ADVANCED_FACE('',(#6676,#6679),#4267,.F.);
#6676 = FACE_BOUND('',#6677,.F.);
#6677 = EDGE_LOOP('',(#6678));
#6678 = ORIENTED_EDGE('',*,*,#6546,.T.);
#6679 = FACE_BOUND('',#6680,.F.);
#6680 = EDGE_LOOP('',(#6681));
#6681 = ORIENTED_EDGE('',*,*,#4252,.T.);
#6682 = ADVANCED_FACE('',(#6683),#4346,.F.);
#6683 = FACE_BOUND('',#6684,.F.);
#6684 = EDGE_LOOP('',(#6685,#6707,#6708,#6730));
#6685 = ORIENTED_EDGE('',*,*,#6686,.F.);
#6686 = EDGE_CURVE('',#4291,#4493,#6687,.T.);
#6687 = SURFACE_CURVE('',#6688,(#6693,#6700),.PCURVE_S1.);
#6688 = CIRCLE('',#6689,1.1);
#6689 = AXIS2_PLACEMENT_3D('',#6690,#6691,#6692);
#6690 = CARTESIAN_POINT('',(6.123233995737E-15,20.,71.));
#6691 = DIRECTION('',(1.,0.,0.));
#6692 = DIRECTION('',(0.,1.,0.));
#6693 = PCURVE('',#4346,#6694);
#6694 = DEFINITIONAL_REPRESENTATION('',(#6695),#6699);
#6695 = LINE('',#6696,#6697);
#6696 = CARTESIAN_POINT('',(0.,0.));
#6697 = VECTOR('',#6698,1.);
#6698 = DIRECTION('',(1.,0.));
#6699 = ( GEOMETRIC_REPRESENTATION_CONTEXT(2) 
PARAMETRIC_REPRESENTATION_CONTEXT() REPRESENTATION_CONTEXT('2D SPACE',''
  ) );
#6700 = PCURVE('',#4434,#6701);
#6701 = DEFINITIONAL_REPRESENTATION('',(#6702),#6706);
#6702 = LINE('',#6703,#6704);
#6703 = CARTESIAN_POINT('',(-0.,0.));
#6704 = VECTOR('',#6705,1.);
#6705 = DIRECTION('',(-1.,0.));
#6706 = ( GEOMETRIC_REPRESENTATION_CONTEXT(2) 
PARAMETRIC_REPRESENTATION_CONTEXT() REPRESENTATION_CONTEXT('2D SPACE',''
  ) );
#6707 = ORIENTED_EDGE('',*,*,#4288,.F.);
#6708 = ORIENTED_EDGE('',*,*,#6709,.T.);
#6709 = EDGE_CURVE('',#4289,#4576,#6710,.T.);
#6710 = SURFACE_CURVE('',#6711,(#6716,#6723),.PCURVE_S1.);
#6711 = CIRCLE('',#6712,1.1);
#6712 = AXIS2_PLACEMENT_3D('',#6713,#6714,#6715);
#6713 = CARTESIAN_POINT('',(-6.,20.,71.));
#6714 = DIRECTION('',(1.,0.,0.));
#6715 = DIRECTION('',(0.,1.,0.));
#6716 = PCURVE('',#4346,#6717);
#6717 = DEFINITIONAL_REPRESENTATION('',(#6718),#6722);
#6718 = LINE('',#6719,#6720);
#6719 = CARTESIAN_POINT('',(0.,-6.));
#6720 = VECTOR('',#6721,1.);
#6721 = DIRECTION('',(1.,0.));
#6722 = ( GEOMETRIC_REPRESENTATION_CONTEXT(2) 
PARAMETRIC_REPRESENTATION_CONTEXT() REPRESENTATION_CONTEXT('2D SPACE',''
  ) );
#6723 = PCURVE('',#4671,#6724);
#6724 = DEFINITIONAL_REPRESENTATION('',(#6725),#6729);
#6725 = CIRCLE('',#6726,1.1);
#6726 = AXIS2_PLACEMENT_2D('',#6727,#6728);
#6727 = CARTESIAN_POINT('',(0.,0.));
#6728 = DIRECTION('',(0.,-1.));
#6729 = ( GEOMETRIC_REPRESENTATION_CONTEXT(2) 
PARAMETRIC_REPRESENTATION_CONTEXT() REPRESENTATION_CONTEXT('2D SPACE',''
  ) );
#6730 = ORIENTED_EDGE('',*,*,#4575,.F.);
#6731 = ADVANCED_FACE('',(#6732),#4671,.T.);
#6732 = FACE_BOUND('',#6733,.T.);
#6733 = EDGE_LOOP('',(#6734,#6735));
#6734 = ORIENTED_EDGE('',*,*,#4658,.F.);
#6735 = ORIENTED_EDGE('',*,*,#6709,.T.);
#6736 = ADVANCED_FACE('',(#6737),#4434,.F.);
#6737 = FACE_BOUND('',#6738,.T.);
#6738 = EDGE_LOOP('',(#6739,#6740,#6741,#6763));
#6739 = ORIENTED_EDGE('',*,*,#6686,.F.);
#6740 = ORIENTED_EDGE('',*,*,#4378,.T.);
#6741 = ORIENTED_EDGE('',*,*,#6742,.T.);
#6742 = EDGE_CURVE('',#4379,#4467,#6743,.T.);
#6743 = SURFACE_CURVE('',#6744,(#6749,#6756),.PCURVE_S1.);
#6744 = CIRCLE('',#6745,1.1);
#6745 = AXIS2_PLACEMENT_3D('',#6746,#6747,#6748);
#6746 = CARTESIAN_POINT('',(6.,20.,71.));
#6747 = DIRECTION('',(1.,0.,0.));
#6748 = DIRECTION('',(0.,1.,0.));
#6749 = PCURVE('',#4434,#6750);
#6750 = DEFINITIONAL_REPRESENTATION('',(#6751),#6755);
#6751 = LINE('',#6752,#6753);
#6752 = CARTESIAN_POINT('',(-0.,-6.));
#6753 = VECTOR('',#6754,1.);
#6754 = DIRECTION('',(-1.,0.));
#6755 = ( GEOMETRIC_REPRESENTATION_CONTEXT(2) 
PARAMETRIC_REPRESENTATION_CONTEXT() REPRESENTATION_CONTEXT('2D SPACE',''
  ) );
#6756 = PCURVE('',#4481,#6757);
#6757 = DEFINITIONAL_REPRESENTATION('',(#6758),#6762);
#6758 = CIRCLE('',#6759,1.1);
#6759 = AXIS2_PLACEMENT_2D('',#6760,#6761);
#6760 = CARTESIAN_POINT('',(0.,0.));
#6761 = DIRECTION('',(0.,-1.));
#6762 = ( GEOMETRIC_REPRESENTATION_CONTEXT(2) 
PARAMETRIC_REPRESENTATION_CONTEXT() REPRESENTATION_CONTEXT('2D SPACE',''
  ) );
#6763 = ORIENTED_EDGE('',*,*,#4492,.T.);
#6764 = ADVANCED_FACE('',(#6765),#4481,.F.);
#6765 = FACE_BOUND('',#6766,.F.);
#6766 = EDGE_LOOP('',(#6767,#6768));
#6767 = ORIENTED_EDGE('',*,*,#4466,.F.);
#6768 = ORIENTED_EDGE('',*,*,#6742,.T.);
#6769 = ADVANCED_FACE('',(#6770),#5194,.F.);
#6770 = FACE_BOUND('',#6771,.F.);
#6771 = EDGE_LOOP('',(#6772,#6773,#6774,#6796,#6797,#6798));
#6772 = ORIENTED_EDGE('',*,*,#5418,.F.);
#6773 = ORIENTED_EDGE('',*,*,#5335,.F.);
#6774 = ORIENTED_EDGE('',*,*,#6775,.F.);
#6775 = EDGE_CURVE('',#5227,#5310,#6776,.T.);
#6776 = SURFACE_CURVE('',#6777,(#6782,#6789),.PCURVE_S1.);
#6777 = CIRCLE('',#6778,1.1);
#6778 = AXIS2_PLACEMENT_3D('',#6779,#6780,#6781);
#6779 = CARTESIAN_POINT('',(6.,20.,15.));
#6780 = DIRECTION('',(1.,0.,0.));
#6781 = DIRECTION('',(0.,1.,0.));
#6782 = PCURVE('',#5194,#6783);
#6783 = DEFINITIONAL_REPRESENTATION('',(#6784),#6788);
#6784 = LINE('',#6785,#6786);
#6785 = CARTESIAN_POINT('',(-0.,6.));
#6786 = VECTOR('',#6787,1.);
#6787 = DIRECTION('',(1.,-0.));
#6788 = ( GEOMETRIC_REPRESENTATION_CONTEXT(2) 
PARAMETRIC_REPRESENTATION_CONTEXT() REPRESENTATION_CONTEXT('2D SPACE',''
  ) );
#6789 = PCURVE('',#5324,#6790);
#6790 = DEFINITIONAL_REPRESENTATION('',(#6791),#6795);
#6791 = CIRCLE('',#6792,1.1);
#6792 = AXIS2_PLACEMENT_2D('',#6793,#6794);
#6793 = CARTESIAN_POINT('',(-1.7763568394E-15,0.));
#6794 = DIRECTION('',(0.,-1.));
#6795 = ( GEOMETRIC_REPRESENTATION_CONTEXT(2) 
PARAMETRIC_REPRESENTATION_CONTEXT() REPRESENTATION_CONTEXT('2D SPACE',''
  ) );
#6796 = ORIENTED_EDGE('',*,*,#5226,.F.);
#6797 = ORIENTED_EDGE('',*,*,#5136,.F.);
#6798 = ORIENTED_EDGE('',*,*,#6799,.T.);
#6799 = EDGE_CURVE('',#5137,#5419,#6800,.T.);
#6800 = SURFACE_CURVE('',#6801,(#6806,#6813),.PCURVE_S1.);
#6801 = CIRCLE('',#6802,1.1);
#6802 = AXIS2_PLACEMENT_3D('',#6803,#6804,#6805);
#6803 = CARTESIAN_POINT('',(-6.,20.,15.));
#6804 = DIRECTION('',(1.,0.,0.));
#6805 = DIRECTION('',(0.,1.,0.));
#6806 = PCURVE('',#5194,#6807);
#6807 = DEFINITIONAL_REPRESENTATION('',(#6808),#6812);
#6808 = LINE('',#6809,#6810);
#6809 = CARTESIAN_POINT('',(0.,-6.));
#6810 = VECTOR('',#6811,1.);
#6811 = DIRECTION('',(1.,0.));
#6812 = ( GEOMETRIC_REPRESENTATION_CONTEXT(2) 
PARAMETRIC_REPRESENTATION_CONTEXT() REPRESENTATION_CONTEXT('2D SPACE',''
  ) );
#6813 = PCURVE('',#5514,#6814);
#6814 = DEFINITIONAL_REPRESENTATION('',(#6815),#6819);
#6815 = CIRCLE('',#6816,1.1);
#6816 = AXIS2_PLACEMENT_2D('',#6817,#6818);
#6817 = CARTESIAN_POINT('',(-1.7763568394E-15,0.));
#6818 = DIRECTION('',(0.,-1.));
#6819 = ( GEOMETRIC_REPRESENTATION_CONTEXT(2) 
PARAMETRIC_REPRESENTATION_CONTEXT() REPRESENTATION_CONTEXT('2D SPACE',''
  ) );
#6820 = ADVANCED_FACE('',(#6821),#5514,.T.);
#6821 = FACE_BOUND('',#6822,.T.);
#6822 = EDGE_LOOP('',(#6823,#6824));
#6823 = ORIENTED_EDGE('',*,*,#5501,.F.);
#6824 = ORIENTED_EDGE('',*,*,#6799,.T.);
#6825 = ADVANCED_FACE('',(#6826),#5324,.F.);
#6826 = FACE_BOUND('',#6827,.F.);
#6827 = EDGE_LOOP('',(#6828,#6829));
#6828 = ORIENTED_EDGE('',*,*,#5309,.F.);
#6829 = ORIENTED_EDGE('',*,*,#6775,.T.);
#6830 = ADVANCED_FACE('',(#6831),#6172,.F.);
#6831 = FACE_BOUND('',#6832,.F.);
#6832 = EDGE_LOOP('',(#6833,#6858,#6880,#6881));
#6833 = ORIENTED_EDGE('',*,*,#6834,.F.);
#6834 = EDGE_CURVE('',#6835,#6837,#6839,.T.);
#6835 = VERTEX_POINT('',#6836);
#6836 = CARTESIAN_POINT('',(-3.673940397442E-15,-18.9,43.));
#6837 = VERTEX_POINT('',#6838);
#6838 = CARTESIAN_POINT('',(-6.,-18.9,43.));
#6839 = SURFACE_CURVE('',#6840,(#6844,#6851),.PCURVE_S1.);
#6840 = LINE('',#6841,#6842);
#6841 = CARTESIAN_POINT('',(-3.673940397442E-15,-18.9,43.));
#6842 = VECTOR('',#6843,1.);
#6843 = DIRECTION('',(-1.,-0.,-0.));
#6844 = PCURVE('',#6172,#6845);
#6845 = DEFINITIONAL_REPRESENTATION('',(#6846),#6850);
#6846 = LINE('',#6847,#6848);
#6847 = CARTESIAN_POINT('',(6.28318530718,0.));
#6848 = VECTOR('',#6849,1.);
#6849 = DIRECTION('',(0.,-1.));
#6850 = ( GEOMETRIC_REPRESENTATION_CONTEXT(2) 
PARAMETRIC_REPRESENTATION_CONTEXT() REPRESENTATION_CONTEXT('2D SPACE',''
  ) );
#6851 = PCURVE('',#6462,#6852);
#6852 = DEFINITIONAL_REPRESENTATION('',(#6853),#6857);
#6853 = LINE('',#6854,#6855);
#6854 = CARTESIAN_POINT('',(0.,0.));
#6855 = VECTOR('',#6856,1.);
#6856 = DIRECTION('',(0.,-1.));
#6857 = ( GEOMETRIC_REPRESENTATION_CONTEXT(2) 
PARAMETRIC_REPRESENTATION_CONTEXT() REPRESENTATION_CONTEXT('2D SPACE',''
  ) );
#6858 = ORIENTED_EDGE('',*,*,#6859,.F.);
#6859 = EDGE_CURVE('',#6117,#6835,#6860,.T.);
#6860 = SURFACE_CURVE('',#6861,(#6866,#6873),.PCURVE_S1.);
#6861 = CIRCLE('',#6862,1.1);
#6862 = AXIS2_PLACEMENT_3D('',#6863,#6864,#6865);
#6863 = CARTESIAN_POINT('',(-3.673940397442E-15,-20.,43.));
#6864 = DIRECTION('',(1.,0.,0.));
#6865 = DIRECTION('',(0.,1.,0.));
#6866 = PCURVE('',#6172,#6867);
#6867 = DEFINITIONAL_REPRESENTATION('',(#6868),#6872);
#6868 = LINE('',#6869,#6870);
#6869 = CARTESIAN_POINT('',(0.,0.));
#6870 = VECTOR('',#6871,1.);
#6871 = DIRECTION('',(1.,0.));
#6872 = ( GEOMETRIC_REPRESENTATION_CONTEXT(2) 
PARAMETRIC_REPRESENTATION_CONTEXT() REPRESENTATION_CONTEXT('2D SPACE',''
  ) );
#6873 = PCURVE('',#6260,#6874);
#6874 = DEFINITIONAL_REPRESENTATION('',(#6875),#6879);
#6875 = LINE('',#6876,#6877);
#6876 = CARTESIAN_POINT('',(-0.,0.));
#6877 = VECTOR('',#6878,1.);
#6878 = DIRECTION('',(-1.,0.));
#6879 = ( GEOMETRIC_REPRESENTATION_CONTEXT(2) 
PARAMETRIC_REPRESENTATION_CONTEXT() REPRESENTATION_CONTEXT('2D SPACE',''
  ) );
#6880 = ORIENTED_EDGE('',*,*,#6114,.F.);
#6881 = ORIENTED_EDGE('',*,*,#6882,.T.);
#6882 = EDGE_CURVE('',#6115,#6837,#6883,.T.);
#6883 = SURFACE_CURVE('',#6884,(#6889,#6896),.PCURVE_S1.);
#6884 = CIRCLE('',#6885,1.1);
#6885 = AXIS2_PLACEMENT_3D('',#6886,#6887,#6888);
#6886 = CARTESIAN_POINT('',(-6.,-20.,43.));
#6887 = DIRECTION('',(1.,0.,0.));
#6888 = DIRECTION('',(0.,1.,0.));
#6889 = PCURVE('',#6172,#6890);
#6890 = DEFINITIONAL_REPRESENTATION('',(#6891),#6895);
#6891 = LINE('',#6892,#6893);
#6892 = CARTESIAN_POINT('',(0.,-6.));
#6893 = VECTOR('',#6894,1.);
#6894 = DIRECTION('',(1.,0.));
#6895 = ( GEOMETRIC_REPRESENTATION_CONTEXT(2) 
PARAMETRIC_REPRESENTATION_CONTEXT() REPRESENTATION_CONTEXT('2D SPACE',''
  ) );
#6896 = PCURVE('',#6507,#6897);
#6897 = DEFINITIONAL_REPRESENTATION('',(#6898),#6902);
#6898 = CIRCLE('',#6899,1.1);
#6899 = AXIS2_PLACEMENT_2D('',#6900,#6901);
#6900 = CARTESIAN_POINT('',(0.,0.));
#6901 = DIRECTION('',(0.,-1.));
#6902 = ( GEOMETRIC_REPRESENTATION_CONTEXT(2) 
PARAMETRIC_REPRESENTATION_CONTEXT() REPRESENTATION_CONTEXT('2D SPACE',''
  ) );
#6903 = ADVANCED_FACE('',(#6904),#6507,.T.);
#6904 = FACE_BOUND('',#6905,.T.);
#6905 = EDGE_LOOP('',(#6906,#6907,#6929));
#6906 = ORIENTED_EDGE('',*,*,#6882,.T.);
#6907 = ORIENTED_EDGE('',*,*,#6908,.T.);
#6908 = EDGE_CURVE('',#6837,#6407,#6909,.T.);
#6909 = SURFACE_CURVE('',#6910,(#6915,#6922),.PCURVE_S1.);
#6910 = CIRCLE('',#6911,1.1);
#6911 = AXIS2_PLACEMENT_3D('',#6912,#6913,#6914);
#6912 = CARTESIAN_POINT('',(-6.,-20.,43.));
#6913 = DIRECTION('',(1.,0.,0.));
#6914 = DIRECTION('',(0.,1.,0.));
#6915 = PCURVE('',#6507,#6916);
#6916 = DEFINITIONAL_REPRESENTATION('',(#6917),#6921);
#6917 = CIRCLE('',#6918,1.1);
#6918 = AXIS2_PLACEMENT_2D('',#6919,#6920);
#6919 = CARTESIAN_POINT('',(0.,0.));
#6920 = DIRECTION('',(0.,-1.));
#6921 = ( GEOMETRIC_REPRESENTATION_CONTEXT(2) 
PARAMETRIC_REPRESENTATION_CONTEXT() REPRESENTATION_CONTEXT('2D SPACE',''
  ) );
#6922 = PCURVE('',#6462,#6923);
#6923 = DEFINITIONAL_REPRESENTATION('',(#6924),#6928);
#6924 = LINE('',#6925,#6926);
#6925 = CARTESIAN_POINT('',(0.,-6.));
#6926 = VECTOR('',#6927,1.);
#6927 = DIRECTION('',(1.,0.));
#6928 = ( GEOMETRIC_REPRESENTATION_CONTEXT(2) 
PARAMETRIC_REPRESENTATION_CONTEXT() REPRESENTATION_CONTEXT('2D SPACE',''
  ) );
#6929 = ORIENTED_EDGE('',*,*,#6494,.T.);
#6930 = ADVANCED_FACE('',(#6931),#6260,.F.);
#6931 = FACE_BOUND('',#6932,.T.);
#6932 = EDGE_LOOP('',(#6933,#6956,#6957,#6958));
#6933 = ORIENTED_EDGE('',*,*,#6934,.F.);
#6934 = EDGE_CURVE('',#6835,#6935,#6937,.T.);
#6935 = VERTEX_POINT('',#6936);
#6936 = CARTESIAN_POINT('',(6.,-18.9,43.));
#6937 = SURFACE_CURVE('',#6938,(#6942,#6949),.PCURVE_S1.);
#6938 = LINE('',#6939,#6940);
#6939 = CARTESIAN_POINT('',(-3.673940397442E-15,-18.9,43.));
#6940 = VECTOR('',#6941,1.);
#6941 = DIRECTION('',(1.,0.,0.));
#6942 = PCURVE('',#6260,#6943);
#6943 = DEFINITIONAL_REPRESENTATION('',(#6944),#6948);
#6944 = LINE('',#6945,#6946);
#6945 = CARTESIAN_POINT('',(-6.28318530718,0.));
#6946 = VECTOR('',#6947,1.);
#6947 = DIRECTION('',(-0.,-1.));
#6948 = ( GEOMETRIC_REPRESENTATION_CONTEXT(2) 
PARAMETRIC_REPRESENTATION_CONTEXT() REPRESENTATION_CONTEXT('2D SPACE',''
  ) );
#6949 = PCURVE('',#6374,#6950);
#6950 = DEFINITIONAL_REPRESENTATION('',(#6951),#6955);
#6951 = LINE('',#6952,#6953);
#6952 = CARTESIAN_POINT('',(-0.,0.));
#6953 = VECTOR('',#6954,1.);
#6954 = DIRECTION('',(-0.,-1.));
#6955 = ( GEOMETRIC_REPRESENTATION_CONTEXT(2) 
PARAMETRIC_REPRESENTATION_CONTEXT() REPRESENTATION_CONTEXT('2D SPACE',''
  ) );
#6956 = ORIENTED_EDGE('',*,*,#6859,.F.);
#6957 = ORIENTED_EDGE('',*,*,#6204,.T.);
#6958 = ORIENTED_EDGE('',*,*,#6959,.T.);
#6959 = EDGE_CURVE('',#6205,#6935,#6960,.T.);
#6960 = SURFACE_CURVE('',#6961,(#6966,#6973),.PCURVE_S1.);
#6961 = CIRCLE('',#6962,1.1);
#6962 = AXIS2_PLACEMENT_3D('',#6963,#6964,#6965);
#6963 = CARTESIAN_POINT('',(6.,-20.,43.));
#6964 = DIRECTION('',(1.,0.,0.));
#6965 = DIRECTION('',(0.,1.,0.));
#6966 = PCURVE('',#6260,#6967);
#6967 = DEFINITIONAL_REPRESENTATION('',(#6968),#6972);
#6968 = LINE('',#6969,#6970);
#6969 = CARTESIAN_POINT('',(-0.,-6.));
#6970 = VECTOR('',#6971,1.);
#6971 = DIRECTION('',(-1.,0.));
#6972 = ( GEOMETRIC_REPRESENTATION_CONTEXT(2) 
PARAMETRIC_REPRESENTATION_CONTEXT() REPRESENTATION_CONTEXT('2D SPACE',''
  ) );
#6973 = PCURVE('',#6307,#6974);
#6974 = DEFINITIONAL_REPRESENTATION('',(#6975),#6979);
#6975 = CIRCLE('',#6976,1.1);
#6976 = AXIS2_PLACEMENT_2D('',#6977,#6978);
#6977 = CARTESIAN_POINT('',(0.,0.));
#6978 = DIRECTION('',(0.,-1.));
#6979 = ( GEOMETRIC_REPRESENTATION_CONTEXT(2) 
PARAMETRIC_REPRESENTATION_CONTEXT() REPRESENTATION_CONTEXT('2D SPACE',''
  ) );
#6980 = ADVANCED_FACE('',(#6981),#6462,.F.);
#6981 = FACE_BOUND('',#6982,.F.);
#6982 = EDGE_LOOP('',(#6983,#7005,#7006,#7007));
#6983 = ORIENTED_EDGE('',*,*,#6984,.F.);
#6984 = EDGE_CURVE('',#6835,#6319,#6985,.T.);
#6985 = SURFACE_CURVE('',#6986,(#6991,#6998),.PCURVE_S1.);
#6986 = CIRCLE('',#6987,1.1);
#6987 = AXIS2_PLACEMENT_3D('',#6988,#6989,#6990);
#6988 = CARTESIAN_POINT('',(-3.673940397442E-15,-20.,43.));
#6989 = DIRECTION('',(1.,0.,0.));
#6990 = DIRECTION('',(0.,1.,0.));
#6991 = PCURVE('',#6462,#6992);
#6992 = DEFINITIONAL_REPRESENTATION('',(#6993),#6997);
#6993 = LINE('',#6994,#6995);
#6994 = CARTESIAN_POINT('',(0.,0.));
#6995 = VECTOR('',#6996,1.);
#6996 = DIRECTION('',(1.,0.));
#6997 = ( GEOMETRIC_REPRESENTATION_CONTEXT(2) 
PARAMETRIC_REPRESENTATION_CONTEXT() REPRESENTATION_CONTEXT('2D SPACE',''
  ) );
#6998 = PCURVE('',#6374,#6999);
#6999 = DEFINITIONAL_REPRESENTATION('',(#7000),#7004);
#7000 = LINE('',#7001,#7002);
#7001 = CARTESIAN_POINT('',(-0.,0.));
#7002 = VECTOR('',#7003,1.);
#7003 = DIRECTION('',(-1.,0.));
#7004 = ( GEOMETRIC_REPRESENTATION_CONTEXT(2) 
PARAMETRIC_REPRESENTATION_CONTEXT() REPRESENTATION_CONTEXT('2D SPACE',''
  ) );
#7005 = ORIENTED_EDGE('',*,*,#6834,.T.);
#7006 = ORIENTED_EDGE('',*,*,#6908,.T.);
#7007 = ORIENTED_EDGE('',*,*,#6406,.F.);
#7008 = ADVANCED_FACE('',(#7009),#6307,.F.);
#7009 = FACE_BOUND('',#7010,.F.);
#7010 = EDGE_LOOP('',(#7011,#7012,#7034));
#7011 = ORIENTED_EDGE('',*,*,#6959,.T.);
#7012 = ORIENTED_EDGE('',*,*,#7013,.T.);
#7013 = EDGE_CURVE('',#6935,#6293,#7014,.T.);
#7014 = SURFACE_CURVE('',#7015,(#7020,#7027),.PCURVE_S1.);
#7015 = CIRCLE('',#7016,1.1);
#7016 = AXIS2_PLACEMENT_3D('',#7017,#7018,#7019);
#7017 = CARTESIAN_POINT('',(6.,-20.,43.));
#7018 = DIRECTION('',(1.,0.,0.));
#7019 = DIRECTION('',(0.,1.,0.));
#7020 = PCURVE('',#6307,#7021);
#7021 = DEFINITIONAL_REPRESENTATION('',(#7022),#7026);
#7022 = CIRCLE('',#7023,1.1);
#7023 = AXIS2_PLACEMENT_2D('',#7024,#7025);
#7024 = CARTESIAN_POINT('',(0.,0.));
#7025 = DIRECTION('',(0.,-1.));
#7026 = ( GEOMETRIC_REPRESENTATION_CONTEXT(2) 
PARAMETRIC_REPRESENTATION_CONTEXT() REPRESENTATION_CONTEXT('2D SPACE',''
  ) );
#7027 = PCURVE('',#6374,#7028);
#7028 = DEFINITIONAL_REPRESENTATION('',(#7029),#7033);
#7029 = LINE('',#7030,#7031);
#7030 = CARTESIAN_POINT('',(-0.,-6.));
#7031 = VECTOR('',#7032,1.);
#7032 = DIRECTION('',(-1.,0.));
#7033 = ( GEOMETRIC_REPRESENTATION_CONTEXT(2) 
PARAMETRIC_REPRESENTATION_CONTEXT() REPRESENTATION_CONTEXT('2D SPACE',''
  ) );
#7034 = ORIENTED_EDGE('',*,*,#6292,.T.);
#7035 = ADVANCED_FACE('',(#7036),#6374,.F.);
#7036 = FACE_BOUND('',#7037,.T.);
#7037 = EDGE_LOOP('',(#7038,#7039,#7040,#7041));
#7038 = ORIENTED_EDGE('',*,*,#6984,.F.);
#7039 = ORIENTED_EDGE('',*,*,#6934,.T.);
#7040 = ORIENTED_EDGE('',*,*,#7013,.T.);
#7041 = ORIENTED_EDGE('',*,*,#6318,.T.);
#7042 = ( GEOMETRIC_REPRESENTATION_CONTEXT(3) 
GLOBAL_UNCERTAINTY_ASSIGNED_CONTEXT((#7046)) 
GLOBAL_UNIT_ASSIGNED_CONTEXT((#7043,#7044,#7045)) REPRESENTATION_CONTEXT
('Context #1','3D Context with UNIT and UNCERTAINTY') );
#7043 = ( LENGTH_UNIT() NAMED_UNIT(*) SI_UNIT(.MILLI.,.METRE.) );
#7044 = ( NAMED_UNIT(*) PLANE_ANGLE_UNIT() SI_UNIT($,.RADIAN.) );
#7045 = ( NAMED_UNIT(*) SI_UNIT($,.STERADIAN.) SOLID_ANGLE_UNIT() );
#7046 = UNCERTAINTY_MEASURE_WITH_UNIT(LENGTH_MEASURE(1.E-07),#7043,
  'distance_accuracy_value','confusion accuracy');
#7047 = PRODUCT_RELATED_PRODUCT_CATEGORY('part',$,(#7));
ENDSEC;
END-ISO-10303-21;
