ISO-10303-21;
HEADER;
FILE_DESCRIPTION(('Open CASCADE Model'),'2;1');
FILE_NAME('Open CASCADE Shape Model','2000-01-01T00:00:00',('Author'),(
    'Open CASCADE'),'Open CASCADE STEP processor 7.9','Open CASCADE 7.9'
  ,'Unknown');
FILE_SCHEMA(('AUTOMOTIVE_DESIGN { 1 0 10303 214 1 1 1 1 }'));
ENDSEC;
DATA;
#1 = APPLICATION_PROTOCOL_DEFINITION('international standard',
  'automotive_design',2000,#2);
#2 = APPLICATION_CONTEXT(
  'core data for automotive mechanical design processes');
#3 = SHAPE_DEFINITION_REPRESENTATION(#4,#10);
#4 = PRODUCT_DEFINITION_SHAPE('','',#5);
#5 = PRODUCT_DEFINITION('design','',#6,#9);
#6 = PRODUCT_DEFINITION_FORMATION('','',#7);
#7 = PRODUCT('Open CASCADE STEP translator 7.9 25',
  'Open CASCADE STEP translator 7.9 25','',(#8));
#8 = PRODUCT_CONTEXT('',#2,'mechanical');
#9 = PRODUCT_DEFINITION_CONTEXT('part definition',#2,'design');
#10 = ADVANCED_BREP_SHAPE_REPRESENTATION('',(#11,#15),#1215);
#11 = AXIS2_PLACEMENT_3D('',#12,#13,#14);
#12 = CARTESIAN_POINT('',(0.,0.,0.));
#13 = DIRECTION('',(0.,0.,1.));
#14 = DIRECTION('',(1.,0.,-0.));
#15 = MANIFOLD_SOLID_BREP('',#16);
#16 = CLOSED_SHELL('',(#17,#1207,#1211));
#17 = ADVANCED_FACE('',(#18),#166,.F.);
#18 = FACE_BOUND('',#19,.F.);
#19 = EDGE_LOOP('',(#20,#1138,#1172,#1173));
#20 = ORIENTED_EDGE('',*,*,#21,.T.);
#21 = EDGE_CURVE('',#22,#24,#26,.T.);
#22 = VERTEX_POINT('',#23);
#23 = CARTESIAN_POINT('',(0.75,-2.22044604925E-16,0.));
#24 = VERTEX_POINT('',#25);
#25 = CARTESIAN_POINT('',(-0.761998303252,7.217459852332E-02,
    62.310857597124));
#26 = SEAM_CURVE('',#27,(#165,#1131),.PCURVE_S1.);
#27 = ( BOUNDED_CURVE() B_SPLINE_CURVE(9,(#28,#29,#30,#31,#32,#33,#34,
    #35,#36,#37,#38,#39,#40,#41,#42,#43,#44,#45,#46,#47,#48,#49,#50,#51,
    #52,#53,#54,#55,#56,#57,#58,#59,#60,#61,#62,#63,#64,#65,#66,#67,#68,
    #69,#70,#71,#72,#73,#74,#75,#76,#77,#78,#79,#80,#81,#82,#83,#84,#85,
    #86,#87,#88,#89,#90,#91,#92,#93,#94,#95,#96,#97,#98,#99,#100,#101,
    #102,#103,#104,#105,#106,#107,#108,#109,#110,#111,#112,#113,#114,
    #115,#116,#117,#118,#119,#120,#121,#122,#123,#124,#125,#126,#127,
    #128,#129,#130,#131,#132,#133,#134,#135,#136,#137,#138,#139,#140,
    #141,#142,#143,#144,#145,#146,#147,#148,#149,#150,#151,#152,#153,
    #154,#155,#156,#157,#158,#159,#160,#161,#162,#163,#164),
.UNSPECIFIED.,.F.,.F.) B_SPLINE_CURVE_WITH_KNOTS((10,8,9,8,9,8,9,8,9,8,9
    ,8,9,8,9,8,10),(0.,5.11443868801,10.228877376021,15.343316064031,
    20.457754752041,25.572193440052,30.686632128062,35.801070816073,
    40.915509504083,46.029948192093,51.144386880104,56.258825568114,
    61.373264256125,66.487702944135,71.602141632145,76.716580320156,
81.831019008166),.UNSPECIFIED.) CURVE() GEOMETRIC_REPRESENTATION_ITEM() 
RATIONAL_B_SPLINE_CURVE((1.669078461068,1.669078461068,1.669078461068,
    1.669078461068,1.669078461068,1.669078461068,1.669078461068,
    1.669078461068,1.669078461068,1.669078461068,1.669078461068,
    1.669078461068,1.669078461068,1.669078461068,1.669078461068,
    1.669078461068,1.669078461068,1.669078461068,1.669078461068,
    1.669078461068,1.669078461068,1.669078461068,1.669078461068,
    1.669078461068,1.669078461068,1.669078461068,1.669078461068,
    1.669078461069,1.669078461068,1.669078461069,1.669078461068,
    1.669078461069,1.669078461068,1.669078461068,1.669078461068,
    1.669078461068,1.669078461068,1.669078461068,1.669078461069,
    1.669078461068,1.669078461068,1.669078461068,1.669078461068,
    1.669078461068,1.669078461068,1.669078461068,1.669078461069,
    1.669078461068,1.669078461068,1.669078461068,1.669078461068,
    1.669078461068,1.669078461068,1.669078461068,1.669078461068,
    1.669078461068,1.669078461068,1.669078461068,1.669078461068,
    1.669078461068,1.669078461068,1.669078461068,1.669078461068,
    1.669078461068,1.669078461068,1.669078461068,1.669078461068,
    1.669078461068,1.669078461068,1.669078461068,1.669078461068,
    1.669078461068,1.669078461068,1.669078461068,1.669078461068,
    1.669078461068,1.669078461068,1.669078461068,1.669078461068,
    1.669078461068,1.669078461068,1.669078461068,1.669078461068,
    1.669078461068,1.669078461068,1.669078461068,1.669078461068,
    1.669078461068,1.669078461068,1.669078461068,1.669078461068,
    1.669078461068,1.669078461068,1.669078461068,1.669078461068,
    1.669078461068,1.669078461068,1.669078461069,1.669078461068,
    1.669078461069,1.669078461068,1.669078461068,1.669078461068,
    1.669078461068,1.669078461068,1.669078461068,1.669078461068,
    1.669078461068,1.669078461068,1.669078461068,1.669078461068,
    1.669078461068,1.669078461068,1.669078461068,1.669078461068,
    1.669078461068,1.669078461068,1.669078461068,1.669078461068,
    1.669078461068,1.669078461068,1.669078461068,1.669078461068,
    1.669078461069,1.669078461068,1.669078461068,1.669078461068,
    1.669078461068,1.669078461068,1.669078461068,1.669078461068,
    1.669078461068,1.669078461068,1.669078461068,1.669078461068,
1.669078461068,1.669078461068)) REPRESENTATION_ITEM('') );
#28 = CARTESIAN_POINT('',(0.75,-2.22044604925E-16,0.));
#29 = CARTESIAN_POINT('',(0.749999995728,0.360774595003,
    7.466464543816E-02));
#30 = CARTESIAN_POINT('',(0.600582085435,0.721848323835,0.149169162998)
  );
#31 = CARTESIAN_POINT('',(0.299908054488,1.026874582972,0.227170908297)
  );
#32 = CARTESIAN_POINT('',(-0.133502169439,1.224257359074,0.312569535664)
  );
#33 = CARTESIAN_POINT('',(-0.686077839357,1.24538335872,0.40901898297));
#34 = CARTESIAN_POINT('',(-1.277145267767,1.004420684583,0.520110432656)
  );
#35 = CARTESIAN_POINT('',(-1.747970198315,0.467140463864,0.649342283829)
  );
#36 = CARTESIAN_POINT('',(-1.944251888479,-0.268761442164,0.799817731293
    ));
#37 = CARTESIAN_POINT('',(-1.652489018747,-1.819962361255,1.149053300179
    ));
#38 = CARTESIAN_POINT('',(-1.16414370086,-2.635490175756,1.347806399898)
  );
#39 = CARTESIAN_POINT('',(-0.264992519692,-3.326969703941,1.573560650497
    ));
#40 = CARTESIAN_POINT('',(1.033095475976,-3.675049220347,1.828882380215)
  );
#41 = CARTESIAN_POINT('',(2.566934954225,-3.408257894426,2.115954914528)
  );
#42 = CARTESIAN_POINT('',(3.971090543759,-2.395640685537,2.436559221052)
  );
#43 = CARTESIAN_POINT('',(4.823424830251,-0.777783442495,2.792026200083)
  );
#44 = CARTESIAN_POINT('',(4.903108350785,1.079243484914,3.183166512489)
  );
#45 = CARTESIAN_POINT('',(4.214692498345,2.786124832523,3.610302541059)
  );
#46 = CARTESIAN_POINT('',(3.518598320863,4.489806181069,4.037514598864)
  );
#47 = CARTESIAN_POINT('',(2.056594503392,6.036643798323,4.499139776971)
  );
#48 = CARTESIAN_POINT('',(-0.160619893325,7.034690436474,4.995288107462)
  );
#49 = CARTESIAN_POINT('',(-2.887443643815,7.064043415394,5.525552558086)
  );
#50 = CARTESIAN_POINT('',(-5.604485003435,5.829815237336,6.089189037832)
  );
#51 = CARTESIAN_POINT('',(-7.590355968,3.428112275457,6.684757261835));
#52 = CARTESIAN_POINT('',(-8.359207018277,0.404539956183,7.310624502864)
  );
#53 = CARTESIAN_POINT('',(-7.823689617427,-2.583788256859,7.964553274828
    ));
#54 = CARTESIAN_POINT('',(-4.626131757657,-7.399734039605,9.323471649247
    ));
#55 = CARTESIAN_POINT('',(-1.964087042165,-9.227573775686,
    10.028447230334));
#56 = CARTESIAN_POINT('',(1.519615838699,-9.930059063292,10.756485707866
    ));
#57 = CARTESIAN_POINT('',(5.255061543062,-9.083868001415,11.504322643609
    ));
#58 = CARTESIAN_POINT('',(8.406978964104,-6.608582711067,12.269373417196
    ));
#59 = CARTESIAN_POINT('',(10.171675051335,-3.018626674489,
    13.047181983075));
#60 = CARTESIAN_POINT('',(10.268525694294,0.834240811406,13.834779934697
    ));
#61 = CARTESIAN_POINT('',(8.893121163096,4.186836740755,14.627730976973)
  );
#62 = CARTESIAN_POINT('',(6.527437089279,6.552977370232,15.422216446194)
  );
#63 = CARTESIAN_POINT('',(4.160312387241,8.920337603639,16.208600088776)
  );
#64 = CARTESIAN_POINT('',(0.802908780412,10.301315568463,16.99577081633)
  );
#65 = CARTESIAN_POINT('',(-3.063202288476,10.210899072171,
    17.780208109675));
#66 = CARTESIAN_POINT('',(-6.67695036541,8.44608746594,18.557583515705)
  );
#67 = CARTESIAN_POINT('',(-9.182122512527,5.276806990854,19.325015262342
    ));
#68 = CARTESIAN_POINT('',(-10.04786175817,1.503347586815,20.077924882606
    ));
#69 = CARTESIAN_POINT('',(-9.343235834924,-2.027356410541,20.81356944558
    ));
#70 = CARTESIAN_POINT('',(-7.490795770697,-4.731698760246,
    21.528382564874));
#71 = CARTESIAN_POINT('',(-2.594224468552,-7.984060188033,
    22.910722853019));
#72 = CARTESIAN_POINT('',(0.450131319512,-8.532097754215,23.578233995316
    ));
#73 = CARTESIAN_POINT('',(3.538632489097,-7.750701239016,24.219195670471
    ));
#74 = CARTESIAN_POINT('',(5.999965485445,-5.721153187802,24.830913116742
    ));
#75 = CARTESIAN_POINT('',(7.268820532125,-2.93304453355,25.411279689913)
  );
#76 = CARTESIAN_POINT('',(7.236371759856,-0.128874154529,25.958277716477
    ));
#77 = CARTESIAN_POINT('',(6.204080943805,2.151597080904,26.470645766032)
  );
#78 = CARTESIAN_POINT('',(4.605590538477,3.652492097666,26.947422725615)
  );
#79 = CARTESIAN_POINT('',(2.846925147118,4.362364169983,27.38823593154)
  );
#80 = CARTESIAN_POINT('',(1.091392632022,5.079939190914,27.828820877598)
  );
#81 = CARTESIAN_POINT('',(-0.829790605762,5.009295582595,28.235005149125
    ));
#82 = CARTESIAN_POINT('',(-2.516826317683,4.136686506191,28.606628633051
    ));
#83 = CARTESIAN_POINT('',(-3.586828255416,2.679360902832,28.943966817647
    ));
#84 = CARTESIAN_POINT('',(-3.879664135335,1.070899938781,29.247803378623
    ));
#85 = CARTESIAN_POINT('',(-3.520461350261,-0.301531340897,
    29.519378085777));
#86 = CARTESIAN_POINT('',(-2.791524726625,-1.256041860974,
    29.760365859718));
#87 = CARTESIAN_POINT('',(-1.926803660661,-1.775755011139,29.97288696168
    ));
#88 = CARTESIAN_POINT('',(-0.278046240362,-2.086148376856,
    30.345984534245));
#89 = CARTESIAN_POINT('',(0.50617985694,-1.877154027798,30.506552872262)
  );
#90 = CARTESIAN_POINT('',(1.079451610296,-1.373987652285,30.643673728151
    ));
#91 = CARTESIAN_POINT('',(1.333737716296,-0.740888883127,30.760142845221
    ));
#92 = CARTESIAN_POINT('',(1.304428211408,-0.153601527205,30.859285641674
    ));
#93 = CARTESIAN_POINT('',(1.089238964027,0.298176289674,30.944567072135)
  );
#94 = CARTESIAN_POINT('',(0.769455291768,0.604452829272,31.019712221952)
  );
#95 = CARTESIAN_POINT('',(0.399822258485,0.753646236745,31.088721266525)
  );
#96 = CARTESIAN_POINT('',(3.611303578562E-02,0.75300067494,
    31.155539646347));
#97 = CARTESIAN_POINT('',(-0.325716121914,0.752667646357,31.230455563865
    ));
#98 = CARTESIAN_POINT('',(-0.682259103893,0.602475629285,31.303918314266
    ));
#99 = CARTESIAN_POINT('',(-0.977070516443,0.305789842426,31.379580526138
    ));
#100 = CARTESIAN_POINT('',(-1.162339384526,-0.11338562893,
    31.461353586152));
#101 = CARTESIAN_POINT('',(-1.178990608745,-0.640078425848,
    31.552922177692));
#102 = CARTESIAN_POINT('',(-0.949243805507,-1.20054268982,
    31.657925349358));
#103 = CARTESIAN_POINT('',(-0.439447326904,-1.647654370112,
    31.779925689561));
#104 = CARTESIAN_POINT('',(0.259485072956,-1.834539372195,
    31.922107181039));
#105 = CARTESIAN_POINT('',(1.734945381544,-1.557187983519,
    32.252819501201));
#106 = CARTESIAN_POINT('',(2.511712938587,-1.092659400116,
    32.441343000023));
#107 = CARTESIAN_POINT('',(3.172279714318,-0.236000791661,
    32.655995889346));
#108 = CARTESIAN_POINT('',(3.508055515353,1.003812126918,32.899450484527
    ));
#109 = CARTESIAN_POINT('',(3.256832128948,2.475331991005,33.174015871251
    ));
#110 = CARTESIAN_POINT('',(2.286865945418,3.82917110736,33.481603879779)
  );
#111 = CARTESIAN_POINT('',(0.727440089985,4.655211873546,33.823685891511
    ));
#112 = CARTESIAN_POINT('',(-1.068986911717,4.734581498239,
    34.201223204033));
#113 = CARTESIAN_POINT('',(-2.724092182665,4.067592303294,
    34.614686607272));
#114 = CARTESIAN_POINT('',(-4.37593553485,3.392959966827,35.02853042046)
  );
#115 = CARTESIAN_POINT('',(-5.879763175825,1.974134733662,
    35.476745631433));
#116 = CARTESIAN_POINT('',(-6.854589116923,-0.182571623008,
    35.959574508776));
#117 = CARTESIAN_POINT('',(-6.888741425085,-2.842614232611,
    36.476772795877));
#118 = CARTESIAN_POINT('',(-5.6880878031,-5.502599959486,37.02770494012)
  );
#119 = CARTESIAN_POINT('',(-3.337592265896,-7.454418892831,
    37.611103190809));
#120 = CARTESIAN_POINT('',(-0.368337275529,-8.21419552089,
    38.225438456324));
#121 = CARTESIAN_POINT('',(2.573207127284,-7.689611355099,
    38.868608039396));
#122 = CARTESIAN_POINT('',(7.321103916174,-4.538244964861,
    40.207766670137));
#123 = CARTESIAN_POINT('',(9.127676591067,-1.911464630224,
    40.903742303595));
#124 = CARTESIAN_POINT('',(9.826860104438,1.532655880821,41.623770226367
    ));
#125 = CARTESIAN_POINT('',(8.995040949496,5.234651748575,42.364688402634
    ));
#126 = CARTESIAN_POINT('',(6.544186565341,8.368317390714,43.123992276109
    ));
#127 = CARTESIAN_POINT('',(2.976494143624,10.129874752706,
    43.897303184939));
#128 = CARTESIAN_POINT('',(-0.862339118447,10.231404026256,
    44.68170116484));
#129 = CARTESIAN_POINT('',(-4.209149128251,8.861410592528,45.47278759944
    ));
#130 = CARTESIAN_POINT('',(-6.574256772711,6.497671994597,46.26675917467
    ));
#131 = CARTESIAN_POINT('',(-8.940361246594,4.132273770146,
    47.052640360135));
#132 = CARTESIAN_POINT('',(-10.32464748509,0.773291953564,
    47.840600791244));
#133 = CARTESIAN_POINT('',(-10.23869825725,-3.101738700226,
    48.627127811177));
#134 = CARTESIAN_POINT('',(-8.472878997866,-6.732786335923,
    49.407882257676));
#135 = CARTESIAN_POINT('',(-5.289545314425,-9.25894049253,
    50.179957452887));
#136 = CARTESIAN_POINT('',(-1.487577675142,-10.13795872182,
    50.938725663262));
#137 = CARTESIAN_POINT('',(2.078287487482,-9.430993534594,
    51.681385516698));
#138 = CARTESIAN_POINT('',(4.814688837124,-7.55956341796,52.404290335323
    ));
#139 = CARTESIAN_POINT('',(8.109567358856,-2.600536122232,
    53.804782593116));
#140 = CARTESIAN_POINT('',(8.6680693175,0.487286717265,54.482353495869)
  );
#141 = CARTESIAN_POINT('',(7.878647134029,3.627062445185,55.134269583716
    ));
#142 = CARTESIAN_POINT('',(5.817225368515,6.137648337171,55.757716294808
    ));
#143 = CARTESIAN_POINT('',(2.974414280205,7.439646585591,56.350492105046
    ));
#144 = CARTESIAN_POINT('',(0.105057941646,7.412547184535,56.910414051528
    ));
#145 = CARTESIAN_POINT('',(-2.235177663737,6.357793616787,
    57.436110509245));
#146 = CARTESIAN_POINT('',(-3.779070386401,4.716793613493,57.92645469888
    ));
#147 = CARTESIAN_POINT('',(-4.510398794193,2.906407271654,58.38093087433
    ));
#148 = CARTESIAN_POINT('',(-5.24944361557,1.099082943764,58.83487461948)
  );
#149 = CARTESIAN_POINT('',(-5.178705910229,-0.883096201533,
    59.254484462269));
#150 = CARTESIAN_POINT('',(-4.279845892991,-2.629523015856,
    59.639462992537));
#151 = CARTESIAN_POINT('',(-2.771538855944,-3.743648019757,
    59.989938916507));
#152 = CARTESIAN_POINT('',(-1.098885219559,-4.053347850541,
    60.306556683465));
#153 = CARTESIAN_POINT('',(0.334648472658,-3.682042115081,60.59041963497
    ));
#154 = CARTESIAN_POINT('',(1.334475519707,-2.920819514056,
    60.843067365071));
#155 = CARTESIAN_POINT('',(1.879979773277,-2.014726328392,
    61.066500619002));
#156 = CARTESIAN_POINT('',(2.20611774196,-0.283798837754,61.459698776047
    ));
#157 = CARTESIAN_POINT('',(1.987083466458,0.541213451605,61.629457224981
    ));
#158 = CARTESIAN_POINT('',(1.457810217416,1.145726093329,61.774790702793
    ));
#159 = CARTESIAN_POINT('',(0.789866758463,1.413940899299,61.898406770249
    ));
#160 = CARTESIAN_POINT('',(0.17136674616,1.380683397112,62.00351801921)
  );
#161 = CARTESIAN_POINT('',(-0.299665863028,1.15140897613,62.093553211771
    ));
#162 = CARTESIAN_POINT('',(-0.613377716628,0.817656515353,62.17213656755
    ));
#163 = CARTESIAN_POINT('',(-0.763288974142,0.439043389544,
    62.243274425686));
#164 = CARTESIAN_POINT('',(-0.761998303252,7.217459852332E-02,
    62.310857597124));
#165 = PCURVE('',#166,#1126);
#166 = ( BOUNDED_SURFACE() B_SPLINE_SURFACE(6,9,(
    (#167,#168,#169,#170,#171,#172,#173,#174,#175,#176,#177,#178,#179
      ,#180,#181,#182,#183,#184,#185,#186,#187,#188,#189,#190,#191,#192
      ,#193,#194,#195,#196,#197,#198,#199,#200,#201,#202,#203,#204,#205
      ,#206,#207,#208,#209,#210,#211,#212,#213,#214,#215,#216,#217,#218
      ,#219,#220,#221,#222,#223,#224,#225,#226,#227,#228,#229,#230,#231
      ,#232,#233,#234,#235,#236,#237,#238,#239,#240,#241,#242,#243,#244
      ,#245,#246,#247,#248,#249,#250,#251,#252,#253,#254,#255,#256,#257
      ,#258,#259,#260,#261,#262,#263,#264,#265,#266,#267,#268,#269,#270
      ,#271,#272,#273,#274,#275,#276,#277,#278,#279,#280,#281,#282,#283
      ,#284,#285,#286,#287,#288,#289,#290,#291,#292,#293,#294,#295,#296
      ,#297,#298,#299,#300,#301,#302,#303)
    ,(#304,#305,#306,#307,#308,#309,#310,#311,#312,#313,#314,#315,#316
      ,#317,#318,#319,#320,#321,#322,#323,#324,#325,#326,#327,#328,#329
      ,#330,#331,#332,#333,#334,#335,#336,#337,#338,#339,#340,#341,#342
      ,#343,#344,#345,#346,#347,#348,#349,#350,#351,#352,#353,#354,#355
      ,#356,#357,#358,#359,#360,#361,#362,#363,#364,#365,#366,#367,#368
      ,#369,#370,#371,#372,#373,#374,#375,#376,#377,#378,#379,#380,#381
      ,#382,#383,#384,#385,#386,#387,#388,#389,#390,#391,#392,#393,#394
      ,#395,#396,#397,#398,#399,#400,#401,#402,#403,#404,#405,#406,#407
      ,#408,#409,#410,#411,#412,#413,#414,#415,#416,#417,#418,#419,#420
      ,#421,#422,#423,#424,#425,#426,#427,#428,#429,#430,#431,#432,#433
      ,#434,#435,#436,#437,#438,#439,#440)
    ,(#441,#442,#443,#444,#445,#446,#447,#448,#449,#450,#451,#452,#453
      ,#454,#455,#456,#457,#458,#459,#460,#461,#462,#463,#464,#465,#466
      ,#467,#468,#469,#470,#471,#472,#473,#474,#475,#476,#477,#478,#479
      ,#480,#481,#482,#483,#484,#485,#486,#487,#488,#489,#490,#491,#492
      ,#493,#494,#495,#496,#497,#498,#499,#500,#501,#502,#503,#504,#505
      ,#506,#507,#508,#509,#510,#511,#512,#513,#514,#515,#516,#517,#518
      ,#519,#520,#521,#522,#523,#524,#525,#526,#527,#528,#529,#530,#531
      ,#532,#533,#534,#535,#536,#537,#538,#539,#540,#541,#542,#543,#544
      ,#545,#546,#547,#548,#549,#550,#551,#552,#553,#554,#555,#556,#557
      ,#558,#559,#560,#561,#562,#563,#564,#565,#566,#567,#568,#569,#570
      ,#571,#572,#573,#574,#575,#576,#577)
    ,(#578,#579,#580,#581,#582,#583,#584,#585,#586,#587,#588,#589,#590
      ,#591,#592,#593,#594,#595,#596,#597,#598,#599,#600,#601,#602,#603
      ,#604,#605,#606,#607,#608,#609,#610,#611,#612,#613,#614,#615,#616
      ,#617,#618,#619,#620,#621,#622,#623,#624,#625,#626,#627,#628,#629
      ,#630,#631,#632,#633,#634,#635,#636,#637,#638,#639,#640,#641,#642
      ,#643,#644,#645,#646,#647,#648,#649,#650,#651,#652,#653,#654,#655
      ,#656,#657,#658,#659,#660,#661,#662,#663,#664,#665,#666,#667,#668
      ,#669,#670,#671,#672,#673,#674,#675,#676,#677,#678,#679,#680,#681
      ,#682,#683,#684,#685,#686,#687,#688,#689,#690,#691,#692,#693,#694
      ,#695,#696,#697,#698,#699,#700,#701,#702,#703,#704,#705,#706,#707
      ,#708,#709,#710,#711,#712,#713,#714)
    ,(#715,#716,#717,#718,#719,#720,#721,#722,#723,#724,#725,#726,#727
      ,#728,#729,#730,#731,#732,#733,#734,#735,#736,#737,#738,#739,#740
      ,#741,#742,#743,#744,#745,#746,#747,#748,#749,#750,#751,#752,#753
      ,#754,#755,#756,#757,#758,#759,#760,#761,#762,#763,#764,#765,#766
      ,#767,#768,#769,#770,#771,#772,#773,#774,#775,#776,#777,#778,#779
      ,#780,#781,#782,#783,#784,#785,#786,#787,#788,#789,#790,#791,#792
      ,#793,#794,#795,#796,#797,#798,#799,#800,#801,#802,#803,#804,#805
      ,#806,#807,#808,#809,#810,#811,#812,#813,#814,#815,#816,#817,#818
      ,#819,#820,#821,#822,#823,#824,#825,#826,#827,#828,#829,#830,#831
      ,#832,#833,#834,#835,#836,#837,#838,#839,#840,#841,#842,#843,#844
      ,#845,#846,#847,#848,#849,#850,#851)
    ,(#852,#853,#854,#855,#856,#857,#858,#859,#860,#861,#862,#863,#864
      ,#865,#866,#867,#868,#869,#870,#871,#872,#873,#874,#875,#876,#877
      ,#878,#879,#880,#881,#882,#883,#884,#885,#886,#887,#888,#889,#890
      ,#891,#892,#893,#894,#895,#896,#897,#898,#899,#900,#901,#902,#903
      ,#904,#905,#906,#907,#908,#909,#910,#911,#912,#913,#914,#915,#916
      ,#917,#918,#919,#920,#921,#922,#923,#924,#925,#926,#927,#928,#929
      ,#930,#931,#932,#933,#934,#935,#936,#937,#938,#939,#940,#941,#942
      ,#943,#944,#945,#946,#947,#948,#949,#950,#951,#952,#953,#954,#955
      ,#956,#957,#958,#959,#960,#961,#962,#963,#964,#965,#966,#967,#968
      ,#969,#970,#971,#972,#973,#974,#975,#976,#977,#978,#979,#980,#981
      ,#982,#983,#984,#985,#986,#987,#988)
    ,(#989,#990,#991,#992,#993,#994,#995,#996,#997,#998,#999,#1000,#1001
      ,#1002,#1003,#1004,#1005,#1006,#1007,#1008,#1009,#1010,#1011,#1012
      ,#1013,#1014,#1015,#1016,#1017,#1018,#1019,#1020,#1021,#1022,#1023
      ,#1024,#1025,#1026,#1027,#1028,#1029,#1030,#1031,#1032,#1033,#1034
      ,#1035,#1036,#1037,#1038,#1039,#1040,#1041,#1042,#1043,#1044,#1045
      ,#1046,#1047,#1048,#1049,#1050,#1051,#1052,#1053,#1054,#1055,#1056
      ,#1057,#1058,#1059,#1060,#1061,#1062,#1063,#1064,#1065,#1066,#1067
      ,#1068,#1069,#1070,#1071,#1072,#1073,#1074,#1075,#1076,#1077,#1078
      ,#1079,#1080,#1081,#1082,#1083,#1084,#1085,#1086,#1087,#1088,#1089
      ,#1090,#1091,#1092,#1093,#1094,#1095,#1096,#1097,#1098,#1099,#1100
      ,#1101,#1102,#1103,#1104,#1105,#1106,#1107,#1108,#1109,#1110,#1111
      ,#1112,#1113,#1114,#1115,#1116,#1117,#1118,#1119,#1120,#1121,#1122
      ,#1123,#1124,#1125
)),.UNSPECIFIED.,.T.,.F.,.F.) B_SPLINE_SURFACE_WITH_KNOTS((1,6,6,1),(10,
    8,9,8,9,8,9,8,9,8,9,8,9,8,9,8,10),(-6.28318530718,0.,6.28318530718,
    12.566370614359),(0.,5.11443868801,10.228877376021,15.343316064031,
    20.457754752041,25.572193440052,30.686632128062,35.801070816073,
    40.915509504083,46.029948192093,51.144386880104,56.258825568114,
    61.373264256125,66.487702944135,71.602141632145,76.716580320156,
81.831019008166),.UNSPECIFIED.) GEOMETRIC_REPRESENTATION_ITEM() 
RATIONAL_B_SPLINE_SURFACE((
    (1.669078461068,1.669078461068,1.669078461068,1.669078461068
      ,1.669078461068,1.669078461068,1.669078461068,1.669078461068
      ,1.669078461068,1.669078461068,1.669078461068,1.669078461068
      ,1.669078461068,1.669078461068,1.669078461068,1.669078461068
      ,1.669078461068,1.669078461068,1.669078461068,1.669078461068
      ,1.669078461068,1.669078461068,1.669078461068,1.669078461068
      ,1.669078461068,1.669078461068,1.669078461068,1.669078461069
      ,1.669078461068,1.669078461069,1.669078461068,1.669078461069
      ,1.669078461068,1.669078461068,1.669078461068,1.669078461068
      ,1.669078461068,1.669078461068,1.669078461069,1.669078461068
      ,1.669078461068,1.669078461068,1.669078461068,1.669078461068
      ,1.669078461068,1.669078461068,1.669078461069,1.669078461068
      ,1.669078461068,1.669078461068,1.669078461068,1.669078461068
      ,1.669078461068,1.669078461068,1.669078461068,1.669078461068
      ,1.669078461068,1.669078461068,1.669078461068,1.669078461068
      ,1.669078461068,1.669078461068,1.669078461068,1.669078461068
      ,1.669078461068,1.669078461068,1.669078461068,1.669078461068
      ,1.669078461068,1.669078461068,1.669078461068,1.669078461068
      ,1.669078461068,1.669078461068,1.669078461068,1.669078461068
      ,1.669078461068,1.669078461068,1.669078461068,1.669078461068
      ,1.669078461068,1.669078461068,1.669078461068,1.669078461068
      ,1.669078461068,1.669078461068,1.669078461068,1.669078461068
      ,1.669078461068,1.669078461068,1.669078461068,1.669078461068
      ,1.669078461068,1.669078461068,1.669078461068,1.669078461068
      ,1.669078461068,1.669078461069,1.669078461068,1.669078461069
      ,1.669078461068,1.669078461068,1.669078461068,1.669078461068
      ,1.669078461068,1.669078461068,1.669078461068,1.669078461068
      ,1.669078461068,1.669078461068,1.669078461068,1.669078461068
      ,1.669078461068,1.669078461068,1.669078461068,1.669078461068
      ,1.669078461068,1.669078461068,1.669078461068,1.669078461068
      ,1.669078461068,1.669078461068,1.669078461068,1.669078461069
      ,1.669078461068,1.669078461068,1.669078461068,1.669078461068
      ,1.669078461068,1.669078461068,1.669078461068,1.669078461068
      ,1.669078461068,1.669078461068,1.669078461068,1.669078461068
      ,1.669078461068)
    ,(1.03672962321,1.03672962321,1.03672962321,1.03672962321
      ,1.03672962321,1.03672962321,1.03672962321,1.03672962321
      ,1.03672962321,1.03672962321,1.03672962321,1.03672962321
      ,1.03672962321,1.03672962321,1.03672962321,1.03672962321
      ,1.03672962321,1.03672962321,1.03672962321,1.03672962321
      ,1.03672962321,1.03672962321,1.03672962321,1.03672962321
      ,1.03672962321,1.03672962321,1.03672962321,1.03672962321
      ,1.036729623209,1.03672962321,1.036729623209,1.03672962321
      ,1.03672962321,1.03672962321,1.03672962321,1.03672962321
      ,1.03672962321,1.036729623209,1.03672962321,1.036729623209
      ,1.03672962321,1.03672962321,1.03672962321,1.03672962321
      ,1.03672962321,1.036729623209,1.03672962321,1.036729623209
      ,1.03672962321,1.03672962321,1.03672962321,1.03672962321
      ,1.03672962321,1.03672962321,1.03672962321,1.03672962321
      ,1.03672962321,1.03672962321,1.03672962321,1.03672962321
      ,1.03672962321,1.03672962321,1.03672962321,1.03672962321
      ,1.036729623209,1.03672962321,1.03672962321,1.03672962321
      ,1.03672962321,1.03672962321,1.03672962321,1.03672962321
      ,1.03672962321,1.03672962321,1.03672962321,1.03672962321
      ,1.03672962321,1.03672962321,1.03672962321,1.03672962321
      ,1.03672962321,1.036729623209,1.03672962321,1.03672962321
      ,1.03672962321,1.03672962321,1.03672962321,1.03672962321
      ,1.03672962321,1.036729623209,1.03672962321,1.036729623209
      ,1.03672962321,1.03672962321,1.03672962321,1.03672962321
      ,1.036729623209,1.03672962321,1.036729623209,1.03672962321
      ,1.03672962321,1.03672962321,1.03672962321,1.03672962321
      ,1.03672962321,1.03672962321,1.036729623209,1.03672962321
      ,1.036729623209,1.03672962321,1.03672962321,1.03672962321
      ,1.03672962321,1.03672962321,1.03672962321,1.03672962321
      ,1.03672962321,1.03672962321,1.03672962321,1.03672962321
      ,1.03672962321,1.03672962321,1.036729623209,1.03672962321
      ,1.036729623209,1.03672962321,1.03672962321,1.03672962321
      ,1.03672962321,1.03672962321,1.03672962321,1.036729623209
      ,1.03672962321,1.036729623209,1.03672962321,1.03672962321
      ,1.03672962321)
    ,(1.038346699848,1.038346699848,1.038346699848,1.038346699848
      ,1.038346699848,1.038346699848,1.038346699848,1.038346699848
      ,1.038346699848,1.038346699848,1.038346699848,1.038346699847
      ,1.038346699848,1.038346699847,1.038346699848,1.038346699847
      ,1.038346699848,1.038346699848,1.038346699847,1.038346699848
      ,1.038346699847,1.038346699848,1.038346699847,1.038346699848
      ,1.038346699847,1.038346699848,1.038346699847,1.038346699848
      ,1.038346699847,1.038346699848,1.038346699847,1.038346699848
      ,1.038346699847,1.038346699848,1.038346699848,1.038346699847
      ,1.038346699848,1.038346699847,1.038346699848,1.038346699847
      ,1.038346699848,1.038346699847,1.038346699848,1.038346699847
      ,1.038346699848,1.038346699847,1.038346699848,1.038346699847
      ,1.038346699848,1.038346699847,1.038346699848,1.038346699848
      ,1.038346699848,1.038346699847,1.038346699848,1.038346699847
      ,1.038346699848,1.038346699847,1.038346699848,1.038346699848
      ,1.038346699847,1.038346699848,1.038346699847,1.038346699848
      ,1.038346699847,1.038346699848,1.038346699847,1.038346699848
      ,1.038346699848,1.038346699848,1.038346699847,1.038346699848
      ,1.038346699847,1.038346699848,1.038346699848,1.038346699847
      ,1.038346699848,1.038346699847,1.038346699848,1.038346699847
      ,1.038346699848,1.038346699847,1.038346699848,1.038346699847
      ,1.038346699848,1.038346699848,1.038346699848,1.038346699847
      ,1.038346699848,1.038346699847,1.038346699848,1.038346699848
      ,1.038346699847,1.038346699848,1.038346699847,1.038346699848
      ,1.038346699847,1.038346699848,1.038346699847,1.038346699848
      ,1.038346699847,1.038346699848,1.038346699848,1.038346699848
      ,1.038346699847,1.038346699848,1.038346699847,1.038346699848
      ,1.038346699847,1.038346699848,1.038346699848,1.038346699848
      ,1.038346699848,1.038346699847,1.038346699848,1.038346699847
      ,1.038346699848,1.038346699847,1.038346699848,1.038346699848
      ,1.038346699847,1.038346699848,1.038346699847,1.038346699848
      ,1.038346699847,1.038346699848,1.038346699847,1.038346699848
      ,1.038346699848,1.038346699847,1.038346699848,1.038346699847
      ,1.038346699848,1.038346699847,1.038346699848,1.038346699847
      ,1.038346699848)
    ,(0.853534330196,0.853534330196,0.853534330196,0.853534330196
      ,0.853534330196,0.853534330196,0.853534330196,0.853534330196
      ,0.853534330196,0.853534330196,0.853534330196,0.853534330196
      ,0.853534330196,0.853534330196,0.853534330196,0.853534330196
      ,0.853534330196,0.853534330196,0.853534330196,0.853534330196
      ,0.853534330196,0.853534330196,0.853534330196,0.853534330196
      ,0.853534330196,0.853534330196,0.853534330196,0.853534330196
      ,0.853534330196,0.853534330196,0.853534330196,0.853534330196
      ,0.853534330196,0.853534330196,0.853534330196,0.853534330196
      ,0.853534330196,0.853534330196,0.853534330196,0.853534330196
      ,0.853534330196,0.853534330196,0.853534330196,0.853534330196
      ,0.853534330196,0.853534330196,0.853534330196,0.853534330196
      ,0.853534330196,0.853534330196,0.853534330196,0.853534330196
      ,0.853534330196,0.853534330196,0.853534330196,0.853534330196
      ,0.853534330196,0.853534330196,0.853534330196,0.853534330196
      ,0.853534330196,0.853534330196,0.853534330196,0.853534330196
      ,0.853534330196,0.853534330196,0.853534330196,0.853534330196
      ,0.853534330196,0.853534330196,0.853534330196,0.853534330196
      ,0.853534330196,0.853534330196,0.853534330196,0.853534330196
      ,0.853534330196,0.853534330196,0.853534330196,0.853534330196
      ,0.853534330196,0.853534330196,0.853534330196,0.853534330196
      ,0.853534330196,0.853534330196,0.853534330196,0.853534330196
      ,0.853534330196,0.853534330196,0.853534330196,0.853534330196
      ,0.853534330196,0.853534330196,0.853534330196,0.853534330196
      ,0.853534330196,0.853534330196,0.853534330196,0.853534330196
      ,0.853534330196,0.853534330196,0.853534330196,0.853534330196
      ,0.853534330196,0.853534330196,0.853534330196,0.853534330196
      ,0.853534330196,0.853534330196,0.853534330196,0.853534330196
      ,0.853534330196,0.853534330196,0.853534330196,0.853534330196
      ,0.853534330196,0.853534330196,0.853534330196,0.853534330196
      ,0.853534330196,0.853534330196,0.853534330196,0.853534330196
      ,0.853534330196,0.853534330196,0.853534330196,0.853534330196
      ,0.853534330196,0.853534330196,0.853534330196,0.853534330196
      ,0.853534330196,0.853534330196,0.853534330196,0.853534330196
      ,0.853534330196)
    ,(1.038346699848,1.038346699848,1.038346699848,1.038346699847
      ,1.038346699848,1.038346699847,1.038346699848,1.038346699847
      ,1.038346699848,1.038346699848,1.038346699848,1.038346699847
      ,1.038346699848,1.038346699847,1.038346699848,1.038346699847
      ,1.038346699848,1.038346699848,1.038346699847,1.038346699848
      ,1.038346699847,1.038346699848,1.038346699847,1.038346699848
      ,1.038346699847,1.038346699848,1.038346699847,1.038346699848
      ,1.038346699847,1.038346699848,1.038346699847,1.038346699848
      ,1.038346699847,1.038346699848,1.038346699848,1.038346699847
      ,1.038346699848,1.038346699847,1.038346699848,1.038346699847
      ,1.038346699848,1.038346699847,1.038346699848,1.038346699847
      ,1.038346699848,1.038346699847,1.038346699848,1.038346699847
      ,1.038346699848,1.038346699847,1.038346699848,1.038346699848
      ,1.038346699848,1.038346699847,1.038346699848,1.038346699847
      ,1.038346699848,1.038346699847,1.038346699848,1.038346699848
      ,1.038346699847,1.038346699848,1.038346699847,1.038346699848
      ,1.038346699847,1.038346699848,1.038346699847,1.038346699848
      ,1.038346699848,1.038346699848,1.038346699848,1.038346699848
      ,1.038346699848,1.038346699847,1.038346699848,1.038346699847
      ,1.038346699848,1.038346699847,1.038346699848,1.038346699847
      ,1.038346699848,1.038346699847,1.038346699848,1.038346699847
      ,1.038346699848,1.038346699848,1.038346699848,1.038346699847
      ,1.038346699848,1.038346699847,1.038346699848,1.038346699848
      ,1.038346699847,1.038346699848,1.038346699847,1.038346699848
      ,1.038346699847,1.038346699848,1.038346699847,1.038346699848
      ,1.038346699847,1.038346699848,1.038346699848,1.038346699848
      ,1.038346699847,1.038346699848,1.038346699847,1.038346699848
      ,1.038346699847,1.038346699848,1.038346699848,1.038346699848
      ,1.038346699848,1.038346699847,1.038346699848,1.038346699847
      ,1.038346699848,1.038346699847,1.038346699848,1.038346699848
      ,1.038346699847,1.038346699848,1.038346699847,1.038346699848
      ,1.038346699847,1.038346699848,1.038346699847,1.038346699848
      ,1.038346699848,1.038346699847,1.038346699848,1.038346699847
      ,1.038346699848,1.038346699847,1.038346699848,1.038346699848
      ,1.038346699848)
    ,(1.03672962321,1.03672962321,1.03672962321,1.03672962321
      ,1.03672962321,1.03672962321,1.03672962321,1.03672962321
      ,1.03672962321,1.03672962321,1.03672962321,1.03672962321
      ,1.03672962321,1.036729623209,1.03672962321,1.03672962321
      ,1.03672962321,1.03672962321,1.03672962321,1.03672962321
      ,1.03672962321,1.03672962321,1.03672962321,1.03672962321
      ,1.03672962321,1.03672962321,1.03672962321,1.03672962321
      ,1.036729623209,1.03672962321,1.036729623209,1.03672962321
      ,1.03672962321,1.03672962321,1.03672962321,1.03672962321
      ,1.03672962321,1.036729623209,1.03672962321,1.036729623209
      ,1.03672962321,1.03672962321,1.03672962321,1.03672962321
      ,1.03672962321,1.036729623209,1.03672962321,1.036729623209
      ,1.03672962321,1.03672962321,1.03672962321,1.03672962321
      ,1.03672962321,1.03672962321,1.03672962321,1.036729623209
      ,1.03672962321,1.03672962321,1.03672962321,1.03672962321
      ,1.03672962321,1.03672962321,1.036729623209,1.03672962321
      ,1.036729623209,1.03672962321,1.03672962321,1.03672962321
      ,1.03672962321,1.03672962321,1.03672962321,1.03672962321
      ,1.03672962321,1.03672962321,1.03672962321,1.03672962321
      ,1.03672962321,1.03672962321,1.03672962321,1.03672962321
      ,1.03672962321,1.036729623209,1.03672962321,1.03672962321
      ,1.03672962321,1.03672962321,1.03672962321,1.03672962321
      ,1.03672962321,1.036729623209,1.03672962321,1.03672962321
      ,1.03672962321,1.03672962321,1.03672962321,1.03672962321
      ,1.036729623209,1.03672962321,1.036729623209,1.03672962321
      ,1.03672962321,1.03672962321,1.03672962321,1.03672962321
      ,1.03672962321,1.03672962321,1.036729623209,1.03672962321
      ,1.036729623209,1.03672962321,1.03672962321,1.03672962321
      ,1.03672962321,1.03672962321,1.03672962321,1.03672962321
      ,1.03672962321,1.03672962321,1.03672962321,1.03672962321
      ,1.03672962321,1.03672962321,1.036729623209,1.03672962321
      ,1.036729623209,1.03672962321,1.03672962321,1.03672962321
      ,1.03672962321,1.03672962321,1.03672962321,1.036729623209
      ,1.03672962321,1.036729623209,1.03672962321,1.03672962321
      ,1.03672962321)
    ,(1.669078461068,1.669078461068,1.669078461068,1.669078461068
      ,1.669078461068,1.669078461068,1.669078461068,1.669078461068
      ,1.669078461068,1.669078461068,1.669078461068,1.669078461068
      ,1.669078461068,1.669078461068,1.669078461068,1.669078461068
      ,1.669078461068,1.669078461068,1.669078461068,1.669078461068
      ,1.669078461068,1.669078461068,1.669078461068,1.669078461068
      ,1.669078461068,1.669078461068,1.669078461068,1.669078461069
      ,1.669078461068,1.669078461069,1.669078461068,1.669078461069
      ,1.669078461068,1.669078461068,1.669078461068,1.669078461068
      ,1.669078461068,1.669078461068,1.669078461069,1.669078461068
      ,1.669078461068,1.669078461068,1.669078461068,1.669078461068
      ,1.669078461068,1.669078461068,1.669078461069,1.669078461068
      ,1.669078461068,1.669078461068,1.669078461068,1.669078461068
      ,1.669078461068,1.669078461068,1.669078461068,1.669078461068
      ,1.669078461068,1.669078461068,1.669078461068,1.669078461068
      ,1.669078461068,1.669078461068,1.669078461068,1.669078461068
      ,1.669078461068,1.669078461068,1.669078461068,1.669078461068
      ,1.669078461068,1.669078461068,1.669078461068,1.669078461068
      ,1.669078461068,1.669078461068,1.669078461068,1.669078461068
      ,1.669078461068,1.669078461068,1.669078461068,1.669078461068
      ,1.669078461068,1.669078461068,1.669078461068,1.669078461068
      ,1.669078461068,1.669078461068,1.669078461068,1.669078461068
      ,1.669078461068,1.669078461068,1.669078461068,1.669078461068
      ,1.669078461068,1.669078461068,1.669078461068,1.669078461068
      ,1.669078461068,1.669078461069,1.669078461068,1.669078461069
      ,1.669078461068,1.669078461068,1.669078461068,1.669078461068
      ,1.669078461068,1.669078461068,1.669078461068,1.669078461068
      ,1.669078461068,1.669078461068,1.669078461068,1.669078461068
      ,1.669078461068,1.669078461068,1.669078461068,1.669078461068
      ,1.669078461068,1.669078461068,1.669078461068,1.669078461068
      ,1.669078461068,1.669078461068,1.669078461068,1.669078461069
      ,1.669078461068,1.669078461068,1.669078461068,1.669078461068
      ,1.669078461068,1.669078461068,1.669078461068,1.669078461068
      ,1.669078461068,1.669078461068,1.669078461068,1.669078461068
,1.669078461068))) REPRESENTATION_ITEM('') SURFACE() );
#167 = CARTESIAN_POINT('',(0.75,-2.22044604925E-16,0.));
#168 = CARTESIAN_POINT('',(0.749999995728,0.360774595003,
    7.466464543816E-02));
#169 = CARTESIAN_POINT('',(0.600582085435,0.721848323835,0.149169162998)
  );
#170 = CARTESIAN_POINT('',(0.299908054488,1.026874582972,0.227170908297)
  );
#171 = CARTESIAN_POINT('',(-0.133502169439,1.224257359074,0.312569535664
    ));
#172 = CARTESIAN_POINT('',(-0.686077839357,1.24538335872,0.40901898297)
  );
#173 = CARTESIAN_POINT('',(-1.277145267767,1.004420684583,0.520110432656
    ));
#174 = CARTESIAN_POINT('',(-1.747970198315,0.467140463864,0.649342283829
    ));
#175 = CARTESIAN_POINT('',(-1.944251888479,-0.268761442164,
    0.799817731293));
#176 = CARTESIAN_POINT('',(-1.652489018747,-1.819962361255,
    1.149053300179));
#177 = CARTESIAN_POINT('',(-1.16414370086,-2.635490175756,1.347806399898
    ));
#178 = CARTESIAN_POINT('',(-0.264992519692,-3.326969703941,
    1.573560650497));
#179 = CARTESIAN_POINT('',(1.033095475976,-3.675049220347,1.828882380215
    ));
#180 = CARTESIAN_POINT('',(2.566934954225,-3.408257894426,2.115954914528
    ));
#181 = CARTESIAN_POINT('',(3.971090543759,-2.395640685537,2.436559221052
    ));
#182 = CARTESIAN_POINT('',(4.823424830251,-0.777783442495,2.792026200083
    ));
#183 = CARTESIAN_POINT('',(4.903108350785,1.079243484914,3.183166512489)
  );
#184 = CARTESIAN_POINT('',(4.214692498345,2.786124832523,3.610302541059)
  );
#185 = CARTESIAN_POINT('',(3.518598320863,4.489806181069,4.037514598864)
  );
#186 = CARTESIAN_POINT('',(2.056594503392,6.036643798323,4.499139776971)
  );
#187 = CARTESIAN_POINT('',(-0.160619893325,7.034690436474,4.995288107462
    ));
#188 = CARTESIAN_POINT('',(-2.887443643815,7.064043415394,5.525552558086
    ));
#189 = CARTESIAN_POINT('',(-5.604485003435,5.829815237336,6.089189037832
    ));
#190 = CARTESIAN_POINT('',(-7.590355968,3.428112275457,6.684757261835));
#191 = CARTESIAN_POINT('',(-8.359207018277,0.404539956183,7.310624502864
    ));
#192 = CARTESIAN_POINT('',(-7.823689617427,-2.583788256859,
    7.964553274828));
#193 = CARTESIAN_POINT('',(-4.626131757657,-7.399734039605,
    9.323471649247));
#194 = CARTESIAN_POINT('',(-1.964087042165,-9.227573775686,
    10.028447230334));
#195 = CARTESIAN_POINT('',(1.519615838699,-9.930059063292,
    10.756485707866));
#196 = CARTESIAN_POINT('',(5.255061543062,-9.083868001415,
    11.504322643609));
#197 = CARTESIAN_POINT('',(8.406978964104,-6.608582711067,
    12.269373417196));
#198 = CARTESIAN_POINT('',(10.171675051335,-3.018626674489,
    13.047181983075));
#199 = CARTESIAN_POINT('',(10.268525694294,0.834240811406,
    13.834779934697));
#200 = CARTESIAN_POINT('',(8.893121163096,4.186836740755,14.627730976973
    ));
#201 = CARTESIAN_POINT('',(6.527437089279,6.552977370232,15.422216446194
    ));
#202 = CARTESIAN_POINT('',(4.160312387241,8.920337603639,16.208600088776
    ));
#203 = CARTESIAN_POINT('',(0.802908780412,10.301315568463,16.99577081633
    ));
#204 = CARTESIAN_POINT('',(-3.063202288476,10.210899072171,
    17.780208109675));
#205 = CARTESIAN_POINT('',(-6.67695036541,8.44608746594,18.557583515705)
  );
#206 = CARTESIAN_POINT('',(-9.182122512527,5.276806990854,
    19.325015262342));
#207 = CARTESIAN_POINT('',(-10.04786175817,1.503347586815,
    20.077924882606));
#208 = CARTESIAN_POINT('',(-9.343235834924,-2.027356410541,
    20.81356944558));
#209 = CARTESIAN_POINT('',(-7.490795770697,-4.731698760246,
    21.528382564874));
#210 = CARTESIAN_POINT('',(-2.594224468552,-7.984060188033,
    22.910722853019));
#211 = CARTESIAN_POINT('',(0.450131319512,-8.532097754215,
    23.578233995316));
#212 = CARTESIAN_POINT('',(3.538632489097,-7.750701239016,
    24.219195670471));
#213 = CARTESIAN_POINT('',(5.999965485445,-5.721153187802,
    24.830913116742));
#214 = CARTESIAN_POINT('',(7.268820532125,-2.93304453355,25.411279689913
    ));
#215 = CARTESIAN_POINT('',(7.236371759856,-0.128874154529,
    25.958277716477));
#216 = CARTESIAN_POINT('',(6.204080943805,2.151597080904,26.470645766032
    ));
#217 = CARTESIAN_POINT('',(4.605590538477,3.652492097666,26.947422725615
    ));
#218 = CARTESIAN_POINT('',(2.846925147118,4.362364169983,27.38823593154)
  );
#219 = CARTESIAN_POINT('',(1.091392632022,5.079939190914,27.828820877598
    ));
#220 = CARTESIAN_POINT('',(-0.829790605762,5.009295582595,
    28.235005149125));
#221 = CARTESIAN_POINT('',(-2.516826317683,4.136686506191,
    28.606628633051));
#222 = CARTESIAN_POINT('',(-3.586828255416,2.679360902832,
    28.943966817647));
#223 = CARTESIAN_POINT('',(-3.879664135335,1.070899938781,
    29.247803378623));
#224 = CARTESIAN_POINT('',(-3.520461350261,-0.301531340897,
    29.519378085777));
#225 = CARTESIAN_POINT('',(-2.791524726625,-1.256041860974,
    29.760365859718));
#226 = CARTESIAN_POINT('',(-1.926803660661,-1.775755011139,
    29.97288696168));
#227 = CARTESIAN_POINT('',(-0.278046240362,-2.086148376856,
    30.345984534245));
#228 = CARTESIAN_POINT('',(0.50617985694,-1.877154027798,30.506552872262
    ));
#229 = CARTESIAN_POINT('',(1.079451610296,-1.373987652285,
    30.643673728151));
#230 = CARTESIAN_POINT('',(1.333737716296,-0.740888883127,
    30.760142845221));
#231 = CARTESIAN_POINT('',(1.304428211408,-0.153601527205,
    30.859285641674));
#232 = CARTESIAN_POINT('',(1.089238964027,0.298176289674,30.944567072135
    ));
#233 = CARTESIAN_POINT('',(0.769455291768,0.604452829272,31.019712221952
    ));
#234 = CARTESIAN_POINT('',(0.399822258485,0.753646236745,31.088721266525
    ));
#235 = CARTESIAN_POINT('',(3.611303578562E-02,0.75300067494,
    31.155539646347));
#236 = CARTESIAN_POINT('',(-0.325716121914,0.752667646357,
    31.230455563865));
#237 = CARTESIAN_POINT('',(-0.682259103893,0.602475629285,
    31.303918314266));
#238 = CARTESIAN_POINT('',(-0.977070516443,0.305789842426,
    31.379580526138));
#239 = CARTESIAN_POINT('',(-1.162339384526,-0.11338562893,
    31.461353586152));
#240 = CARTESIAN_POINT('',(-1.178990608745,-0.640078425848,
    31.552922177692));
#241 = CARTESIAN_POINT('',(-0.949243805507,-1.20054268982,
    31.657925349358));
#242 = CARTESIAN_POINT('',(-0.439447326904,-1.647654370112,
    31.779925689561));
#243 = CARTESIAN_POINT('',(0.259485072956,-1.834539372195,
    31.922107181039));
#244 = CARTESIAN_POINT('',(1.734945381544,-1.557187983519,
    32.252819501201));
#245 = CARTESIAN_POINT('',(2.511712938587,-1.092659400116,
    32.441343000023));
#246 = CARTESIAN_POINT('',(3.172279714318,-0.236000791661,
    32.655995889346));
#247 = CARTESIAN_POINT('',(3.508055515353,1.003812126918,32.899450484527
    ));
#248 = CARTESIAN_POINT('',(3.256832128948,2.475331991005,33.174015871251
    ));
#249 = CARTESIAN_POINT('',(2.286865945418,3.82917110736,33.481603879779)
  );
#250 = CARTESIAN_POINT('',(0.727440089985,4.655211873546,33.823685891511
    ));
#251 = CARTESIAN_POINT('',(-1.068986911717,4.734581498239,
    34.201223204033));
#252 = CARTESIAN_POINT('',(-2.724092182665,4.067592303294,
    34.614686607272));
#253 = CARTESIAN_POINT('',(-4.37593553485,3.392959966827,35.02853042046)
  );
#254 = CARTESIAN_POINT('',(-5.879763175825,1.974134733662,
    35.476745631433));
#255 = CARTESIAN_POINT('',(-6.854589116923,-0.182571623008,
    35.959574508776));
#256 = CARTESIAN_POINT('',(-6.888741425085,-2.842614232611,
    36.476772795877));
#257 = CARTESIAN_POINT('',(-5.6880878031,-5.502599959486,37.02770494012)
  );
#258 = CARTESIAN_POINT('',(-3.337592265896,-7.454418892831,
    37.611103190809));
#259 = CARTESIAN_POINT('',(-0.368337275529,-8.21419552089,
    38.225438456324));
#260 = CARTESIAN_POINT('',(2.573207127284,-7.689611355099,
    38.868608039396));
#261 = CARTESIAN_POINT('',(7.321103916174,-4.538244964861,
    40.207766670137));
#262 = CARTESIAN_POINT('',(9.127676591067,-1.911464630224,
    40.903742303595));
#263 = CARTESIAN_POINT('',(9.826860104438,1.532655880821,41.623770226367
    ));
#264 = CARTESIAN_POINT('',(8.995040949496,5.234651748575,42.364688402634
    ));
#265 = CARTESIAN_POINT('',(6.544186565341,8.368317390714,43.123992276109
    ));
#266 = CARTESIAN_POINT('',(2.976494143624,10.129874752706,
    43.897303184939));
#267 = CARTESIAN_POINT('',(-0.862339118447,10.231404026256,
    44.68170116484));
#268 = CARTESIAN_POINT('',(-4.209149128251,8.861410592528,45.47278759944
    ));
#269 = CARTESIAN_POINT('',(-6.574256772711,6.497671994597,46.26675917467
    ));
#270 = CARTESIAN_POINT('',(-8.940361246594,4.132273770146,
    47.052640360135));
#271 = CARTESIAN_POINT('',(-10.32464748509,0.773291953564,
    47.840600791244));
#272 = CARTESIAN_POINT('',(-10.23869825725,-3.101738700226,
    48.627127811177));
#273 = CARTESIAN_POINT('',(-8.472878997866,-6.732786335923,
    49.407882257676));
#274 = CARTESIAN_POINT('',(-5.289545314425,-9.25894049253,
    50.179957452887));
#275 = CARTESIAN_POINT('',(-1.487577675142,-10.13795872182,
    50.938725663262));
#276 = CARTESIAN_POINT('',(2.078287487482,-9.430993534594,
    51.681385516698));
#277 = CARTESIAN_POINT('',(4.814688837124,-7.55956341796,52.404290335323
    ));
#278 = CARTESIAN_POINT('',(8.109567358856,-2.600536122232,
    53.804782593116));
#279 = CARTESIAN_POINT('',(8.6680693175,0.487286717265,54.482353495869)
  );
#280 = CARTESIAN_POINT('',(7.878647134029,3.627062445185,55.134269583716
    ));
#281 = CARTESIAN_POINT('',(5.817225368515,6.137648337171,55.757716294808
    ));
#282 = CARTESIAN_POINT('',(2.974414280205,7.439646585591,56.350492105046
    ));
#283 = CARTESIAN_POINT('',(0.105057941646,7.412547184535,56.910414051528
    ));
#284 = CARTESIAN_POINT('',(-2.235177663737,6.357793616787,
    57.436110509245));
#285 = CARTESIAN_POINT('',(-3.779070386401,4.716793613493,57.92645469888
    ));
#286 = CARTESIAN_POINT('',(-4.510398794193,2.906407271654,58.38093087433
    ));
#287 = CARTESIAN_POINT('',(-5.24944361557,1.099082943764,58.83487461948)
  );
#288 = CARTESIAN_POINT('',(-5.178705910229,-0.883096201533,
    59.254484462269));
#289 = CARTESIAN_POINT('',(-4.279845892991,-2.629523015856,
    59.639462992537));
#290 = CARTESIAN_POINT('',(-2.771538855944,-3.743648019757,
    59.989938916507));
#291 = CARTESIAN_POINT('',(-1.098885219559,-4.053347850541,
    60.306556683465));
#292 = CARTESIAN_POINT('',(0.334648472658,-3.682042115081,60.59041963497
    ));
#293 = CARTESIAN_POINT('',(1.334475519707,-2.920819514056,
    60.843067365071));
#294 = CARTESIAN_POINT('',(1.879979773277,-2.014726328392,
    61.066500619002));
#295 = CARTESIAN_POINT('',(2.20611774196,-0.283798837754,61.459698776047
    ));
#296 = CARTESIAN_POINT('',(1.987083466458,0.541213451605,61.629457224981
    ));
#297 = CARTESIAN_POINT('',(1.457810217416,1.145726093329,61.774790702793
    ));
#298 = CARTESIAN_POINT('',(0.789866758463,1.413940899299,61.898406770249
    ));
#299 = CARTESIAN_POINT('',(0.17136674616,1.380683397112,62.00351801921)
  );
#300 = CARTESIAN_POINT('',(-0.299665863028,1.15140897613,62.093553211771
    ));
#301 = CARTESIAN_POINT('',(-0.613377716628,0.817656515353,62.17213656755
    ));
#302 = CARTESIAN_POINT('',(-0.763288974142,0.439043389544,
    62.243274425686));
#303 = CARTESIAN_POINT('',(-0.761998303252,7.217459852332E-02,
    62.310857597124));
#304 = CARTESIAN_POINT('',(0.75,2.22044604925E-16,1.246157306678));
#305 = CARTESIAN_POINT('',(0.645647982189,0.360774538554,1.320821953404)
  );
#306 = CARTESIAN_POINT('',(0.391882561925,0.636892343705,1.385495906932)
  );
#307 = CARTESIAN_POINT('',(4.664907470058E-02,0.773033233669,
    1.443819975691));
#308 = CARTESIAN_POINT('',(-0.310566873157,0.75903768113,1.499804652604)
  );
#309 = CARTESIAN_POINT('',(-0.644878698868,0.622790886072,1.557356406099
    ));
#310 = CARTESIAN_POINT('',(-0.933131656734,0.365868221357,1.62044963771)
  );
#311 = CARTESIAN_POINT('',(-1.123075738979,-2.327898996108E-02,
    1.693090303224));
#312 = CARTESIAN_POINT('',(-1.138691076343,-0.493332363763,1.77901150584
    ));
#313 = CARTESIAN_POINT('',(-0.759076796616,-1.417824996601,
    1.984685415126));
#314 = CARTESIAN_POINT('',(-0.363610726948,-1.872576829925,
    2.104428719865));
#315 = CARTESIAN_POINT('',(0.271071981111,-2.227391210238,2.2446906085)
  );
#316 = CARTESIAN_POINT('',(1.138761469445,-2.359978259691,2.408857801598
    ));
#317 = CARTESIAN_POINT('',(2.158996382161,-2.093778905975,2.600080562714
    ));
#318 = CARTESIAN_POINT('',(3.096753940441,-1.316259117377,2.821144178191
    ));
#319 = CARTESIAN_POINT('',(3.641319462295,-9.72355359782E-02,
    3.074455442267));
#320 = CARTESIAN_POINT('',(3.608687171862,1.298590783082,3.361973790542)
  );
#321 = CARTESIAN_POINT('',(2.989201609166,2.572869808565,3.685151778085)
  );
#322 = CARTESIAN_POINT('',(2.362263972509,3.843460937108,4.010720138582)
  );
#323 = CARTESIAN_POINT('',(1.150496328817,4.985819339865,4.370569215697)
  );
#324 = CARTESIAN_POINT('',(-0.650749234371,5.698798384381,4.765814317178
    ));
#325 = CARTESIAN_POINT('',(-2.865988147012,5.642383655796,5.197285414073
    ));
#326 = CARTESIAN_POINT('',(-5.093924960796,4.551880043343,5.665056778754
    ));
#327 = CARTESIAN_POINT('',(-6.725664823986,2.46244908804,6.168994443341)
  );
#328 = CARTESIAN_POINT('',(-7.312173519871,-0.178530392891,
    6.708243625669));
#329 = CARTESIAN_POINT('',(-6.750709317072,-2.795417411546,
    7.281579639891));
#330 = CARTESIAN_POINT('',(-3.728878292454,-6.99021463523,8.492955800883
    ));
#331 = CARTESIAN_POINT('',(-1.268549974011,-8.568330867687,
    9.130986466302));
#332 = CARTESIAN_POINT('',(1.942207461645,-9.131520774041,9.799725147603
    ));
#333 = CARTESIAN_POINT('',(5.401366702894,-8.273584926383,
    10.496668206263));
#334 = CARTESIAN_POINT('',(8.342355221619,-5.881537814008,
    11.219826938029));
#335 = CARTESIAN_POINT('',(9.976287213502,-2.399321823099,
    11.965307205401));
#336 = CARTESIAN_POINT('',(9.991232791691,1.358434576992,12.730495694105
    ));
#337 = CARTESIAN_POINT('',(8.551648741025,4.633111423508,13.511216961011
    ));
#338 = CARTESIAN_POINT('',(6.123096947598,6.925063279017,14.303749120208
    ));
#339 = CARTESIAN_POINT('',(3.691431966292,9.21654774265,15.088222934381)
  );
#340 = CARTESIAN_POINT('',(0.272030971376,10.523951772782,
    15.883311163747));
#341 = CARTESIAN_POINT('',(-3.6687199411,10.349490681125,16.685533583021
    ));
#342 = CARTESIAN_POINT('',(-7.369395095785,8.46155275535,17.490458859291
    ));
#343 = CARTESIAN_POINT('',(-9.942756420224,5.098295574973,
    18.294997662555));
#344 = CARTESIAN_POINT('',(-10.79169051178,1.069161421934,
    19.094174865265));
#345 = CARTESIAN_POINT('',(-9.951561445613,-2.715856757484,
    19.88478740943));
#346 = CARTESIAN_POINT('',(-7.858891911004,-5.608385598226,
    20.662639530329));
#347 = CARTESIAN_POINT('',(-2.364663133264,-9.021041133234,
    22.185769208424));
#348 = CARTESIAN_POINT('',(1.037132776513,-9.541229963882,
    22.931026777187));
#349 = CARTESIAN_POINT('',(4.495415605564,-8.582097349948,
    23.656393489294));
#350 = CARTESIAN_POINT('',(7.260966012325,-6.207849007713,
    24.358249255063));
#351 = CARTESIAN_POINT('',(8.672137623551,-2.94061112775,25.033755974695
    ));
#352 = CARTESIAN_POINT('',(8.556499565665,0.368645507653,25.679626174514
    ));
#353 = CARTESIAN_POINT('',(7.242378527974,3.06212431423,26.293756703388)
  );
#354 = CARTESIAN_POINT('',(5.241543774438,4.812491667611,26.873920129204
    ));
#355 = CARTESIAN_POINT('',(3.050485589635,5.591406838419,27.418654649345
    ));
#356 = CARTESIAN_POINT('',(0.862038407816,6.378168653934,27.96084743222)
  );
#357 = CARTESIAN_POINT('',(-1.522063773948,6.196131616235,28.46896231146
    ));
#358 = CARTESIAN_POINT('',(-3.611884367843,5.016051717572,
    28.941795200649));
#359 = CARTESIAN_POINT('',(-4.923230586735,3.089854576423,
    29.378505845379));
#360 = CARTESIAN_POINT('',(-5.222404517382,0.960121548397,
    29.778826761688));
#361 = CARTESIAN_POINT('',(-4.648877590591,-0.854661872582,
    30.142961692391));
#362 = CARTESIAN_POINT('',(-3.57761273763,-2.085668046588,
    30.471573287345));
#363 = CARTESIAN_POINT('',(-2.341145248523,-2.706647710051,
    30.765877159633));
#364 = CARTESIAN_POINT('',(-3.867501084234E-02,-2.934788793339,
    31.289162331987));
#365 = CARTESIAN_POINT('',(1.027426410048,-2.542328970161,
    31.518137571263));
#366 = CARTESIAN_POINT('',(1.764482488739,-1.748024129197,
    31.716138758161));
#367 = CARTESIAN_POINT('',(2.013766631204,-0.794040474191,
    31.885206748711));
#368 = CARTESIAN_POINT('',(1.828434403251,3.377759905614E-02,
    32.028015530939));
#369 = CARTESIAN_POINT('',(1.392675623051,0.58191227598,32.147493220575)
  );
#370 = CARTESIAN_POINT('',(0.888080621713,0.856500631947,32.246955441181
    ));
#371 = CARTESIAN_POINT('',(0.415636157784,0.905977090797,32.330137805525
    ));
#372 = CARTESIAN_POINT('',(3.591920468509E-02,0.798606996534,
    32.400862118178));
#373 = CARTESIAN_POINT('',(-0.341937972574,0.693923741887,
    32.479597066475));
#374 = CARTESIAN_POINT('',(-0.629579946295,0.43268360453,32.547056941439
    ));
#375 = CARTESIAN_POINT('',(-0.768231401091,7.804670016987E-02,
    32.606838589295));
#376 = CARTESIAN_POINT('',(-0.748097486416,-0.283102539519,
    32.662922310708));
#377 = CARTESIAN_POINT('',(-0.604772532222,-0.610112608096,
    32.719205930766));
#378 = CARTESIAN_POINT('',(-0.349279946753,-0.882322405107,
    32.779672909979));
#379 = CARTESIAN_POINT('',(2.564016509577E-02,-1.056794651184,
    32.848355494715));
#380 = CARTESIAN_POINT('',(0.472167842369,-1.06522218109,32.929033830641
    ));
#381 = CARTESIAN_POINT('',(1.343722812235,-0.695306868456,33.12177873648
    ));
#382 = CARTESIAN_POINT('',(1.769071154132,-0.316739292924,
    33.233835673292));
#383 = CARTESIAN_POINT('',(2.098116358538,0.285416512314,33.365254263838
    ));
#384 = CARTESIAN_POINT('',(2.218167131701,1.105082711155,33.519499097773
    ));
#385 = CARTESIAN_POINT('',(1.963206468998,2.070304455898,33.699822087342
    ));
#386 = CARTESIAN_POINT('',(1.222856928513,2.960882596003,33.909119559884
    ));
#387 = CARTESIAN_POINT('',(5.823535722583E-02,3.479378771079,
    34.149923751204));
#388 = CARTESIAN_POINT('',(-1.278952611126,3.445637217774,
    34.424335221753));
#389 = CARTESIAN_POINT('',(-2.501801864061,2.847235335508,
    34.733950677376));
#390 = CARTESIAN_POINT('',(-3.720935983731,2.241498798366,
    35.046258436607));
#391 = CARTESIAN_POINT('',(-4.819123479868,1.073080462121,
    35.392435999843));
#392 = CARTESIAN_POINT('',(-5.506665705171,-0.665629229491,
    35.773729020191));
#393 = CARTESIAN_POINT('',(-5.453438155529,-2.809232535186,
    36.191133740237));
#394 = CARTESIAN_POINT('',(-4.398014200383,-4.972887649075,
    36.644840375629));
#395 = CARTESIAN_POINT('',(-2.365999557468,-6.563863855192,
    37.134902027698));
#396 = CARTESIAN_POINT('',(0.210982584012,-7.13804777349,37.660584520424
    ));
#397 = CARTESIAN_POINT('',(2.77042459633,-6.589053142491,38.22082125206)
  );
#398 = CARTESIAN_POINT('',(6.878943753829,-3.625371489415,
    39.407199920668));
#399 = CARTESIAN_POINT('',(8.428223260339,-1.210728738051,
    40.033333130705));
#400 = CARTESIAN_POINT('',(8.984615812651,1.945932194685,40.690910866068
    ));
#401 = CARTESIAN_POINT('',(8.144117875631,5.355070692452,41.377566383745
    ));
#402 = CARTESIAN_POINT('',(5.787379735515,8.263033137244,42.091418358943
    ));
#403 = CARTESIAN_POINT('',(2.344104086135,9.885281177482,42.828697456744
    ));
#404 = CARTESIAN_POINT('',(-1.381354115112,9.904312990858,
    43.586870410091));
#405 = CARTESIAN_POINT('',(-4.634236470641,8.476672389085,
    44.361846874552));
#406 = CARTESIAN_POINT('',(-6.913837151089,6.061374462874,
    45.149961223642));
#407 = CARTESIAN_POINT('',(-9.192735768826,3.642760990656,
    45.930115573781));
#408 = CARTESIAN_POINT('',(-10.49680909227,0.237881492197,
    46.722161115202));
#409 = CARTESIAN_POINT('',(-10.32728950661,-3.693259663413,
    47.522663234464));
#410 = CARTESIAN_POINT('',(-8.446912649282,-7.394089900789,
    48.32722641156));
#411 = CARTESIAN_POINT('',(-5.084736334515,-9.976990595778,
    49.132767479348));
#412 = CARTESIAN_POINT('',(-1.044405468743,-10.83577941173,
    49.934311456521));
#413 = CARTESIAN_POINT('',(2.76035402618,-9.996859917868,50.72862660213)
  );
#414 = CARTESIAN_POINT('',(5.673705280899,-7.893250146288,
    51.511475574928));
#415 = CARTESIAN_POINT('',(9.11585557917,-2.356360402408,53.047064561805
    ));
#416 = CARTESIAN_POINT('',(9.644723217026,1.077155516623,53.799784252286
    ));
#417 = CARTESIAN_POINT('',(8.681041743949,4.575769154462,54.533787936936
    ));
#418 = CARTESIAN_POINT('',(6.282454019378,7.383184254069,55.245365295657
    ));
#419 = CARTESIAN_POINT('',(2.969102501867,8.825264160086,55.93160647359)
  );
#420 = CARTESIAN_POINT('',(-0.398947022185,8.716566384368,
    56.589081251867));
#421 = CARTESIAN_POINT('',(-3.148837781221,7.382811516694,
    57.215590419722));
#422 = CARTESIAN_POINT('',(-4.941152094645,5.341641585021,57.80875208272
    ));
#423 = CARTESIAN_POINT('',(-5.741406084365,3.099627535447,
    58.366966126155));
#424 = CARTESIAN_POINT('',(-6.54943742143,0.860120376359,58.922338344449
    ));
#425 = CARTESIAN_POINT('',(-6.36800680966,-1.585597943187,
    59.444068353269));
#426 = CARTESIAN_POINT('',(-5.161951445708,-3.737464013616,
    59.930817226018));
#427 = CARTESIAN_POINT('',(-3.182750317055,-5.097332322685,
    60.381595752808));
#428 = CARTESIAN_POINT('',(-0.982998187944,-5.417245798749,
    60.795989566026));
#429 = CARTESIAN_POINT('',(0.901700573252,-4.832098887154,
    61.174053391961));
#430 = CARTESIAN_POINT('',(2.186923443668,-3.724145779042,
    61.516297314859));
#431 = CARTESIAN_POINT('',(2.840009411873,-2.437907577165,
    61.823795298906));
#432 = CARTESIAN_POINT('',(3.088245828698,-3.235912037179E-02,
    62.372311846091));
#433 = CARTESIAN_POINT('',(2.683777696795,1.087036211786,62.613326082538
    ));
#434 = CARTESIAN_POINT('',(1.855740033154,1.867888279687,62.822645790353
    ));
#435 = CARTESIAN_POINT('',(0.853152347068,2.140608908208,63.00219389173)
  );
#436 = CARTESIAN_POINT('',(-2.377763077123E-02,1.954065157671,
    63.154496858317));
#437 = CARTESIAN_POINT('',(-0.608961641631,1.498577380742,
    63.282409017416));
#438 = CARTESIAN_POINT('',(-0.904252151595,0.967576440411,
    63.389106395097));
#439 = CARTESIAN_POINT('',(-0.961152463582,0.470261333091,
    63.478287088839));
#440 = CARTESIAN_POINT('',(-0.853145942309,7.139955812413E-02,
    63.553676787592));
#441 = CARTESIAN_POINT('',(-0.790911142911,2.22044604925E-16,
    1.425084287434));
#442 = CARTESIAN_POINT('',(-0.910246335438,-0.180769711835,
    1.370714518095));
#443 = CARTESIAN_POINT('',(-0.952538826958,-0.458288357486,1.30488449655
    ));
#444 = CARTESIAN_POINT('',(-0.852585930831,-0.774349327998,
    1.232558692983));
#445 = CARTESIAN_POINT('',(-0.587811064929,-1.018325009638,
    1.159177402105));
#446 = CARTESIAN_POINT('',(-0.267893306071,-1.088426592196,1.09000814992
    ));
#447 = CARTESIAN_POINT('',(-2.644663257258E-02,-1.019156050302,
    1.030382407129));
#448 = CARTESIAN_POINT('',(9.799639958801E-02,-0.944269161133,
    0.985647411228));
#449 = CARTESIAN_POINT('',(0.181223814387,-0.928784480795,0.960751826596
    ));
#450 = CARTESIAN_POINT('',(0.416898057517,-1.006846622948,0.960223377371
    ));
#451 = CARTESIAN_POINT('',(0.569680193022,-1.100796191542,0.984578223251
    ));
#452 = CARTESIAN_POINT('',(0.837499453693,-1.239149325461,1.038310601854
    ));
#453 = CARTESIAN_POINT('',(1.307698163349,-1.350880599957,1.1258554949)
  );
#454 = CARTESIAN_POINT('',(2.018708322147,-1.228165697313,1.251293604271
    ));
#455 = CARTESIAN_POINT('',(2.792665641943,-0.661784853933,1.418200140066
    ));
#456 = CARTESIAN_POINT('',(3.290235866073,0.374472223609,1.629618917537)
  );
#457 = CARTESIAN_POINT('',(3.268397599826,1.648810979413,1.887968235937)
  );
#458 = CARTESIAN_POINT('',(2.666509104326,2.858665304601,2.194979809299)
  );
#459 = CARTESIAN_POINT('',(2.054417110879,4.063601463908,2.504741621702)
  );
#460 = CARTESIAN_POINT('',(0.864985326092,5.194891310964,2.861242212877)
  );
#461 = CARTESIAN_POINT('',(-0.955993928535,5.945999223246,3.265781125081
    ));
#462 = CARTESIAN_POINT('',(-3.273845339444,5.930850530656,3.719218365393
    ));
#463 = CARTESIAN_POINT('',(-5.68596090039,4.804061556333,4.221475926147)
  );
#464 = CARTESIAN_POINT('',(-7.499713814304,2.54047743586,4.772085204113)
  );
#465 = CARTESIAN_POINT('',(-8.17146802214,-0.382360323945,5.369711143253
    ));
#466 = CARTESIAN_POINT('',(-7.552406050056,-3.314480940245,
    6.012463239243));
#467 = CARTESIAN_POINT('',(-4.143550928639,-8.048120350142,
    7.383143498612));
#468 = CARTESIAN_POINT('',(-1.353814110091,-9.849903602416,
    8.111057748822));
#469 = CARTESIAN_POINT('',(2.315147833014,-10.51175587592,8.879139576682
    ));
#470 = CARTESIAN_POINT('',(6.300388293331,-9.545973091429,9.683811002922
    ));
#471 = CARTESIAN_POINT('',(9.713405997512,-6.794038701801,
    10.522231787788));
#472 = CARTESIAN_POINT('',(11.617749073825,-2.759994879954,
    11.388972857701));
#473 = CARTESIAN_POINT('',(11.640094648447,1.603520587884,12.28039563635
    ));
#474 = CARTESIAN_POINT('',(9.969682442056,5.408752766827,13.19075367886)
  );
#475 = CARTESIAN_POINT('',(7.149806926814,8.072514896418,14.114954472265
    ));
#476 = CARTESIAN_POINT('',(4.326055747867,10.736009598785,
    15.028165706231));
#477 = CARTESIAN_POINT('',(0.354266689776,12.256483478,15.95368776405));
#478 = CARTESIAN_POINT('',(-4.221418325394,12.053127654392,
    16.886769780735));
#479 = CARTESIAN_POINT('',(-8.510498413372,9.858282418183,
    17.821396295885));
#480 = CARTESIAN_POINT('',(-11.47632540392,5.958563222121,
    18.753403341337));
#481 = CARTESIAN_POINT('',(-12.4360946796,1.313184747951,19.67609883328)
  );
#482 = CARTESIAN_POINT('',(-11.45707073048,-3.022784517113,
    20.585219150182));
#483 = CARTESIAN_POINT('',(-9.061465992312,-6.316041017098,
    21.47518510412));
#484 = CARTESIAN_POINT('',(-2.824163045655,-10.18383752065,
    23.207510412362));
#485 = CARTESIAN_POINT('',(1.017835182006,-10.75843939984,
    24.049843398669));
#486 = CARTESIAN_POINT('',(4.889545542827,-9.657811560615,
    24.863615622109));
#487 = CARTESIAN_POINT('',(7.939386405188,-6.985373988608,
    25.644097099087));
#488 = CARTESIAN_POINT('',(9.440468587635,-3.369168791252,
    26.387580904881));
#489 = CARTESIAN_POINT('',(9.258182711516,0.21672036913,27.089865701605)
  );
#490 = CARTESIAN_POINT('',(7.812120107807,3.071894633398,27.748270127933
    ));
#491 = CARTESIAN_POINT('',(5.687780164441,4.885776443573,28.360036461695
    ));
#492 = CARTESIAN_POINT('',(3.418172900418,5.674684501856,28.923411402794
    ));
#493 = CARTESIAN_POINT('',(1.152237585833,6.474252674654,29.483829671076
    ));
#494 = CARTESIAN_POINT('',(-1.26632585471,6.25257835,29.997743819489));
#495 = CARTESIAN_POINT('',(-3.313560577381,5.023804838813,
    30.463741813055));
#496 = CARTESIAN_POINT('',(-4.502982598559,3.107841433655,30.88092307874
    ));
#497 = CARTESIAN_POINT('',(-4.669110015832,1.111687175526,
    31.249153339157));
#498 = CARTESIAN_POINT('',(-4.05069158029,-0.457872052303,
    31.568937081304));
#499 = CARTESIAN_POINT('',(-3.084815361615,-1.41975950841,
    31.841398881669));
#500 = CARTESIAN_POINT('',(-2.086136521128,-1.837304216005,
    32.06839319871));
#501 = CARTESIAN_POINT('',(-0.410879295326,-1.90383607662,
    32.436304989762));
#502 = CARTESIAN_POINT('',(0.265848668245,-1.553326677694,
    32.577213751847));
#503 = CARTESIAN_POINT('',(0.596706020972,-0.979550761662,
    32.677566483223));
#504 = CARTESIAN_POINT('',(0.521617818059,-0.45047493435,32.740309296137
    ));
#505 = CARTESIAN_POINT('',(0.222175043338,-0.198426031673,
    32.769228332319));
#506 = CARTESIAN_POINT('',(-5.208001400789E-02,-0.240847272936,
    32.768430905908));
#507 = CARTESIAN_POINT('',(-0.160608536977,-0.420361877155,
    32.742524442964));
#508 = CARTESIAN_POINT('',(-0.109480070695,-0.611739927694,
    32.696656902466));
#509 = CARTESIAN_POINT('',(4.898478071948E-02,-0.734667908081,
    32.636062824793));
#510 = CARTESIAN_POINT('',(0.209988144938,-0.854454824526,32.58640280771
    ));
#511 = CARTESIAN_POINT('',(0.475320110184,-0.905464792569,
    32.523530587801));
#512 = CARTESIAN_POINT('',(0.790746932991,-0.815392121214,
    32.452359325687));
#513 = CARTESIAN_POINT('',(1.044395097336,-0.551998112914,
    32.378297357913));
#514 = CARTESIAN_POINT('',(1.12357104799,-0.218062244829,32.306609058901
    ));
#515 = CARTESIAN_POINT('',(1.050208991648,4.843272835864E-02,
    32.242646740978));
#516 = CARTESIAN_POINT('',(0.953033724342,0.195761919663,32.191801763557
    ));
#517 = CARTESIAN_POINT('',(0.902549714678,0.289266916343,32.159094279272
    ));
#518 = CARTESIAN_POINT('',(0.903487238286,0.510693697006,32.139724140223
    ));
#519 = CARTESIAN_POINT('',(0.955323584844,0.638935510171,32.153048864084
    ));
#520 = CARTESIAN_POINT('',(1.057438118857,0.860252350073,32.19423717315)
  );
#521 = CARTESIAN_POINT('',(1.152138800071,1.262771113483,32.26783630842)
  );
#522 = CARTESIAN_POINT('',(1.045685408262,1.89722212966,32.378070755011)
  );
#523 = CARTESIAN_POINT('',(0.53115173495,2.606207349769,32.528671364477)
  );
#524 = CARTESIAN_POINT('',(-0.430096570449,3.068207243227,
    32.722856168085));
#525 = CARTESIAN_POINT('',(-1.624107071206,3.045031704564,
    32.963237840136));
#526 = CARTESIAN_POINT('',(-2.763809033467,2.471946249776,33.25174544189
    ));
#527 = CARTESIAN_POINT('',(-3.898548123404,1.888799280146,
    33.543415220055));
#528 = CARTESIAN_POINT('',(-4.969906361834,0.758396459672,
    33.881344727737));
#529 = CARTESIAN_POINT('',(-5.6868401914,-0.977817522898,34.267011525666
    ));
#530 = CARTESIAN_POINT('',(-5.676387280383,-3.199123648356,
    34.70150141152));
#531 = CARTESIAN_POINT('',(-4.597067107368,-5.525233460851,
    35.184892736621));
#532 = CARTESIAN_POINT('',(-2.410356929012,-7.28491288848,
    35.716968609171));
#533 = CARTESIAN_POINT('',(0.427399917781,-7.940585534003,
    36.296554590849));
#534 = CARTESIAN_POINT('',(3.283582480369,-7.338177759346,
    36.921970476259));
#535 = CARTESIAN_POINT('',(7.90365409768,-4.00593647836,38.259736954209)
  );
#536 = CARTESIAN_POINT('',(9.667803007434,-1.276167244204,
    38.972074629274));
#537 = CARTESIAN_POINT('',(10.321158905675,2.322262939432,
    39.725638803208));
#538 = CARTESIAN_POINT('',(9.378465041655,6.242975538192,40.517030472638
    ));
#539 = CARTESIAN_POINT('',(6.672259377812,9.614228332413,41.343549727921
    ));
#540 = CARTESIAN_POINT('',(2.687622450964,11.504522508781,
    42.199927163394));
#541 = CARTESIAN_POINT('',(-1.635884071021,11.532565579282,
    43.082626351492));
#542 = CARTESIAN_POINT('',(-5.414925415183,9.876996643424,
    43.986006415803));
#543 = CARTESIAN_POINT('',(-8.064336743631,7.072704053927,
    44.905042542016));
#544 = CARTESIAN_POINT('',(-10.71316349515,4.264256430216,
    45.813204080185));
#545 = CARTESIAN_POINT('',(-12.23055289503,0.308728305098,
    46.735419504569));
#546 = CARTESIAN_POINT('',(-12.03382635545,-4.257920405143,
    47.666991832852));
#547 = CARTESIAN_POINT('',(-9.847407168164,-8.550966175625,
    48.601944214515));
#548 = CARTESIAN_POINT('',(-5.945846598967,-11.53229695962,
    49.536114275178));
#549 = CARTESIAN_POINT('',(-1.281420897398,-12.50624381997,
    50.462799309641));
#550 = CARTESIAN_POINT('',(3.084823944909,-11.52809085495,
    51.377690097342));
#551 = CARTESIAN_POINT('',(6.4089130223,-9.115816523757,52.275142321561)
  );
#552 = CARTESIAN_POINT('',(10.319749813202,-2.816050337312,
    54.025690880497));
#553 = CARTESIAN_POINT('',(10.906568166758,1.071740956953,
    54.878760352276));
#554 = CARTESIAN_POINT('',(9.798980833902,5.000801269977,55.704808515431
    ));
#555 = CARTESIAN_POINT('',(7.091729313978,8.109303495758,56.498975966052
    ));
#556 = CARTESIAN_POINT('',(3.410810368746,9.652989720482,57.25745294434)
  );
#557 = CARTESIAN_POINT('',(-0.256588043268,9.479812061494,
    57.975838675653));
#558 = CARTESIAN_POINT('',(-3.189361517804,8.006377552958,
    58.651317815602));
#559 = CARTESIAN_POINT('',(-5.060628982129,5.826602049799,59.2809197232)
  );
#560 = CARTESIAN_POINT('',(-5.878638352161,3.487396447488,
    59.862701594184));
#561 = CARTESIAN_POINT('',(-6.707231538043,1.151728215597,
    60.441117008401));
#562 = CARTESIAN_POINT('',(-6.486230105985,-1.350655540431,
    60.973541177245));
#563 = CARTESIAN_POINT('',(-5.222002949642,-3.481850135874,
    61.458377798866));
#564 = CARTESIAN_POINT('',(-3.234260950495,-4.736423454404,
    61.894523814325));
#565 = CARTESIAN_POINT('',(-1.143976849604,-4.929961204112,
    62.281646484197));
#566 = CARTESIAN_POINT('',(0.518916843301,-4.295603995024,62.62005000702
    ));
#567 = CARTESIAN_POINT('',(1.552729200763,-3.28070158849,62.910654853507
    ));
#568 = CARTESIAN_POINT('',(2.012637979975,-2.21604596132,63.155127322673
    ));
#569 = CARTESIAN_POINT('',(2.105598343615,-0.404916279257,63.55629499793
    ));
#570 = CARTESIAN_POINT('',(1.739157860466,0.341689231853,63.712983842722
    ));
#571 = CARTESIAN_POINT('',(1.121088665876,0.729472198005,63.828078677641
    ));
#572 = CARTESIAN_POINT('',(0.528799654181,0.684235728944,63.904371437187
    ));
#573 = CARTESIAN_POINT('',(0.213752130083,0.382542928004,63.945454858701
    ));
#574 = CARTESIAN_POINT('',(0.209587885487,8.264169322717E-02,
    63.955343947509));
#575 = CARTESIAN_POINT('',(0.363799641344,-5.914315819807E-02,
    63.938464400341));
#576 = CARTESIAN_POINT('',(0.546530701862,-3.84228361185E-02,
    63.899922624111));
#577 = CARTESIAN_POINT('',(0.670327758137,9.745642683091E-02,
    63.84483127997));
#578 = CARTESIAN_POINT('',(-2.061837690756,0.,0.));
#579 = CARTESIAN_POINT('',(-2.061837697855,-0.627429376828,
    -0.160795936883));
#580 = CARTESIAN_POINT('',(-1.798022186258,-1.254366162546,
    -0.321857943669));
#581 = CARTESIAN_POINT('',(-1.274650042944,-1.73026345404,
    -0.477108925829));
#582 = CARTESIAN_POINT('',(-0.593021835862,-1.897162936798,
    -0.620069183144));
#583 = CARTESIAN_POINT('',(-8.953575441428E-03,-1.714102849152,
    -0.74466730005));
#584 = CARTESIAN_POINT('',(0.287229043876,-1.355650095236,
    -0.844936135944));
#585 = CARTESIAN_POINT('',(0.316501048935,-1.084978126383,
    -0.915062719855));
#586 = CARTESIAN_POINT('',(0.253250378907,-1.004530149323,-0.94989075577
    ));
#587 = CARTESIAN_POINT('',(0.259335225681,-1.175377014374,
    -0.939316585144));
#588 = CARTESIAN_POINT('',(0.329168737831,-1.42704325325,-0.893926045928
    ));
#589 = CARTESIAN_POINT('',(0.628164564487,-1.811735860403,
    -0.803670154948));
#590 = CARTESIAN_POINT('',(1.313683891751,-2.178218877083,
    -0.664284678454));
#591 = CARTESIAN_POINT('',(2.41782227831,-2.173101296121,-0.472141783457
    ));
#592 = CARTESIAN_POINT('',(3.645277311057,-1.484170554137,-0.22428219839
    ));
#593 = CARTESIAN_POINT('',(4.49249317196,-9.53257489405E-02,
    8.150551249766E-02));
#594 = CARTESIAN_POINT('',(4.621301222215,1.660850555922,0.446568350485)
  );
#595 = CARTESIAN_POINT('',(3.946935972609,3.363515966989,0.871441989675)
  );
#596 = CARTESIAN_POINT('',(3.25981235002,5.060864231233,1.296441959717)
  );
#597 = CARTESIAN_POINT('',(1.773002721695,6.693481119972,1.778623075646)
  );
#598 = CARTESIAN_POINT('',(-0.5892089275,7.835795069641,2.31816816773));
#599 = CARTESIAN_POINT('',(-3.637318484347,7.962921737425,2.9144009076)
  );
#600 = CARTESIAN_POINT('',(-6.818596812597,6.624823352079,3.566084906999
    ));
#601 = CARTESIAN_POINT('',(-9.229388597757,3.823509646862,4.270826975853
    ));
#602 = CARTESIAN_POINT('',(-10.20156999265,0.185362812712,5.025914160094
    ));
#603 = CARTESIAN_POINT('',(-9.567747102835,-3.475521002392,
    5.827628632999));
#604 = CARTESIAN_POINT('',(-5.617909982106,-9.437486365814,
    7.515900707584));
#605 = CARTESIAN_POINT('',(-2.301912822404,-11.73890093375,
    8.402435011231));
#606 = CARTESIAN_POINT('',(2.089430665288,-12.65792081665,9.327290828147
    ));
#607 = CARTESIAN_POINT('',(6.857253028203,-11.61800908702,
    10.285043938802));
#608 = CARTESIAN_POINT('',(10.925789306068,-8.464196332845,
    11.271399715082));
#609 = CARTESIAN_POINT('',(13.218189886568,-3.839042121908,
    12.278953952175));
#610 = CARTESIAN_POINT('',(13.350003796423,1.144127768943,
    13.302774319432));
#611 = CARTESIAN_POINT('',(11.570202176488,5.485290701542,
    14.335489429596));
#612 = CARTESIAN_POINT('',(8.506906768814,8.549344726148,15.37075415718)
  );
#613 = CARTESIAN_POINT('',(5.441217600513,11.615425255462,16.39255681777
    ));
#614 = CARTESIAN_POINT('',(1.092066188379,13.404487742137,
    17.415667305722));
#615 = CARTESIAN_POINT('',(-3.913109357425,13.283364867442,
    18.434235895171));
#616 = CARTESIAN_POINT('',(-8.577796633615,10.990772339553,
    19.441070390003));
#617 = CARTESIAN_POINT('',(-11.78126965405,6.8933854571,20.431382412226)
  );
#618 = CARTESIAN_POINT('',(-12.85366281919,2.062399193684,
    21.397564340466));
#619 = CARTESIAN_POINT('',(-11.93108603712,-2.407041765996,
    22.335058496404));
#620 = CARTESIAN_POINT('',(-9.58879534577,-5.793321049819,
    23.237938940781));
#621 = CARTESIAN_POINT('',(-3.492861904294,-9.834220265187,
    24.965129074927));
#622 = CARTESIAN_POINT('',(0.261117826341,-10.48884677275,
    25.789412134832));
#623 = CARTESIAN_POINT('',(4.007151013988,-9.495819722083,
    26.569580364684));
#624 = CARTESIAN_POINT('',(6.907546513296,-7.012453702407,
    27.301156124467));
#625 = CARTESIAN_POINT('',(8.303181210637,-3.713089327134,
    27.980638995487));
#626 = CARTESIAN_POINT('',(8.170910545165,-0.536459926386,
    28.604676393519));
#627 = CARTESIAN_POINT('',(6.971696165808,1.930859847013,29.17117231466)
  );
#628 = CARTESIAN_POINT('',(5.253252546325,3.482291436981,29.678529765053
    ));
#629 = CARTESIAN_POINT('',(3.464542308923,4.192308531817,30.126129523433
    ));
#630 = CARTESIAN_POINT('',(1.681037686501,4.915124914385,30.573350003195
    ));
#631 = CARTESIAN_POINT('',(-0.181741312647,4.801337662433,
    30.963410017068));
#632 = CARTESIAN_POINT('',(-1.685533675235,3.920433030811,
    31.296043519776));
#633 = CARTESIAN_POINT('',(-2.469815391577,2.604630231554,
    31.571708265052));
#634 = CARTESIAN_POINT('',(-2.518208834437,1.376500122414,
    31.791706415417));
#635 = CARTESIAN_POINT('',(-2.133243295893,0.567451335131,
    31.958097983364));
#636 = CARTESIAN_POINT('',(-1.686311646753,0.176469939996,
    32.073666031821));
#637 = CARTESIAN_POINT('',(-1.35290546498,5.451535954755E-02,
    32.141933605666));
#638 = CARTESIAN_POINT('',(-1.01995785235,1.747391542391E-02,
    32.192157093224));
#639 = CARTESIAN_POINT('',(-1.02010992463,0.101848052211,32.174099493759
    ));
#640 = CARTESIAN_POINT('',(-1.230978043666,0.126314878923,
    32.117081350047));
#641 = CARTESIAN_POINT('',(-1.567292465041,-0.100028091858,
    32.025748093968));
#642 = CARTESIAN_POINT('',(-1.763950337572,-0.626419106976,
    31.905625269893));
#643 = CARTESIAN_POINT('',(-1.626638245406,-1.277527558716,
    31.762470277157));
#644 = CARTESIAN_POINT('',(-1.175262002431,-1.791590523972,
    31.602472750612));
#645 = CARTESIAN_POINT('',(-0.562547432897,-2.055779071445,
    31.432279417174));
#646 = CARTESIAN_POINT('',(6.000574052685E-02,-2.056851742665,
    31.25844605576));
#647 = CARTESIAN_POINT('',(0.685682846626,-2.057405105911,
    31.098067634793));
#648 = CARTESIAN_POINT('',(1.320147961495,-1.794875857004,
    30.935274618455));
#649 = CARTESIAN_POINT('',(1.813018332668,-1.264876811944,30.77613624681
    ));
#650 = CARTESIAN_POINT('',(2.000046392421,-0.559596013752,
    30.627151714623));
#651 = CARTESIAN_POINT('',(1.824421631309,6.747945798577E-02,
    30.494443524494));
#652 = CARTESIAN_POINT('',(1.447332486841,0.414512566736,30.384058351847
    ));
#653 = CARTESIAN_POINT('',(1.13099328835,0.483186718721,30.301915825176)
  );
#654 = CARTESIAN_POINT('',(0.989116451979,0.435549668941,30.253306478441
    ));
#655 = CARTESIAN_POINT('',(1.03411204692,0.417688270984,30.233102254716)
  );
#656 = CARTESIAN_POINT('',(1.221373898263,0.447947685901,30.261495198362
    ));
#657 = CARTESIAN_POINT('',(1.55470160179,0.676337476894,30.33330496899)
  );
#658 = CARTESIAN_POINT('',(1.900740655898,1.26502641926,30.452971909501)
  );
#659 = CARTESIAN_POINT('',(1.921490901296,2.26561398225,30.62433281714)
  );
#660 = CARTESIAN_POINT('',(1.303429481294,3.409462716939,30.850564406025
    ));
#661 = CARTESIAN_POINT('',(1.167478794664E-02,4.212989031316,
    31.134111536548));
#662 = CARTESIAN_POINT('',(-1.64380814294,4.34127550946,31.476571509288)
  );
#663 = CARTESIAN_POINT('',(-3.260441965854,3.702512983969,
    31.878726592975));
#664 = CARTESIAN_POINT('',(-4.871655755623,3.05105054674,32.281513769207
    ));
#665 = CARTESIAN_POINT('',(-6.432806886347,1.635986837025,
    32.741412764814));
#666 = CARTESIAN_POINT('',(-7.536537119861,-0.625684116219,
    33.258826135437));
#667 = CARTESIAN_POINT('',(-7.671638395679,-3.562829537124,
    33.833348022109));
#668 = CARTESIAN_POINT('',(-6.389327790453,-6.649303720014,
    34.463922384978));
#669 = CARTESIAN_POINT('',(-3.673100796208,-9.003514348111,
    35.148442718241));
#670 = CARTESIAN_POINT('',(-0.125208117477,-9.960617602575,
    35.884368269697));
#671 = CARTESIAN_POINT('',(3.457939303652,-9.34496147309,36.668205178924
    ));
#672 = CARTESIAN_POINT('',(9.306833855397,-5.471876507779,
    38.323644288175));
#673 = CARTESIAN_POINT('',(11.572910885864,-2.214474956046,
    39.195224199028));
#674 = CARTESIAN_POINT('',(12.486444511413,2.111098114923,
    40.106769607112));
#675 = CARTESIAN_POINT('',(11.470413269802,6.823339932677,
    41.053026445665));
#676 = CARTESIAN_POINT('',(8.357195126018,10.861548892861,
    42.029833121753));
#677 = CARTESIAN_POINT('',(3.769034334973,13.148734139661,
    43.029914012003));
#678 = CARTESIAN_POINT('',(-1.19081616511,13.288322103602,
    44.048417277874));
#679 = CARTESIAN_POINT('',(-5.52236516248,11.51751161121,45.078034139386
    ));
#680 = CARTESIAN_POINT('',(-8.584702770022,8.457448823523,
    46.112444976155));
#681 = CARTESIAN_POINT('',(-11.64869671817,5.394628385691,
    47.133412749545));
#682 = CARTESIAN_POINT('',(-13.44325626173,1.042854606235,
    48.157835415927));
#683 = CARTESIAN_POINT('',(-13.3295562399,-3.977141800945,
    49.179876313607));
#684 = CARTESIAN_POINT('',(-11.03528938659,-8.670574177398,
    50.192325452048));
#685 = CARTESIAN_POINT('',(-6.914551568513,-11.90891109087,
    51.190353069605));
#686 = CARTESIAN_POINT('',(-2.036195768593,-13.00336873301,
    52.166269683127));
#687 = CARTESIAN_POINT('',(2.491669295119,-12.07690500916,
    53.115420507913));
#688 = CARTESIAN_POINT('',(5.93121809755,-9.703060278321,54.031746191657
    ));
#689 = CARTESIAN_POINT('',(10.042764093276,-3.503349404023,
    55.789097799551));
#690 = CARTESIAN_POINT('',(10.714778328163,0.322855564759,
    56.630096246643));
#691 = CARTESIAN_POINT('',(9.708415755917,4.154087013257,57.428466425775
    ));
#692 = CARTESIAN_POINT('',(7.172088089884,7.136321560751,58.179531636));
#693 = CARTESIAN_POINT('',(3.781829665065,8.587027296032,58.879633805381
    ));
#694 = CARTESIAN_POINT('',(0.496886695844,8.463645193207,59.525145703368
    ));
#695 = CARTESIAN_POINT('',(-2.069738084673,7.227106506421,
    60.113788225708));
#696 = CARTESIAN_POINT('',(-3.692615044091,5.438028561968,
    60.643689105879));
#697 = CARTESIAN_POINT('',(-4.438284176237,3.563378334564,
    61.113991375587));
#698 = CARTESIAN_POINT('',(-5.196774969628,1.693815976692,
    61.583408954388));
#699 = CARTESIAN_POINT('',(-5.082831365231,-0.270314363316,
    61.995777016551));
#700 = CARTESIAN_POINT('',(-4.158307937513,-1.87279150836,
    62.350601382674));
#701 = CARTESIAN_POINT('',(-2.757793935919,-2.730388502749,
    62.648095912223));
#702 = CARTESIAN_POINT('',(-1.423000713138,-2.806803235923,
    62.889331427791));
#703 = CARTESIAN_POINT('',(-0.512423615302,-2.401727327683,
    63.076141251528));
#704 = CARTESIAN_POINT('',(-4.614387706248E-02,-1.901149012188,
    63.211083586546));
#705 = CARTESIAN_POINT('',(0.118665429529,-1.498998549417,
    63.297482888878));
#706 = CARTESIAN_POINT('',(0.181868245572,-1.029516419193,
    63.381105685866));
#707 = CARTESIAN_POINT('',(8.08116779648E-02,-0.961897793042,
    63.378318456202));
#708 = CARTESIAN_POINT('',(1.296543867363E-02,-1.120855774908,
    63.334946477918));
#709 = CARTESIAN_POINT('',(0.18141016387,-1.434026144888,63.255488657968
    ));
#710 = CARTESIAN_POINT('',(0.65593795234,-1.637244044744,63.145283067522
    ));
#711 = CARTESIAN_POINT('',(1.275052470424,-1.523336001947,
    63.010026968054));
#712 = CARTESIAN_POINT('',(1.776760851989,-1.095170421854,
    62.855742395011));
#713 = CARTESIAN_POINT('',(2.03975661347,-0.4973772537,62.689086317081)
  );
#714 = CARTESIAN_POINT('',(2.041901203667,0.119925952981,62.516523740195
    ));
#715 = CARTESIAN_POINT('',(-0.790911142911,0.,-1.425084287434));
#716 = CARTESIAN_POINT('',(-0.671575962027,-0.180769582726,
    -1.479454059719));
#717 = CARTESIAN_POINT('',(-0.475208380546,-0.263979931482,
    -1.522799949824));
#718 = CARTESIAN_POINT('',(-0.273340612743,-0.193772034177,
    -1.550119641408));
#719 = CARTESIAN_POINT('',(-0.182834701551,4.570960250943E-02,
    -1.556226345993));
#720 = CARTESIAN_POINT('',(-0.362122577851,0.335545719311,
    -1.536430116916));
#721 = CARTESIAN_POINT('',(-0.81326285412,0.441319408403,-1.486275969087
    ));
#722 = CARTESIAN_POINT('',(-1.331240937517,0.177401520654,
    -1.401577531417));
#723 = CARTESIAN_POINT('',(-1.661227455282,-0.415153512907,
    -1.278826844543));
#724 = CARTESIAN_POINT('',(-1.626483966787,-1.926601515347,
    -0.951005952512));
#725 = CARTESIAN_POINT('',(-1.261271576198,-2.84570562792,
    -0.745942592907));
#726 = CARTESIAN_POINT('',(-0.388569025868,-3.754067828573,
    -0.496674994027));
#727 = CARTESIAN_POINT('',(1.066022499768,-4.358666138506,-0.20064454756
    ));
#728 = CARTESIAN_POINT('',(2.951731538671,-4.234597297183,0.144017900511
    ));
#729 = CARTESIAN_POINT('',(4.792418560197,-3.13050963641,0.538590516681)
  );
#730 = CARTESIAN_POINT('',(5.993907026909,-1.182053783542,0.9836563682)
  );
#731 = CARTESIAN_POINT('',(6.228953660475,1.147127305232,1.479006315853)
  );
#732 = CARTESIAN_POINT('',(5.469410152538,3.346414936577,2.023787182106)
  );
#733 = CARTESIAN_POINT('',(4.699145672882,5.54190030546,2.566024999224)
  );
#734 = CARTESIAN_POINT('',(2.937382229019,7.598301244163,3.155304424313)
  );
#735 = CARTESIAN_POINT('',(0.165013217178,9.001406053417,3.790625767334)
  );
#736 = CARTESIAN_POINT('',(-3.322917621424,9.182422342051,4.47001980356)
  );
#737 = CARTESIAN_POINT('',(-6.853696451365,7.726911433407,5.191536792399
    ));
#738 = CARTESIAN_POINT('',(-9.47740596635,4.749109408673,5.951720366934)
  );
#739 = CARTESIAN_POINT('',(-10.56620740054,0.951218331784,6.747456181605
    ));
#740 = CARTESIAN_POINT('',(-10.00649007069,-2.830449941122,7.57453728987
    ));
#741 = CARTESIAN_POINT('',(-6.19571851335,-8.984759192519,9.282671077717
    ));
#742 = CARTESIAN_POINT('',(-2.944622817535,-11.35770154214,
    10.163699460352));
#743 = CARTESIAN_POINT('',(1.348610657274,-12.33814547029,11.0674097637)
  );
#744 = CARTESIAN_POINT('',(5.965764111732,-11.39922496005,
    11.988483933258));
#745 = CARTESIAN_POINT('',(9.861211221643,-8.456911043046,
    12.922718770258));
#746 = CARTESIAN_POINT('',(12.064633485866,-4.176447856022,
    13.863400024112));
#747 = CARTESIAN_POINT('',(12.274309536724,0.404602449852,
    14.806076963571));
#748 = CARTESIAN_POINT('',(10.750686542706,4.388048502827,
    15.744406532026));
#749 = CARTESIAN_POINT('',(8.074599935851,7.221492670985,16.673074869632
    ));
#750 = CARTESIAN_POINT('',(5.39846308681,10.058527851302,17.59065419813)
  );
#751 = CARTESIAN_POINT('',(1.568472344472,11.747277529618,18.4980676153)
  );
#752 = CARTESIAN_POINT('',(-2.83649896105,11.736145643804,
    19.390472097334));
#753 = CARTESIAN_POINT('',(-6.926762395639,9.822910734655,
    20.262087487021));
#754 = CARTESIAN_POINT('',(-9.736629420853,6.366848456316,
    21.109224535612));
#755 = CARTESIAN_POINT('',(-10.73483487294,2.306240565345,
    21.926098387852));
#756 = CARTESIAN_POINT('',(-10.06572910003,-1.448069958905,
    22.709497809184));
#757 = CARTESIAN_POINT('',(-8.219569029537,-4.310912722121,
    23.455283104387));
#758 = CARTESIAN_POINT('',(-3.349207917869,-7.812089999772,
    24.865599712153));
#759 = CARTESIAN_POINT('',(-0.324734569968,-8.450386558955,
    25.530113718197));
#760 = CARTESIAN_POINT('',(2.701223766031,-7.756270674928,
    26.150837614117));
#761 = CARTESIAN_POINT('',(5.05526892231,-5.872219875561,26.725157794888
    ));
#762 = CARTESIAN_POINT('',(6.230849502531,-3.351862734551,
    27.251040296093));
#763 = CARTESIAN_POINT('',(6.23883132886,-0.921189667534,27.727188023584
    ));
#764 = CARTESIAN_POINT('',(5.43736121509,0.989367738054,28.152844771026)
  );
#765 = CARTESIAN_POINT('',(4.233249569862,2.232664911507,28.528149098309
    ));
#766 = CARTESIAN_POINT('',(2.952596385129,2.863659945023,28.85383874683)
  );
#767 = CARTESIAN_POINT('',(1.67680876063,3.504986436245,29.181863029294)
  );
#768 = CARTESIAN_POINT('',(0.317017771823,3.538087371635,29.462644961279
    ));
#769 = CARTESIAN_POINT('',(-0.808981078871,3.012550659363,
    29.697160248115));
#770 = CARTESIAN_POINT('',(-1.446408675113,2.168974275888,
    29.887060205441));
#771 = CARTESIAN_POINT('',(-1.598039918494,1.365055739312,
    30.034614732498));
#772 = CARTESIAN_POINT('',(-1.469816364679,0.807229272192,
    30.142697881928));
#773 = CARTESIAN_POINT('',(-1.286901619876,0.477733264334,
    30.214749461428));
#774 = CARTESIAN_POINT('',(-1.138468544816,0.291801879022,30.25469300992
    ));
#775 = CARTESIAN_POINT('',(-0.958361023715,3.714539775819E-02,
    30.279100834853));
#776 = CARTESIAN_POINT('',(-0.926328705723,-3.196119088729E-02,
    30.263551660827));
#777 = CARTESIAN_POINT('',(-0.970073286977,-0.1240672632,30.224660971376
    ));
#778 = CARTESIAN_POINT('',(-1.03372116915,-0.328908424455,
    30.167101431239));
#779 = CARTESIAN_POINT('',(-0.976314082412,-0.626993191208,
    30.096149111066));
#780 = CARTESIAN_POINT('',(-0.746090012086,-0.889798562948,
    30.017139164649));
#781 = CARTESIAN_POINT('',(-0.431924353834,-0.996837032179,
    29.935615525107));
#782 = CARTESIAN_POINT('',(-0.145649082896,-0.960145872012,
    29.857331250065));
#783 = CARTESIAN_POINT('',(4.942810461493E-02,-0.838977134473,
    29.78780365577));
#784 = CARTESIAN_POINT('',(0.247090209605,-0.720097765759,
    29.729408881483));
#785 = CARTESIAN_POINT('',(0.354834134031,-0.517122252968,
    29.680266233947));
#786 = CARTESIAN_POINT('',(0.313097216867,-0.294505758215,
    29.645416457306));
#787 = CARTESIAN_POINT('',(9.695512803202E-02,-0.163827371877,
    29.630110270359));
#788 = CARTESIAN_POINT('',(-0.189760991276,-0.28659904321,
    29.639124557085));
#789 = CARTESIAN_POINT('',(-0.322007924396,-0.679389875187,
    29.677023902606));
#790 = CARTESIAN_POINT('',(-0.110698556613,-1.15563231766,
    29.748125480647));
#791 = CARTESIAN_POINT('',(0.416108923816,-1.470289176971,
    29.856085920284));
#792 = CARTESIAN_POINT('',(1.798278182293,-1.460571452473,
    30.152270155111));
#793 = CARTESIAN_POINT('',(2.653868596051,-1.135722548064,
    30.340486596816));
#794 = CARTESIAN_POINT('',(3.514227983598,-0.332315559468,
    30.572045560898));
#795 = CARTESIAN_POINT('',(4.102327605667,1.031148480287,30.849682225551
    ));
#796 = CARTESIAN_POINT('',(4.004421984997,2.823587321541,31.17546467507)
  );
#797 = CARTESIAN_POINT('',(2.964716941451,4.592127277956,31.550872052808
    ));
#798 = CARTESIAN_POINT('',(1.100485715786,5.757532691935,31.97669603995)
  );
#799 = CARTESIAN_POINT('',(-1.143880670375,5.993061189486,
    32.452943627541));
#800 = CARTESIAN_POINT('',(-3.272223883813,5.263105167728,
    32.978968720285));
#801 = CARTESIAN_POINT('',(-5.39664080171,4.522382070971,33.502868304953
    ));
#802 = CARTESIAN_POINT('',(-7.395765372149,2.819257119266,34.07417484736
    ));
#803 = CARTESIAN_POINT('',(-8.769764737854,0.127015392234,
    34.692071001306));
#804 = CARTESIAN_POINT('',(-8.95916406336,-3.275473130454,
    35.354805336943));
#805 = CARTESIAN_POINT('',(-7.5476795397,-6.736773426762,36.060567536494
    ));
#806 = CARTESIAN_POINT('',(-4.632550700453,-9.321760057669,
    36.806119700405));
#807 = CARTESIAN_POINT('',(-0.897600745948,-10.4019140317,
    37.588469286419));
#808 = CARTESIAN_POINT('',(2.832513398098,-9.855337042189,38.40356636675
    ));
#809 = CARTESIAN_POINT('',(8.914947770653,-6.09382961882,40.090765973735
    ));
#810 = CARTESIAN_POINT('',(11.267568857334,-2.878866524986,
    40.962844862335));
#811 = CARTESIAN_POINT('',(12.24751138136,1.377031421552,41.859242979222
    ));
#812 = CARTESIAN_POINT('',(11.324667332299,5.967557428597,
    42.774742354371));
#813 = CARTESIAN_POINT('',(8.40320219864,9.855030893268,43.705217644295)
  );
#814 = CARTESIAN_POINT('',(4.134003465026,12.063948608502,
    44.644005811494));
#815 = CARTESIAN_POINT('',(-0.448810636992,12.280677061852,
    45.586685987673));
#816 = CARTESIAN_POINT('',(-4.442680114882,10.756956766539,
    46.526912227331));
#817 = CARTESIAN_POINT('',(-7.287660060915,8.070588917698,
    47.459344801802));
#818 = CARTESIAN_POINT('',(-10.13594107828,5.383853397326,
    48.380604562796));
#819 = CARTESIAN_POINT('',(-11.83679072718,1.533300887921,
    49.293476661926));
#820 = CARTESIAN_POINT('',(-11.83120346539,-2.905013792457,
    50.193085618708));
#821 = CARTESIAN_POINT('',(-9.906796516798,-7.038455171656,
    51.073583482163));
#822 = CARTESIAN_POINT('',(-6.414278726485,-9.889997204618,
    51.931211538178));
#823 = CARTESIAN_POINT('',(-2.295029283082,-10.91021209057,
    52.760061294839));
#824 = CARTESIAN_POINT('',(1.524824573922,-10.23386052421,
    53.556807856531));
#825 = CARTESIAN_POINT('',(4.444199851482,-8.352619596823,
    54.317157851719));
#826 = CARTESIAN_POINT('',(8.01820164795,-3.374520732389,55.758717770346
    ));
#827 = CARTESIAN_POINT('',(8.672798611314,-0.277386882858,
    56.439909492761));
#828 = CARTESIAN_POINT('',(7.963771194173,2.8309515768,57.07820969863));
#829 = CARTESIAN_POINT('',(6.027674179276,5.260556142443,57.670807731794
    ));
#830 = CARTESIAN_POINT('',(3.422959287359,6.483852368044,58.215513902491
    ));
#831 = CARTESIAN_POINT('',(0.896154954577,6.497303734117,58.710780117443
    ));
#832 = CARTESIAN_POINT('',(-1.099669196449,5.661991502067,59.15568385825
    ));
#833 = CARTESIAN_POINT('',(-2.402755254214,4.397471038029,
    59.550125140494));
#834 = CARTESIAN_POINT('',(-3.063120379367,3.045469637014,
    59.894641290875));
#835 = CARTESIAN_POINT('',(-3.733929954744,1.698275265906,60.24107295376
    ));
#836 = CARTESIAN_POINT('',(-3.766101570484,0.256082531177,
    60.539931354849));
#837 = CARTESIAN_POINT('',(-3.20448115476,-0.947805198128,
    60.792002313219));
#838 = CARTESIAN_POINT('',(-2.293752093546,-1.640322793739,
    60.998739629645));
#839 = CARTESIAN_POINT('',(-1.409029723725,-1.810500241618,
    61.162232254615));
#840 = CARTESIAN_POINT('',(-0.778025419738,-1.665233291816,
    61.285182743889));
#841 = CARTESIAN_POINT('',(-0.396960675116,-1.443361099002,
    61.370866227892));
#842 = CARTESIAN_POINT('',(-0.18310913173,-1.248160213461,
    61.423068707754));
#843 = CARTESIAN_POINT('',(8.80250096895E-02,-0.980000642295,
    61.468997447841));
#844 = CARTESIAN_POINT('',(0.145702531063,-0.906698006404,
    61.462712480856));
#845 = CARTESIAN_POINT('',(0.210957136138,-0.922232573522,
    61.431460188483));
#846 = CARTESIAN_POINT('',(0.384055010052,-0.977774606552,61.37982710388
    ));
#847 = CARTESIAN_POINT('',(0.660079706634,-0.928876317857,
    61.312975235154));
#848 = CARTESIAN_POINT('',(0.916998662432,-0.711390064808,
    61.236233415366));
#849 = CARTESIAN_POINT('',(1.029077748157,-0.402034907785,61.15505243425
    ));
#850 = CARTESIAN_POINT('',(0.999077339989,-0.109823453995,
    61.075243698569));
#851 = CARTESIAN_POINT('',(0.878797535686,9.922907285095E-02,
    61.002297530875));
#852 = CARTESIAN_POINT('',(0.75,-4.440892098501E-16,-1.246157306678));
#853 = CARTESIAN_POINT('',(0.854352009267,0.360774651453,-1.171492662528
    ));
#854 = CARTESIAN_POINT('',(0.809281608944,0.806804303965,-1.087157580935
    ));
#855 = CARTESIAN_POINT('',(0.553167034276,1.280715932276,-0.989478159101
    ));
#856 = CARTESIAN_POINT('',(4.356253427935E-02,1.689477037018,
    -0.87466558127));
#857 = CARTESIAN_POINT('',(-0.727276979846,1.867975831368,
    -0.739318440164));
#858 = CARTESIAN_POINT('',(-1.6211588788,1.642973147809,-0.580228772395)
  );
#859 = CARTESIAN_POINT('',(-2.372864657652,0.957559917689,
    -0.394405735567));
#860 = CARTESIAN_POINT('',(-2.749812700615,-4.419052056564E-02,
    -0.179376043254));
#861 = CARTESIAN_POINT('',(-2.545901240878,-2.222099725909,
    0.313421185232));
#862 = CARTESIAN_POINT('',(-1.964676674772,-3.398403521587,
    0.591184079931));
#863 = CARTESIAN_POINT('',(-0.801057020496,-4.426548197645,
    0.902430692493));
#864 = CARTESIAN_POINT('',(0.927429482507,-4.990120181002,1.248906958835
    ));
#865 = CARTESIAN_POINT('',(2.974873526288,-4.722736882877,1.631829266339
    ));
#866 = CARTESIAN_POINT('',(4.845427147076,-3.475022253697,2.051974263914
    ));
#867 = CARTESIAN_POINT('',(6.005530198207,-1.458331349011,2.509596957898
    ));
#868 = CARTESIAN_POINT('',(6.197529529707,0.859896186745,3.004359234436)
  );
#869 = CARTESIAN_POINT('',(5.440183387524,2.999379856481,3.535453304032)
  );
#870 = CARTESIAN_POINT('',(4.674932669218,5.13615142503,4.064309059147)
  );
#871 = CARTESIAN_POINT('',(2.962692677967,7.087468256781,4.627710338246)
  );
#872 = CARTESIAN_POINT('',(0.329509447721,8.370582488567,5.224761897743)
  );
#873 = CARTESIAN_POINT('',(-2.908899140617,8.485703174991,5.8538197021)
  );
#874 = CARTESIAN_POINT('',(-6.115045046074,7.10775043133,6.513321296909)
  );
#875 = CARTESIAN_POINT('',(-8.455047112013,4.393775462874,7.20052008033)
  );
#876 = CARTESIAN_POINT('',(-9.406240516682,0.987610305256,7.913005380059
    ));
#877 = CARTESIAN_POINT('',(-8.896669917781,-2.372159102172,
    8.647526909764));
#878 = CARTESIAN_POINT('',(-5.523385222861,-7.809253443979,
    10.153987497611));
#879 = CARTESIAN_POINT('',(-2.659624110319,-9.886816683685,
    10.925907994363));
#880 = CARTESIAN_POINT('',(1.097024215753,-10.72859735254,
    11.713246268133));
#881 = CARTESIAN_POINT('',(5.108756383231,-9.894151076448,
    12.511977080949));
#882 = CARTESIAN_POINT('',(8.471602706587,-7.335627608125,
    13.318919896368));
#883 = CARTESIAN_POINT('',(10.367062889169,-3.637931525879,
    14.129056760747));
#884 = CARTESIAN_POINT('',(10.545818596896,0.310047045819,14.93906417529
    ));
#885 = CARTESIAN_POINT('',(9.234593585167,3.740562058002,15.744244992934
    ));
#886 = CARTESIAN_POINT('',(6.931777230959,6.180891461448,16.540683772179
    ));
#887 = CARTESIAN_POINT('',(4.62919280819,8.624127464628,17.328977243172)
  );
#888 = CARTESIAN_POINT('',(1.333786589447,10.078679364143,
    18.108230468912));
#889 = CARTESIAN_POINT('',(-2.457684635852,10.072307463217,
    18.874882636329));
#890 = CARTESIAN_POINT('',(-5.984505635036,8.430622176531,19.62470817212
    ));
#891 = CARTESIAN_POINT('',(-8.421488604829,5.455318406736,
    20.355032862129));
#892 = CARTESIAN_POINT('',(-9.304033004562,1.937533751696,
    21.061674899948));
#893 = CARTESIAN_POINT('',(-8.734910224235,-1.338856063598,
    21.742351481729));
#894 = CARTESIAN_POINT('',(-7.122699630391,-3.855011922266,
    22.394125599419));
#895 = CARTESIAN_POINT('',(-2.823785803841,-6.947079242832,
    23.635676497613));
#896 = CARTESIAN_POINT('',(-0.13687013749,-7.522965544548,
    24.225441213444));
#897 = CARTESIAN_POINT('',(2.581849372631,-6.919305128084,
    24.781997851648));
#898 = CARTESIAN_POINT('',(4.738964958564,-5.23445736789,25.303576978421
    ));
#899 = CARTESIAN_POINT('',(5.8655034407,-2.92547793935,25.788803405131)
  );
#900 = CARTESIAN_POINT('',(5.916243954048,-0.626393816712,26.23692925844
    ));
#901 = CARTESIAN_POINT('',(5.165783359637,1.241069847578,26.647534828676
    ));
#902 = CARTESIAN_POINT('',(3.969637302516,2.492492527722,27.020925322026
    ));
#903 = CARTESIAN_POINT('',(2.643364704602,3.133321501546,27.357817213735
    ));
#904 = CARTESIAN_POINT('',(1.320746856228,3.781709727895,27.696794322977
    ));
#905 = CARTESIAN_POINT('',(-0.137517437577,3.822459548955,
    28.001047986789));
#906 = CARTESIAN_POINT('',(-1.421768267522,3.257321294811,
    28.271462065453));
#907 = CARTESIAN_POINT('',(-2.250425924097,2.268867229241,
    28.509427789914));
#908 = CARTESIAN_POINT('',(-2.536923753287,1.181678329164,
    28.716779995559));
#909 = CARTESIAN_POINT('',(-2.392045109932,0.251599190787,
    28.895794479163));
#910 = CARTESIAN_POINT('',(-2.005436715621,-0.42641567536,29.04915843209
    ));
#911 = CARTESIAN_POINT('',(-1.512462072798,-0.844862312228,
    29.179896763727));
#912 = CARTESIAN_POINT('',(-0.517417469882,-1.237507960373,
    29.402806736503));
#913 = CARTESIAN_POINT('',(-1.50666961677E-02,-1.211979085435,
    29.494968173262));
#914 = CARTESIAN_POINT('',(0.394420731853,-0.999951175372,29.57120869814
    ));
#915 = CARTESIAN_POINT('',(0.653708801388,-0.687737292064,
    29.635078941732));
#916 = CARTESIAN_POINT('',(0.780422019565,-0.340980653466,
    29.690555752408));
#917 = CARTESIAN_POINT('',(0.785802305004,1.444030336885E-02,
    29.741640923694));
#918 = CARTESIAN_POINT('',(0.650829961823,0.352405026596,29.792469002723
    ));
#919 = CARTESIAN_POINT('',(0.384008359185,0.601315382693,29.847304727525
    ));
#920 = CARTESIAN_POINT('',(3.630686688614E-02,0.707394353346,
    29.910217174516));
#921 = CARTESIAN_POINT('',(-0.309494271255,0.811411550828,
    29.981314061255));
#922 = CARTESIAN_POINT('',(-0.734938261491,0.772267654039,
    30.060779687093));
#923 = CARTESIAN_POINT('',(-1.185909631796,0.533532984682,
    30.152322462982));
#924 = CARTESIAN_POINT('',(-1.576581282636,5.633128165799E-02,
    30.259784861596));
#925 = CARTESIAN_POINT('',(-1.753208685267,-0.670044243601,
    30.386638424619));
#926 = CARTESIAN_POINT('',(-1.54920766426,-1.518762974533,
    30.536177788736));
#927 = CARTESIAN_POINT('',(-0.904534818903,-2.238514089039,
    30.711495884406));
#928 = CARTESIAN_POINT('',(4.680230354184E-02,-2.6038565633,
    30.915180531437));
#929 = CARTESIAN_POINT('',(2.126167950853,-2.419069098582,
    31.383860265922));
#930 = CARTESIAN_POINT('',(3.254354723042,-1.868579507307,
    31.648850326754));
#931 = CARTESIAN_POINT('',(4.246443070099,-0.757418095637,
    31.946737514853));
#932 = CARTESIAN_POINT('',(4.797943899006,0.902541542681,32.279401871282
    ));
#933 = CARTESIAN_POINT('',(4.550457788898,2.880359526111,32.64820965516)
  );
#934 = CARTESIAN_POINT('',(3.350874962323,4.697459618717,33.054088199673
    ));
#935 = CARTESIAN_POINT('',(1.396644822745,5.831044976014,33.497448031819
    ));
#936 = CARTESIAN_POINT('',(-0.859021212309,6.023525778704,
    33.978111186313));
#937 = CARTESIAN_POINT('',(-2.946382501269,5.287949271081,
    34.495422537168));
#938 = CARTESIAN_POINT('',(-5.030935085969,4.544421135288,
    35.010802404313));
#939 = CARTESIAN_POINT('',(-6.940402871783,2.875189005204,
    35.561055263023));
#940 = CARTESIAN_POINT('',(-8.202512528673,0.300485983476,
    36.145419997358));
#941 = CARTESIAN_POINT('',(-8.324044694644,-2.875995930036,
    36.762411851521));
#942 = CARTESIAN_POINT('',(-6.978161405815,-6.032312269896,
    37.410569504606));
#943 = CARTESIAN_POINT('',(-4.309184974325,-8.344973930472,
    38.087304353923));
#944 = CARTESIAN_POINT('',(-0.947657135069,-9.290343268288,
    38.790292392222));
#945 = CARTESIAN_POINT('',(2.375989658238,-8.790169567707,
    39.516394826732));
#946 = CARTESIAN_POINT('',(7.763264078518,-5.451118440308,
    41.008333419606));
#947 = CARTESIAN_POINT('',(9.827129921796,-2.612200522397,
    41.774151476485));
#948 = CARTESIAN_POINT('',(10.669104396224,1.119379566958,
    42.556629586666));
#949 = CARTESIAN_POINT('',(9.845964023362,5.114232804695,43.351810421525
    ));
#950 = CARTESIAN_POINT('',(7.300993395166,8.473601644187,44.156566193274
    ));
#951 = CARTESIAN_POINT('',(3.608884201113,10.374468327928,
    44.965908913136));
#952 = CARTESIAN_POINT('',(-0.343324121782,10.558495061655,
    45.776531919588));
#953 = CARTESIAN_POINT('',(-3.784061785861,9.246148795972,
    46.583728324329));
#954 = CARTESIAN_POINT('',(-6.234676394333,6.933969526321,
    47.383557125697));
#955 = CARTESIAN_POINT('',(-8.687986724363,4.621786549637,
    48.175165146489));
#956 = CARTESIAN_POINT('',(-10.15248587792,1.308702414931,
    48.959040467285));
#957 = CARTESIAN_POINT('',(-10.15010700788,-2.51021773704,49.73159238789
    ));
#958 = CARTESIAN_POINT('',(-8.49884534645,-6.071482771057,
    50.488538103793));
#959 = CARTESIAN_POINT('',(-5.494354294335,-8.540890389282,
    51.227147426424));
#960 = CARTESIAN_POINT('',(-1.930749881539,-9.440138031911,
    51.943139870005));
#961 = CARTESIAN_POINT('',(1.396220948783,-8.865127151319,
    52.634144431265));
#962 = CARTESIAN_POINT('',(3.955672393349,-7.225876689631,
    53.297105095718));
#963 = CARTESIAN_POINT('',(7.103279138541,-2.844711842056,
    54.562500624428));
#964 = CARTESIAN_POINT('',(7.691415417974,-0.102582082092,55.16492273945
    ));
#965 = CARTESIAN_POINT('',(7.076252524111,2.678355735909,55.734751230501
    ));
#966 = CARTESIAN_POINT('',(5.351996717651,4.892112420272,56.270067293955
    ));
#967 = CARTESIAN_POINT('',(2.979726058544,6.054029011097,56.769377736505
    ));
#968 = CARTESIAN_POINT('',(0.609062905476,6.108527984701,57.231746851188
    ));
#969 = CARTESIAN_POINT('',(-1.321517546251,5.332775716879,
    57.656630598769));
#970 = CARTESIAN_POINT('',(-2.616988678156,4.091945641966,58.04415731504
    ));
#971 = CARTESIAN_POINT('',(-3.279391504022,2.713187007862,
    58.394895622505));
#972 = CARTESIAN_POINT('',(-3.94944980971,1.338045511169,58.74741089451)
  );
#973 = CARTESIAN_POINT('',(-3.989405010799,-0.180594459879,
    59.06490057127));
#974 = CARTESIAN_POINT('',(-3.397740340273,-1.521582018097,
    59.348108759052));
#975 = CARTESIAN_POINT('',(-2.360327394834,-2.389963716828,
    59.59828208021));
#976 = CARTESIAN_POINT('',(-1.214772251173,-2.689449902334,
    59.817123800899));
#977 = CARTESIAN_POINT('',(-0.232403627936,-2.531985343009,
    60.006785877984));
#978 = CARTESIAN_POINT('',(0.482027595747,-2.117493249069,
    60.169837415281));
#979 = CARTESIAN_POINT('',(0.919950134682,-1.59154507962,60.309205939099
    ));
#980 = CARTESIAN_POINT('',(1.323989655222,-0.535238555136,
    60.547085706002));
#981 = CARTESIAN_POINT('',(1.29038923612,-4.609308576561E-03,
    60.645588367427));
#982 = CARTESIAN_POINT('',(1.059880401677,0.423563906972,60.726935615229
    ));
#983 = CARTESIAN_POINT('',(0.726581169858,0.687272890391,60.794619648774
    ));
#984 = CARTESIAN_POINT('',(0.366511123091,0.807301636552,60.852539180099
    ));
#985 = CARTESIAN_POINT('',(9.629915575412E-03,0.804240571519,
    60.904697406129));
#986 = CARTESIAN_POINT('',(-0.32250328166,0.667736590294,60.955166740001
    ));
#987 = CARTESIAN_POINT('',(-0.565425484703,0.407825445998,
    61.008261762533));
#988 = CARTESIAN_POINT('',(-0.670850664195,7.294963892251E-02,
    61.068038406657));
#989 = CARTESIAN_POINT('',(0.75,-2.22044604925E-16,0.));
#990 = CARTESIAN_POINT('',(0.749999995728,0.360774595003,
    7.466464543816E-02));
#991 = CARTESIAN_POINT('',(0.600582085435,0.721848323835,0.149169162998)
  );
#992 = CARTESIAN_POINT('',(0.299908054488,1.026874582972,0.227170908297)
  );
#993 = CARTESIAN_POINT('',(-0.133502169439,1.224257359074,0.312569535664
    ));
#994 = CARTESIAN_POINT('',(-0.686077839357,1.24538335872,0.40901898297)
  );
#995 = CARTESIAN_POINT('',(-1.277145267767,1.004420684583,0.520110432656
    ));
#996 = CARTESIAN_POINT('',(-1.747970198315,0.467140463864,0.649342283829
    ));
#997 = CARTESIAN_POINT('',(-1.944251888479,-0.268761442164,
    0.799817731293));
#998 = CARTESIAN_POINT('',(-1.652489018747,-1.819962361255,
    1.149053300179));
#999 = CARTESIAN_POINT('',(-1.16414370086,-2.635490175756,1.347806399898
    ));
#1000 = CARTESIAN_POINT('',(-0.264992519692,-3.326969703941,
    1.573560650497));
#1001 = CARTESIAN_POINT('',(1.033095475976,-3.675049220347,
    1.828882380215));
#1002 = CARTESIAN_POINT('',(2.566934954225,-3.408257894426,
    2.115954914528));
#1003 = CARTESIAN_POINT('',(3.971090543759,-2.395640685537,
    2.436559221052));
#1004 = CARTESIAN_POINT('',(4.823424830251,-0.777783442495,
    2.792026200083));
#1005 = CARTESIAN_POINT('',(4.903108350785,1.079243484914,3.183166512489
    ));
#1006 = CARTESIAN_POINT('',(4.214692498345,2.786124832523,3.610302541059
    ));
#1007 = CARTESIAN_POINT('',(3.518598320863,4.489806181069,4.037514598864
    ));
#1008 = CARTESIAN_POINT('',(2.056594503392,6.036643798323,4.499139776971
    ));
#1009 = CARTESIAN_POINT('',(-0.160619893325,7.034690436474,
    4.995288107462));
#1010 = CARTESIAN_POINT('',(-2.887443643815,7.064043415394,
    5.525552558086));
#1011 = CARTESIAN_POINT('',(-5.604485003435,5.829815237336,
    6.089189037832));
#1012 = CARTESIAN_POINT('',(-7.590355968,3.428112275457,6.684757261835)
  );
#1013 = CARTESIAN_POINT('',(-8.359207018277,0.404539956183,
    7.310624502864));
#1014 = CARTESIAN_POINT('',(-7.823689617427,-2.583788256859,
    7.964553274828));
#1015 = CARTESIAN_POINT('',(-4.626131757657,-7.399734039605,
    9.323471649247));
#1016 = CARTESIAN_POINT('',(-1.964087042165,-9.227573775686,
    10.028447230334));
#1017 = CARTESIAN_POINT('',(1.519615838699,-9.930059063292,
    10.756485707866));
#1018 = CARTESIAN_POINT('',(5.255061543062,-9.083868001415,
    11.504322643609));
#1019 = CARTESIAN_POINT('',(8.406978964104,-6.608582711067,
    12.269373417196));
#1020 = CARTESIAN_POINT('',(10.171675051335,-3.018626674489,
    13.047181983075));
#1021 = CARTESIAN_POINT('',(10.268525694294,0.834240811406,
    13.834779934697));
#1022 = CARTESIAN_POINT('',(8.893121163096,4.186836740755,
    14.627730976973));
#1023 = CARTESIAN_POINT('',(6.527437089279,6.552977370232,
    15.422216446194));
#1024 = CARTESIAN_POINT('',(4.160312387241,8.920337603639,
    16.208600088776));
#1025 = CARTESIAN_POINT('',(0.802908780412,10.301315568463,
    16.99577081633));
#1026 = CARTESIAN_POINT('',(-3.063202288476,10.210899072171,
    17.780208109675));
#1027 = CARTESIAN_POINT('',(-6.67695036541,8.44608746594,18.557583515705
    ));
#1028 = CARTESIAN_POINT('',(-9.182122512527,5.276806990854,
    19.325015262342));
#1029 = CARTESIAN_POINT('',(-10.04786175817,1.503347586815,
    20.077924882606));
#1030 = CARTESIAN_POINT('',(-9.343235834924,-2.027356410541,
    20.81356944558));
#1031 = CARTESIAN_POINT('',(-7.490795770697,-4.731698760246,
    21.528382564874));
#1032 = CARTESIAN_POINT('',(-2.594224468552,-7.984060188033,
    22.910722853019));
#1033 = CARTESIAN_POINT('',(0.450131319512,-8.532097754215,
    23.578233995316));
#1034 = CARTESIAN_POINT('',(3.538632489097,-7.750701239016,
    24.219195670471));
#1035 = CARTESIAN_POINT('',(5.999965485445,-5.721153187802,
    24.830913116742));
#1036 = CARTESIAN_POINT('',(7.268820532125,-2.93304453355,
    25.411279689913));
#1037 = CARTESIAN_POINT('',(7.236371759856,-0.128874154529,
    25.958277716477));
#1038 = CARTESIAN_POINT('',(6.204080943805,2.151597080904,
    26.470645766032));
#1039 = CARTESIAN_POINT('',(4.605590538477,3.652492097666,
    26.947422725615));
#1040 = CARTESIAN_POINT('',(2.846925147118,4.362364169983,27.38823593154
    ));
#1041 = CARTESIAN_POINT('',(1.091392632022,5.079939190914,
    27.828820877598));
#1042 = CARTESIAN_POINT('',(-0.829790605762,5.009295582595,
    28.235005149125));
#1043 = CARTESIAN_POINT('',(-2.516826317683,4.136686506191,
    28.606628633051));
#1044 = CARTESIAN_POINT('',(-3.586828255416,2.679360902832,
    28.943966817647));
#1045 = CARTESIAN_POINT('',(-3.879664135335,1.070899938781,
    29.247803378623));
#1046 = CARTESIAN_POINT('',(-3.520461350261,-0.301531340897,
    29.519378085777));
#1047 = CARTESIAN_POINT('',(-2.791524726625,-1.256041860974,
    29.760365859718));
#1048 = CARTESIAN_POINT('',(-1.926803660661,-1.775755011139,
    29.97288696168));
#1049 = CARTESIAN_POINT('',(-0.278046240362,-2.086148376856,
    30.345984534245));
#1050 = CARTESIAN_POINT('',(0.50617985694,-1.877154027798,
    30.506552872262));
#1051 = CARTESIAN_POINT('',(1.079451610296,-1.373987652285,
    30.643673728151));
#1052 = CARTESIAN_POINT('',(1.333737716296,-0.740888883127,
    30.760142845221));
#1053 = CARTESIAN_POINT('',(1.304428211408,-0.153601527205,
    30.859285641674));
#1054 = CARTESIAN_POINT('',(1.089238964027,0.298176289674,
    30.944567072135));
#1055 = CARTESIAN_POINT('',(0.769455291768,0.604452829272,
    31.019712221952));
#1056 = CARTESIAN_POINT('',(0.399822258485,0.753646236745,
    31.088721266525));
#1057 = CARTESIAN_POINT('',(3.611303578562E-02,0.75300067494,
    31.155539646347));
#1058 = CARTESIAN_POINT('',(-0.325716121914,0.752667646357,
    31.230455563865));
#1059 = CARTESIAN_POINT('',(-0.682259103893,0.602475629285,
    31.303918314266));
#1060 = CARTESIAN_POINT('',(-0.977070516443,0.305789842426,
    31.379580526138));
#1061 = CARTESIAN_POINT('',(-1.162339384526,-0.11338562893,
    31.461353586152));
#1062 = CARTESIAN_POINT('',(-1.178990608745,-0.640078425848,
    31.552922177692));
#1063 = CARTESIAN_POINT('',(-0.949243805507,-1.20054268982,
    31.657925349358));
#1064 = CARTESIAN_POINT('',(-0.439447326904,-1.647654370112,
    31.779925689561));
#1065 = CARTESIAN_POINT('',(0.259485072956,-1.834539372195,
    31.922107181039));
#1066 = CARTESIAN_POINT('',(1.734945381544,-1.557187983519,
    32.252819501201));
#1067 = CARTESIAN_POINT('',(2.511712938587,-1.092659400116,
    32.441343000023));
#1068 = CARTESIAN_POINT('',(3.172279714318,-0.236000791661,
    32.655995889346));
#1069 = CARTESIAN_POINT('',(3.508055515353,1.003812126918,
    32.899450484527));
#1070 = CARTESIAN_POINT('',(3.256832128948,2.475331991005,
    33.174015871251));
#1071 = CARTESIAN_POINT('',(2.286865945418,3.82917110736,33.481603879779
    ));
#1072 = CARTESIAN_POINT('',(0.727440089985,4.655211873546,
    33.823685891511));
#1073 = CARTESIAN_POINT('',(-1.068986911717,4.734581498239,
    34.201223204033));
#1074 = CARTESIAN_POINT('',(-2.724092182665,4.067592303294,
    34.614686607272));
#1075 = CARTESIAN_POINT('',(-4.37593553485,3.392959966827,35.02853042046
    ));
#1076 = CARTESIAN_POINT('',(-5.879763175825,1.974134733662,
    35.476745631433));
#1077 = CARTESIAN_POINT('',(-6.854589116923,-0.182571623008,
    35.959574508776));
#1078 = CARTESIAN_POINT('',(-6.888741425085,-2.842614232611,
    36.476772795877));
#1079 = CARTESIAN_POINT('',(-5.6880878031,-5.502599959486,37.02770494012
    ));
#1080 = CARTESIAN_POINT('',(-3.337592265896,-7.454418892831,
    37.611103190809));
#1081 = CARTESIAN_POINT('',(-0.368337275529,-8.21419552089,
    38.225438456324));
#1082 = CARTESIAN_POINT('',(2.573207127284,-7.689611355099,
    38.868608039396));
#1083 = CARTESIAN_POINT('',(7.321103916174,-4.538244964861,
    40.207766670137));
#1084 = CARTESIAN_POINT('',(9.127676591067,-1.911464630224,
    40.903742303595));
#1085 = CARTESIAN_POINT('',(9.826860104438,1.532655880821,
    41.623770226367));
#1086 = CARTESIAN_POINT('',(8.995040949496,5.234651748575,
    42.364688402634));
#1087 = CARTESIAN_POINT('',(6.544186565341,8.368317390714,
    43.123992276109));
#1088 = CARTESIAN_POINT('',(2.976494143624,10.129874752706,
    43.897303184939));
#1089 = CARTESIAN_POINT('',(-0.862339118447,10.231404026256,
    44.68170116484));
#1090 = CARTESIAN_POINT('',(-4.209149128251,8.861410592528,
    45.47278759944));
#1091 = CARTESIAN_POINT('',(-6.574256772711,6.497671994597,
    46.26675917467));
#1092 = CARTESIAN_POINT('',(-8.940361246594,4.132273770146,
    47.052640360135));
#1093 = CARTESIAN_POINT('',(-10.32464748509,0.773291953564,
    47.840600791244));
#1094 = CARTESIAN_POINT('',(-10.23869825725,-3.101738700226,
    48.627127811177));
#1095 = CARTESIAN_POINT('',(-8.472878997866,-6.732786335923,
    49.407882257676));
#1096 = CARTESIAN_POINT('',(-5.289545314425,-9.25894049253,
    50.179957452887));
#1097 = CARTESIAN_POINT('',(-1.487577675142,-10.13795872182,
    50.938725663262));
#1098 = CARTESIAN_POINT('',(2.078287487482,-9.430993534594,
    51.681385516698));
#1099 = CARTESIAN_POINT('',(4.814688837124,-7.55956341796,
    52.404290335323));
#1100 = CARTESIAN_POINT('',(8.109567358856,-2.600536122232,
    53.804782593116));
#1101 = CARTESIAN_POINT('',(8.6680693175,0.487286717265,54.482353495869)
  );
#1102 = CARTESIAN_POINT('',(7.878647134029,3.627062445185,
    55.134269583716));
#1103 = CARTESIAN_POINT('',(5.817225368515,6.137648337171,
    55.757716294808));
#1104 = CARTESIAN_POINT('',(2.974414280205,7.439646585591,
    56.350492105046));
#1105 = CARTESIAN_POINT('',(0.105057941646,7.412547184535,
    56.910414051528));
#1106 = CARTESIAN_POINT('',(-2.235177663737,6.357793616787,
    57.436110509245));
#1107 = CARTESIAN_POINT('',(-3.779070386401,4.716793613493,
    57.92645469888));
#1108 = CARTESIAN_POINT('',(-4.510398794193,2.906407271654,
    58.38093087433));
#1109 = CARTESIAN_POINT('',(-5.24944361557,1.099082943764,58.83487461948
    ));
#1110 = CARTESIAN_POINT('',(-5.178705910229,-0.883096201533,
    59.254484462269));
#1111 = CARTESIAN_POINT('',(-4.279845892991,-2.629523015856,
    59.639462992537));
#1112 = CARTESIAN_POINT('',(-2.771538855944,-3.743648019757,
    59.989938916507));
#1113 = CARTESIAN_POINT('',(-1.098885219559,-4.053347850541,
    60.306556683465));
#1114 = CARTESIAN_POINT('',(0.334648472658,-3.682042115081,
    60.59041963497));
#1115 = CARTESIAN_POINT('',(1.334475519707,-2.920819514056,
    60.843067365071));
#1116 = CARTESIAN_POINT('',(1.879979773277,-2.014726328392,
    61.066500619002));
#1117 = CARTESIAN_POINT('',(2.20611774196,-0.283798837754,
    61.459698776047));
#1118 = CARTESIAN_POINT('',(1.987083466458,0.541213451605,
    61.629457224981));
#1119 = CARTESIAN_POINT('',(1.457810217416,1.145726093329,
    61.774790702793));
#1120 = CARTESIAN_POINT('',(0.789866758463,1.413940899299,
    61.898406770249));
#1121 = CARTESIAN_POINT('',(0.17136674616,1.380683397112,62.00351801921)
  );
#1122 = CARTESIAN_POINT('',(-0.299665863028,1.15140897613,
    62.093553211771));
#1123 = CARTESIAN_POINT('',(-0.613377716628,0.817656515353,
    62.17213656755));
#1124 = CARTESIAN_POINT('',(-0.763288974142,0.439043389544,
    62.243274425686));
#1125 = CARTESIAN_POINT('',(-0.761998303252,7.217459852332E-02,
    62.310857597124));
#1126 = DEFINITIONAL_REPRESENTATION('',(#1127),#1130);
#1127 = B_SPLINE_CURVE_WITH_KNOTS('',1,(#1128,#1129),.UNSPECIFIED.,.F.,
  .F.,(2,2),(0.,81.831019008166),.PIECEWISE_BEZIER_KNOTS.);
#1128 = CARTESIAN_POINT('',(6.28318530718,0.));
#1129 = CARTESIAN_POINT('',(6.28318530718,81.831019008166));
#1130 = ( GEOMETRIC_REPRESENTATION_CONTEXT(2) 
PARAMETRIC_REPRESENTATION_CONTEXT() REPRESENTATION_CONTEXT('2D SPACE',''
  ) );
#1131 = PCURVE('',#166,#1132);
#1132 = DEFINITIONAL_REPRESENTATION('',(#1133),#1137);
#1133 = LINE('',#1134,#1135);
#1134 = CARTESIAN_POINT('',(0.,0.));
#1135 = VECTOR('',#1136,1.);
#1136 = DIRECTION('',(0.,1.));
#1137 = ( GEOMETRIC_REPRESENTATION_CONTEXT(2) 
PARAMETRIC_REPRESENTATION_CONTEXT() REPRESENTATION_CONTEXT('2D SPACE',''
  ) );
#1138 = ORIENTED_EDGE('',*,*,#1139,.F.);
#1139 = EDGE_CURVE('',#24,#24,#1140,.T.);
#1140 = SURFACE_CURVE('',#1141,(#1149,#1156),.PCURVE_S1.);
#1141 = ( BOUNDED_CURVE() B_SPLINE_CURVE(6,(#1142,#1143,#1144,#1145,
#1146,#1147,#1148),.UNSPECIFIED.,.T.,.F.) B_SPLINE_CURVE_WITH_KNOTS((1,6
    ,6,1),(-6.28318530718,0.,6.28318530718,12.566370614359),
.UNSPECIFIED.) CURVE() GEOMETRIC_REPRESENTATION_ITEM() 
RATIONAL_B_SPLINE_CURVE((1.669078461068,1.03672962321,1.038346699848,
    0.853534330196,1.038346699848,1.03672962321,1.669078461068)) 
REPRESENTATION_ITEM('') );
#1142 = CARTESIAN_POINT('',(-0.761998303252,7.217459852332E-02,
    62.310857597124));
#1143 = CARTESIAN_POINT('',(-0.853145942309,7.139955812413E-02,
    63.553676787592));
#1144 = CARTESIAN_POINT('',(0.670327758137,9.745642683091E-02,
    63.84483127997));
#1145 = CARTESIAN_POINT('',(2.041901203667,0.119925952981,
    62.516523740195));
#1146 = CARTESIAN_POINT('',(0.878797535686,9.922907285095E-02,
    61.002297530875));
#1147 = CARTESIAN_POINT('',(-0.670850664195,7.294963892251E-02,
    61.068038406657));
#1148 = CARTESIAN_POINT('',(-0.761998303252,7.217459852332E-02,
    62.310857597124));
#1149 = PCURVE('',#166,#1150);
#1150 = DEFINITIONAL_REPRESENTATION('',(#1151),#1155);
#1151 = LINE('',#1152,#1153);
#1152 = CARTESIAN_POINT('',(0.,81.831019008166));
#1153 = VECTOR('',#1154,1.);
#1154 = DIRECTION('',(1.,0.));
#1155 = ( GEOMETRIC_REPRESENTATION_CONTEXT(2) 
PARAMETRIC_REPRESENTATION_CONTEXT() REPRESENTATION_CONTEXT('2D SPACE',''
  ) );
#1156 = PCURVE('',#1157,#1162);
#1157 = PLANE('',#1158);
#1158 = AXIS2_PLACEMENT_3D('',#1159,#1160,#1161);
#1159 = CARTESIAN_POINT('',(-1.423413287397E-02,8.490927459215E-02,
    62.365706129488));
#1160 = DIRECTION('',(-1.698225847587E-02,0.999855597615,
    -6.219442782649E-04));
#1161 = DIRECTION('',(0.999855790995,1.698226176037E-02,
    -1.694065894509E-21));
#1162 = DEFINITIONAL_REPRESENTATION('',(#1163),#1171);
#1163 = ( BOUNDED_CURVE() B_SPLINE_CURVE(6,(#1164,#1165,#1166,#1167,
#1168,#1169,#1170),.UNSPECIFIED.,.T.,.F.) B_SPLINE_CURVE_WITH_KNOTS((1,6
    ,6,1),(-6.28318530718,0.,6.28318530718,12.566370614359),
.UNSPECIFIED.) CURVE() GEOMETRIC_REPRESENTATION_ITEM() 
RATIONAL_B_SPLINE_CURVE((1.669078461068,1.03672962321,1.038346699848,
    0.853534330196,1.038346699848,1.03672962321,1.669078461068)) 
REPRESENTATION_ITEM('') );
#1164 = CARTESIAN_POINT('',(-0.747872599653,5.484854297131E-02));
#1165 = CARTESIAN_POINT('',(-0.839020256339,-1.187970887867));
#1166 = CARTESIAN_POINT('',(0.684676250045,-1.479125436556));
#1167 = CARTESIAN_POINT('',(2.056433485707,-0.150817639877));
#1168 = CARTESIAN_POINT('',(0.893146067914,1.363408862306));
#1169 = CARTESIAN_POINT('',(-0.656724942968,1.297667973809));
#1170 = CARTESIAN_POINT('',(-0.747872599653,5.484854297131E-02));
#1171 = ( GEOMETRIC_REPRESENTATION_CONTEXT(2) 
PARAMETRIC_REPRESENTATION_CONTEXT() REPRESENTATION_CONTEXT('2D SPACE',''
  ) );
#1172 = ORIENTED_EDGE('',*,*,#21,.F.);
#1173 = ORIENTED_EDGE('',*,*,#1174,.T.);
#1174 = EDGE_CURVE('',#22,#22,#1175,.T.);
#1175 = SURFACE_CURVE('',#1176,(#1184,#1191),.PCURVE_S1.);
#1176 = ( BOUNDED_CURVE() B_SPLINE_CURVE(6,(#1177,#1178,#1179,#1180,
#1181,#1182,#1183),.UNSPECIFIED.,.T.,.F.) B_SPLINE_CURVE_WITH_KNOTS((1,6
    ,6,1),(-6.28318530718,0.,6.28318530718,12.566370614359),
.UNSPECIFIED.) CURVE() GEOMETRIC_REPRESENTATION_ITEM() 
RATIONAL_B_SPLINE_CURVE((1.669078461068,1.03672962321,1.038346699848,
    0.853534330196,1.038346699848,1.03672962321,1.669078461068)) 
REPRESENTATION_ITEM('') );
#1177 = CARTESIAN_POINT('',(0.75,-2.22044604925E-16,0.));
#1178 = CARTESIAN_POINT('',(0.75,2.22044604925E-16,1.246157306678));
#1179 = CARTESIAN_POINT('',(-0.790911142911,2.22044604925E-16,
    1.425084287434));
#1180 = CARTESIAN_POINT('',(-2.061837690756,0.,0.));
#1181 = CARTESIAN_POINT('',(-0.790911142911,0.,-1.425084287434));
#1182 = CARTESIAN_POINT('',(0.75,-4.440892098501E-16,-1.246157306678));
#1183 = CARTESIAN_POINT('',(0.75,-2.22044604925E-16,0.));
#1184 = PCURVE('',#166,#1185);
#1185 = DEFINITIONAL_REPRESENTATION('',(#1186),#1190);
#1186 = LINE('',#1187,#1188);
#1187 = CARTESIAN_POINT('',(0.,0.));
#1188 = VECTOR('',#1189,1.);
#1189 = DIRECTION('',(1.,0.));
#1190 = ( GEOMETRIC_REPRESENTATION_CONTEXT(2) 
PARAMETRIC_REPRESENTATION_CONTEXT() REPRESENTATION_CONTEXT('2D SPACE',''
  ) );
#1191 = PCURVE('',#1192,#1197);
#1192 = PLANE('',#1193);
#1193 = AXIS2_PLACEMENT_3D('',#1194,#1195,#1196);
#1194 = CARTESIAN_POINT('',(1.1881742615E-04,-7.847594225956E-17,
    -1.973730497478E-15));
#1195 = DIRECTION('',(-0.,-1.,-0.));
#1196 = DIRECTION('',(0.,0.,-1.));
#1197 = DEFINITIONAL_REPRESENTATION('',(#1198),#1206);
#1198 = ( BOUNDED_CURVE() B_SPLINE_CURVE(6,(#1199,#1200,#1201,#1202,
#1203,#1204,#1205),.UNSPECIFIED.,.T.,.F.) B_SPLINE_CURVE_WITH_KNOTS((1,6
    ,6,1),(-6.28318530718,0.,6.28318530718,12.566370614359),
.UNSPECIFIED.) CURVE() GEOMETRIC_REPRESENTATION_ITEM() 
RATIONAL_B_SPLINE_CURVE((1.669078461068,1.03672962321,1.038346699848,
    0.853534330196,1.038346699848,1.03672962321,1.669078461068)) 
REPRESENTATION_ITEM('') );
#1199 = CARTESIAN_POINT('',(-1.973730497478E-15,0.749881182574));
#1200 = CARTESIAN_POINT('',(-1.246157306678,0.749881182574));
#1201 = CARTESIAN_POINT('',(-1.425084287434,-0.791029960337));
#1202 = CARTESIAN_POINT('',(-1.973730497478E-15,-2.061956508182));
#1203 = CARTESIAN_POINT('',(1.425084287434,-0.791029960337));
#1204 = CARTESIAN_POINT('',(1.246157306678,0.749881182574));
#1205 = CARTESIAN_POINT('',(-1.973730497478E-15,0.749881182574));
#1206 = ( GEOMETRIC_REPRESENTATION_CONTEXT(2) 
PARAMETRIC_REPRESENTATION_CONTEXT() REPRESENTATION_CONTEXT('2D SPACE',''
  ) );
#1207 = ADVANCED_FACE('',(#1208),#1192,.T.);
#1208 = FACE_BOUND('',#1209,.T.);
#1209 = EDGE_LOOP('',(#1210));
#1210 = ORIENTED_EDGE('',*,*,#1174,.T.);
#1211 = ADVANCED_FACE('',(#1212),#1157,.F.);
#1212 = FACE_BOUND('',#1213,.F.);
#1213 = EDGE_LOOP('',(#1214));
#1214 = ORIENTED_EDGE('',*,*,#1139,.T.);
#1215 = ( GEOMETRIC_REPRESENTATION_CONTEXT(3) 
GLOBAL_UNCERTAINTY_ASSIGNED_CONTEXT((#1219)) 
GLOBAL_UNIT_ASSIGNED_CONTEXT((#1216,#1217,#1218)) REPRESENTATION_CONTEXT
('Context #1','3D Context with UNIT and UNCERTAINTY') );
#1216 = ( LENGTH_UNIT() NAMED_UNIT(*) SI_UNIT(.MILLI.,.METRE.) );
#1217 = ( NAMED_UNIT(*) PLANE_ANGLE_UNIT() SI_UNIT($,.RADIAN.) );
#1218 = ( NAMED_UNIT(*) SI_UNIT($,.STERADIAN.) SOLID_ANGLE_UNIT() );
#1219 = UNCERTAINTY_MEASURE_WITH_UNIT(LENGTH_MEASURE(2.E-05),#1216,
  'distance_accuracy_value','confusion accuracy');
#1220 = PRODUCT_RELATED_PRODUCT_CATEGORY('part',$,(#7));
ENDSEC;
END-ISO-10303-21;
