ISO-10303-21;
HEADER;
FILE_DESCRIPTION(('Open CASCADE Model'),'2;1');
FILE_NAME('Open CASCADE Shape Model','2000-01-01T00:00:00',('Author'),(
    'Open CASCADE'),'Open CASCADE STEP processor 7.9','Open CASCADE 7.9'
  ,'Unknown');
FILE_SCHEMA(('AUTOMOTIVE_DESIGN { 1 0 10303 214 1 1 1 1 }'));
ENDSEC;
DATA;
#1 = APPLICATION_PROTOCOL_DEFINITION('international standard',
  'automotive_design',2000,#2);
#2 = APPLICATION_CONTEXT(
  'core data for automotive mechanical design processes');
#3 = SHAPE_DEFINITION_REPRESENTATION(#4,#10);
#4 = PRODUCT_DEFINITION_SHAPE('','',#5);
#5 = PRODUCT_DEFINITION('design','',#6,#9);
#6 = PRODUCT_DEFINITION_FORMATION('','',#7);
#7 = PRODUCT('Open CASCADE STEP translator 7.9 2',
  'Open CASCADE STEP translator 7.9 2','',(#8));
#8 = PRODUCT_CONTEXT('',#2,'mechanical');
#9 = PRODUCT_DEFINITION_CONTEXT('part definition',#2,'design');
#10 = SHAPE_REPRESENTATION('',(#11,#15,#19,#23),#27);
#11 = AXIS2_PLACEMENT_3D('',#12,#13,#14);
#12 = CARTESIAN_POINT('',(0.,0.,0.));
#13 = DIRECTION('',(0.,0.,1.));
#14 = DIRECTION('',(1.,0.,-0.));
#15 = AXIS2_PLACEMENT_3D('',#16,#17,#18);
#16 = CARTESIAN_POINT('',(0.,0.,0.));
#17 = DIRECTION('',(0.,0.,1.));
#18 = DIRECTION('',(1.,0.,-0.));
#19 = AXIS2_PLACEMENT_3D('',#20,#21,#22);
#20 = CARTESIAN_POINT('',(0.,0.,0.));
#21 = DIRECTION('',(0.,0.,1.));
#22 = DIRECTION('',(1.,0.,-0.));
#23 = AXIS2_PLACEMENT_3D('',#24,#25,#26);
#24 = CARTESIAN_POINT('',(0.,0.,0.));
#25 = DIRECTION('',(0.,0.,1.));
#26 = DIRECTION('',(1.,0.,-0.));
#27 = ( GEOMETRIC_REPRESENTATION_CONTEXT(3) 
GLOBAL_UNCERTAINTY_ASSIGNED_CONTEXT((#31)) GLOBAL_UNIT_ASSIGNED_CONTEXT(
(#28,#29,#30)) REPRESENTATION_CONTEXT('Context #1',
  '3D Context with UNIT and UNCERTAINTY') );
#28 = ( LENGTH_UNIT() NAMED_UNIT(*) SI_UNIT(.MILLI.,.METRE.) );
#29 = ( NAMED_UNIT(*) PLANE_ANGLE_UNIT() SI_UNIT($,.RADIAN.) );
#30 = ( NAMED_UNIT(*) SI_UNIT($,.STERADIAN.) SOLID_ANGLE_UNIT() );
#31 = UNCERTAINTY_MEASURE_WITH_UNIT(LENGTH_MEASURE(1.E-07),#28,
  'distance_accuracy_value','confusion accuracy');
#32 = PRODUCT_RELATED_PRODUCT_CATEGORY('part',$,(#7));
#33 = SHAPE_DEFINITION_REPRESENTATION(#34,#40);
#34 = PRODUCT_DEFINITION_SHAPE('','',#35);
#35 = PRODUCT_DEFINITION('design','',#36,#39);
#36 = PRODUCT_DEFINITION_FORMATION('','',#37);
#37 = PRODUCT('Open CASCADE STEP translator 7.9 2.1',
  'Open CASCADE STEP translator 7.9 2.1','',(#38));
#38 = PRODUCT_CONTEXT('',#2,'mechanical');
#39 = PRODUCT_DEFINITION_CONTEXT('part definition',#2,'design');
#40 = ADVANCED_BREP_SHAPE_REPRESENTATION('',(#11,#41),#691);
#41 = MANIFOLD_SOLID_BREP('',#42);
#42 = CLOSED_SHELL('',(#43,#131,#345,#529,#556,#583,#610,#637,#664));
#43 = ADVANCED_FACE('',(#44),#58,.T.);
#44 = FACE_BOUND('',#45,.F.);
#45 = EDGE_LOOP('',(#46,#76,#103,#104));
#46 = ORIENTED_EDGE('',*,*,#47,.T.);
#47 = EDGE_CURVE('',#48,#50,#52,.T.);
#48 = VERTEX_POINT('',#49);
#49 = CARTESIAN_POINT('',(250.,0.,0.));
#50 = VERTEX_POINT('',#51);
#51 = CARTESIAN_POINT('',(250.,0.,5.));
#52 = SEAM_CURVE('',#53,(#57,#69),.PCURVE_S1.);
#53 = LINE('',#54,#55);
#54 = CARTESIAN_POINT('',(250.,0.,0.));
#55 = VECTOR('',#56,1.);
#56 = DIRECTION('',(0.,0.,1.));
#57 = PCURVE('',#58,#63);
#58 = CYLINDRICAL_SURFACE('',#59,250.);
#59 = AXIS2_PLACEMENT_3D('',#60,#61,#62);
#60 = CARTESIAN_POINT('',(0.,0.,0.));
#61 = DIRECTION('',(-0.,-0.,-1.));
#62 = DIRECTION('',(1.,0.,0.));
#63 = DEFINITIONAL_REPRESENTATION('',(#64),#68);
#64 = LINE('',#65,#66);
#65 = CARTESIAN_POINT('',(-0.,0.));
#66 = VECTOR('',#67,1.);
#67 = DIRECTION('',(-0.,-1.));
#68 = ( GEOMETRIC_REPRESENTATION_CONTEXT(2) 
PARAMETRIC_REPRESENTATION_CONTEXT() REPRESENTATION_CONTEXT('2D SPACE',''
  ) );
#69 = PCURVE('',#58,#70);
#70 = DEFINITIONAL_REPRESENTATION('',(#71),#75);
#71 = LINE('',#72,#73);
#72 = CARTESIAN_POINT('',(-6.28318530718,0.));
#73 = VECTOR('',#74,1.);
#74 = DIRECTION('',(-0.,-1.));
#75 = ( GEOMETRIC_REPRESENTATION_CONTEXT(2) 
PARAMETRIC_REPRESENTATION_CONTEXT() REPRESENTATION_CONTEXT('2D SPACE',''
  ) );
#76 = ORIENTED_EDGE('',*,*,#77,.T.);
#77 = EDGE_CURVE('',#50,#50,#78,.T.);
#78 = SURFACE_CURVE('',#79,(#84,#91),.PCURVE_S1.);
#79 = CIRCLE('',#80,250.);
#80 = AXIS2_PLACEMENT_3D('',#81,#82,#83);
#81 = CARTESIAN_POINT('',(0.,0.,5.));
#82 = DIRECTION('',(0.,0.,1.));
#83 = DIRECTION('',(1.,0.,0.));
#84 = PCURVE('',#58,#85);
#85 = DEFINITIONAL_REPRESENTATION('',(#86),#90);
#86 = LINE('',#87,#88);
#87 = CARTESIAN_POINT('',(-0.,-5.));
#88 = VECTOR('',#89,1.);
#89 = DIRECTION('',(-1.,0.));
#90 = ( GEOMETRIC_REPRESENTATION_CONTEXT(2) 
PARAMETRIC_REPRESENTATION_CONTEXT() REPRESENTATION_CONTEXT('2D SPACE',''
  ) );
#91 = PCURVE('',#92,#97);
#92 = PLANE('',#93);
#93 = AXIS2_PLACEMENT_3D('',#94,#95,#96);
#94 = CARTESIAN_POINT('',(-1.120206956576E-14,1.219874913863E-14,5.));
#95 = DIRECTION('',(0.,0.,1.));
#96 = DIRECTION('',(1.,0.,-0.));
#97 = DEFINITIONAL_REPRESENTATION('',(#98),#102);
#98 = CIRCLE('',#99,250.);
#99 = AXIS2_PLACEMENT_2D('',#100,#101);
#100 = CARTESIAN_POINT('',(1.120206956576E-14,-1.219874913863E-14));
#101 = DIRECTION('',(1.,0.));
#102 = ( GEOMETRIC_REPRESENTATION_CONTEXT(2) 
PARAMETRIC_REPRESENTATION_CONTEXT() REPRESENTATION_CONTEXT('2D SPACE',''
  ) );
#103 = ORIENTED_EDGE('',*,*,#47,.F.);
#104 = ORIENTED_EDGE('',*,*,#105,.F.);
#105 = EDGE_CURVE('',#48,#48,#106,.T.);
#106 = SURFACE_CURVE('',#107,(#112,#119),.PCURVE_S1.);
#107 = CIRCLE('',#108,250.);
#108 = AXIS2_PLACEMENT_3D('',#109,#110,#111);
#109 = CARTESIAN_POINT('',(0.,0.,0.));
#110 = DIRECTION('',(0.,0.,1.));
#111 = DIRECTION('',(1.,0.,0.));
#112 = PCURVE('',#58,#113);
#113 = DEFINITIONAL_REPRESENTATION('',(#114),#118);
#114 = LINE('',#115,#116);
#115 = CARTESIAN_POINT('',(-0.,0.));
#116 = VECTOR('',#117,1.);
#117 = DIRECTION('',(-1.,0.));
#118 = ( GEOMETRIC_REPRESENTATION_CONTEXT(2) 
PARAMETRIC_REPRESENTATION_CONTEXT() REPRESENTATION_CONTEXT('2D SPACE',''
  ) );
#119 = PCURVE('',#120,#125);
#120 = PLANE('',#121);
#121 = AXIS2_PLACEMENT_3D('',#122,#123,#124);
#122 = CARTESIAN_POINT('',(-1.120206956576E-14,1.219874913863E-14,0.));
#123 = DIRECTION('',(0.,0.,1.));
#124 = DIRECTION('',(1.,0.,-0.));
#125 = DEFINITIONAL_REPRESENTATION('',(#126),#130);
#126 = CIRCLE('',#127,250.);
#127 = AXIS2_PLACEMENT_2D('',#128,#129);
#128 = CARTESIAN_POINT('',(1.120206956576E-14,-1.219874913863E-14));
#129 = DIRECTION('',(1.,0.));
#130 = ( GEOMETRIC_REPRESENTATION_CONTEXT(2) 
PARAMETRIC_REPRESENTATION_CONTEXT() REPRESENTATION_CONTEXT('2D SPACE',''
  ) );
#131 = ADVANCED_FACE('',(#132,#135,#170,#205,#240,#275,#310),#120,.F.);
#132 = FACE_BOUND('',#133,.F.);
#133 = EDGE_LOOP('',(#134));
#134 = ORIENTED_EDGE('',*,*,#105,.T.);
#135 = FACE_BOUND('',#136,.F.);
#136 = EDGE_LOOP('',(#137));
#137 = ORIENTED_EDGE('',*,*,#138,.T.);
#138 = EDGE_CURVE('',#139,#139,#141,.T.);
#139 = VERTEX_POINT('',#140);
#140 = CARTESIAN_POINT('',(-13.,-3.184081677783E-15,0.));
#141 = SURFACE_CURVE('',#142,(#147,#158),.PCURVE_S1.);
#142 = CIRCLE('',#143,13.);
#143 = AXIS2_PLACEMENT_3D('',#144,#145,#146);
#144 = CARTESIAN_POINT('',(0.,0.,0.));
#145 = DIRECTION('',(0.,0.,-1.));
#146 = DIRECTION('',(-1.,0.,0.));
#147 = PCURVE('',#120,#148);
#148 = DEFINITIONAL_REPRESENTATION('',(#149),#157);
#149 = ( BOUNDED_CURVE() B_SPLINE_CURVE(2,(#150,#151,#152,#153,#154,#155
,#156),.UNSPECIFIED.,.T.,.F.) B_SPLINE_CURVE_WITH_KNOTS((1,2,2,2,2,1),(
    -2.094395102393,0.,2.094395102393,4.188790204786,6.28318530718,
8.377580409573),.UNSPECIFIED.) CURVE() GEOMETRIC_REPRESENTATION_ITEM() 
RATIONAL_B_SPLINE_CURVE((1.,0.5,1.,0.5,1.,0.5,1.)) REPRESENTATION_ITEM(
  '') );
#150 = CARTESIAN_POINT('',(-13.,-1.219874913863E-14));
#151 = CARTESIAN_POINT('',(-13.,22.516660498395));
#152 = CARTESIAN_POINT('',(6.5,11.258330249198));
#153 = CARTESIAN_POINT('',(26.,-9.014667460848E-15));
#154 = CARTESIAN_POINT('',(6.5,-11.25833024919));
#155 = CARTESIAN_POINT('',(-13.,-22.51666049839));
#156 = CARTESIAN_POINT('',(-13.,-1.219874913863E-14));
#157 = ( GEOMETRIC_REPRESENTATION_CONTEXT(2) 
PARAMETRIC_REPRESENTATION_CONTEXT() REPRESENTATION_CONTEXT('2D SPACE',''
  ) );
#158 = PCURVE('',#159,#164);
#159 = CYLINDRICAL_SURFACE('',#160,13.);
#160 = AXIS2_PLACEMENT_3D('',#161,#162,#163);
#161 = CARTESIAN_POINT('',(0.,0.,5.));
#162 = DIRECTION('',(0.,0.,-1.));
#163 = DIRECTION('',(-1.,0.,0.));
#164 = DEFINITIONAL_REPRESENTATION('',(#165),#169);
#165 = LINE('',#166,#167);
#166 = CARTESIAN_POINT('',(0.,5.));
#167 = VECTOR('',#168,1.);
#168 = DIRECTION('',(1.,0.));
#169 = ( GEOMETRIC_REPRESENTATION_CONTEXT(2) 
PARAMETRIC_REPRESENTATION_CONTEXT() REPRESENTATION_CONTEXT('2D SPACE',''
  ) );
#170 = FACE_BOUND('',#171,.F.);
#171 = EDGE_LOOP('',(#172));
#172 = ORIENTED_EDGE('',*,*,#173,.T.);
#173 = EDGE_CURVE('',#174,#174,#176,.T.);
#174 = VERTEX_POINT('',#175);
#175 = CARTESIAN_POINT('',(25.9,-5.143516556419E-16,0.));
#176 = SURFACE_CURVE('',#177,(#182,#193),.PCURVE_S1.);
#177 = CIRCLE('',#178,2.1);
#178 = AXIS2_PLACEMENT_3D('',#179,#180,#181);
#179 = CARTESIAN_POINT('',(28.,0.,0.));
#180 = DIRECTION('',(0.,0.,-1.));
#181 = DIRECTION('',(-1.,0.,0.));
#182 = PCURVE('',#120,#183);
#183 = DEFINITIONAL_REPRESENTATION('',(#184),#192);
#184 = ( BOUNDED_CURVE() B_SPLINE_CURVE(2,(#185,#186,#187,#188,#189,#190
,#191),.UNSPECIFIED.,.T.,.F.) B_SPLINE_CURVE_WITH_KNOTS((1,2,2,2,2,1),(
    -2.094395102393,0.,2.094395102393,4.188790204786,6.28318530718,
8.377580409573),.UNSPECIFIED.) CURVE() GEOMETRIC_REPRESENTATION_ITEM() 
RATIONAL_B_SPLINE_CURVE((1.,0.5,1.,0.5,1.,0.5,1.)) REPRESENTATION_ITEM(
  '') );
#185 = CARTESIAN_POINT('',(25.9,-1.219874913863E-14));
#186 = CARTESIAN_POINT('',(25.9,3.637306695895));
#187 = CARTESIAN_POINT('',(29.05,1.818653347947));
#188 = CARTESIAN_POINT('',(32.2,-1.168439748299E-14));
#189 = CARTESIAN_POINT('',(29.05,-1.818653347947));
#190 = CARTESIAN_POINT('',(25.9,-3.637306695895));
#191 = CARTESIAN_POINT('',(25.9,-1.219874913863E-14));
#192 = ( GEOMETRIC_REPRESENTATION_CONTEXT(2) 
PARAMETRIC_REPRESENTATION_CONTEXT() REPRESENTATION_CONTEXT('2D SPACE',''
  ) );
#193 = PCURVE('',#194,#199);
#194 = CYLINDRICAL_SURFACE('',#195,2.1);
#195 = AXIS2_PLACEMENT_3D('',#196,#197,#198);
#196 = CARTESIAN_POINT('',(28.,0.,5.));
#197 = DIRECTION('',(0.,0.,-1.));
#198 = DIRECTION('',(-1.,0.,0.));
#199 = DEFINITIONAL_REPRESENTATION('',(#200),#204);
#200 = LINE('',#201,#202);
#201 = CARTESIAN_POINT('',(0.,5.));
#202 = VECTOR('',#203,1.);
#203 = DIRECTION('',(1.,0.));
#204 = ( GEOMETRIC_REPRESENTATION_CONTEXT(2) 
PARAMETRIC_REPRESENTATION_CONTEXT() REPRESENTATION_CONTEXT('2D SPACE',''
  ) );
#205 = FACE_BOUND('',#206,.F.);
#206 = EDGE_LOOP('',(#207));
#207 = ORIENTED_EDGE('',*,*,#208,.T.);
#208 = EDGE_CURVE('',#209,#209,#211,.T.);
#209 = VERTEX_POINT('',#210);
#210 = CARTESIAN_POINT('',(-16.1,24.248711305964,0.));
#211 = SURFACE_CURVE('',#212,(#217,#228),.PCURVE_S1.);
#212 = CIRCLE('',#213,2.1);
#213 = AXIS2_PLACEMENT_3D('',#214,#215,#216);
#214 = CARTESIAN_POINT('',(-14.,24.248711305964,0.));
#215 = DIRECTION('',(0.,0.,-1.));
#216 = DIRECTION('',(-1.,0.,0.));
#217 = PCURVE('',#120,#218);
#218 = DEFINITIONAL_REPRESENTATION('',(#219),#227);
#219 = ( BOUNDED_CURVE() B_SPLINE_CURVE(2,(#220,#221,#222,#223,#224,#225
,#226),.UNSPECIFIED.,.T.,.F.) B_SPLINE_CURVE_WITH_KNOTS((1,2,2,2,2,1),(
    -2.094395102393,0.,2.094395102393,4.188790204786,6.28318530718,
8.377580409573),.UNSPECIFIED.) CURVE() GEOMETRIC_REPRESENTATION_ITEM() 
RATIONAL_B_SPLINE_CURVE((1.,0.5,1.,0.5,1.,0.5,1.)) REPRESENTATION_ITEM(
  '') );
#220 = CARTESIAN_POINT('',(-16.1,24.248711305964));
#221 = CARTESIAN_POINT('',(-16.1,27.886018001859));
#222 = CARTESIAN_POINT('',(-12.95,26.067364653912));
#223 = CARTESIAN_POINT('',(-9.8,24.248711305964));
#224 = CARTESIAN_POINT('',(-12.95,22.430057958017));
#225 = CARTESIAN_POINT('',(-16.1,20.61140461007));
#226 = CARTESIAN_POINT('',(-16.1,24.248711305964));
#227 = ( GEOMETRIC_REPRESENTATION_CONTEXT(2) 
PARAMETRIC_REPRESENTATION_CONTEXT() REPRESENTATION_CONTEXT('2D SPACE',''
  ) );
#228 = PCURVE('',#229,#234);
#229 = CYLINDRICAL_SURFACE('',#230,2.1);
#230 = AXIS2_PLACEMENT_3D('',#231,#232,#233);
#231 = CARTESIAN_POINT('',(-14.,24.248711305964,5.));
#232 = DIRECTION('',(0.,0.,-1.));
#233 = DIRECTION('',(-1.,0.,0.));
#234 = DEFINITIONAL_REPRESENTATION('',(#235),#239);
#235 = LINE('',#236,#237);
#236 = CARTESIAN_POINT('',(0.,5.));
#237 = VECTOR('',#238,1.);
#238 = DIRECTION('',(1.,0.));
#239 = ( GEOMETRIC_REPRESENTATION_CONTEXT(2) 
PARAMETRIC_REPRESENTATION_CONTEXT() REPRESENTATION_CONTEXT('2D SPACE',''
  ) );
#240 = FACE_BOUND('',#241,.F.);
#241 = EDGE_LOOP('',(#242));
#242 = ORIENTED_EDGE('',*,*,#243,.T.);
#243 = EDGE_CURVE('',#244,#244,#246,.T.);
#244 = VERTEX_POINT('',#245);
#245 = CARTESIAN_POINT('',(-2.1,48.497422611929,0.));
#246 = SURFACE_CURVE('',#247,(#252,#263),.PCURVE_S1.);
#247 = CIRCLE('',#248,2.1);
#248 = AXIS2_PLACEMENT_3D('',#249,#250,#251);
#249 = CARTESIAN_POINT('',(7.105427357601E-15,48.497422611929,0.));
#250 = DIRECTION('',(0.,0.,-1.));
#251 = DIRECTION('',(-1.,0.,0.));
#252 = PCURVE('',#120,#253);
#253 = DEFINITIONAL_REPRESENTATION('',(#254),#262);
#254 = ( BOUNDED_CURVE() B_SPLINE_CURVE(2,(#255,#256,#257,#258,#259,#260
,#261),.UNSPECIFIED.,.T.,.F.) B_SPLINE_CURVE_WITH_KNOTS((1,2,2,2,2,1),(
    -2.094395102393,0.,2.094395102393,4.188790204786,6.28318530718,
8.377580409573),.UNSPECIFIED.) CURVE() GEOMETRIC_REPRESENTATION_ITEM() 
RATIONAL_B_SPLINE_CURVE((1.,0.5,1.,0.5,1.,0.5,1.)) REPRESENTATION_ITEM(
  '') );
#255 = CARTESIAN_POINT('',(-2.1,48.497422611929));
#256 = CARTESIAN_POINT('',(-2.1,52.134729307823));
#257 = CARTESIAN_POINT('',(1.05,50.316075959876));
#258 = CARTESIAN_POINT('',(4.2,48.497422611929));
#259 = CARTESIAN_POINT('',(1.05,46.678769263981));
#260 = CARTESIAN_POINT('',(-2.1,44.860115916034));
#261 = CARTESIAN_POINT('',(-2.1,48.497422611929));
#262 = ( GEOMETRIC_REPRESENTATION_CONTEXT(2) 
PARAMETRIC_REPRESENTATION_CONTEXT() REPRESENTATION_CONTEXT('2D SPACE',''
  ) );
#263 = PCURVE('',#264,#269);
#264 = CYLINDRICAL_SURFACE('',#265,2.1);
#265 = AXIS2_PLACEMENT_3D('',#266,#267,#268);
#266 = CARTESIAN_POINT('',(7.105427357601E-15,48.497422611929,5.));
#267 = DIRECTION('',(0.,0.,-1.));
#268 = DIRECTION('',(-1.,0.,0.));
#269 = DEFINITIONAL_REPRESENTATION('',(#270),#274);
#270 = LINE('',#271,#272);
#271 = CARTESIAN_POINT('',(0.,5.));
#272 = VECTOR('',#273,1.);
#273 = DIRECTION('',(1.,0.));
#274 = ( GEOMETRIC_REPRESENTATION_CONTEXT(2) 
PARAMETRIC_REPRESENTATION_CONTEXT() REPRESENTATION_CONTEXT('2D SPACE',''
  ) );
#275 = FACE_BOUND('',#276,.F.);
#276 = EDGE_LOOP('',(#277));
#277 = ORIENTED_EDGE('',*,*,#278,.T.);
#278 = EDGE_CURVE('',#279,#279,#281,.T.);
#279 = VERTEX_POINT('',#280);
#280 = CARTESIAN_POINT('',(39.9,24.248711305964,0.));
#281 = SURFACE_CURVE('',#282,(#287,#298),.PCURVE_S1.);
#282 = CIRCLE('',#283,2.1);
#283 = AXIS2_PLACEMENT_3D('',#284,#285,#286);
#284 = CARTESIAN_POINT('',(42.,24.248711305964,0.));
#285 = DIRECTION('',(0.,0.,-1.));
#286 = DIRECTION('',(-1.,0.,0.));
#287 = PCURVE('',#120,#288);
#288 = DEFINITIONAL_REPRESENTATION('',(#289),#297);
#289 = ( BOUNDED_CURVE() B_SPLINE_CURVE(2,(#290,#291,#292,#293,#294,#295
,#296),.UNSPECIFIED.,.T.,.F.) B_SPLINE_CURVE_WITH_KNOTS((1,2,2,2,2,1),(
    -2.094395102393,0.,2.094395102393,4.188790204786,6.28318530718,
8.377580409573),.UNSPECIFIED.) CURVE() GEOMETRIC_REPRESENTATION_ITEM() 
RATIONAL_B_SPLINE_CURVE((1.,0.5,1.,0.5,1.,0.5,1.)) REPRESENTATION_ITEM(
  '') );
#290 = CARTESIAN_POINT('',(39.9,24.248711305964));
#291 = CARTESIAN_POINT('',(39.9,27.886018001859));
#292 = CARTESIAN_POINT('',(43.05,26.067364653912));
#293 = CARTESIAN_POINT('',(46.2,24.248711305964));
#294 = CARTESIAN_POINT('',(43.05,22.430057958017));
#295 = CARTESIAN_POINT('',(39.9,20.61140461007));
#296 = CARTESIAN_POINT('',(39.9,24.248711305964));
#297 = ( GEOMETRIC_REPRESENTATION_CONTEXT(2) 
PARAMETRIC_REPRESENTATION_CONTEXT() REPRESENTATION_CONTEXT('2D SPACE',''
  ) );
#298 = PCURVE('',#299,#304);
#299 = CYLINDRICAL_SURFACE('',#300,2.1);
#300 = AXIS2_PLACEMENT_3D('',#301,#302,#303);
#301 = CARTESIAN_POINT('',(42.,24.248711305964,5.));
#302 = DIRECTION('',(0.,0.,-1.));
#303 = DIRECTION('',(-1.,0.,0.));
#304 = DEFINITIONAL_REPRESENTATION('',(#305),#309);
#305 = LINE('',#306,#307);
#306 = CARTESIAN_POINT('',(0.,5.));
#307 = VECTOR('',#308,1.);
#308 = DIRECTION('',(1.,0.));
#309 = ( GEOMETRIC_REPRESENTATION_CONTEXT(2) 
PARAMETRIC_REPRESENTATION_CONTEXT() REPRESENTATION_CONTEXT('2D SPACE',''
  ) );
#310 = FACE_BOUND('',#311,.F.);
#311 = EDGE_LOOP('',(#312));
#312 = ORIENTED_EDGE('',*,*,#313,.T.);
#313 = EDGE_CURVE('',#314,#314,#316,.T.);
#314 = VERTEX_POINT('',#315);
#315 = CARTESIAN_POINT('',(25.9,48.497422611929,0.));
#316 = SURFACE_CURVE('',#317,(#322,#333),.PCURVE_S1.);
#317 = CIRCLE('',#318,2.1);
#318 = AXIS2_PLACEMENT_3D('',#319,#320,#321);
#319 = CARTESIAN_POINT('',(28.,48.497422611929,0.));
#320 = DIRECTION('',(0.,0.,-1.));
#321 = DIRECTION('',(-1.,0.,0.));
#322 = PCURVE('',#120,#323);
#323 = DEFINITIONAL_REPRESENTATION('',(#324),#332);
#324 = ( BOUNDED_CURVE() B_SPLINE_CURVE(2,(#325,#326,#327,#328,#329,#330
,#331),.UNSPECIFIED.,.T.,.F.) B_SPLINE_CURVE_WITH_KNOTS((1,2,2,2,2,1),(
    -2.094395102393,0.,2.094395102393,4.188790204786,6.28318530718,
8.377580409573),.UNSPECIFIED.) CURVE() GEOMETRIC_REPRESENTATION_ITEM() 
RATIONAL_B_SPLINE_CURVE((1.,0.5,1.,0.5,1.,0.5,1.)) REPRESENTATION_ITEM(
  '') );
#325 = CARTESIAN_POINT('',(25.9,48.497422611929));
#326 = CARTESIAN_POINT('',(25.9,52.134729307823));
#327 = CARTESIAN_POINT('',(29.05,50.316075959876));
#328 = CARTESIAN_POINT('',(32.2,48.497422611929));
#329 = CARTESIAN_POINT('',(29.05,46.678769263981));
#330 = CARTESIAN_POINT('',(25.9,44.860115916034));
#331 = CARTESIAN_POINT('',(25.9,48.497422611929));
#332 = ( GEOMETRIC_REPRESENTATION_CONTEXT(2) 
PARAMETRIC_REPRESENTATION_CONTEXT() REPRESENTATION_CONTEXT('2D SPACE',''
  ) );
#333 = PCURVE('',#334,#339);
#334 = CYLINDRICAL_SURFACE('',#335,2.1);
#335 = AXIS2_PLACEMENT_3D('',#336,#337,#338);
#336 = CARTESIAN_POINT('',(28.,48.497422611929,5.));
#337 = DIRECTION('',(0.,0.,-1.));
#338 = DIRECTION('',(-1.,0.,0.));
#339 = DEFINITIONAL_REPRESENTATION('',(#340),#344);
#340 = LINE('',#341,#342);
#341 = CARTESIAN_POINT('',(0.,5.));
#342 = VECTOR('',#343,1.);
#343 = DIRECTION('',(1.,0.));
#344 = ( GEOMETRIC_REPRESENTATION_CONTEXT(2) 
PARAMETRIC_REPRESENTATION_CONTEXT() REPRESENTATION_CONTEXT('2D SPACE',''
  ) );
#345 = ADVANCED_FACE('',(#346,#349,#379,#409,#439,#469,#499),#92,.T.);
#346 = FACE_BOUND('',#347,.T.);
#347 = EDGE_LOOP('',(#348));
#348 = ORIENTED_EDGE('',*,*,#77,.T.);
#349 = FACE_BOUND('',#350,.T.);
#350 = EDGE_LOOP('',(#351));
#351 = ORIENTED_EDGE('',*,*,#352,.T.);
#352 = EDGE_CURVE('',#353,#353,#355,.T.);
#353 = VERTEX_POINT('',#354);
#354 = CARTESIAN_POINT('',(-13.,-3.184081677783E-15,5.));
#355 = SURFACE_CURVE('',#356,(#361,#372),.PCURVE_S1.);
#356 = CIRCLE('',#357,13.);
#357 = AXIS2_PLACEMENT_3D('',#358,#359,#360);
#358 = CARTESIAN_POINT('',(0.,0.,5.));
#359 = DIRECTION('',(0.,0.,-1.));
#360 = DIRECTION('',(-1.,0.,0.));
#361 = PCURVE('',#92,#362);
#362 = DEFINITIONAL_REPRESENTATION('',(#363),#371);
#363 = ( BOUNDED_CURVE() B_SPLINE_CURVE(2,(#364,#365,#366,#367,#368,#369
,#370),.UNSPECIFIED.,.T.,.F.) B_SPLINE_CURVE_WITH_KNOTS((1,2,2,2,2,1),(
    -2.094395102393,0.,2.094395102393,4.188790204786,6.28318530718,
8.377580409573),.UNSPECIFIED.) CURVE() GEOMETRIC_REPRESENTATION_ITEM() 
RATIONAL_B_SPLINE_CURVE((1.,0.5,1.,0.5,1.,0.5,1.)) REPRESENTATION_ITEM(
  '') );
#364 = CARTESIAN_POINT('',(-13.,-1.219874913863E-14));
#365 = CARTESIAN_POINT('',(-13.,22.516660498395));
#366 = CARTESIAN_POINT('',(6.5,11.258330249198));
#367 = CARTESIAN_POINT('',(26.,-9.014667460848E-15));
#368 = CARTESIAN_POINT('',(6.5,-11.25833024919));
#369 = CARTESIAN_POINT('',(-13.,-22.51666049839));
#370 = CARTESIAN_POINT('',(-13.,-1.219874913863E-14));
#371 = ( GEOMETRIC_REPRESENTATION_CONTEXT(2) 
PARAMETRIC_REPRESENTATION_CONTEXT() REPRESENTATION_CONTEXT('2D SPACE',''
  ) );
#372 = PCURVE('',#159,#373);
#373 = DEFINITIONAL_REPRESENTATION('',(#374),#378);
#374 = LINE('',#375,#376);
#375 = CARTESIAN_POINT('',(0.,0.));
#376 = VECTOR('',#377,1.);
#377 = DIRECTION('',(1.,0.));
#378 = ( GEOMETRIC_REPRESENTATION_CONTEXT(2) 
PARAMETRIC_REPRESENTATION_CONTEXT() REPRESENTATION_CONTEXT('2D SPACE',''
  ) );
#379 = FACE_BOUND('',#380,.T.);
#380 = EDGE_LOOP('',(#381));
#381 = ORIENTED_EDGE('',*,*,#382,.T.);
#382 = EDGE_CURVE('',#383,#383,#385,.T.);
#383 = VERTEX_POINT('',#384);
#384 = CARTESIAN_POINT('',(25.9,-5.143516556419E-16,5.));
#385 = SURFACE_CURVE('',#386,(#391,#402),.PCURVE_S1.);
#386 = CIRCLE('',#387,2.1);
#387 = AXIS2_PLACEMENT_3D('',#388,#389,#390);
#388 = CARTESIAN_POINT('',(28.,0.,5.));
#389 = DIRECTION('',(0.,0.,-1.));
#390 = DIRECTION('',(-1.,0.,0.));
#391 = PCURVE('',#92,#392);
#392 = DEFINITIONAL_REPRESENTATION('',(#393),#401);
#393 = ( BOUNDED_CURVE() B_SPLINE_CURVE(2,(#394,#395,#396,#397,#398,#399
,#400),.UNSPECIFIED.,.T.,.F.) B_SPLINE_CURVE_WITH_KNOTS((1,2,2,2,2,1),(
    -2.094395102393,0.,2.094395102393,4.188790204786,6.28318530718,
8.377580409573),.UNSPECIFIED.) CURVE() GEOMETRIC_REPRESENTATION_ITEM() 
RATIONAL_B_SPLINE_CURVE((1.,0.5,1.,0.5,1.,0.5,1.)) REPRESENTATION_ITEM(
  '') );
#394 = CARTESIAN_POINT('',(25.9,-1.219874913863E-14));
#395 = CARTESIAN_POINT('',(25.9,3.637306695895));
#396 = CARTESIAN_POINT('',(29.05,1.818653347947));
#397 = CARTESIAN_POINT('',(32.2,-1.168439748299E-14));
#398 = CARTESIAN_POINT('',(29.05,-1.818653347947));
#399 = CARTESIAN_POINT('',(25.9,-3.637306695895));
#400 = CARTESIAN_POINT('',(25.9,-1.219874913863E-14));
#401 = ( GEOMETRIC_REPRESENTATION_CONTEXT(2) 
PARAMETRIC_REPRESENTATION_CONTEXT() REPRESENTATION_CONTEXT('2D SPACE',''
  ) );
#402 = PCURVE('',#194,#403);
#403 = DEFINITIONAL_REPRESENTATION('',(#404),#408);
#404 = LINE('',#405,#406);
#405 = CARTESIAN_POINT('',(0.,0.));
#406 = VECTOR('',#407,1.);
#407 = DIRECTION('',(1.,0.));
#408 = ( GEOMETRIC_REPRESENTATION_CONTEXT(2) 
PARAMETRIC_REPRESENTATION_CONTEXT() REPRESENTATION_CONTEXT('2D SPACE',''
  ) );
#409 = FACE_BOUND('',#410,.T.);
#410 = EDGE_LOOP('',(#411));
#411 = ORIENTED_EDGE('',*,*,#412,.T.);
#412 = EDGE_CURVE('',#413,#413,#415,.T.);
#413 = VERTEX_POINT('',#414);
#414 = CARTESIAN_POINT('',(-16.1,24.248711305964,5.));
#415 = SURFACE_CURVE('',#416,(#421,#432),.PCURVE_S1.);
#416 = CIRCLE('',#417,2.1);
#417 = AXIS2_PLACEMENT_3D('',#418,#419,#420);
#418 = CARTESIAN_POINT('',(-14.,24.248711305964,5.));
#419 = DIRECTION('',(0.,0.,-1.));
#420 = DIRECTION('',(-1.,0.,0.));
#421 = PCURVE('',#92,#422);
#422 = DEFINITIONAL_REPRESENTATION('',(#423),#431);
#423 = ( BOUNDED_CURVE() B_SPLINE_CURVE(2,(#424,#425,#426,#427,#428,#429
,#430),.UNSPECIFIED.,.T.,.F.) B_SPLINE_CURVE_WITH_KNOTS((1,2,2,2,2,1),(
    -2.094395102393,0.,2.094395102393,4.188790204786,6.28318530718,
8.377580409573),.UNSPECIFIED.) CURVE() GEOMETRIC_REPRESENTATION_ITEM() 
RATIONAL_B_SPLINE_CURVE((1.,0.5,1.,0.5,1.,0.5,1.)) REPRESENTATION_ITEM(
  '') );
#424 = CARTESIAN_POINT('',(-16.1,24.248711305964));
#425 = CARTESIAN_POINT('',(-16.1,27.886018001859));
#426 = CARTESIAN_POINT('',(-12.95,26.067364653912));
#427 = CARTESIAN_POINT('',(-9.8,24.248711305964));
#428 = CARTESIAN_POINT('',(-12.95,22.430057958017));
#429 = CARTESIAN_POINT('',(-16.1,20.61140461007));
#430 = CARTESIAN_POINT('',(-16.1,24.248711305964));
#431 = ( GEOMETRIC_REPRESENTATION_CONTEXT(2) 
PARAMETRIC_REPRESENTATION_CONTEXT() REPRESENTATION_CONTEXT('2D SPACE',''
  ) );
#432 = PCURVE('',#229,#433);
#433 = DEFINITIONAL_REPRESENTATION('',(#434),#438);
#434 = LINE('',#435,#436);
#435 = CARTESIAN_POINT('',(0.,0.));
#436 = VECTOR('',#437,1.);
#437 = DIRECTION('',(1.,0.));
#438 = ( GEOMETRIC_REPRESENTATION_CONTEXT(2) 
PARAMETRIC_REPRESENTATION_CONTEXT() REPRESENTATION_CONTEXT('2D SPACE',''
  ) );
#439 = FACE_BOUND('',#440,.T.);
#440 = EDGE_LOOP('',(#441));
#441 = ORIENTED_EDGE('',*,*,#442,.T.);
#442 = EDGE_CURVE('',#443,#443,#445,.T.);
#443 = VERTEX_POINT('',#444);
#444 = CARTESIAN_POINT('',(-2.1,48.497422611929,5.));
#445 = SURFACE_CURVE('',#446,(#451,#462),.PCURVE_S1.);
#446 = CIRCLE('',#447,2.1);
#447 = AXIS2_PLACEMENT_3D('',#448,#449,#450);
#448 = CARTESIAN_POINT('',(7.105427357601E-15,48.497422611929,5.));
#449 = DIRECTION('',(0.,0.,-1.));
#450 = DIRECTION('',(-1.,0.,0.));
#451 = PCURVE('',#92,#452);
#452 = DEFINITIONAL_REPRESENTATION('',(#453),#461);
#453 = ( BOUNDED_CURVE() B_SPLINE_CURVE(2,(#454,#455,#456,#457,#458,#459
,#460),.UNSPECIFIED.,.T.,.F.) B_SPLINE_CURVE_WITH_KNOTS((1,2,2,2,2,1),(
    -2.094395102393,0.,2.094395102393,4.188790204786,6.28318530718,
8.377580409573),.UNSPECIFIED.) CURVE() GEOMETRIC_REPRESENTATION_ITEM() 
RATIONAL_B_SPLINE_CURVE((1.,0.5,1.,0.5,1.,0.5,1.)) REPRESENTATION_ITEM(
  '') );
#454 = CARTESIAN_POINT('',(-2.1,48.497422611929));
#455 = CARTESIAN_POINT('',(-2.1,52.134729307823));
#456 = CARTESIAN_POINT('',(1.05,50.316075959876));
#457 = CARTESIAN_POINT('',(4.2,48.497422611929));
#458 = CARTESIAN_POINT('',(1.05,46.678769263981));
#459 = CARTESIAN_POINT('',(-2.1,44.860115916034));
#460 = CARTESIAN_POINT('',(-2.1,48.497422611929));
#461 = ( GEOMETRIC_REPRESENTATION_CONTEXT(2) 
PARAMETRIC_REPRESENTATION_CONTEXT() REPRESENTATION_CONTEXT('2D SPACE',''
  ) );
#462 = PCURVE('',#264,#463);
#463 = DEFINITIONAL_REPRESENTATION('',(#464),#468);
#464 = LINE('',#465,#466);
#465 = CARTESIAN_POINT('',(0.,0.));
#466 = VECTOR('',#467,1.);
#467 = DIRECTION('',(1.,0.));
#468 = ( GEOMETRIC_REPRESENTATION_CONTEXT(2) 
PARAMETRIC_REPRESENTATION_CONTEXT() REPRESENTATION_CONTEXT('2D SPACE',''
  ) );
#469 = FACE_BOUND('',#470,.T.);
#470 = EDGE_LOOP('',(#471));
#471 = ORIENTED_EDGE('',*,*,#472,.T.);
#472 = EDGE_CURVE('',#473,#473,#475,.T.);
#473 = VERTEX_POINT('',#474);
#474 = CARTESIAN_POINT('',(39.9,24.248711305964,5.));
#475 = SURFACE_CURVE('',#476,(#481,#492),.PCURVE_S1.);
#476 = CIRCLE('',#477,2.1);
#477 = AXIS2_PLACEMENT_3D('',#478,#479,#480);
#478 = CARTESIAN_POINT('',(42.,24.248711305964,5.));
#479 = DIRECTION('',(0.,0.,-1.));
#480 = DIRECTION('',(-1.,0.,0.));
#481 = PCURVE('',#92,#482);
#482 = DEFINITIONAL_REPRESENTATION('',(#483),#491);
#483 = ( BOUNDED_CURVE() B_SPLINE_CURVE(2,(#484,#485,#486,#487,#488,#489
,#490),.UNSPECIFIED.,.T.,.F.) B_SPLINE_CURVE_WITH_KNOTS((1,2,2,2,2,1),(
    -2.094395102393,0.,2.094395102393,4.188790204786,6.28318530718,
8.377580409573),.UNSPECIFIED.) CURVE() GEOMETRIC_REPRESENTATION_ITEM() 
RATIONAL_B_SPLINE_CURVE((1.,0.5,1.,0.5,1.,0.5,1.)) REPRESENTATION_ITEM(
  '') );
#484 = CARTESIAN_POINT('',(39.9,24.248711305964));
#485 = CARTESIAN_POINT('',(39.9,27.886018001859));
#486 = CARTESIAN_POINT('',(43.05,26.067364653912));
#487 = CARTESIAN_POINT('',(46.2,24.248711305964));
#488 = CARTESIAN_POINT('',(43.05,22.430057958017));
#489 = CARTESIAN_POINT('',(39.9,20.61140461007));
#490 = CARTESIAN_POINT('',(39.9,24.248711305964));
#491 = ( GEOMETRIC_REPRESENTATION_CONTEXT(2) 
PARAMETRIC_REPRESENTATION_CONTEXT() REPRESENTATION_CONTEXT('2D SPACE',''
  ) );
#492 = PCURVE('',#299,#493);
#493 = DEFINITIONAL_REPRESENTATION('',(#494),#498);
#494 = LINE('',#495,#496);
#495 = CARTESIAN_POINT('',(0.,0.));
#496 = VECTOR('',#497,1.);
#497 = DIRECTION('',(1.,0.));
#498 = ( GEOMETRIC_REPRESENTATION_CONTEXT(2) 
PARAMETRIC_REPRESENTATION_CONTEXT() REPRESENTATION_CONTEXT('2D SPACE',''
  ) );
#499 = FACE_BOUND('',#500,.T.);
#500 = EDGE_LOOP('',(#501));
#501 = ORIENTED_EDGE('',*,*,#502,.T.);
#502 = EDGE_CURVE('',#503,#503,#505,.T.);
#503 = VERTEX_POINT('',#504);
#504 = CARTESIAN_POINT('',(25.9,48.497422611929,5.));
#505 = SURFACE_CURVE('',#506,(#511,#522),.PCURVE_S1.);
#506 = CIRCLE('',#507,2.1);
#507 = AXIS2_PLACEMENT_3D('',#508,#509,#510);
#508 = CARTESIAN_POINT('',(28.,48.497422611929,5.));
#509 = DIRECTION('',(0.,0.,-1.));
#510 = DIRECTION('',(-1.,0.,0.));
#511 = PCURVE('',#92,#512);
#512 = DEFINITIONAL_REPRESENTATION('',(#513),#521);
#513 = ( BOUNDED_CURVE() B_SPLINE_CURVE(2,(#514,#515,#516,#517,#518,#519
,#520),.UNSPECIFIED.,.T.,.F.) B_SPLINE_CURVE_WITH_KNOTS((1,2,2,2,2,1),(
    -2.094395102393,0.,2.094395102393,4.188790204786,6.28318530718,
8.377580409573),.UNSPECIFIED.) CURVE() GEOMETRIC_REPRESENTATION_ITEM() 
RATIONAL_B_SPLINE_CURVE((1.,0.5,1.,0.5,1.,0.5,1.)) REPRESENTATION_ITEM(
  '') );
#514 = CARTESIAN_POINT('',(25.9,48.497422611929));
#515 = CARTESIAN_POINT('',(25.9,52.134729307823));
#516 = CARTESIAN_POINT('',(29.05,50.316075959876));
#517 = CARTESIAN_POINT('',(32.2,48.497422611929));
#518 = CARTESIAN_POINT('',(29.05,46.678769263981));
#519 = CARTESIAN_POINT('',(25.9,44.860115916034));
#520 = CARTESIAN_POINT('',(25.9,48.497422611929));
#521 = ( GEOMETRIC_REPRESENTATION_CONTEXT(2) 
PARAMETRIC_REPRESENTATION_CONTEXT() REPRESENTATION_CONTEXT('2D SPACE',''
  ) );
#522 = PCURVE('',#334,#523);
#523 = DEFINITIONAL_REPRESENTATION('',(#524),#528);
#524 = LINE('',#525,#526);
#525 = CARTESIAN_POINT('',(0.,0.));
#526 = VECTOR('',#527,1.);
#527 = DIRECTION('',(1.,0.));
#528 = ( GEOMETRIC_REPRESENTATION_CONTEXT(2) 
PARAMETRIC_REPRESENTATION_CONTEXT() REPRESENTATION_CONTEXT('2D SPACE',''
  ) );
#529 = ADVANCED_FACE('',(#530),#159,.F.);
#530 = FACE_BOUND('',#531,.F.);
#531 = EDGE_LOOP('',(#532,#533,#554,#555));
#532 = ORIENTED_EDGE('',*,*,#138,.F.);
#533 = ORIENTED_EDGE('',*,*,#534,.F.);
#534 = EDGE_CURVE('',#353,#139,#535,.T.);
#535 = SEAM_CURVE('',#536,(#540,#547),.PCURVE_S1.);
#536 = LINE('',#537,#538);
#537 = CARTESIAN_POINT('',(-13.,-3.184081677783E-15,5.));
#538 = VECTOR('',#539,1.);
#539 = DIRECTION('',(0.,0.,-1.));
#540 = PCURVE('',#159,#541);
#541 = DEFINITIONAL_REPRESENTATION('',(#542),#546);
#542 = LINE('',#543,#544);
#543 = CARTESIAN_POINT('',(6.28318530718,-0.));
#544 = VECTOR('',#545,1.);
#545 = DIRECTION('',(0.,1.));
#546 = ( GEOMETRIC_REPRESENTATION_CONTEXT(2) 
PARAMETRIC_REPRESENTATION_CONTEXT() REPRESENTATION_CONTEXT('2D SPACE',''
  ) );
#547 = PCURVE('',#159,#548);
#548 = DEFINITIONAL_REPRESENTATION('',(#549),#553);
#549 = LINE('',#550,#551);
#550 = CARTESIAN_POINT('',(0.,-0.));
#551 = VECTOR('',#552,1.);
#552 = DIRECTION('',(0.,1.));
#553 = ( GEOMETRIC_REPRESENTATION_CONTEXT(2) 
PARAMETRIC_REPRESENTATION_CONTEXT() REPRESENTATION_CONTEXT('2D SPACE',''
  ) );
#554 = ORIENTED_EDGE('',*,*,#352,.T.);
#555 = ORIENTED_EDGE('',*,*,#534,.T.);
#556 = ADVANCED_FACE('',(#557),#194,.F.);
#557 = FACE_BOUND('',#558,.F.);
#558 = EDGE_LOOP('',(#559,#560,#581,#582));
#559 = ORIENTED_EDGE('',*,*,#173,.F.);
#560 = ORIENTED_EDGE('',*,*,#561,.F.);
#561 = EDGE_CURVE('',#383,#174,#562,.T.);
#562 = SEAM_CURVE('',#563,(#567,#574),.PCURVE_S1.);
#563 = LINE('',#564,#565);
#564 = CARTESIAN_POINT('',(25.9,-5.143516556419E-16,5.));
#565 = VECTOR('',#566,1.);
#566 = DIRECTION('',(0.,0.,-1.));
#567 = PCURVE('',#194,#568);
#568 = DEFINITIONAL_REPRESENTATION('',(#569),#573);
#569 = LINE('',#570,#571);
#570 = CARTESIAN_POINT('',(6.28318530718,-0.));
#571 = VECTOR('',#572,1.);
#572 = DIRECTION('',(0.,1.));
#573 = ( GEOMETRIC_REPRESENTATION_CONTEXT(2) 
PARAMETRIC_REPRESENTATION_CONTEXT() REPRESENTATION_CONTEXT('2D SPACE',''
  ) );
#574 = PCURVE('',#194,#575);
#575 = DEFINITIONAL_REPRESENTATION('',(#576),#580);
#576 = LINE('',#577,#578);
#577 = CARTESIAN_POINT('',(0.,-0.));
#578 = VECTOR('',#579,1.);
#579 = DIRECTION('',(0.,1.));
#580 = ( GEOMETRIC_REPRESENTATION_CONTEXT(2) 
PARAMETRIC_REPRESENTATION_CONTEXT() REPRESENTATION_CONTEXT('2D SPACE',''
  ) );
#581 = ORIENTED_EDGE('',*,*,#382,.T.);
#582 = ORIENTED_EDGE('',*,*,#561,.T.);
#583 = ADVANCED_FACE('',(#584),#229,.F.);
#584 = FACE_BOUND('',#585,.F.);
#585 = EDGE_LOOP('',(#586,#587,#608,#609));
#586 = ORIENTED_EDGE('',*,*,#208,.F.);
#587 = ORIENTED_EDGE('',*,*,#588,.F.);
#588 = EDGE_CURVE('',#413,#209,#589,.T.);
#589 = SEAM_CURVE('',#590,(#594,#601),.PCURVE_S1.);
#590 = LINE('',#591,#592);
#591 = CARTESIAN_POINT('',(-16.1,24.248711305964,5.));
#592 = VECTOR('',#593,1.);
#593 = DIRECTION('',(0.,0.,-1.));
#594 = PCURVE('',#229,#595);
#595 = DEFINITIONAL_REPRESENTATION('',(#596),#600);
#596 = LINE('',#597,#598);
#597 = CARTESIAN_POINT('',(6.28318530718,-0.));
#598 = VECTOR('',#599,1.);
#599 = DIRECTION('',(0.,1.));
#600 = ( GEOMETRIC_REPRESENTATION_CONTEXT(2) 
PARAMETRIC_REPRESENTATION_CONTEXT() REPRESENTATION_CONTEXT('2D SPACE',''
  ) );
#601 = PCURVE('',#229,#602);
#602 = DEFINITIONAL_REPRESENTATION('',(#603),#607);
#603 = LINE('',#604,#605);
#604 = CARTESIAN_POINT('',(0.,-0.));
#605 = VECTOR('',#606,1.);
#606 = DIRECTION('',(0.,1.));
#607 = ( GEOMETRIC_REPRESENTATION_CONTEXT(2) 
PARAMETRIC_REPRESENTATION_CONTEXT() REPRESENTATION_CONTEXT('2D SPACE',''
  ) );
#608 = ORIENTED_EDGE('',*,*,#412,.T.);
#609 = ORIENTED_EDGE('',*,*,#588,.T.);
#610 = ADVANCED_FACE('',(#611),#264,.F.);
#611 = FACE_BOUND('',#612,.F.);
#612 = EDGE_LOOP('',(#613,#614,#635,#636));
#613 = ORIENTED_EDGE('',*,*,#243,.F.);
#614 = ORIENTED_EDGE('',*,*,#615,.F.);
#615 = EDGE_CURVE('',#443,#244,#616,.T.);
#616 = SEAM_CURVE('',#617,(#621,#628),.PCURVE_S1.);
#617 = LINE('',#618,#619);
#618 = CARTESIAN_POINT('',(-2.1,48.497422611929,5.));
#619 = VECTOR('',#620,1.);
#620 = DIRECTION('',(0.,0.,-1.));
#621 = PCURVE('',#264,#622);
#622 = DEFINITIONAL_REPRESENTATION('',(#623),#627);
#623 = LINE('',#624,#625);
#624 = CARTESIAN_POINT('',(6.28318530718,-0.));
#625 = VECTOR('',#626,1.);
#626 = DIRECTION('',(0.,1.));
#627 = ( GEOMETRIC_REPRESENTATION_CONTEXT(2) 
PARAMETRIC_REPRESENTATION_CONTEXT() REPRESENTATION_CONTEXT('2D SPACE',''
  ) );
#628 = PCURVE('',#264,#629);
#629 = DEFINITIONAL_REPRESENTATION('',(#630),#634);
#630 = LINE('',#631,#632);
#631 = CARTESIAN_POINT('',(0.,-0.));
#632 = VECTOR('',#633,1.);
#633 = DIRECTION('',(0.,1.));
#634 = ( GEOMETRIC_REPRESENTATION_CONTEXT(2) 
PARAMETRIC_REPRESENTATION_CONTEXT() REPRESENTATION_CONTEXT('2D SPACE',''
  ) );
#635 = ORIENTED_EDGE('',*,*,#442,.T.);
#636 = ORIENTED_EDGE('',*,*,#615,.T.);
#637 = ADVANCED_FACE('',(#638),#299,.F.);
#638 = FACE_BOUND('',#639,.F.);
#639 = EDGE_LOOP('',(#640,#641,#662,#663));
#640 = ORIENTED_EDGE('',*,*,#278,.F.);
#641 = ORIENTED_EDGE('',*,*,#642,.F.);
#642 = EDGE_CURVE('',#473,#279,#643,.T.);
#643 = SEAM_CURVE('',#644,(#648,#655),.PCURVE_S1.);
#644 = LINE('',#645,#646);
#645 = CARTESIAN_POINT('',(39.9,24.248711305964,5.));
#646 = VECTOR('',#647,1.);
#647 = DIRECTION('',(0.,0.,-1.));
#648 = PCURVE('',#299,#649);
#649 = DEFINITIONAL_REPRESENTATION('',(#650),#654);
#650 = LINE('',#651,#652);
#651 = CARTESIAN_POINT('',(6.28318530718,-0.));
#652 = VECTOR('',#653,1.);
#653 = DIRECTION('',(0.,1.));
#654 = ( GEOMETRIC_REPRESENTATION_CONTEXT(2) 
PARAMETRIC_REPRESENTATION_CONTEXT() REPRESENTATION_CONTEXT('2D SPACE',''
  ) );
#655 = PCURVE('',#299,#656);
#656 = DEFINITIONAL_REPRESENTATION('',(#657),#661);
#657 = LINE('',#658,#659);
#658 = CARTESIAN_POINT('',(0.,-0.));
#659 = VECTOR('',#660,1.);
#660 = DIRECTION('',(0.,1.));
#661 = ( GEOMETRIC_REPRESENTATION_CONTEXT(2) 
PARAMETRIC_REPRESENTATION_CONTEXT() REPRESENTATION_CONTEXT('2D SPACE',''
  ) );
#662 = ORIENTED_EDGE('',*,*,#472,.T.);
#663 = ORIENTED_EDGE('',*,*,#642,.T.);
#664 = ADVANCED_FACE('',(#665),#334,.F.);
#665 = FACE_BOUND('',#666,.F.);
#666 = EDGE_LOOP('',(#667,#668,#689,#690));
#667 = ORIENTED_EDGE('',*,*,#313,.F.);
#668 = ORIENTED_EDGE('',*,*,#669,.F.);
#669 = EDGE_CURVE('',#503,#314,#670,.T.);
#670 = SEAM_CURVE('',#671,(#675,#682),.PCURVE_S1.);
#671 = LINE('',#672,#673);
#672 = CARTESIAN_POINT('',(25.9,48.497422611929,5.));
#673 = VECTOR('',#674,1.);
#674 = DIRECTION('',(0.,0.,-1.));
#675 = PCURVE('',#334,#676);
#676 = DEFINITIONAL_REPRESENTATION('',(#677),#681);
#677 = LINE('',#678,#679);
#678 = CARTESIAN_POINT('',(6.28318530718,-0.));
#679 = VECTOR('',#680,1.);
#680 = DIRECTION('',(0.,1.));
#681 = ( GEOMETRIC_REPRESENTATION_CONTEXT(2) 
PARAMETRIC_REPRESENTATION_CONTEXT() REPRESENTATION_CONTEXT('2D SPACE',''
  ) );
#682 = PCURVE('',#334,#683);
#683 = DEFINITIONAL_REPRESENTATION('',(#684),#688);
#684 = LINE('',#685,#686);
#685 = CARTESIAN_POINT('',(0.,-0.));
#686 = VECTOR('',#687,1.);
#687 = DIRECTION('',(0.,1.));
#688 = ( GEOMETRIC_REPRESENTATION_CONTEXT(2) 
PARAMETRIC_REPRESENTATION_CONTEXT() REPRESENTATION_CONTEXT('2D SPACE',''
  ) );
#689 = ORIENTED_EDGE('',*,*,#502,.T.);
#690 = ORIENTED_EDGE('',*,*,#669,.T.);
#691 = ( GEOMETRIC_REPRESENTATION_CONTEXT(3) 
GLOBAL_UNCERTAINTY_ASSIGNED_CONTEXT((#695)) GLOBAL_UNIT_ASSIGNED_CONTEXT
((#692,#693,#694)) REPRESENTATION_CONTEXT('Context #1',
  '3D Context with UNIT and UNCERTAINTY') );
#692 = ( LENGTH_UNIT() NAMED_UNIT(*) SI_UNIT(.MILLI.,.METRE.) );
#693 = ( NAMED_UNIT(*) PLANE_ANGLE_UNIT() SI_UNIT($,.RADIAN.) );
#694 = ( NAMED_UNIT(*) SI_UNIT($,.STERADIAN.) SOLID_ANGLE_UNIT() );
#695 = UNCERTAINTY_MEASURE_WITH_UNIT(LENGTH_MEASURE(1.E-07),#692,
  'distance_accuracy_value','confusion accuracy');
#696 = CONTEXT_DEPENDENT_SHAPE_REPRESENTATION(#697,#699);
#697 = ( REPRESENTATION_RELATIONSHIP('','',#40,#10) 
REPRESENTATION_RELATIONSHIP_WITH_TRANSFORMATION(#698) 
SHAPE_REPRESENTATION_RELATIONSHIP() );
#698 = ITEM_DEFINED_TRANSFORMATION('','',#11,#15);
#699 = PRODUCT_DEFINITION_SHAPE('Placement','Placement of an item',#700
  );
#700 = NEXT_ASSEMBLY_USAGE_OCCURRENCE('8','','',#5,#35,$);
#701 = PRODUCT_RELATED_PRODUCT_CATEGORY('part',$,(#37));
#702 = SHAPE_DEFINITION_REPRESENTATION(#703,#709);
#703 = PRODUCT_DEFINITION_SHAPE('','',#704);
#704 = PRODUCT_DEFINITION('design','',#705,#708);
#705 = PRODUCT_DEFINITION_FORMATION('','',#706);
#706 = PRODUCT('Open CASCADE STEP translator 7.9 2.2',
  'Open CASCADE STEP translator 7.9 2.2','',(#707));
#707 = PRODUCT_CONTEXT('',#2,'mechanical');
#708 = PRODUCT_DEFINITION_CONTEXT('part definition',#2,'design');
#709 = SHAPE_REPRESENTATION('',(#11,#710,#714,#718,#722,#726,#730,#734,
    #738,#742,#746,#750,#754,#758,#762,#766,#770,#774,#778,#782,#786,
    #790,#794,#798,#802,#806,#810,#814,#818,#822,#826,#830,#834,#838,
    #842,#846,#850,#854,#858,#862,#866,#870,#874,#878,#882,#886,#890,
    #894,#898,#902,#906),#910);
#710 = AXIS2_PLACEMENT_3D('',#711,#712,#713);
#711 = CARTESIAN_POINT('',(0.,0.,0.));
#712 = DIRECTION('',(0.,0.,1.));
#713 = DIRECTION('',(1.,0.,0.));
#714 = AXIS2_PLACEMENT_3D('',#715,#716,#717);
#715 = CARTESIAN_POINT('',(0.,0.,0.));
#716 = DIRECTION('',(0.,0.,1.));
#717 = DIRECTION('',(1.,0.,0.));
#718 = AXIS2_PLACEMENT_3D('',#719,#720,#721);
#719 = CARTESIAN_POINT('',(0.,0.,0.));
#720 = DIRECTION('',(0.,0.,1.));
#721 = DIRECTION('',(1.,0.,0.));
#722 = AXIS2_PLACEMENT_3D('',#723,#724,#725);
#723 = CARTESIAN_POINT('',(0.,0.,0.));
#724 = DIRECTION('',(0.,0.,1.));
#725 = DIRECTION('',(1.,0.,0.));
#726 = AXIS2_PLACEMENT_3D('',#727,#728,#729);
#727 = CARTESIAN_POINT('',(0.,0.,0.));
#728 = DIRECTION('',(0.,0.,1.));
#729 = DIRECTION('',(1.,0.,0.));
#730 = AXIS2_PLACEMENT_3D('',#731,#732,#733);
#731 = CARTESIAN_POINT('',(0.,0.,0.));
#732 = DIRECTION('',(0.,0.,1.));
#733 = DIRECTION('',(1.,0.,0.));
#734 = AXIS2_PLACEMENT_3D('',#735,#736,#737);
#735 = CARTESIAN_POINT('',(0.,0.,0.));
#736 = DIRECTION('',(0.,0.,1.));
#737 = DIRECTION('',(1.,0.,0.));
#738 = AXIS2_PLACEMENT_3D('',#739,#740,#741);
#739 = CARTESIAN_POINT('',(0.,0.,0.));
#740 = DIRECTION('',(0.,0.,1.));
#741 = DIRECTION('',(1.,0.,0.));
#742 = AXIS2_PLACEMENT_3D('',#743,#744,#745);
#743 = CARTESIAN_POINT('',(0.,0.,0.));
#744 = DIRECTION('',(0.,0.,1.));
#745 = DIRECTION('',(1.,0.,0.));
#746 = AXIS2_PLACEMENT_3D('',#747,#748,#749);
#747 = CARTESIAN_POINT('',(0.,0.,0.));
#748 = DIRECTION('',(0.,0.,1.));
#749 = DIRECTION('',(1.,0.,0.));
#750 = AXIS2_PLACEMENT_3D('',#751,#752,#753);
#751 = CARTESIAN_POINT('',(0.,0.,0.));
#752 = DIRECTION('',(0.,0.,1.));
#753 = DIRECTION('',(1.,0.,0.));
#754 = AXIS2_PLACEMENT_3D('',#755,#756,#757);
#755 = CARTESIAN_POINT('',(0.,0.,0.));
#756 = DIRECTION('',(0.,0.,1.));
#757 = DIRECTION('',(1.,0.,0.));
#758 = AXIS2_PLACEMENT_3D('',#759,#760,#761);
#759 = CARTESIAN_POINT('',(0.,0.,0.));
#760 = DIRECTION('',(0.,0.,1.));
#761 = DIRECTION('',(1.,0.,0.));
#762 = AXIS2_PLACEMENT_3D('',#763,#764,#765);
#763 = CARTESIAN_POINT('',(0.,0.,0.));
#764 = DIRECTION('',(0.,0.,1.));
#765 = DIRECTION('',(1.,0.,0.));
#766 = AXIS2_PLACEMENT_3D('',#767,#768,#769);
#767 = CARTESIAN_POINT('',(0.,0.,0.));
#768 = DIRECTION('',(0.,0.,1.));
#769 = DIRECTION('',(1.,0.,0.));
#770 = AXIS2_PLACEMENT_3D('',#771,#772,#773);
#771 = CARTESIAN_POINT('',(0.,0.,0.));
#772 = DIRECTION('',(0.,0.,1.));
#773 = DIRECTION('',(1.,0.,0.));
#774 = AXIS2_PLACEMENT_3D('',#775,#776,#777);
#775 = CARTESIAN_POINT('',(0.,0.,0.));
#776 = DIRECTION('',(0.,0.,1.));
#777 = DIRECTION('',(1.,0.,0.));
#778 = AXIS2_PLACEMENT_3D('',#779,#780,#781);
#779 = CARTESIAN_POINT('',(0.,0.,0.));
#780 = DIRECTION('',(0.,0.,1.));
#781 = DIRECTION('',(1.,0.,0.));
#782 = AXIS2_PLACEMENT_3D('',#783,#784,#785);
#783 = CARTESIAN_POINT('',(0.,0.,0.));
#784 = DIRECTION('',(0.,0.,1.));
#785 = DIRECTION('',(1.,0.,0.));
#786 = AXIS2_PLACEMENT_3D('',#787,#788,#789);
#787 = CARTESIAN_POINT('',(0.,0.,0.));
#788 = DIRECTION('',(0.,0.,1.));
#789 = DIRECTION('',(1.,0.,0.));
#790 = AXIS2_PLACEMENT_3D('',#791,#792,#793);
#791 = CARTESIAN_POINT('',(0.,0.,0.));
#792 = DIRECTION('',(0.,0.,1.));
#793 = DIRECTION('',(1.,0.,0.));
#794 = AXIS2_PLACEMENT_3D('',#795,#796,#797);
#795 = CARTESIAN_POINT('',(0.,0.,0.));
#796 = DIRECTION('',(0.,0.,1.));
#797 = DIRECTION('',(1.,0.,0.));
#798 = AXIS2_PLACEMENT_3D('',#799,#800,#801);
#799 = CARTESIAN_POINT('',(0.,0.,0.));
#800 = DIRECTION('',(0.,0.,1.));
#801 = DIRECTION('',(1.,0.,0.));
#802 = AXIS2_PLACEMENT_3D('',#803,#804,#805);
#803 = CARTESIAN_POINT('',(0.,0.,0.));
#804 = DIRECTION('',(0.,0.,1.));
#805 = DIRECTION('',(1.,0.,0.));
#806 = AXIS2_PLACEMENT_3D('',#807,#808,#809);
#807 = CARTESIAN_POINT('',(0.,0.,0.));
#808 = DIRECTION('',(0.,0.,1.));
#809 = DIRECTION('',(1.,0.,0.));
#810 = AXIS2_PLACEMENT_3D('',#811,#812,#813);
#811 = CARTESIAN_POINT('',(0.,0.,0.));
#812 = DIRECTION('',(0.,0.,1.));
#813 = DIRECTION('',(1.,0.,0.));
#814 = AXIS2_PLACEMENT_3D('',#815,#816,#817);
#815 = CARTESIAN_POINT('',(0.,0.,0.));
#816 = DIRECTION('',(0.,0.,1.));
#817 = DIRECTION('',(1.,0.,0.));
#818 = AXIS2_PLACEMENT_3D('',#819,#820,#821);
#819 = CARTESIAN_POINT('',(0.,0.,0.));
#820 = DIRECTION('',(0.,0.,1.));
#821 = DIRECTION('',(1.,0.,0.));
#822 = AXIS2_PLACEMENT_3D('',#823,#824,#825);
#823 = CARTESIAN_POINT('',(0.,0.,0.));
#824 = DIRECTION('',(0.,0.,1.));
#825 = DIRECTION('',(1.,0.,0.));
#826 = AXIS2_PLACEMENT_3D('',#827,#828,#829);
#827 = CARTESIAN_POINT('',(0.,0.,0.));
#828 = DIRECTION('',(0.,0.,1.));
#829 = DIRECTION('',(1.,0.,0.));
#830 = AXIS2_PLACEMENT_3D('',#831,#832,#833);
#831 = CARTESIAN_POINT('',(0.,0.,0.));
#832 = DIRECTION('',(0.,0.,1.));
#833 = DIRECTION('',(1.,0.,0.));
#834 = AXIS2_PLACEMENT_3D('',#835,#836,#837);
#835 = CARTESIAN_POINT('',(0.,0.,0.));
#836 = DIRECTION('',(0.,0.,1.));
#837 = DIRECTION('',(1.,0.,0.));
#838 = AXIS2_PLACEMENT_3D('',#839,#840,#841);
#839 = CARTESIAN_POINT('',(0.,0.,0.));
#840 = DIRECTION('',(0.,0.,1.));
#841 = DIRECTION('',(1.,0.,0.));
#842 = AXIS2_PLACEMENT_3D('',#843,#844,#845);
#843 = CARTESIAN_POINT('',(0.,0.,0.));
#844 = DIRECTION('',(0.,0.,1.));
#845 = DIRECTION('',(1.,0.,0.));
#846 = AXIS2_PLACEMENT_3D('',#847,#848,#849);
#847 = CARTESIAN_POINT('',(0.,0.,0.));
#848 = DIRECTION('',(0.,0.,1.));
#849 = DIRECTION('',(1.,0.,0.));
#850 = AXIS2_PLACEMENT_3D('',#851,#852,#853);
#851 = CARTESIAN_POINT('',(0.,0.,0.));
#852 = DIRECTION('',(0.,0.,1.));
#853 = DIRECTION('',(1.,0.,0.));
#854 = AXIS2_PLACEMENT_3D('',#855,#856,#857);
#855 = CARTESIAN_POINT('',(0.,0.,0.));
#856 = DIRECTION('',(0.,0.,1.));
#857 = DIRECTION('',(1.,0.,0.));
#858 = AXIS2_PLACEMENT_3D('',#859,#860,#861);
#859 = CARTESIAN_POINT('',(0.,0.,0.));
#860 = DIRECTION('',(0.,0.,1.));
#861 = DIRECTION('',(1.,0.,0.));
#862 = AXIS2_PLACEMENT_3D('',#863,#864,#865);
#863 = CARTESIAN_POINT('',(0.,0.,0.));
#864 = DIRECTION('',(0.,0.,1.));
#865 = DIRECTION('',(1.,0.,0.));
#866 = AXIS2_PLACEMENT_3D('',#867,#868,#869);
#867 = CARTESIAN_POINT('',(0.,0.,0.));
#868 = DIRECTION('',(0.,0.,1.));
#869 = DIRECTION('',(1.,0.,0.));
#870 = AXIS2_PLACEMENT_3D('',#871,#872,#873);
#871 = CARTESIAN_POINT('',(0.,0.,0.));
#872 = DIRECTION('',(0.,0.,1.));
#873 = DIRECTION('',(1.,0.,0.));
#874 = AXIS2_PLACEMENT_3D('',#875,#876,#877);
#875 = CARTESIAN_POINT('',(0.,0.,0.));
#876 = DIRECTION('',(0.,0.,1.));
#877 = DIRECTION('',(1.,0.,0.));
#878 = AXIS2_PLACEMENT_3D('',#879,#880,#881);
#879 = CARTESIAN_POINT('',(0.,0.,0.));
#880 = DIRECTION('',(0.,0.,1.));
#881 = DIRECTION('',(1.,0.,0.));
#882 = AXIS2_PLACEMENT_3D('',#883,#884,#885);
#883 = CARTESIAN_POINT('',(0.,0.,0.));
#884 = DIRECTION('',(0.,0.,1.));
#885 = DIRECTION('',(1.,0.,0.));
#886 = AXIS2_PLACEMENT_3D('',#887,#888,#889);
#887 = CARTESIAN_POINT('',(0.,0.,0.));
#888 = DIRECTION('',(0.,0.,1.));
#889 = DIRECTION('',(1.,0.,0.));
#890 = AXIS2_PLACEMENT_3D('',#891,#892,#893);
#891 = CARTESIAN_POINT('',(0.,0.,0.));
#892 = DIRECTION('',(0.,0.,1.));
#893 = DIRECTION('',(1.,0.,0.));
#894 = AXIS2_PLACEMENT_3D('',#895,#896,#897);
#895 = CARTESIAN_POINT('',(0.,0.,0.));
#896 = DIRECTION('',(0.,0.,1.));
#897 = DIRECTION('',(1.,0.,0.));
#898 = AXIS2_PLACEMENT_3D('',#899,#900,#901);
#899 = CARTESIAN_POINT('',(0.,0.,0.));
#900 = DIRECTION('',(0.,0.,1.));
#901 = DIRECTION('',(1.,0.,0.));
#902 = AXIS2_PLACEMENT_3D('',#903,#904,#905);
#903 = CARTESIAN_POINT('',(0.,0.,0.));
#904 = DIRECTION('',(0.,0.,1.));
#905 = DIRECTION('',(1.,0.,0.));
#906 = AXIS2_PLACEMENT_3D('',#907,#908,#909);
#907 = CARTESIAN_POINT('',(0.,0.,0.));
#908 = DIRECTION('',(0.,0.,1.));
#909 = DIRECTION('',(1.,0.,0.));
#910 = ( GEOMETRIC_REPRESENTATION_CONTEXT(3) 
GLOBAL_UNCERTAINTY_ASSIGNED_CONTEXT((#914)) GLOBAL_UNIT_ASSIGNED_CONTEXT
((#911,#912,#913)) REPRESENTATION_CONTEXT('Context #1',
  '3D Context with UNIT and UNCERTAINTY') );
#911 = ( LENGTH_UNIT() NAMED_UNIT(*) SI_UNIT(.MILLI.,.METRE.) );
#912 = ( NAMED_UNIT(*) PLANE_ANGLE_UNIT() SI_UNIT($,.RADIAN.) );
#913 = ( NAMED_UNIT(*) SI_UNIT($,.STERADIAN.) SOLID_ANGLE_UNIT() );
#914 = UNCERTAINTY_MEASURE_WITH_UNIT(LENGTH_MEASURE(1.E-07),#911,
  'distance_accuracy_value','confusion accuracy');
#915 = CONTEXT_DEPENDENT_SHAPE_REPRESENTATION(#916,#918);
#916 = ( REPRESENTATION_RELATIONSHIP('','',#709,#10) 
REPRESENTATION_RELATIONSHIP_WITH_TRANSFORMATION(#917) 
SHAPE_REPRESENTATION_RELATIONSHIP() );
#917 = ITEM_DEFINED_TRANSFORMATION('','',#11,#19);
#918 = PRODUCT_DEFINITION_SHAPE('Placement','Placement of an item',#919
  );
#919 = NEXT_ASSEMBLY_USAGE_OCCURRENCE('59','','',#5,#704,$);
#920 = PRODUCT_RELATED_PRODUCT_CATEGORY('part',$,(#706));
#921 = SHAPE_DEFINITION_REPRESENTATION(#922,#928);
#922 = PRODUCT_DEFINITION_SHAPE('','',#923);
#923 = PRODUCT_DEFINITION('design','',#924,#927);
#924 = PRODUCT_DEFINITION_FORMATION('','',#925);
#925 = PRODUCT('Open CASCADE STEP translator 7.9 2.2.1',
  'Open CASCADE STEP translator 7.9 2.2.1','',(#926));
#926 = PRODUCT_CONTEXT('',#2,'mechanical');
#927 = PRODUCT_DEFINITION_CONTEXT('part definition',#2,'design');
#928 = ADVANCED_BREP_SHAPE_REPRESENTATION('',(#11,#929),#1259);
#929 = MANIFOLD_SOLID_BREP('',#930);
#930 = CLOSED_SHELL('',(#931,#1051,#1151,#1198,#1245,#1252));
#931 = ADVANCED_FACE('',(#932),#946,.F.);
#932 = FACE_BOUND('',#933,.F.);
#933 = EDGE_LOOP('',(#934,#969,#997,#1025));
#934 = ORIENTED_EDGE('',*,*,#935,.F.);
#935 = EDGE_CURVE('',#936,#938,#940,.T.);
#936 = VERTEX_POINT('',#937);
#937 = CARTESIAN_POINT('',(85.,-10.,5.));
#938 = VERTEX_POINT('',#939);
#939 = CARTESIAN_POINT('',(85.,-10.,5.4));
#940 = SURFACE_CURVE('',#941,(#945,#957),.PCURVE_S1.);
#941 = LINE('',#942,#943);
#942 = CARTESIAN_POINT('',(85.,-10.,5.));
#943 = VECTOR('',#944,1.);
#944 = DIRECTION('',(0.,0.,1.));
#945 = PCURVE('',#946,#951);
#946 = PLANE('',#947);
#947 = AXIS2_PLACEMENT_3D('',#948,#949,#950);
#948 = CARTESIAN_POINT('',(85.,-10.,5.));
#949 = DIRECTION('',(1.,0.,0.));
#950 = DIRECTION('',(0.,0.,1.));
#951 = DEFINITIONAL_REPRESENTATION('',(#952),#956);
#952 = LINE('',#953,#954);
#953 = CARTESIAN_POINT('',(0.,0.));
#954 = VECTOR('',#955,1.);
#955 = DIRECTION('',(1.,0.));
#956 = ( GEOMETRIC_REPRESENTATION_CONTEXT(2) 
PARAMETRIC_REPRESENTATION_CONTEXT() REPRESENTATION_CONTEXT('2D SPACE',''
  ) );
#957 = PCURVE('',#958,#963);
#958 = PLANE('',#959);
#959 = AXIS2_PLACEMENT_3D('',#960,#961,#962);
#960 = CARTESIAN_POINT('',(85.,-10.,5.));
#961 = DIRECTION('',(0.,1.,0.));
#962 = DIRECTION('',(0.,0.,1.));
#963 = DEFINITIONAL_REPRESENTATION('',(#964),#968);
#964 = LINE('',#965,#966);
#965 = CARTESIAN_POINT('',(0.,0.));
#966 = VECTOR('',#967,1.);
#967 = DIRECTION('',(1.,0.));
#968 = ( GEOMETRIC_REPRESENTATION_CONTEXT(2) 
PARAMETRIC_REPRESENTATION_CONTEXT() REPRESENTATION_CONTEXT('2D SPACE',''
  ) );
#969 = ORIENTED_EDGE('',*,*,#970,.T.);
#970 = EDGE_CURVE('',#936,#971,#973,.T.);
#971 = VERTEX_POINT('',#972);
#972 = CARTESIAN_POINT('',(85.,10.,5.));
#973 = SURFACE_CURVE('',#974,(#978,#985),.PCURVE_S1.);
#974 = LINE('',#975,#976);
#975 = CARTESIAN_POINT('',(85.,-10.,5.));
#976 = VECTOR('',#977,1.);
#977 = DIRECTION('',(0.,1.,0.));
#978 = PCURVE('',#946,#979);
#979 = DEFINITIONAL_REPRESENTATION('',(#980),#984);
#980 = LINE('',#981,#982);
#981 = CARTESIAN_POINT('',(0.,0.));
#982 = VECTOR('',#983,1.);
#983 = DIRECTION('',(0.,-1.));
#984 = ( GEOMETRIC_REPRESENTATION_CONTEXT(2) 
PARAMETRIC_REPRESENTATION_CONTEXT() REPRESENTATION_CONTEXT('2D SPACE',''
  ) );
#985 = PCURVE('',#986,#991);
#986 = PLANE('',#987);
#987 = AXIS2_PLACEMENT_3D('',#988,#989,#990);
#988 = CARTESIAN_POINT('',(85.,-10.,5.));
#989 = DIRECTION('',(0.,0.,1.));
#990 = DIRECTION('',(1.,0.,0.));
#991 = DEFINITIONAL_REPRESENTATION('',(#992),#996);
#992 = LINE('',#993,#994);
#993 = CARTESIAN_POINT('',(0.,0.));
#994 = VECTOR('',#995,1.);
#995 = DIRECTION('',(0.,1.));
#996 = ( GEOMETRIC_REPRESENTATION_CONTEXT(2) 
PARAMETRIC_REPRESENTATION_CONTEXT() REPRESENTATION_CONTEXT('2D SPACE',''
  ) );
#997 = ORIENTED_EDGE('',*,*,#998,.T.);
#998 = EDGE_CURVE('',#971,#999,#1001,.T.);
#999 = VERTEX_POINT('',#1000);
#1000 = CARTESIAN_POINT('',(85.,10.,5.4));
#1001 = SURFACE_CURVE('',#1002,(#1006,#1013),.PCURVE_S1.);
#1002 = LINE('',#1003,#1004);
#1003 = CARTESIAN_POINT('',(85.,10.,5.));
#1004 = VECTOR('',#1005,1.);
#1005 = DIRECTION('',(0.,0.,1.));
#1006 = PCURVE('',#946,#1007);
#1007 = DEFINITIONAL_REPRESENTATION('',(#1008),#1012);
#1008 = LINE('',#1009,#1010);
#1009 = CARTESIAN_POINT('',(0.,-20.));
#1010 = VECTOR('',#1011,1.);
#1011 = DIRECTION('',(1.,0.));
#1012 = ( GEOMETRIC_REPRESENTATION_CONTEXT(2) 
PARAMETRIC_REPRESENTATION_CONTEXT() REPRESENTATION_CONTEXT('2D SPACE',''
  ) );
#1013 = PCURVE('',#1014,#1019);
#1014 = PLANE('',#1015);
#1015 = AXIS2_PLACEMENT_3D('',#1016,#1017,#1018);
#1016 = CARTESIAN_POINT('',(85.,10.,5.));
#1017 = DIRECTION('',(0.,1.,0.));
#1018 = DIRECTION('',(0.,0.,1.));
#1019 = DEFINITIONAL_REPRESENTATION('',(#1020),#1024);
#1020 = LINE('',#1021,#1022);
#1021 = CARTESIAN_POINT('',(0.,0.));
#1022 = VECTOR('',#1023,1.);
#1023 = DIRECTION('',(1.,0.));
#1024 = ( GEOMETRIC_REPRESENTATION_CONTEXT(2) 
PARAMETRIC_REPRESENTATION_CONTEXT() REPRESENTATION_CONTEXT('2D SPACE',''
  ) );
#1025 = ORIENTED_EDGE('',*,*,#1026,.F.);
#1026 = EDGE_CURVE('',#938,#999,#1027,.T.);
#1027 = SURFACE_CURVE('',#1028,(#1032,#1039),.PCURVE_S1.);
#1028 = LINE('',#1029,#1030);
#1029 = CARTESIAN_POINT('',(85.,-10.,5.4));
#1030 = VECTOR('',#1031,1.);
#1031 = DIRECTION('',(0.,1.,0.));
#1032 = PCURVE('',#946,#1033);
#1033 = DEFINITIONAL_REPRESENTATION('',(#1034),#1038);
#1034 = LINE('',#1035,#1036);
#1035 = CARTESIAN_POINT('',(0.4,0.));
#1036 = VECTOR('',#1037,1.);
#1037 = DIRECTION('',(0.,-1.));
#1038 = ( GEOMETRIC_REPRESENTATION_CONTEXT(2) 
PARAMETRIC_REPRESENTATION_CONTEXT() REPRESENTATION_CONTEXT('2D SPACE',''
  ) );
#1039 = PCURVE('',#1040,#1045);
#1040 = PLANE('',#1041);
#1041 = AXIS2_PLACEMENT_3D('',#1042,#1043,#1044);
#1042 = CARTESIAN_POINT('',(85.,-10.,5.4));
#1043 = DIRECTION('',(0.,0.,1.));
#1044 = DIRECTION('',(1.,0.,0.));
#1045 = DEFINITIONAL_REPRESENTATION('',(#1046),#1050);
#1046 = LINE('',#1047,#1048);
#1047 = CARTESIAN_POINT('',(0.,0.));
#1048 = VECTOR('',#1049,1.);
#1049 = DIRECTION('',(0.,1.));
#1050 = ( GEOMETRIC_REPRESENTATION_CONTEXT(2) 
PARAMETRIC_REPRESENTATION_CONTEXT() REPRESENTATION_CONTEXT('2D SPACE',''
  ) );
#1051 = ADVANCED_FACE('',(#1052),#1066,.T.);
#1052 = FACE_BOUND('',#1053,.T.);
#1053 = EDGE_LOOP('',(#1054,#1084,#1107,#1130));
#1054 = ORIENTED_EDGE('',*,*,#1055,.F.);
#1055 = EDGE_CURVE('',#1056,#1058,#1060,.T.);
#1056 = VERTEX_POINT('',#1057);
#1057 = CARTESIAN_POINT('',(245.,-10.,5.));
#1058 = VERTEX_POINT('',#1059);
#1059 = CARTESIAN_POINT('',(245.,-10.,5.4));
#1060 = SURFACE_CURVE('',#1061,(#1065,#1077),.PCURVE_S1.);
#1061 = LINE('',#1062,#1063);
#1062 = CARTESIAN_POINT('',(245.,-10.,5.));
#1063 = VECTOR('',#1064,1.);
#1064 = DIRECTION('',(0.,0.,1.));
#1065 = PCURVE('',#1066,#1071);
#1066 = PLANE('',#1067);
#1067 = AXIS2_PLACEMENT_3D('',#1068,#1069,#1070);
#1068 = CARTESIAN_POINT('',(245.,-10.,5.));
#1069 = DIRECTION('',(1.,0.,0.));
#1070 = DIRECTION('',(0.,0.,1.));
#1071 = DEFINITIONAL_REPRESENTATION('',(#1072),#1076);
#1072 = LINE('',#1073,#1074);
#1073 = CARTESIAN_POINT('',(0.,0.));
#1074 = VECTOR('',#1075,1.);
#1075 = DIRECTION('',(1.,0.));
#1076 = ( GEOMETRIC_REPRESENTATION_CONTEXT(2) 
PARAMETRIC_REPRESENTATION_CONTEXT() REPRESENTATION_CONTEXT('2D SPACE',''
  ) );
#1077 = PCURVE('',#958,#1078);
#1078 = DEFINITIONAL_REPRESENTATION('',(#1079),#1083);
#1079 = LINE('',#1080,#1081);
#1080 = CARTESIAN_POINT('',(0.,160.));
#1081 = VECTOR('',#1082,1.);
#1082 = DIRECTION('',(1.,0.));
#1083 = ( GEOMETRIC_REPRESENTATION_CONTEXT(2) 
PARAMETRIC_REPRESENTATION_CONTEXT() REPRESENTATION_CONTEXT('2D SPACE',''
  ) );
#1084 = ORIENTED_EDGE('',*,*,#1085,.T.);
#1085 = EDGE_CURVE('',#1056,#1086,#1088,.T.);
#1086 = VERTEX_POINT('',#1087);
#1087 = CARTESIAN_POINT('',(245.,10.,5.));
#1088 = SURFACE_CURVE('',#1089,(#1093,#1100),.PCURVE_S1.);
#1089 = LINE('',#1090,#1091);
#1090 = CARTESIAN_POINT('',(245.,-10.,5.));
#1091 = VECTOR('',#1092,1.);
#1092 = DIRECTION('',(0.,1.,0.));
#1093 = PCURVE('',#1066,#1094);
#1094 = DEFINITIONAL_REPRESENTATION('',(#1095),#1099);
#1095 = LINE('',#1096,#1097);
#1096 = CARTESIAN_POINT('',(0.,0.));
#1097 = VECTOR('',#1098,1.);
#1098 = DIRECTION('',(0.,-1.));
#1099 = ( GEOMETRIC_REPRESENTATION_CONTEXT(2) 
PARAMETRIC_REPRESENTATION_CONTEXT() REPRESENTATION_CONTEXT('2D SPACE',''
  ) );
#1100 = PCURVE('',#986,#1101);
#1101 = DEFINITIONAL_REPRESENTATION('',(#1102),#1106);
#1102 = LINE('',#1103,#1104);
#1103 = CARTESIAN_POINT('',(160.,0.));
#1104 = VECTOR('',#1105,1.);
#1105 = DIRECTION('',(0.,1.));
#1106 = ( GEOMETRIC_REPRESENTATION_CONTEXT(2) 
PARAMETRIC_REPRESENTATION_CONTEXT() REPRESENTATION_CONTEXT('2D SPACE',''
  ) );
#1107 = ORIENTED_EDGE('',*,*,#1108,.T.);
#1108 = EDGE_CURVE('',#1086,#1109,#1111,.T.);
#1109 = VERTEX_POINT('',#1110);
#1110 = CARTESIAN_POINT('',(245.,10.,5.4));
#1111 = SURFACE_CURVE('',#1112,(#1116,#1123),.PCURVE_S1.);
#1112 = LINE('',#1113,#1114);
#1113 = CARTESIAN_POINT('',(245.,10.,5.));
#1114 = VECTOR('',#1115,1.);
#1115 = DIRECTION('',(0.,0.,1.));
#1116 = PCURVE('',#1066,#1117);
#1117 = DEFINITIONAL_REPRESENTATION('',(#1118),#1122);
#1118 = LINE('',#1119,#1120);
#1119 = CARTESIAN_POINT('',(0.,-20.));
#1120 = VECTOR('',#1121,1.);
#1121 = DIRECTION('',(1.,0.));
#1122 = ( GEOMETRIC_REPRESENTATION_CONTEXT(2) 
PARAMETRIC_REPRESENTATION_CONTEXT() REPRESENTATION_CONTEXT('2D SPACE',''
  ) );
#1123 = PCURVE('',#1014,#1124);
#1124 = DEFINITIONAL_REPRESENTATION('',(#1125),#1129);
#1125 = LINE('',#1126,#1127);
#1126 = CARTESIAN_POINT('',(0.,160.));
#1127 = VECTOR('',#1128,1.);
#1128 = DIRECTION('',(1.,0.));
#1129 = ( GEOMETRIC_REPRESENTATION_CONTEXT(2) 
PARAMETRIC_REPRESENTATION_CONTEXT() REPRESENTATION_CONTEXT('2D SPACE',''
  ) );
#1130 = ORIENTED_EDGE('',*,*,#1131,.F.);
#1131 = EDGE_CURVE('',#1058,#1109,#1132,.T.);
#1132 = SURFACE_CURVE('',#1133,(#1137,#1144),.PCURVE_S1.);
#1133 = LINE('',#1134,#1135);
#1134 = CARTESIAN_POINT('',(245.,-10.,5.4));
#1135 = VECTOR('',#1136,1.);
#1136 = DIRECTION('',(0.,1.,0.));
#1137 = PCURVE('',#1066,#1138);
#1138 = DEFINITIONAL_REPRESENTATION('',(#1139),#1143);
#1139 = LINE('',#1140,#1141);
#1140 = CARTESIAN_POINT('',(0.4,0.));
#1141 = VECTOR('',#1142,1.);
#1142 = DIRECTION('',(0.,-1.));
#1143 = ( GEOMETRIC_REPRESENTATION_CONTEXT(2) 
PARAMETRIC_REPRESENTATION_CONTEXT() REPRESENTATION_CONTEXT('2D SPACE',''
  ) );
#1144 = PCURVE('',#1040,#1145);
#1145 = DEFINITIONAL_REPRESENTATION('',(#1146),#1150);
#1146 = LINE('',#1147,#1148);
#1147 = CARTESIAN_POINT('',(160.,0.));
#1148 = VECTOR('',#1149,1.);
#1149 = DIRECTION('',(0.,1.));
#1150 = ( GEOMETRIC_REPRESENTATION_CONTEXT(2) 
PARAMETRIC_REPRESENTATION_CONTEXT() REPRESENTATION_CONTEXT('2D SPACE',''
  ) );
#1151 = ADVANCED_FACE('',(#1152),#958,.F.);
#1152 = FACE_BOUND('',#1153,.F.);
#1153 = EDGE_LOOP('',(#1154,#1175,#1176,#1197));
#1154 = ORIENTED_EDGE('',*,*,#1155,.F.);
#1155 = EDGE_CURVE('',#936,#1056,#1156,.T.);
#1156 = SURFACE_CURVE('',#1157,(#1161,#1168),.PCURVE_S1.);
#1157 = LINE('',#1158,#1159);
#1158 = CARTESIAN_POINT('',(85.,-10.,5.));
#1159 = VECTOR('',#1160,1.);
#1160 = DIRECTION('',(1.,0.,0.));
#1161 = PCURVE('',#958,#1162);
#1162 = DEFINITIONAL_REPRESENTATION('',(#1163),#1167);
#1163 = LINE('',#1164,#1165);
#1164 = CARTESIAN_POINT('',(0.,0.));
#1165 = VECTOR('',#1166,1.);
#1166 = DIRECTION('',(0.,1.));
#1167 = ( GEOMETRIC_REPRESENTATION_CONTEXT(2) 
PARAMETRIC_REPRESENTATION_CONTEXT() REPRESENTATION_CONTEXT('2D SPACE',''
  ) );
#1168 = PCURVE('',#986,#1169);
#1169 = DEFINITIONAL_REPRESENTATION('',(#1170),#1174);
#1170 = LINE('',#1171,#1172);
#1171 = CARTESIAN_POINT('',(0.,0.));
#1172 = VECTOR('',#1173,1.);
#1173 = DIRECTION('',(1.,0.));
#1174 = ( GEOMETRIC_REPRESENTATION_CONTEXT(2) 
PARAMETRIC_REPRESENTATION_CONTEXT() REPRESENTATION_CONTEXT('2D SPACE',''
  ) );
#1175 = ORIENTED_EDGE('',*,*,#935,.T.);
#1176 = ORIENTED_EDGE('',*,*,#1177,.T.);
#1177 = EDGE_CURVE('',#938,#1058,#1178,.T.);
#1178 = SURFACE_CURVE('',#1179,(#1183,#1190),.PCURVE_S1.);
#1179 = LINE('',#1180,#1181);
#1180 = CARTESIAN_POINT('',(85.,-10.,5.4));
#1181 = VECTOR('',#1182,1.);
#1182 = DIRECTION('',(1.,0.,0.));
#1183 = PCURVE('',#958,#1184);
#1184 = DEFINITIONAL_REPRESENTATION('',(#1185),#1189);
#1185 = LINE('',#1186,#1187);
#1186 = CARTESIAN_POINT('',(0.4,0.));
#1187 = VECTOR('',#1188,1.);
#1188 = DIRECTION('',(0.,1.));
#1189 = ( GEOMETRIC_REPRESENTATION_CONTEXT(2) 
PARAMETRIC_REPRESENTATION_CONTEXT() REPRESENTATION_CONTEXT('2D SPACE',''
  ) );
#1190 = PCURVE('',#1040,#1191);
#1191 = DEFINITIONAL_REPRESENTATION('',(#1192),#1196);
#1192 = LINE('',#1193,#1194);
#1193 = CARTESIAN_POINT('',(0.,0.));
#1194 = VECTOR('',#1195,1.);
#1195 = DIRECTION('',(1.,0.));
#1196 = ( GEOMETRIC_REPRESENTATION_CONTEXT(2) 
PARAMETRIC_REPRESENTATION_CONTEXT() REPRESENTATION_CONTEXT('2D SPACE',''
  ) );
#1197 = ORIENTED_EDGE('',*,*,#1055,.F.);
#1198 = ADVANCED_FACE('',(#1199),#1014,.T.);
#1199 = FACE_BOUND('',#1200,.T.);
#1200 = EDGE_LOOP('',(#1201,#1222,#1223,#1244));
#1201 = ORIENTED_EDGE('',*,*,#1202,.F.);
#1202 = EDGE_CURVE('',#971,#1086,#1203,.T.);
#1203 = SURFACE_CURVE('',#1204,(#1208,#1215),.PCURVE_S1.);
#1204 = LINE('',#1205,#1206);
#1205 = CARTESIAN_POINT('',(85.,10.,5.));
#1206 = VECTOR('',#1207,1.);
#1207 = DIRECTION('',(1.,0.,0.));
#1208 = PCURVE('',#1014,#1209);
#1209 = DEFINITIONAL_REPRESENTATION('',(#1210),#1214);
#1210 = LINE('',#1211,#1212);
#1211 = CARTESIAN_POINT('',(0.,0.));
#1212 = VECTOR('',#1213,1.);
#1213 = DIRECTION('',(0.,1.));
#1214 = ( GEOMETRIC_REPRESENTATION_CONTEXT(2) 
PARAMETRIC_REPRESENTATION_CONTEXT() REPRESENTATION_CONTEXT('2D SPACE',''
  ) );
#1215 = PCURVE('',#986,#1216);
#1216 = DEFINITIONAL_REPRESENTATION('',(#1217),#1221);
#1217 = LINE('',#1218,#1219);
#1218 = CARTESIAN_POINT('',(0.,20.));
#1219 = VECTOR('',#1220,1.);
#1220 = DIRECTION('',(1.,0.));
#1221 = ( GEOMETRIC_REPRESENTATION_CONTEXT(2) 
PARAMETRIC_REPRESENTATION_CONTEXT() REPRESENTATION_CONTEXT('2D SPACE',''
  ) );
#1222 = ORIENTED_EDGE('',*,*,#998,.T.);
#1223 = ORIENTED_EDGE('',*,*,#1224,.T.);
#1224 = EDGE_CURVE('',#999,#1109,#1225,.T.);
#1225 = SURFACE_CURVE('',#1226,(#1230,#1237),.PCURVE_S1.);
#1226 = LINE('',#1227,#1228);
#1227 = CARTESIAN_POINT('',(85.,10.,5.4));
#1228 = VECTOR('',#1229,1.);
#1229 = DIRECTION('',(1.,0.,0.));
#1230 = PCURVE('',#1014,#1231);
#1231 = DEFINITIONAL_REPRESENTATION('',(#1232),#1236);
#1232 = LINE('',#1233,#1234);
#1233 = CARTESIAN_POINT('',(0.4,0.));
#1234 = VECTOR('',#1235,1.);
#1235 = DIRECTION('',(0.,1.));
#1236 = ( GEOMETRIC_REPRESENTATION_CONTEXT(2) 
PARAMETRIC_REPRESENTATION_CONTEXT() REPRESENTATION_CONTEXT('2D SPACE',''
  ) );
#1237 = PCURVE('',#1040,#1238);
#1238 = DEFINITIONAL_REPRESENTATION('',(#1239),#1243);
#1239 = LINE('',#1240,#1241);
#1240 = CARTESIAN_POINT('',(0.,20.));
#1241 = VECTOR('',#1242,1.);
#1242 = DIRECTION('',(1.,0.));
#1243 = ( GEOMETRIC_REPRESENTATION_CONTEXT(2) 
PARAMETRIC_REPRESENTATION_CONTEXT() REPRESENTATION_CONTEXT('2D SPACE',''
  ) );
#1244 = ORIENTED_EDGE('',*,*,#1108,.F.);
#1245 = ADVANCED_FACE('',(#1246),#986,.F.);
#1246 = FACE_BOUND('',#1247,.F.);
#1247 = EDGE_LOOP('',(#1248,#1249,#1250,#1251));
#1248 = ORIENTED_EDGE('',*,*,#970,.F.);
#1249 = ORIENTED_EDGE('',*,*,#1155,.T.);
#1250 = ORIENTED_EDGE('',*,*,#1085,.T.);
#1251 = ORIENTED_EDGE('',*,*,#1202,.F.);
#1252 = ADVANCED_FACE('',(#1253),#1040,.T.);
#1253 = FACE_BOUND('',#1254,.T.);
#1254 = EDGE_LOOP('',(#1255,#1256,#1257,#1258));
#1255 = ORIENTED_EDGE('',*,*,#1026,.F.);
#1256 = ORIENTED_EDGE('',*,*,#1177,.T.);
#1257 = ORIENTED_EDGE('',*,*,#1131,.T.);
#1258 = ORIENTED_EDGE('',*,*,#1224,.F.);
#1259 = ( GEOMETRIC_REPRESENTATION_CONTEXT(3) 
GLOBAL_UNCERTAINTY_ASSIGNED_CONTEXT((#1263)) 
GLOBAL_UNIT_ASSIGNED_CONTEXT((#1260,#1261,#1262)) REPRESENTATION_CONTEXT
('Context #1','3D Context with UNIT and UNCERTAINTY') );
#1260 = ( LENGTH_UNIT() NAMED_UNIT(*) SI_UNIT(.MILLI.,.METRE.) );
#1261 = ( NAMED_UNIT(*) PLANE_ANGLE_UNIT() SI_UNIT($,.RADIAN.) );
#1262 = ( NAMED_UNIT(*) SI_UNIT($,.STERADIAN.) SOLID_ANGLE_UNIT() );
#1263 = UNCERTAINTY_MEASURE_WITH_UNIT(LENGTH_MEASURE(1.E-07),#1260,
  'distance_accuracy_value','confusion accuracy');
#1264 = CONTEXT_DEPENDENT_SHAPE_REPRESENTATION(#1265,#1267);
#1265 = ( REPRESENTATION_RELATIONSHIP('','',#928,#709) 
REPRESENTATION_RELATIONSHIP_WITH_TRANSFORMATION(#1266) 
SHAPE_REPRESENTATION_RELATIONSHIP() );
#1266 = ITEM_DEFINED_TRANSFORMATION('','',#11,#710);
#1267 = PRODUCT_DEFINITION_SHAPE('Placement','Placement of an item',
  #1268);
#1268 = NEXT_ASSEMBLY_USAGE_OCCURRENCE('9','','',#704,#923,$);
#1269 = PRODUCT_RELATED_PRODUCT_CATEGORY('part',$,(#925));
#1270 = SHAPE_DEFINITION_REPRESENTATION(#1271,#1277);
#1271 = PRODUCT_DEFINITION_SHAPE('','',#1272);
#1272 = PRODUCT_DEFINITION('design','',#1273,#1276);
#1273 = PRODUCT_DEFINITION_FORMATION('','',#1274);
#1274 = PRODUCT('Open CASCADE STEP translator 7.9 2.2.2',
  'Open CASCADE STEP translator 7.9 2.2.2','',(#1275));
#1275 = PRODUCT_CONTEXT('',#2,'mechanical');
#1276 = PRODUCT_DEFINITION_CONTEXT('part definition',#2,'design');
#1277 = ADVANCED_BREP_SHAPE_REPRESENTATION('',(#11,#1278),#1608);
#1278 = MANIFOLD_SOLID_BREP('',#1279);
#1279 = CLOSED_SHELL('',(#1280,#1400,#1500,#1547,#1594,#1601));
#1280 = ADVANCED_FACE('',(#1281),#1295,.F.);
#1281 = FACE_BOUND('',#1282,.F.);
#1282 = EDGE_LOOP('',(#1283,#1318,#1346,#1374));
#1283 = ORIENTED_EDGE('',*,*,#1284,.F.);
#1284 = EDGE_CURVE('',#1285,#1287,#1289,.T.);
#1285 = VERTEX_POINT('',#1286);
#1286 = CARTESIAN_POINT('',(85.583081947374,0.732177839821,5.));
#1287 = VERTEX_POINT('',#1288);
#1288 = CARTESIAN_POINT('',(85.583081947374,0.732177839821,5.4));
#1289 = SURFACE_CURVE('',#1290,(#1294,#1306),.PCURVE_S1.);
#1290 = LINE('',#1291,#1292);
#1291 = CARTESIAN_POINT('',(85.583081947374,0.732177839821,5.));
#1292 = VECTOR('',#1293,1.);
#1293 = DIRECTION('',(0.,0.,1.));
#1294 = PCURVE('',#1295,#1300);
#1295 = PLANE('',#1296);
#1296 = AXIS2_PLACEMENT_3D('',#1297,#1298,#1299);
#1297 = CARTESIAN_POINT('',(85.583081947374,0.732177839821,5.));
#1298 = DIRECTION('',(0.992114701314,0.125333233564,0.));
#1299 = DIRECTION('',(0.,0.,1.));
#1300 = DEFINITIONAL_REPRESENTATION('',(#1301),#1305);
#1301 = LINE('',#1302,#1303);
#1302 = CARTESIAN_POINT('',(0.,0.));
#1303 = VECTOR('',#1304,1.);
#1304 = DIRECTION('',(1.,0.));
#1305 = ( GEOMETRIC_REPRESENTATION_CONTEXT(2) 
PARAMETRIC_REPRESENTATION_CONTEXT() REPRESENTATION_CONTEXT('2D SPACE',''
  ) );
#1306 = PCURVE('',#1307,#1312);
#1307 = PLANE('',#1308);
#1308 = AXIS2_PLACEMENT_3D('',#1309,#1310,#1311);
#1309 = CARTESIAN_POINT('',(85.583081947374,0.732177839821,5.));
#1310 = DIRECTION('',(-0.125333233564,0.992114701314,0.));
#1311 = DIRECTION('',(0.,0.,1.));
#1312 = DEFINITIONAL_REPRESENTATION('',(#1313),#1317);
#1313 = LINE('',#1314,#1315);
#1314 = CARTESIAN_POINT('',(0.,0.));
#1315 = VECTOR('',#1316,1.);
#1316 = DIRECTION('',(1.,0.));
#1317 = ( GEOMETRIC_REPRESENTATION_CONTEXT(2) 
PARAMETRIC_REPRESENTATION_CONTEXT() REPRESENTATION_CONTEXT('2D SPACE',''
  ) );
#1318 = ORIENTED_EDGE('',*,*,#1319,.T.);
#1319 = EDGE_CURVE('',#1285,#1320,#1322,.T.);
#1320 = VERTEX_POINT('',#1321);
#1321 = CARTESIAN_POINT('',(83.076417276088,20.574471866111,5.));
#1322 = SURFACE_CURVE('',#1323,(#1327,#1334),.PCURVE_S1.);
#1323 = LINE('',#1324,#1325);
#1324 = CARTESIAN_POINT('',(85.583081947374,0.732177839821,5.));
#1325 = VECTOR('',#1326,1.);
#1326 = DIRECTION('',(-0.125333233564,0.992114701314,0.));
#1327 = PCURVE('',#1295,#1328);
#1328 = DEFINITIONAL_REPRESENTATION('',(#1329),#1333);
#1329 = LINE('',#1330,#1331);
#1330 = CARTESIAN_POINT('',(0.,0.));
#1331 = VECTOR('',#1332,1.);
#1332 = DIRECTION('',(0.,-1.));
#1333 = ( GEOMETRIC_REPRESENTATION_CONTEXT(2) 
PARAMETRIC_REPRESENTATION_CONTEXT() REPRESENTATION_CONTEXT('2D SPACE',''
  ) );
#1334 = PCURVE('',#1335,#1340);
#1335 = PLANE('',#1336);
#1336 = AXIS2_PLACEMENT_3D('',#1337,#1338,#1339);
#1337 = CARTESIAN_POINT('',(85.583081947374,0.732177839821,5.));
#1338 = DIRECTION('',(0.,0.,1.));
#1339 = DIRECTION('',(0.992114701314,0.125333233564,0.));
#1340 = DEFINITIONAL_REPRESENTATION('',(#1341),#1345);
#1341 = LINE('',#1342,#1343);
#1342 = CARTESIAN_POINT('',(0.,0.));
#1343 = VECTOR('',#1344,1.);
#1344 = DIRECTION('',(0.,1.));
#1345 = ( GEOMETRIC_REPRESENTATION_CONTEXT(2) 
PARAMETRIC_REPRESENTATION_CONTEXT() REPRESENTATION_CONTEXT('2D SPACE',''
  ) );
#1346 = ORIENTED_EDGE('',*,*,#1347,.T.);
#1347 = EDGE_CURVE('',#1320,#1348,#1350,.T.);
#1348 = VERTEX_POINT('',#1349);
#1349 = CARTESIAN_POINT('',(83.076417276088,20.574471866111,5.4));
#1350 = SURFACE_CURVE('',#1351,(#1355,#1362),.PCURVE_S1.);
#1351 = LINE('',#1352,#1353);
#1352 = CARTESIAN_POINT('',(83.076417276088,20.574471866111,5.));
#1353 = VECTOR('',#1354,1.);
#1354 = DIRECTION('',(0.,0.,1.));
#1355 = PCURVE('',#1295,#1356);
#1356 = DEFINITIONAL_REPRESENTATION('',(#1357),#1361);
#1357 = LINE('',#1358,#1359);
#1358 = CARTESIAN_POINT('',(0.,-20.));
#1359 = VECTOR('',#1360,1.);
#1360 = DIRECTION('',(1.,0.));
#1361 = ( GEOMETRIC_REPRESENTATION_CONTEXT(2) 
PARAMETRIC_REPRESENTATION_CONTEXT() REPRESENTATION_CONTEXT('2D SPACE',''
  ) );
#1362 = PCURVE('',#1363,#1368);
#1363 = PLANE('',#1364);
#1364 = AXIS2_PLACEMENT_3D('',#1365,#1366,#1367);
#1365 = CARTESIAN_POINT('',(83.076417276088,20.574471866111,5.));
#1366 = DIRECTION('',(-0.125333233564,0.992114701314,0.));
#1367 = DIRECTION('',(0.,0.,1.));
#1368 = DEFINITIONAL_REPRESENTATION('',(#1369),#1373);
#1369 = LINE('',#1370,#1371);
#1370 = CARTESIAN_POINT('',(0.,0.));
#1371 = VECTOR('',#1372,1.);
#1372 = DIRECTION('',(1.,0.));
#1373 = ( GEOMETRIC_REPRESENTATION_CONTEXT(2) 
PARAMETRIC_REPRESENTATION_CONTEXT() REPRESENTATION_CONTEXT('2D SPACE',''
  ) );
#1374 = ORIENTED_EDGE('',*,*,#1375,.F.);
#1375 = EDGE_CURVE('',#1287,#1348,#1376,.T.);
#1376 = SURFACE_CURVE('',#1377,(#1381,#1388),.PCURVE_S1.);
#1377 = LINE('',#1378,#1379);
#1378 = CARTESIAN_POINT('',(85.583081947374,0.732177839821,5.4));
#1379 = VECTOR('',#1380,1.);
#1380 = DIRECTION('',(-0.125333233564,0.992114701314,0.));
#1381 = PCURVE('',#1295,#1382);
#1382 = DEFINITIONAL_REPRESENTATION('',(#1383),#1387);
#1383 = LINE('',#1384,#1385);
#1384 = CARTESIAN_POINT('',(0.4,0.));
#1385 = VECTOR('',#1386,1.);
#1386 = DIRECTION('',(0.,-1.));
#1387 = ( GEOMETRIC_REPRESENTATION_CONTEXT(2) 
PARAMETRIC_REPRESENTATION_CONTEXT() REPRESENTATION_CONTEXT('2D SPACE',''
  ) );
#1388 = PCURVE('',#1389,#1394);
#1389 = PLANE('',#1390);
#1390 = AXIS2_PLACEMENT_3D('',#1391,#1392,#1393);
#1391 = CARTESIAN_POINT('',(85.583081947374,0.732177839821,5.4));
#1392 = DIRECTION('',(0.,0.,1.));
#1393 = DIRECTION('',(0.992114701314,0.125333233564,0.));
#1394 = DEFINITIONAL_REPRESENTATION('',(#1395),#1399);
#1395 = LINE('',#1396,#1397);
#1396 = CARTESIAN_POINT('',(0.,0.));
#1397 = VECTOR('',#1398,1.);
#1398 = DIRECTION('',(0.,1.));
#1399 = ( GEOMETRIC_REPRESENTATION_CONTEXT(2) 
PARAMETRIC_REPRESENTATION_CONTEXT() REPRESENTATION_CONTEXT('2D SPACE',''
  ) );
#1400 = ADVANCED_FACE('',(#1401),#1415,.T.);
#1401 = FACE_BOUND('',#1402,.T.);
#1402 = EDGE_LOOP('',(#1403,#1433,#1456,#1479));
#1403 = ORIENTED_EDGE('',*,*,#1404,.F.);
#1404 = EDGE_CURVE('',#1405,#1407,#1409,.T.);
#1405 = VERTEX_POINT('',#1406);
#1406 = CARTESIAN_POINT('',(244.32143415769,20.78549521011,5.));
#1407 = VERTEX_POINT('',#1408);
#1408 = CARTESIAN_POINT('',(244.32143415769,20.78549521011,5.4));
#1409 = SURFACE_CURVE('',#1410,(#1414,#1426),.PCURVE_S1.);
#1410 = LINE('',#1411,#1412);
#1411 = CARTESIAN_POINT('',(244.32143415769,20.78549521011,5.));
#1412 = VECTOR('',#1413,1.);
#1413 = DIRECTION('',(0.,0.,1.));
#1414 = PCURVE('',#1415,#1420);
#1415 = PLANE('',#1416);
#1416 = AXIS2_PLACEMENT_3D('',#1417,#1418,#1419);
#1417 = CARTESIAN_POINT('',(244.32143415769,20.78549521011,5.));
#1418 = DIRECTION('',(0.992114701314,0.125333233564,0.));
#1419 = DIRECTION('',(0.,0.,1.));
#1420 = DEFINITIONAL_REPRESENTATION('',(#1421),#1425);
#1421 = LINE('',#1422,#1423);
#1422 = CARTESIAN_POINT('',(0.,0.));
#1423 = VECTOR('',#1424,1.);
#1424 = DIRECTION('',(1.,0.));
#1425 = ( GEOMETRIC_REPRESENTATION_CONTEXT(2) 
PARAMETRIC_REPRESENTATION_CONTEXT() REPRESENTATION_CONTEXT('2D SPACE',''
  ) );
#1426 = PCURVE('',#1307,#1427);
#1427 = DEFINITIONAL_REPRESENTATION('',(#1428),#1432);
#1428 = LINE('',#1429,#1430);
#1429 = CARTESIAN_POINT('',(0.,160.));
#1430 = VECTOR('',#1431,1.);
#1431 = DIRECTION('',(1.,0.));
#1432 = ( GEOMETRIC_REPRESENTATION_CONTEXT(2) 
PARAMETRIC_REPRESENTATION_CONTEXT() REPRESENTATION_CONTEXT('2D SPACE',''
  ) );
#1433 = ORIENTED_EDGE('',*,*,#1434,.T.);
#1434 = EDGE_CURVE('',#1405,#1435,#1437,.T.);
#1435 = VERTEX_POINT('',#1436);
#1436 = CARTESIAN_POINT('',(241.8147694864,40.627789236399,5.));
#1437 = SURFACE_CURVE('',#1438,(#1442,#1449),.PCURVE_S1.);
#1438 = LINE('',#1439,#1440);
#1439 = CARTESIAN_POINT('',(244.32143415769,20.78549521011,5.));
#1440 = VECTOR('',#1441,1.);
#1441 = DIRECTION('',(-0.125333233564,0.992114701314,0.));
#1442 = PCURVE('',#1415,#1443);
#1443 = DEFINITIONAL_REPRESENTATION('',(#1444),#1448);
#1444 = LINE('',#1445,#1446);
#1445 = CARTESIAN_POINT('',(0.,0.));
#1446 = VECTOR('',#1447,1.);
#1447 = DIRECTION('',(0.,-1.));
#1448 = ( GEOMETRIC_REPRESENTATION_CONTEXT(2) 
PARAMETRIC_REPRESENTATION_CONTEXT() REPRESENTATION_CONTEXT('2D SPACE',''
  ) );
#1449 = PCURVE('',#1335,#1450);
#1450 = DEFINITIONAL_REPRESENTATION('',(#1451),#1455);
#1451 = LINE('',#1452,#1453);
#1452 = CARTESIAN_POINT('',(160.,-3.552713678801E-15));
#1453 = VECTOR('',#1454,1.);
#1454 = DIRECTION('',(0.,1.));
#1455 = ( GEOMETRIC_REPRESENTATION_CONTEXT(2) 
PARAMETRIC_REPRESENTATION_CONTEXT() REPRESENTATION_CONTEXT('2D SPACE',''
  ) );
#1456 = ORIENTED_EDGE('',*,*,#1457,.T.);
#1457 = EDGE_CURVE('',#1435,#1458,#1460,.T.);
#1458 = VERTEX_POINT('',#1459);
#1459 = CARTESIAN_POINT('',(241.8147694864,40.627789236399,5.4));
#1460 = SURFACE_CURVE('',#1461,(#1465,#1472),.PCURVE_S1.);
#1461 = LINE('',#1462,#1463);
#1462 = CARTESIAN_POINT('',(241.8147694864,40.627789236399,5.));
#1463 = VECTOR('',#1464,1.);
#1464 = DIRECTION('',(0.,0.,1.));
#1465 = PCURVE('',#1415,#1466);
#1466 = DEFINITIONAL_REPRESENTATION('',(#1467),#1471);
#1467 = LINE('',#1468,#1469);
#1468 = CARTESIAN_POINT('',(0.,-20.));
#1469 = VECTOR('',#1470,1.);
#1470 = DIRECTION('',(1.,0.));
#1471 = ( GEOMETRIC_REPRESENTATION_CONTEXT(2) 
PARAMETRIC_REPRESENTATION_CONTEXT() REPRESENTATION_CONTEXT('2D SPACE',''
  ) );
#1472 = PCURVE('',#1363,#1473);
#1473 = DEFINITIONAL_REPRESENTATION('',(#1474),#1478);
#1474 = LINE('',#1475,#1476);
#1475 = CARTESIAN_POINT('',(0.,160.));
#1476 = VECTOR('',#1477,1.);
#1477 = DIRECTION('',(1.,0.));
#1478 = ( GEOMETRIC_REPRESENTATION_CONTEXT(2) 
PARAMETRIC_REPRESENTATION_CONTEXT() REPRESENTATION_CONTEXT('2D SPACE',''
  ) );
#1479 = ORIENTED_EDGE('',*,*,#1480,.F.);
#1480 = EDGE_CURVE('',#1407,#1458,#1481,.T.);
#1481 = SURFACE_CURVE('',#1482,(#1486,#1493),.PCURVE_S1.);
#1482 = LINE('',#1483,#1484);
#1483 = CARTESIAN_POINT('',(244.32143415769,20.78549521011,5.4));
#1484 = VECTOR('',#1485,1.);
#1485 = DIRECTION('',(-0.125333233564,0.992114701314,0.));
#1486 = PCURVE('',#1415,#1487);
#1487 = DEFINITIONAL_REPRESENTATION('',(#1488),#1492);
#1488 = LINE('',#1489,#1490);
#1489 = CARTESIAN_POINT('',(0.4,0.));
#1490 = VECTOR('',#1491,1.);
#1491 = DIRECTION('',(0.,-1.));
#1492 = ( GEOMETRIC_REPRESENTATION_CONTEXT(2) 
PARAMETRIC_REPRESENTATION_CONTEXT() REPRESENTATION_CONTEXT('2D SPACE',''
  ) );
#1493 = PCURVE('',#1389,#1494);
#1494 = DEFINITIONAL_REPRESENTATION('',(#1495),#1499);
#1495 = LINE('',#1496,#1497);
#1496 = CARTESIAN_POINT('',(160.,-3.552713678801E-15));
#1497 = VECTOR('',#1498,1.);
#1498 = DIRECTION('',(0.,1.));
#1499 = ( GEOMETRIC_REPRESENTATION_CONTEXT(2) 
PARAMETRIC_REPRESENTATION_CONTEXT() REPRESENTATION_CONTEXT('2D SPACE',''
  ) );
#1500 = ADVANCED_FACE('',(#1501),#1307,.F.);
#1501 = FACE_BOUND('',#1502,.F.);
#1502 = EDGE_LOOP('',(#1503,#1524,#1525,#1546));
#1503 = ORIENTED_EDGE('',*,*,#1504,.F.);
#1504 = EDGE_CURVE('',#1285,#1405,#1505,.T.);
#1505 = SURFACE_CURVE('',#1506,(#1510,#1517),.PCURVE_S1.);
#1506 = LINE('',#1507,#1508);
#1507 = CARTESIAN_POINT('',(85.583081947374,0.732177839821,5.));
#1508 = VECTOR('',#1509,1.);
#1509 = DIRECTION('',(0.992114701314,0.125333233564,0.));
#1510 = PCURVE('',#1307,#1511);
#1511 = DEFINITIONAL_REPRESENTATION('',(#1512),#1516);
#1512 = LINE('',#1513,#1514);
#1513 = CARTESIAN_POINT('',(0.,0.));
#1514 = VECTOR('',#1515,1.);
#1515 = DIRECTION('',(0.,1.));
#1516 = ( GEOMETRIC_REPRESENTATION_CONTEXT(2) 
PARAMETRIC_REPRESENTATION_CONTEXT() REPRESENTATION_CONTEXT('2D SPACE',''
  ) );
#1517 = PCURVE('',#1335,#1518);
#1518 = DEFINITIONAL_REPRESENTATION('',(#1519),#1523);
#1519 = LINE('',#1520,#1521);
#1520 = CARTESIAN_POINT('',(0.,0.));
#1521 = VECTOR('',#1522,1.);
#1522 = DIRECTION('',(1.,0.));
#1523 = ( GEOMETRIC_REPRESENTATION_CONTEXT(2) 
PARAMETRIC_REPRESENTATION_CONTEXT() REPRESENTATION_CONTEXT('2D SPACE',''
  ) );
#1524 = ORIENTED_EDGE('',*,*,#1284,.T.);
#1525 = ORIENTED_EDGE('',*,*,#1526,.T.);
#1526 = EDGE_CURVE('',#1287,#1407,#1527,.T.);
#1527 = SURFACE_CURVE('',#1528,(#1532,#1539),.PCURVE_S1.);
#1528 = LINE('',#1529,#1530);
#1529 = CARTESIAN_POINT('',(85.583081947374,0.732177839821,5.4));
#1530 = VECTOR('',#1531,1.);
#1531 = DIRECTION('',(0.992114701314,0.125333233564,0.));
#1532 = PCURVE('',#1307,#1533);
#1533 = DEFINITIONAL_REPRESENTATION('',(#1534),#1538);
#1534 = LINE('',#1535,#1536);
#1535 = CARTESIAN_POINT('',(0.4,0.));
#1536 = VECTOR('',#1537,1.);
#1537 = DIRECTION('',(0.,1.));
#1538 = ( GEOMETRIC_REPRESENTATION_CONTEXT(2) 
PARAMETRIC_REPRESENTATION_CONTEXT() REPRESENTATION_CONTEXT('2D SPACE',''
  ) );
#1539 = PCURVE('',#1389,#1540);
#1540 = DEFINITIONAL_REPRESENTATION('',(#1541),#1545);
#1541 = LINE('',#1542,#1543);
#1542 = CARTESIAN_POINT('',(0.,0.));
#1543 = VECTOR('',#1544,1.);
#1544 = DIRECTION('',(1.,0.));
#1545 = ( GEOMETRIC_REPRESENTATION_CONTEXT(2) 
PARAMETRIC_REPRESENTATION_CONTEXT() REPRESENTATION_CONTEXT('2D SPACE',''
  ) );
#1546 = ORIENTED_EDGE('',*,*,#1404,.F.);
#1547 = ADVANCED_FACE('',(#1548),#1363,.T.);
#1548 = FACE_BOUND('',#1549,.T.);
#1549 = EDGE_LOOP('',(#1550,#1571,#1572,#1593));
#1550 = ORIENTED_EDGE('',*,*,#1551,.F.);
#1551 = EDGE_CURVE('',#1320,#1435,#1552,.T.);
#1552 = SURFACE_CURVE('',#1553,(#1557,#1564),.PCURVE_S1.);
#1553 = LINE('',#1554,#1555);
#1554 = CARTESIAN_POINT('',(83.076417276088,20.574471866111,5.));
#1555 = VECTOR('',#1556,1.);
#1556 = DIRECTION('',(0.992114701314,0.125333233564,0.));
#1557 = PCURVE('',#1363,#1558);
#1558 = DEFINITIONAL_REPRESENTATION('',(#1559),#1563);
#1559 = LINE('',#1560,#1561);
#1560 = CARTESIAN_POINT('',(0.,0.));
#1561 = VECTOR('',#1562,1.);
#1562 = DIRECTION('',(0.,1.));
#1563 = ( GEOMETRIC_REPRESENTATION_CONTEXT(2) 
PARAMETRIC_REPRESENTATION_CONTEXT() REPRESENTATION_CONTEXT('2D SPACE',''
  ) );
#1564 = PCURVE('',#1335,#1565);
#1565 = DEFINITIONAL_REPRESENTATION('',(#1566),#1570);
#1566 = LINE('',#1567,#1568);
#1567 = CARTESIAN_POINT('',(1.06581410364E-14,20.));
#1568 = VECTOR('',#1569,1.);
#1569 = DIRECTION('',(1.,0.));
#1570 = ( GEOMETRIC_REPRESENTATION_CONTEXT(2) 
PARAMETRIC_REPRESENTATION_CONTEXT() REPRESENTATION_CONTEXT('2D SPACE',''
  ) );
#1571 = ORIENTED_EDGE('',*,*,#1347,.T.);
#1572 = ORIENTED_EDGE('',*,*,#1573,.T.);
#1573 = EDGE_CURVE('',#1348,#1458,#1574,.T.);
#1574 = SURFACE_CURVE('',#1575,(#1579,#1586),.PCURVE_S1.);
#1575 = LINE('',#1576,#1577);
#1576 = CARTESIAN_POINT('',(83.076417276088,20.574471866111,5.4));
#1577 = VECTOR('',#1578,1.);
#1578 = DIRECTION('',(0.992114701314,0.125333233564,0.));
#1579 = PCURVE('',#1363,#1580);
#1580 = DEFINITIONAL_REPRESENTATION('',(#1581),#1585);
#1581 = LINE('',#1582,#1583);
#1582 = CARTESIAN_POINT('',(0.4,0.));
#1583 = VECTOR('',#1584,1.);
#1584 = DIRECTION('',(0.,1.));
#1585 = ( GEOMETRIC_REPRESENTATION_CONTEXT(2) 
PARAMETRIC_REPRESENTATION_CONTEXT() REPRESENTATION_CONTEXT('2D SPACE',''
  ) );
#1586 = PCURVE('',#1389,#1587);
#1587 = DEFINITIONAL_REPRESENTATION('',(#1588),#1592);
#1588 = LINE('',#1589,#1590);
#1589 = CARTESIAN_POINT('',(1.06581410364E-14,20.));
#1590 = VECTOR('',#1591,1.);
#1591 = DIRECTION('',(1.,0.));
#1592 = ( GEOMETRIC_REPRESENTATION_CONTEXT(2) 
PARAMETRIC_REPRESENTATION_CONTEXT() REPRESENTATION_CONTEXT('2D SPACE',''
  ) );
#1593 = ORIENTED_EDGE('',*,*,#1457,.F.);
#1594 = ADVANCED_FACE('',(#1595),#1335,.F.);
#1595 = FACE_BOUND('',#1596,.F.);
#1596 = EDGE_LOOP('',(#1597,#1598,#1599,#1600));
#1597 = ORIENTED_EDGE('',*,*,#1319,.F.);
#1598 = ORIENTED_EDGE('',*,*,#1504,.T.);
#1599 = ORIENTED_EDGE('',*,*,#1434,.T.);
#1600 = ORIENTED_EDGE('',*,*,#1551,.F.);
#1601 = ADVANCED_FACE('',(#1602),#1389,.T.);
#1602 = FACE_BOUND('',#1603,.T.);
#1603 = EDGE_LOOP('',(#1604,#1605,#1606,#1607));
#1604 = ORIENTED_EDGE('',*,*,#1375,.F.);
#1605 = ORIENTED_EDGE('',*,*,#1526,.T.);
#1606 = ORIENTED_EDGE('',*,*,#1480,.T.);
#1607 = ORIENTED_EDGE('',*,*,#1573,.F.);
#1608 = ( GEOMETRIC_REPRESENTATION_CONTEXT(3) 
GLOBAL_UNCERTAINTY_ASSIGNED_CONTEXT((#1612)) 
GLOBAL_UNIT_ASSIGNED_CONTEXT((#1609,#1610,#1611)) REPRESENTATION_CONTEXT
('Context #1','3D Context with UNIT and UNCERTAINTY') );
#1609 = ( LENGTH_UNIT() NAMED_UNIT(*) SI_UNIT(.MILLI.,.METRE.) );
#1610 = ( NAMED_UNIT(*) PLANE_ANGLE_UNIT() SI_UNIT($,.RADIAN.) );
#1611 = ( NAMED_UNIT(*) SI_UNIT($,.STERADIAN.) SOLID_ANGLE_UNIT() );
#1612 = UNCERTAINTY_MEASURE_WITH_UNIT(LENGTH_MEASURE(1.E-07),#1609,
  'distance_accuracy_value','confusion accuracy');
#1613 = CONTEXT_DEPENDENT_SHAPE_REPRESENTATION(#1614,#1616);
#1614 = ( REPRESENTATION_RELATIONSHIP('','',#1277,#709) 
REPRESENTATION_RELATIONSHIP_WITH_TRANSFORMATION(#1615) 
SHAPE_REPRESENTATION_RELATIONSHIP() );
#1615 = ITEM_DEFINED_TRANSFORMATION('','',#11,#714);
#1616 = PRODUCT_DEFINITION_SHAPE('Placement','Placement of an item',
  #1617);
#1617 = NEXT_ASSEMBLY_USAGE_OCCURRENCE('10','','',#704,#1272,$);
#1618 = PRODUCT_RELATED_PRODUCT_CATEGORY('part',$,(#1274));
#1619 = SHAPE_DEFINITION_REPRESENTATION(#1620,#1626);
#1620 = PRODUCT_DEFINITION_SHAPE('','',#1621);
#1621 = PRODUCT_DEFINITION('design','',#1622,#1625);
#1622 = PRODUCT_DEFINITION_FORMATION('','',#1623);
#1623 = PRODUCT('Open CASCADE STEP translator 7.9 2.2.3',
  'Open CASCADE STEP translator 7.9 2.2.3','',(#1624));
#1624 = PRODUCT_CONTEXT('',#2,'mechanical');
#1625 = PRODUCT_DEFINITION_CONTEXT('part definition',#2,'design');
#1626 = ADVANCED_BREP_SHAPE_REPRESENTATION('',(#11,#1627),#1957);
#1627 = MANIFOLD_SOLID_BREP('',#1628);
#1628 = CLOSED_SHELL('',(#1629,#1749,#1849,#1896,#1943,#1950));
#1629 = ADVANCED_FACE('',(#1630),#1644,.F.);
#1630 = FACE_BOUND('',#1631,.F.);
#1631 = EDGE_LOOP('',(#1632,#1667,#1695,#1723));
#1632 = ORIENTED_EDGE('',*,*,#1633,.F.);
#1633 = EDGE_CURVE('',#1634,#1636,#1638,.T.);
#1634 = VERTEX_POINT('',#1635);
#1635 = CARTESIAN_POINT('',(84.816467567582,11.452808797726,5.));
#1636 = VERTEX_POINT('',#1637);
#1637 = CARTESIAN_POINT('',(84.816467567582,11.452808797726,5.4));
#1638 = SURFACE_CURVE('',#1639,(#1643,#1655),.PCURVE_S1.);
#1639 = LINE('',#1640,#1641);
#1640 = CARTESIAN_POINT('',(84.816467567582,11.452808797726,5.));
#1641 = VECTOR('',#1642,1.);
#1642 = DIRECTION('',(0.,0.,1.));
#1643 = PCURVE('',#1644,#1649);
#1644 = PLANE('',#1645);
#1645 = AXIS2_PLACEMENT_3D('',#1646,#1647,#1648);
#1646 = CARTESIAN_POINT('',(84.816467567582,11.452808797726,5.));
#1647 = DIRECTION('',(0.968583161129,0.248689887165,0.));
#1648 = DIRECTION('',(0.,0.,1.));
#1649 = DEFINITIONAL_REPRESENTATION('',(#1650),#1654);
#1650 = LINE('',#1651,#1652);
#1651 = CARTESIAN_POINT('',(0.,0.));
#1652 = VECTOR('',#1653,1.);
#1653 = DIRECTION('',(1.,0.));
#1654 = ( GEOMETRIC_REPRESENTATION_CONTEXT(2) 
PARAMETRIC_REPRESENTATION_CONTEXT() REPRESENTATION_CONTEXT('2D SPACE',''
  ) );
#1655 = PCURVE('',#1656,#1661);
#1656 = PLANE('',#1657);
#1657 = AXIS2_PLACEMENT_3D('',#1658,#1659,#1660);
#1658 = CARTESIAN_POINT('',(84.816467567582,11.452808797726,5.));
#1659 = DIRECTION('',(-0.248689887165,0.968583161129,0.));
#1660 = DIRECTION('',(0.,0.,1.));
#1661 = DEFINITIONAL_REPRESENTATION('',(#1662),#1666);
#1662 = LINE('',#1663,#1664);
#1663 = CARTESIAN_POINT('',(0.,0.));
#1664 = VECTOR('',#1665,1.);
#1665 = DIRECTION('',(1.,0.));
#1666 = ( GEOMETRIC_REPRESENTATION_CONTEXT(2) 
PARAMETRIC_REPRESENTATION_CONTEXT() REPRESENTATION_CONTEXT('2D SPACE',''
  ) );
#1667 = ORIENTED_EDGE('',*,*,#1668,.T.);
#1668 = EDGE_CURVE('',#1634,#1669,#1671,.T.);
#1669 = VERTEX_POINT('',#1670);
#1670 = CARTESIAN_POINT('',(79.842669824285,30.824472020299,5.));
#1671 = SURFACE_CURVE('',#1672,(#1676,#1683),.PCURVE_S1.);
#1672 = LINE('',#1673,#1674);
#1673 = CARTESIAN_POINT('',(84.816467567582,11.452808797726,5.));
#1674 = VECTOR('',#1675,1.);
#1675 = DIRECTION('',(-0.248689887165,0.968583161129,0.));
#1676 = PCURVE('',#1644,#1677);
#1677 = DEFINITIONAL_REPRESENTATION('',(#1678),#1682);
#1678 = LINE('',#1679,#1680);
#1679 = CARTESIAN_POINT('',(0.,0.));
#1680 = VECTOR('',#1681,1.);
#1681 = DIRECTION('',(0.,-1.));
#1682 = ( GEOMETRIC_REPRESENTATION_CONTEXT(2) 
PARAMETRIC_REPRESENTATION_CONTEXT() REPRESENTATION_CONTEXT('2D SPACE',''
  ) );
#1683 = PCURVE('',#1684,#1689);
#1684 = PLANE('',#1685);
#1685 = AXIS2_PLACEMENT_3D('',#1686,#1687,#1688);
#1686 = CARTESIAN_POINT('',(84.816467567582,11.452808797726,5.));
#1687 = DIRECTION('',(0.,0.,1.));
#1688 = DIRECTION('',(0.968583161129,0.248689887165,0.));
#1689 = DEFINITIONAL_REPRESENTATION('',(#1690),#1694);
#1690 = LINE('',#1691,#1692);
#1691 = CARTESIAN_POINT('',(0.,0.));
#1692 = VECTOR('',#1693,1.);
#1693 = DIRECTION('',(0.,1.));
#1694 = ( GEOMETRIC_REPRESENTATION_CONTEXT(2) 
PARAMETRIC_REPRESENTATION_CONTEXT() REPRESENTATION_CONTEXT('2D SPACE',''
  ) );
#1695 = ORIENTED_EDGE('',*,*,#1696,.T.);
#1696 = EDGE_CURVE('',#1669,#1697,#1699,.T.);
#1697 = VERTEX_POINT('',#1698);
#1698 = CARTESIAN_POINT('',(79.842669824285,30.824472020299,5.4));
#1699 = SURFACE_CURVE('',#1700,(#1704,#1711),.PCURVE_S1.);
#1700 = LINE('',#1701,#1702);
#1701 = CARTESIAN_POINT('',(79.842669824285,30.824472020299,5.));
#1702 = VECTOR('',#1703,1.);
#1703 = DIRECTION('',(0.,0.,1.));
#1704 = PCURVE('',#1644,#1705);
#1705 = DEFINITIONAL_REPRESENTATION('',(#1706),#1710);
#1706 = LINE('',#1707,#1708);
#1707 = CARTESIAN_POINT('',(0.,-20.));
#1708 = VECTOR('',#1709,1.);
#1709 = DIRECTION('',(1.,0.));
#1710 = ( GEOMETRIC_REPRESENTATION_CONTEXT(2) 
PARAMETRIC_REPRESENTATION_CONTEXT() REPRESENTATION_CONTEXT('2D SPACE',''
  ) );
#1711 = PCURVE('',#1712,#1717);
#1712 = PLANE('',#1713);
#1713 = AXIS2_PLACEMENT_3D('',#1714,#1715,#1716);
#1714 = CARTESIAN_POINT('',(79.842669824285,30.824472020299,5.));
#1715 = DIRECTION('',(-0.248689887165,0.968583161129,0.));
#1716 = DIRECTION('',(0.,0.,1.));
#1717 = DEFINITIONAL_REPRESENTATION('',(#1718),#1722);
#1718 = LINE('',#1719,#1720);
#1719 = CARTESIAN_POINT('',(0.,0.));
#1720 = VECTOR('',#1721,1.);
#1721 = DIRECTION('',(1.,0.));
#1722 = ( GEOMETRIC_REPRESENTATION_CONTEXT(2) 
PARAMETRIC_REPRESENTATION_CONTEXT() REPRESENTATION_CONTEXT('2D SPACE',''
  ) );
#1723 = ORIENTED_EDGE('',*,*,#1724,.F.);
#1724 = EDGE_CURVE('',#1636,#1697,#1725,.T.);
#1725 = SURFACE_CURVE('',#1726,(#1730,#1737),.PCURVE_S1.);
#1726 = LINE('',#1727,#1728);
#1727 = CARTESIAN_POINT('',(84.816467567582,11.452808797726,5.4));
#1728 = VECTOR('',#1729,1.);
#1729 = DIRECTION('',(-0.248689887165,0.968583161129,0.));
#1730 = PCURVE('',#1644,#1731);
#1731 = DEFINITIONAL_REPRESENTATION('',(#1732),#1736);
#1732 = LINE('',#1733,#1734);
#1733 = CARTESIAN_POINT('',(0.4,0.));
#1734 = VECTOR('',#1735,1.);
#1735 = DIRECTION('',(0.,-1.));
#1736 = ( GEOMETRIC_REPRESENTATION_CONTEXT(2) 
PARAMETRIC_REPRESENTATION_CONTEXT() REPRESENTATION_CONTEXT('2D SPACE',''
  ) );
#1737 = PCURVE('',#1738,#1743);
#1738 = PLANE('',#1739);
#1739 = AXIS2_PLACEMENT_3D('',#1740,#1741,#1742);
#1740 = CARTESIAN_POINT('',(84.816467567582,11.452808797726,5.4));
#1741 = DIRECTION('',(0.,0.,1.));
#1742 = DIRECTION('',(0.968583161129,0.248689887165,0.));
#1743 = DEFINITIONAL_REPRESENTATION('',(#1744),#1748);
#1744 = LINE('',#1745,#1746);
#1745 = CARTESIAN_POINT('',(0.,0.));
#1746 = VECTOR('',#1747,1.);
#1747 = DIRECTION('',(0.,1.));
#1748 = ( GEOMETRIC_REPRESENTATION_CONTEXT(2) 
PARAMETRIC_REPRESENTATION_CONTEXT() REPRESENTATION_CONTEXT('2D SPACE',''
  ) );
#1749 = ADVANCED_FACE('',(#1750),#1764,.T.);
#1750 = FACE_BOUND('',#1751,.T.);
#1751 = EDGE_LOOP('',(#1752,#1782,#1805,#1828));
#1752 = ORIENTED_EDGE('',*,*,#1753,.F.);
#1753 = EDGE_CURVE('',#1754,#1756,#1758,.T.);
#1754 = VERTEX_POINT('',#1755);
#1755 = CARTESIAN_POINT('',(239.78977334816,51.243190744103,5.));
#1756 = VERTEX_POINT('',#1757);
#1757 = CARTESIAN_POINT('',(239.78977334816,51.243190744103,5.4));
#1758 = SURFACE_CURVE('',#1759,(#1763,#1775),.PCURVE_S1.);
#1759 = LINE('',#1760,#1761);
#1760 = CARTESIAN_POINT('',(239.78977334816,51.243190744103,5.));
#1761 = VECTOR('',#1762,1.);
#1762 = DIRECTION('',(0.,0.,1.));
#1763 = PCURVE('',#1764,#1769);
#1764 = PLANE('',#1765);
#1765 = AXIS2_PLACEMENT_3D('',#1766,#1767,#1768);
#1766 = CARTESIAN_POINT('',(239.78977334816,51.243190744103,5.));
#1767 = DIRECTION('',(0.968583161129,0.248689887165,0.));
#1768 = DIRECTION('',(0.,0.,1.));
#1769 = DEFINITIONAL_REPRESENTATION('',(#1770),#1774);
#1770 = LINE('',#1771,#1772);
#1771 = CARTESIAN_POINT('',(0.,0.));
#1772 = VECTOR('',#1773,1.);
#1773 = DIRECTION('',(1.,0.));
#1774 = ( GEOMETRIC_REPRESENTATION_CONTEXT(2) 
PARAMETRIC_REPRESENTATION_CONTEXT() REPRESENTATION_CONTEXT('2D SPACE',''
  ) );
#1775 = PCURVE('',#1656,#1776);
#1776 = DEFINITIONAL_REPRESENTATION('',(#1777),#1781);
#1777 = LINE('',#1778,#1779);
#1778 = CARTESIAN_POINT('',(0.,160.));
#1779 = VECTOR('',#1780,1.);
#1780 = DIRECTION('',(1.,0.));
#1781 = ( GEOMETRIC_REPRESENTATION_CONTEXT(2) 
PARAMETRIC_REPRESENTATION_CONTEXT() REPRESENTATION_CONTEXT('2D SPACE',''
  ) );
#1782 = ORIENTED_EDGE('',*,*,#1783,.T.);
#1783 = EDGE_CURVE('',#1754,#1784,#1786,.T.);
#1784 = VERTEX_POINT('',#1785);
#1785 = CARTESIAN_POINT('',(234.81597560486,70.614853966676,5.));
#1786 = SURFACE_CURVE('',#1787,(#1791,#1798),.PCURVE_S1.);
#1787 = LINE('',#1788,#1789);
#1788 = CARTESIAN_POINT('',(239.78977334816,51.243190744103,5.));
#1789 = VECTOR('',#1790,1.);
#1790 = DIRECTION('',(-0.248689887165,0.968583161129,0.));
#1791 = PCURVE('',#1764,#1792);
#1792 = DEFINITIONAL_REPRESENTATION('',(#1793),#1797);
#1793 = LINE('',#1794,#1795);
#1794 = CARTESIAN_POINT('',(0.,0.));
#1795 = VECTOR('',#1796,1.);
#1796 = DIRECTION('',(0.,-1.));
#1797 = ( GEOMETRIC_REPRESENTATION_CONTEXT(2) 
PARAMETRIC_REPRESENTATION_CONTEXT() REPRESENTATION_CONTEXT('2D SPACE',''
  ) );
#1798 = PCURVE('',#1684,#1799);
#1799 = DEFINITIONAL_REPRESENTATION('',(#1800),#1804);
#1800 = LINE('',#1801,#1802);
#1801 = CARTESIAN_POINT('',(160.,0.));
#1802 = VECTOR('',#1803,1.);
#1803 = DIRECTION('',(0.,1.));
#1804 = ( GEOMETRIC_REPRESENTATION_CONTEXT(2) 
PARAMETRIC_REPRESENTATION_CONTEXT() REPRESENTATION_CONTEXT('2D SPACE',''
  ) );
#1805 = ORIENTED_EDGE('',*,*,#1806,.T.);
#1806 = EDGE_CURVE('',#1784,#1807,#1809,.T.);
#1807 = VERTEX_POINT('',#1808);
#1808 = CARTESIAN_POINT('',(234.81597560486,70.614853966676,5.4));
#1809 = SURFACE_CURVE('',#1810,(#1814,#1821),.PCURVE_S1.);
#1810 = LINE('',#1811,#1812);
#1811 = CARTESIAN_POINT('',(234.81597560486,70.614853966676,5.));
#1812 = VECTOR('',#1813,1.);
#1813 = DIRECTION('',(0.,0.,1.));
#1814 = PCURVE('',#1764,#1815);
#1815 = DEFINITIONAL_REPRESENTATION('',(#1816),#1820);
#1816 = LINE('',#1817,#1818);
#1817 = CARTESIAN_POINT('',(0.,-20.));
#1818 = VECTOR('',#1819,1.);
#1819 = DIRECTION('',(1.,0.));
#1820 = ( GEOMETRIC_REPRESENTATION_CONTEXT(2) 
PARAMETRIC_REPRESENTATION_CONTEXT() REPRESENTATION_CONTEXT('2D SPACE',''
  ) );
#1821 = PCURVE('',#1712,#1822);
#1822 = DEFINITIONAL_REPRESENTATION('',(#1823),#1827);
#1823 = LINE('',#1824,#1825);
#1824 = CARTESIAN_POINT('',(0.,160.));
#1825 = VECTOR('',#1826,1.);
#1826 = DIRECTION('',(1.,0.));
#1827 = ( GEOMETRIC_REPRESENTATION_CONTEXT(2) 
PARAMETRIC_REPRESENTATION_CONTEXT() REPRESENTATION_CONTEXT('2D SPACE',''
  ) );
#1828 = ORIENTED_EDGE('',*,*,#1829,.F.);
#1829 = EDGE_CURVE('',#1756,#1807,#1830,.T.);
#1830 = SURFACE_CURVE('',#1831,(#1835,#1842),.PCURVE_S1.);
#1831 = LINE('',#1832,#1833);
#1832 = CARTESIAN_POINT('',(239.78977334816,51.243190744103,5.4));
#1833 = VECTOR('',#1834,1.);
#1834 = DIRECTION('',(-0.248689887165,0.968583161129,0.));
#1835 = PCURVE('',#1764,#1836);
#1836 = DEFINITIONAL_REPRESENTATION('',(#1837),#1841);
#1837 = LINE('',#1838,#1839);
#1838 = CARTESIAN_POINT('',(0.4,0.));
#1839 = VECTOR('',#1840,1.);
#1840 = DIRECTION('',(0.,-1.));
#1841 = ( GEOMETRIC_REPRESENTATION_CONTEXT(2) 
PARAMETRIC_REPRESENTATION_CONTEXT() REPRESENTATION_CONTEXT('2D SPACE',''
  ) );
#1842 = PCURVE('',#1738,#1843);
#1843 = DEFINITIONAL_REPRESENTATION('',(#1844),#1848);
#1844 = LINE('',#1845,#1846);
#1845 = CARTESIAN_POINT('',(160.,0.));
#1846 = VECTOR('',#1847,1.);
#1847 = DIRECTION('',(0.,1.));
#1848 = ( GEOMETRIC_REPRESENTATION_CONTEXT(2) 
PARAMETRIC_REPRESENTATION_CONTEXT() REPRESENTATION_CONTEXT('2D SPACE',''
  ) );
#1849 = ADVANCED_FACE('',(#1850),#1656,.F.);
#1850 = FACE_BOUND('',#1851,.F.);
#1851 = EDGE_LOOP('',(#1852,#1873,#1874,#1895));
#1852 = ORIENTED_EDGE('',*,*,#1853,.F.);
#1853 = EDGE_CURVE('',#1634,#1754,#1854,.T.);
#1854 = SURFACE_CURVE('',#1855,(#1859,#1866),.PCURVE_S1.);
#1855 = LINE('',#1856,#1857);
#1856 = CARTESIAN_POINT('',(84.816467567582,11.452808797726,5.));
#1857 = VECTOR('',#1858,1.);
#1858 = DIRECTION('',(0.968583161129,0.248689887165,0.));
#1859 = PCURVE('',#1656,#1860);
#1860 = DEFINITIONAL_REPRESENTATION('',(#1861),#1865);
#1861 = LINE('',#1862,#1863);
#1862 = CARTESIAN_POINT('',(0.,0.));
#1863 = VECTOR('',#1864,1.);
#1864 = DIRECTION('',(0.,1.));
#1865 = ( GEOMETRIC_REPRESENTATION_CONTEXT(2) 
PARAMETRIC_REPRESENTATION_CONTEXT() REPRESENTATION_CONTEXT('2D SPACE',''
  ) );
#1866 = PCURVE('',#1684,#1867);
#1867 = DEFINITIONAL_REPRESENTATION('',(#1868),#1872);
#1868 = LINE('',#1869,#1870);
#1869 = CARTESIAN_POINT('',(0.,0.));
#1870 = VECTOR('',#1871,1.);
#1871 = DIRECTION('',(1.,0.));
#1872 = ( GEOMETRIC_REPRESENTATION_CONTEXT(2) 
PARAMETRIC_REPRESENTATION_CONTEXT() REPRESENTATION_CONTEXT('2D SPACE',''
  ) );
#1873 = ORIENTED_EDGE('',*,*,#1633,.T.);
#1874 = ORIENTED_EDGE('',*,*,#1875,.T.);
#1875 = EDGE_CURVE('',#1636,#1756,#1876,.T.);
#1876 = SURFACE_CURVE('',#1877,(#1881,#1888),.PCURVE_S1.);
#1877 = LINE('',#1878,#1879);
#1878 = CARTESIAN_POINT('',(84.816467567582,11.452808797726,5.4));
#1879 = VECTOR('',#1880,1.);
#1880 = DIRECTION('',(0.968583161129,0.248689887165,0.));
#1881 = PCURVE('',#1656,#1882);
#1882 = DEFINITIONAL_REPRESENTATION('',(#1883),#1887);
#1883 = LINE('',#1884,#1885);
#1884 = CARTESIAN_POINT('',(0.4,0.));
#1885 = VECTOR('',#1886,1.);
#1886 = DIRECTION('',(0.,1.));
#1887 = ( GEOMETRIC_REPRESENTATION_CONTEXT(2) 
PARAMETRIC_REPRESENTATION_CONTEXT() REPRESENTATION_CONTEXT('2D SPACE',''
  ) );
#1888 = PCURVE('',#1738,#1889);
#1889 = DEFINITIONAL_REPRESENTATION('',(#1890),#1894);
#1890 = LINE('',#1891,#1892);
#1891 = CARTESIAN_POINT('',(0.,0.));
#1892 = VECTOR('',#1893,1.);
#1893 = DIRECTION('',(1.,0.));
#1894 = ( GEOMETRIC_REPRESENTATION_CONTEXT(2) 
PARAMETRIC_REPRESENTATION_CONTEXT() REPRESENTATION_CONTEXT('2D SPACE',''
  ) );
#1895 = ORIENTED_EDGE('',*,*,#1753,.F.);
#1896 = ADVANCED_FACE('',(#1897),#1712,.T.);
#1897 = FACE_BOUND('',#1898,.T.);
#1898 = EDGE_LOOP('',(#1899,#1920,#1921,#1942));
#1899 = ORIENTED_EDGE('',*,*,#1900,.F.);
#1900 = EDGE_CURVE('',#1669,#1784,#1901,.T.);
#1901 = SURFACE_CURVE('',#1902,(#1906,#1913),.PCURVE_S1.);
#1902 = LINE('',#1903,#1904);
#1903 = CARTESIAN_POINT('',(79.842669824285,30.824472020299,5.));
#1904 = VECTOR('',#1905,1.);
#1905 = DIRECTION('',(0.968583161129,0.248689887165,0.));
#1906 = PCURVE('',#1712,#1907);
#1907 = DEFINITIONAL_REPRESENTATION('',(#1908),#1912);
#1908 = LINE('',#1909,#1910);
#1909 = CARTESIAN_POINT('',(0.,0.));
#1910 = VECTOR('',#1911,1.);
#1911 = DIRECTION('',(0.,1.));
#1912 = ( GEOMETRIC_REPRESENTATION_CONTEXT(2) 
PARAMETRIC_REPRESENTATION_CONTEXT() REPRESENTATION_CONTEXT('2D SPACE',''
  ) );
#1913 = PCURVE('',#1684,#1914);
#1914 = DEFINITIONAL_REPRESENTATION('',(#1915),#1919);
#1915 = LINE('',#1916,#1917);
#1916 = CARTESIAN_POINT('',(-1.7763568394E-15,20.));
#1917 = VECTOR('',#1918,1.);
#1918 = DIRECTION('',(1.,0.));
#1919 = ( GEOMETRIC_REPRESENTATION_CONTEXT(2) 
PARAMETRIC_REPRESENTATION_CONTEXT() REPRESENTATION_CONTEXT('2D SPACE',''
  ) );
#1920 = ORIENTED_EDGE('',*,*,#1696,.T.);
#1921 = ORIENTED_EDGE('',*,*,#1922,.T.);
#1922 = EDGE_CURVE('',#1697,#1807,#1923,.T.);
#1923 = SURFACE_CURVE('',#1924,(#1928,#1935),.PCURVE_S1.);
#1924 = LINE('',#1925,#1926);
#1925 = CARTESIAN_POINT('',(79.842669824285,30.824472020299,5.4));
#1926 = VECTOR('',#1927,1.);
#1927 = DIRECTION('',(0.968583161129,0.248689887165,0.));
#1928 = PCURVE('',#1712,#1929);
#1929 = DEFINITIONAL_REPRESENTATION('',(#1930),#1934);
#1930 = LINE('',#1931,#1932);
#1931 = CARTESIAN_POINT('',(0.4,0.));
#1932 = VECTOR('',#1933,1.);
#1933 = DIRECTION('',(0.,1.));
#1934 = ( GEOMETRIC_REPRESENTATION_CONTEXT(2) 
PARAMETRIC_REPRESENTATION_CONTEXT() REPRESENTATION_CONTEXT('2D SPACE',''
  ) );
#1935 = PCURVE('',#1738,#1936);
#1936 = DEFINITIONAL_REPRESENTATION('',(#1937),#1941);
#1937 = LINE('',#1938,#1939);
#1938 = CARTESIAN_POINT('',(-1.7763568394E-15,20.));
#1939 = VECTOR('',#1940,1.);
#1940 = DIRECTION('',(1.,0.));
#1941 = ( GEOMETRIC_REPRESENTATION_CONTEXT(2) 
PARAMETRIC_REPRESENTATION_CONTEXT() REPRESENTATION_CONTEXT('2D SPACE',''
  ) );
#1942 = ORIENTED_EDGE('',*,*,#1806,.F.);
#1943 = ADVANCED_FACE('',(#1944),#1684,.F.);
#1944 = FACE_BOUND('',#1945,.F.);
#1945 = EDGE_LOOP('',(#1946,#1947,#1948,#1949));
#1946 = ORIENTED_EDGE('',*,*,#1668,.F.);
#1947 = ORIENTED_EDGE('',*,*,#1853,.T.);
#1948 = ORIENTED_EDGE('',*,*,#1783,.T.);
#1949 = ORIENTED_EDGE('',*,*,#1900,.F.);
#1950 = ADVANCED_FACE('',(#1951),#1738,.T.);
#1951 = FACE_BOUND('',#1952,.T.);
#1952 = EDGE_LOOP('',(#1953,#1954,#1955,#1956));
#1953 = ORIENTED_EDGE('',*,*,#1724,.F.);
#1954 = ORIENTED_EDGE('',*,*,#1875,.T.);
#1955 = ORIENTED_EDGE('',*,*,#1829,.T.);
#1956 = ORIENTED_EDGE('',*,*,#1922,.F.);
#1957 = ( GEOMETRIC_REPRESENTATION_CONTEXT(3) 
GLOBAL_UNCERTAINTY_ASSIGNED_CONTEXT((#1961)) 
GLOBAL_UNIT_ASSIGNED_CONTEXT((#1958,#1959,#1960)) REPRESENTATION_CONTEXT
('Context #1','3D Context with UNIT and UNCERTAINTY') );
#1958 = ( LENGTH_UNIT() NAMED_UNIT(*) SI_UNIT(.MILLI.,.METRE.) );
#1959 = ( NAMED_UNIT(*) PLANE_ANGLE_UNIT() SI_UNIT($,.RADIAN.) );
#1960 = ( NAMED_UNIT(*) SI_UNIT($,.STERADIAN.) SOLID_ANGLE_UNIT() );
#1961 = UNCERTAINTY_MEASURE_WITH_UNIT(LENGTH_MEASURE(1.E-07),#1958,
  'distance_accuracy_value','confusion accuracy');
#1962 = CONTEXT_DEPENDENT_SHAPE_REPRESENTATION(#1963,#1965);
#1963 = ( REPRESENTATION_RELATIONSHIP('','',#1626,#709) 
REPRESENTATION_RELATIONSHIP_WITH_TRANSFORMATION(#1964) 
SHAPE_REPRESENTATION_RELATIONSHIP() );
#1964 = ITEM_DEFINED_TRANSFORMATION('','',#11,#718);
#1965 = PRODUCT_DEFINITION_SHAPE('Placement','Placement of an item',
  #1966);
#1966 = NEXT_ASSEMBLY_USAGE_OCCURRENCE('11','','',#704,#1621,$);
#1967 = PRODUCT_RELATED_PRODUCT_CATEGORY('part',$,(#1623));
#1968 = SHAPE_DEFINITION_REPRESENTATION(#1969,#1975);
#1969 = PRODUCT_DEFINITION_SHAPE('','',#1970);
#1970 = PRODUCT_DEFINITION('design','',#1971,#1974);
#1971 = PRODUCT_DEFINITION_FORMATION('','',#1972);
#1972 = PRODUCT('Open CASCADE STEP translator 7.9 2.2.4',
  'Open CASCADE STEP translator 7.9 2.2.4','',(#1973));
#1973 = PRODUCT_CONTEXT('',#2,'mechanical');
#1974 = PRODUCT_DEFINITION_CONTEXT('part definition',#2,'design');
#1975 = ADVANCED_BREP_SHAPE_REPRESENTATION('',(#11,#1976),#2306);
#1976 = MANIFOLD_SOLID_BREP('',#1977);
#1977 = CLOSED_SHELL('',(#1978,#2098,#2198,#2245,#2292,#2299));
#1978 = ADVANCED_FACE('',(#1979),#1993,.F.);
#1979 = FACE_BOUND('',#1980,.F.);
#1980 = EDGE_LOOP('',(#1981,#2016,#2044,#2072));
#1981 = ORIENTED_EDGE('',*,*,#1982,.F.);
#1982 = EDGE_CURVE('',#1983,#1985,#1987,.T.);
#1983 = VERTEX_POINT('',#1984);
#1984 = CARTESIAN_POINT('',(82.712246827348,21.992822119315,5.));
#1985 = VERTEX_POINT('',#1986);
#1986 = CARTESIAN_POINT('',(82.712246827348,21.992822119315,5.4));
#1987 = SURFACE_CURVE('',#1988,(#1992,#2004),.PCURVE_S1.);
#1988 = LINE('',#1989,#1990);
#1989 = CARTESIAN_POINT('',(82.712246827348,21.992822119315,5.));
#1990 = VECTOR('',#1991,1.);
#1991 = DIRECTION('',(0.,0.,1.));
#1992 = PCURVE('',#1993,#1998);
#1993 = PLANE('',#1994);
#1994 = AXIS2_PLACEMENT_3D('',#1995,#1996,#1997);
#1995 = CARTESIAN_POINT('',(82.712246827348,21.992822119315,5.));
#1996 = DIRECTION('',(0.929776485888,0.368124552685,0.));
#1997 = DIRECTION('',(0.,0.,1.));
#1998 = DEFINITIONAL_REPRESENTATION('',(#1999),#2003);
#1999 = LINE('',#2000,#2001);
#2000 = CARTESIAN_POINT('',(0.,0.));
#2001 = VECTOR('',#2002,1.);
#2002 = DIRECTION('',(1.,0.));
#2003 = ( GEOMETRIC_REPRESENTATION_CONTEXT(2) 
PARAMETRIC_REPRESENTATION_CONTEXT() REPRESENTATION_CONTEXT('2D SPACE',''
  ) );
#2004 = PCURVE('',#2005,#2010);
#2005 = PLANE('',#2006);
#2006 = AXIS2_PLACEMENT_3D('',#2007,#2008,#2009);
#2007 = CARTESIAN_POINT('',(82.712246827348,21.992822119315,5.));
#2008 = DIRECTION('',(-0.368124552685,0.929776485888,0.));
#2009 = DIRECTION('',(0.,0.,1.));
#2010 = DEFINITIONAL_REPRESENTATION('',(#2011),#2015);
#2011 = LINE('',#2012,#2013);
#2012 = CARTESIAN_POINT('',(0.,0.));
#2013 = VECTOR('',#2014,1.);
#2014 = DIRECTION('',(1.,0.));
#2015 = ( GEOMETRIC_REPRESENTATION_CONTEXT(2) 
PARAMETRIC_REPRESENTATION_CONTEXT() REPRESENTATION_CONTEXT('2D SPACE',''
  ) );
#2016 = ORIENTED_EDGE('',*,*,#2017,.T.);
#2017 = EDGE_CURVE('',#1983,#2018,#2020,.T.);
#2018 = VERTEX_POINT('',#2019);
#2019 = CARTESIAN_POINT('',(75.349755773655,40.58835183708,5.));
#2020 = SURFACE_CURVE('',#2021,(#2025,#2032),.PCURVE_S1.);
#2021 = LINE('',#2022,#2023);
#2022 = CARTESIAN_POINT('',(82.712246827348,21.992822119315,5.));
#2023 = VECTOR('',#2024,1.);
#2024 = DIRECTION('',(-0.368124552685,0.929776485888,0.));
#2025 = PCURVE('',#1993,#2026);
#2026 = DEFINITIONAL_REPRESENTATION('',(#2027),#2031);
#2027 = LINE('',#2028,#2029);
#2028 = CARTESIAN_POINT('',(0.,0.));
#2029 = VECTOR('',#2030,1.);
#2030 = DIRECTION('',(0.,-1.));
#2031 = ( GEOMETRIC_REPRESENTATION_CONTEXT(2) 
PARAMETRIC_REPRESENTATION_CONTEXT() REPRESENTATION_CONTEXT('2D SPACE',''
  ) );
#2032 = PCURVE('',#2033,#2038);
#2033 = PLANE('',#2034);
#2034 = AXIS2_PLACEMENT_3D('',#2035,#2036,#2037);
#2035 = CARTESIAN_POINT('',(82.712246827348,21.992822119315,5.));
#2036 = DIRECTION('',(0.,0.,1.));
#2037 = DIRECTION('',(0.929776485888,0.368124552685,0.));
#2038 = DEFINITIONAL_REPRESENTATION('',(#2039),#2043);
#2039 = LINE('',#2040,#2041);
#2040 = CARTESIAN_POINT('',(0.,0.));
#2041 = VECTOR('',#2042,1.);
#2042 = DIRECTION('',(0.,1.));
#2043 = ( GEOMETRIC_REPRESENTATION_CONTEXT(2) 
PARAMETRIC_REPRESENTATION_CONTEXT() REPRESENTATION_CONTEXT('2D SPACE',''
  ) );
#2044 = ORIENTED_EDGE('',*,*,#2045,.T.);
#2045 = EDGE_CURVE('',#2018,#2046,#2048,.T.);
#2046 = VERTEX_POINT('',#2047);
#2047 = CARTESIAN_POINT('',(75.349755773655,40.58835183708,5.4));
#2048 = SURFACE_CURVE('',#2049,(#2053,#2060),.PCURVE_S1.);
#2049 = LINE('',#2050,#2051);
#2050 = CARTESIAN_POINT('',(75.349755773655,40.58835183708,5.));
#2051 = VECTOR('',#2052,1.);
#2052 = DIRECTION('',(0.,0.,1.));
#2053 = PCURVE('',#1993,#2054);
#2054 = DEFINITIONAL_REPRESENTATION('',(#2055),#2059);
#2055 = LINE('',#2056,#2057);
#2056 = CARTESIAN_POINT('',(0.,-20.));
#2057 = VECTOR('',#2058,1.);
#2058 = DIRECTION('',(1.,0.));
#2059 = ( GEOMETRIC_REPRESENTATION_CONTEXT(2) 
PARAMETRIC_REPRESENTATION_CONTEXT() REPRESENTATION_CONTEXT('2D SPACE',''
  ) );
#2060 = PCURVE('',#2061,#2066);
#2061 = PLANE('',#2062);
#2062 = AXIS2_PLACEMENT_3D('',#2063,#2064,#2065);
#2063 = CARTESIAN_POINT('',(75.349755773655,40.58835183708,5.));
#2064 = DIRECTION('',(-0.368124552685,0.929776485888,0.));
#2065 = DIRECTION('',(0.,0.,1.));
#2066 = DEFINITIONAL_REPRESENTATION('',(#2067),#2071);
#2067 = LINE('',#2068,#2069);
#2068 = CARTESIAN_POINT('',(0.,0.));
#2069 = VECTOR('',#2070,1.);
#2070 = DIRECTION('',(1.,0.));
#2071 = ( GEOMETRIC_REPRESENTATION_CONTEXT(2) 
PARAMETRIC_REPRESENTATION_CONTEXT() REPRESENTATION_CONTEXT('2D SPACE',''
  ) );
#2072 = ORIENTED_EDGE('',*,*,#2073,.F.);
#2073 = EDGE_CURVE('',#1985,#2046,#2074,.T.);
#2074 = SURFACE_CURVE('',#2075,(#2079,#2086),.PCURVE_S1.);
#2075 = LINE('',#2076,#2077);
#2076 = CARTESIAN_POINT('',(82.712246827348,21.992822119315,5.4));
#2077 = VECTOR('',#2078,1.);
#2078 = DIRECTION('',(-0.368124552685,0.929776485888,0.));
#2079 = PCURVE('',#1993,#2080);
#2080 = DEFINITIONAL_REPRESENTATION('',(#2081),#2085);
#2081 = LINE('',#2082,#2083);
#2082 = CARTESIAN_POINT('',(0.4,0.));
#2083 = VECTOR('',#2084,1.);
#2084 = DIRECTION('',(0.,-1.));
#2085 = ( GEOMETRIC_REPRESENTATION_CONTEXT(2) 
PARAMETRIC_REPRESENTATION_CONTEXT() REPRESENTATION_CONTEXT('2D SPACE',''
  ) );
#2086 = PCURVE('',#2087,#2092);
#2087 = PLANE('',#2088);
#2088 = AXIS2_PLACEMENT_3D('',#2089,#2090,#2091);
#2089 = CARTESIAN_POINT('',(82.712246827348,21.992822119315,5.4));
#2090 = DIRECTION('',(0.,0.,1.));
#2091 = DIRECTION('',(0.929776485888,0.368124552685,0.));
#2092 = DEFINITIONAL_REPRESENTATION('',(#2093),#2097);
#2093 = LINE('',#2094,#2095);
#2094 = CARTESIAN_POINT('',(0.,0.));
#2095 = VECTOR('',#2096,1.);
#2096 = DIRECTION('',(0.,1.));
#2097 = ( GEOMETRIC_REPRESENTATION_CONTEXT(2) 
PARAMETRIC_REPRESENTATION_CONTEXT() REPRESENTATION_CONTEXT('2D SPACE',''
  ) );
#2098 = ADVANCED_FACE('',(#2099),#2113,.T.);
#2099 = FACE_BOUND('',#2100,.T.);
#2100 = EDGE_LOOP('',(#2101,#2131,#2154,#2177));
#2101 = ORIENTED_EDGE('',*,*,#2102,.F.);
#2102 = EDGE_CURVE('',#2103,#2105,#2107,.T.);
#2103 = VERTEX_POINT('',#2104);
#2104 = CARTESIAN_POINT('',(231.47648456946,80.892750548864,5.));
#2105 = VERTEX_POINT('',#2106);
#2106 = CARTESIAN_POINT('',(231.47648456946,80.892750548864,5.4));
#2107 = SURFACE_CURVE('',#2108,(#2112,#2124),.PCURVE_S1.);
#2108 = LINE('',#2109,#2110);
#2109 = CARTESIAN_POINT('',(231.47648456946,80.892750548864,5.));
#2110 = VECTOR('',#2111,1.);
#2111 = DIRECTION('',(0.,0.,1.));
#2112 = PCURVE('',#2113,#2118);
#2113 = PLANE('',#2114);
#2114 = AXIS2_PLACEMENT_3D('',#2115,#2116,#2117);
#2115 = CARTESIAN_POINT('',(231.47648456946,80.892750548864,5.));
#2116 = DIRECTION('',(0.929776485888,0.368124552685,0.));
#2117 = DIRECTION('',(0.,0.,1.));
#2118 = DEFINITIONAL_REPRESENTATION('',(#2119),#2123);
#2119 = LINE('',#2120,#2121);
#2120 = CARTESIAN_POINT('',(0.,0.));
#2121 = VECTOR('',#2122,1.);
#2122 = DIRECTION('',(1.,0.));
#2123 = ( GEOMETRIC_REPRESENTATION_CONTEXT(2) 
PARAMETRIC_REPRESENTATION_CONTEXT() REPRESENTATION_CONTEXT('2D SPACE',''
  ) );
#2124 = PCURVE('',#2005,#2125);
#2125 = DEFINITIONAL_REPRESENTATION('',(#2126),#2130);
#2126 = LINE('',#2127,#2128);
#2127 = CARTESIAN_POINT('',(0.,160.));
#2128 = VECTOR('',#2129,1.);
#2129 = DIRECTION('',(1.,0.));
#2130 = ( GEOMETRIC_REPRESENTATION_CONTEXT(2) 
PARAMETRIC_REPRESENTATION_CONTEXT() REPRESENTATION_CONTEXT('2D SPACE',''
  ) );
#2131 = ORIENTED_EDGE('',*,*,#2132,.T.);
#2132 = EDGE_CURVE('',#2103,#2133,#2135,.T.);
#2133 = VERTEX_POINT('',#2134);
#2134 = CARTESIAN_POINT('',(224.11399351577,99.488280266629,5.));
#2135 = SURFACE_CURVE('',#2136,(#2140,#2147),.PCURVE_S1.);
#2136 = LINE('',#2137,#2138);
#2137 = CARTESIAN_POINT('',(231.47648456946,80.892750548864,5.));
#2138 = VECTOR('',#2139,1.);
#2139 = DIRECTION('',(-0.368124552685,0.929776485888,0.));
#2140 = PCURVE('',#2113,#2141);
#2141 = DEFINITIONAL_REPRESENTATION('',(#2142),#2146);
#2142 = LINE('',#2143,#2144);
#2143 = CARTESIAN_POINT('',(0.,0.));
#2144 = VECTOR('',#2145,1.);
#2145 = DIRECTION('',(0.,-1.));
#2146 = ( GEOMETRIC_REPRESENTATION_CONTEXT(2) 
PARAMETRIC_REPRESENTATION_CONTEXT() REPRESENTATION_CONTEXT('2D SPACE',''
  ) );
#2147 = PCURVE('',#2033,#2148);
#2148 = DEFINITIONAL_REPRESENTATION('',(#2149),#2153);
#2149 = LINE('',#2150,#2151);
#2150 = CARTESIAN_POINT('',(160.,0.));
#2151 = VECTOR('',#2152,1.);
#2152 = DIRECTION('',(0.,1.));
#2153 = ( GEOMETRIC_REPRESENTATION_CONTEXT(2) 
PARAMETRIC_REPRESENTATION_CONTEXT() REPRESENTATION_CONTEXT('2D SPACE',''
  ) );
#2154 = ORIENTED_EDGE('',*,*,#2155,.T.);
#2155 = EDGE_CURVE('',#2133,#2156,#2158,.T.);
#2156 = VERTEX_POINT('',#2157);
#2157 = CARTESIAN_POINT('',(224.11399351577,99.488280266629,5.4));
#2158 = SURFACE_CURVE('',#2159,(#2163,#2170),.PCURVE_S1.);
#2159 = LINE('',#2160,#2161);
#2160 = CARTESIAN_POINT('',(224.11399351577,99.488280266629,5.));
#2161 = VECTOR('',#2162,1.);
#2162 = DIRECTION('',(0.,0.,1.));
#2163 = PCURVE('',#2113,#2164);
#2164 = DEFINITIONAL_REPRESENTATION('',(#2165),#2169);
#2165 = LINE('',#2166,#2167);
#2166 = CARTESIAN_POINT('',(0.,-20.));
#2167 = VECTOR('',#2168,1.);
#2168 = DIRECTION('',(1.,0.));
#2169 = ( GEOMETRIC_REPRESENTATION_CONTEXT(2) 
PARAMETRIC_REPRESENTATION_CONTEXT() REPRESENTATION_CONTEXT('2D SPACE',''
  ) );
#2170 = PCURVE('',#2061,#2171);
#2171 = DEFINITIONAL_REPRESENTATION('',(#2172),#2176);
#2172 = LINE('',#2173,#2174);
#2173 = CARTESIAN_POINT('',(0.,160.));
#2174 = VECTOR('',#2175,1.);
#2175 = DIRECTION('',(1.,0.));
#2176 = ( GEOMETRIC_REPRESENTATION_CONTEXT(2) 
PARAMETRIC_REPRESENTATION_CONTEXT() REPRESENTATION_CONTEXT('2D SPACE',''
  ) );
#2177 = ORIENTED_EDGE('',*,*,#2178,.F.);
#2178 = EDGE_CURVE('',#2105,#2156,#2179,.T.);
#2179 = SURFACE_CURVE('',#2180,(#2184,#2191),.PCURVE_S1.);
#2180 = LINE('',#2181,#2182);
#2181 = CARTESIAN_POINT('',(231.47648456946,80.892750548864,5.4));
#2182 = VECTOR('',#2183,1.);
#2183 = DIRECTION('',(-0.368124552685,0.929776485888,0.));
#2184 = PCURVE('',#2113,#2185);
#2185 = DEFINITIONAL_REPRESENTATION('',(#2186),#2190);
#2186 = LINE('',#2187,#2188);
#2187 = CARTESIAN_POINT('',(0.4,0.));
#2188 = VECTOR('',#2189,1.);
#2189 = DIRECTION('',(0.,-1.));
#2190 = ( GEOMETRIC_REPRESENTATION_CONTEXT(2) 
PARAMETRIC_REPRESENTATION_CONTEXT() REPRESENTATION_CONTEXT('2D SPACE',''
  ) );
#2191 = PCURVE('',#2087,#2192);
#2192 = DEFINITIONAL_REPRESENTATION('',(#2193),#2197);
#2193 = LINE('',#2194,#2195);
#2194 = CARTESIAN_POINT('',(160.,0.));
#2195 = VECTOR('',#2196,1.);
#2196 = DIRECTION('',(0.,1.));
#2197 = ( GEOMETRIC_REPRESENTATION_CONTEXT(2) 
PARAMETRIC_REPRESENTATION_CONTEXT() REPRESENTATION_CONTEXT('2D SPACE',''
  ) );
#2198 = ADVANCED_FACE('',(#2199),#2005,.F.);
#2199 = FACE_BOUND('',#2200,.F.);
#2200 = EDGE_LOOP('',(#2201,#2222,#2223,#2244));
#2201 = ORIENTED_EDGE('',*,*,#2202,.F.);
#2202 = EDGE_CURVE('',#1983,#2103,#2203,.T.);
#2203 = SURFACE_CURVE('',#2204,(#2208,#2215),.PCURVE_S1.);
#2204 = LINE('',#2205,#2206);
#2205 = CARTESIAN_POINT('',(82.712246827348,21.992822119315,5.));
#2206 = VECTOR('',#2207,1.);
#2207 = DIRECTION('',(0.929776485888,0.368124552685,0.));
#2208 = PCURVE('',#2005,#2209);
#2209 = DEFINITIONAL_REPRESENTATION('',(#2210),#2214);
#2210 = LINE('',#2211,#2212);
#2211 = CARTESIAN_POINT('',(0.,0.));
#2212 = VECTOR('',#2213,1.);
#2213 = DIRECTION('',(0.,1.));
#2214 = ( GEOMETRIC_REPRESENTATION_CONTEXT(2) 
PARAMETRIC_REPRESENTATION_CONTEXT() REPRESENTATION_CONTEXT('2D SPACE',''
  ) );
#2215 = PCURVE('',#2033,#2216);
#2216 = DEFINITIONAL_REPRESENTATION('',(#2217),#2221);
#2217 = LINE('',#2218,#2219);
#2218 = CARTESIAN_POINT('',(0.,0.));
#2219 = VECTOR('',#2220,1.);
#2220 = DIRECTION('',(1.,0.));
#2221 = ( GEOMETRIC_REPRESENTATION_CONTEXT(2) 
PARAMETRIC_REPRESENTATION_CONTEXT() REPRESENTATION_CONTEXT('2D SPACE',''
  ) );
#2222 = ORIENTED_EDGE('',*,*,#1982,.T.);
#2223 = ORIENTED_EDGE('',*,*,#2224,.T.);
#2224 = EDGE_CURVE('',#1985,#2105,#2225,.T.);
#2225 = SURFACE_CURVE('',#2226,(#2230,#2237),.PCURVE_S1.);
#2226 = LINE('',#2227,#2228);
#2227 = CARTESIAN_POINT('',(82.712246827348,21.992822119315,5.4));
#2228 = VECTOR('',#2229,1.);
#2229 = DIRECTION('',(0.929776485888,0.368124552685,0.));
#2230 = PCURVE('',#2005,#2231);
#2231 = DEFINITIONAL_REPRESENTATION('',(#2232),#2236);
#2232 = LINE('',#2233,#2234);
#2233 = CARTESIAN_POINT('',(0.4,0.));
#2234 = VECTOR('',#2235,1.);
#2235 = DIRECTION('',(0.,1.));
#2236 = ( GEOMETRIC_REPRESENTATION_CONTEXT(2) 
PARAMETRIC_REPRESENTATION_CONTEXT() REPRESENTATION_CONTEXT('2D SPACE',''
  ) );
#2237 = PCURVE('',#2087,#2238);
#2238 = DEFINITIONAL_REPRESENTATION('',(#2239),#2243);
#2239 = LINE('',#2240,#2241);
#2240 = CARTESIAN_POINT('',(0.,0.));
#2241 = VECTOR('',#2242,1.);
#2242 = DIRECTION('',(1.,0.));
#2243 = ( GEOMETRIC_REPRESENTATION_CONTEXT(2) 
PARAMETRIC_REPRESENTATION_CONTEXT() REPRESENTATION_CONTEXT('2D SPACE',''
  ) );
#2244 = ORIENTED_EDGE('',*,*,#2102,.F.);
#2245 = ADVANCED_FACE('',(#2246),#2061,.T.);
#2246 = FACE_BOUND('',#2247,.T.);
#2247 = EDGE_LOOP('',(#2248,#2269,#2270,#2291));
#2248 = ORIENTED_EDGE('',*,*,#2249,.F.);
#2249 = EDGE_CURVE('',#2018,#2133,#2250,.T.);
#2250 = SURFACE_CURVE('',#2251,(#2255,#2262),.PCURVE_S1.);
#2251 = LINE('',#2252,#2253);
#2252 = CARTESIAN_POINT('',(75.349755773655,40.58835183708,5.));
#2253 = VECTOR('',#2254,1.);
#2254 = DIRECTION('',(0.929776485888,0.368124552685,0.));
#2255 = PCURVE('',#2061,#2256);
#2256 = DEFINITIONAL_REPRESENTATION('',(#2257),#2261);
#2257 = LINE('',#2258,#2259);
#2258 = CARTESIAN_POINT('',(0.,0.));
#2259 = VECTOR('',#2260,1.);
#2260 = DIRECTION('',(0.,1.));
#2261 = ( GEOMETRIC_REPRESENTATION_CONTEXT(2) 
PARAMETRIC_REPRESENTATION_CONTEXT() REPRESENTATION_CONTEXT('2D SPACE',''
  ) );
#2262 = PCURVE('',#2033,#2263);
#2263 = DEFINITIONAL_REPRESENTATION('',(#2264),#2268);
#2264 = LINE('',#2265,#2266);
#2265 = CARTESIAN_POINT('',(-8.881784197001E-16,20.));
#2266 = VECTOR('',#2267,1.);
#2267 = DIRECTION('',(1.,0.));
#2268 = ( GEOMETRIC_REPRESENTATION_CONTEXT(2) 
PARAMETRIC_REPRESENTATION_CONTEXT() REPRESENTATION_CONTEXT('2D SPACE',''
  ) );
#2269 = ORIENTED_EDGE('',*,*,#2045,.T.);
#2270 = ORIENTED_EDGE('',*,*,#2271,.T.);
#2271 = EDGE_CURVE('',#2046,#2156,#2272,.T.);
#2272 = SURFACE_CURVE('',#2273,(#2277,#2284),.PCURVE_S1.);
#2273 = LINE('',#2274,#2275);
#2274 = CARTESIAN_POINT('',(75.349755773655,40.58835183708,5.4));
#2275 = VECTOR('',#2276,1.);
#2276 = DIRECTION('',(0.929776485888,0.368124552685,0.));
#2277 = PCURVE('',#2061,#2278);
#2278 = DEFINITIONAL_REPRESENTATION('',(#2279),#2283);
#2279 = LINE('',#2280,#2281);
#2280 = CARTESIAN_POINT('',(0.4,0.));
#2281 = VECTOR('',#2282,1.);
#2282 = DIRECTION('',(0.,1.));
#2283 = ( GEOMETRIC_REPRESENTATION_CONTEXT(2) 
PARAMETRIC_REPRESENTATION_CONTEXT() REPRESENTATION_CONTEXT('2D SPACE',''
  ) );
#2284 = PCURVE('',#2087,#2285);
#2285 = DEFINITIONAL_REPRESENTATION('',(#2286),#2290);
#2286 = LINE('',#2287,#2288);
#2287 = CARTESIAN_POINT('',(-8.881784197001E-16,20.));
#2288 = VECTOR('',#2289,1.);
#2289 = DIRECTION('',(1.,0.));
#2290 = ( GEOMETRIC_REPRESENTATION_CONTEXT(2) 
PARAMETRIC_REPRESENTATION_CONTEXT() REPRESENTATION_CONTEXT('2D SPACE',''
  ) );
#2291 = ORIENTED_EDGE('',*,*,#2155,.F.);
#2292 = ADVANCED_FACE('',(#2293),#2033,.F.);
#2293 = FACE_BOUND('',#2294,.F.);
#2294 = EDGE_LOOP('',(#2295,#2296,#2297,#2298));
#2295 = ORIENTED_EDGE('',*,*,#2017,.F.);
#2296 = ORIENTED_EDGE('',*,*,#2202,.T.);
#2297 = ORIENTED_EDGE('',*,*,#2132,.T.);
#2298 = ORIENTED_EDGE('',*,*,#2249,.F.);
#2299 = ADVANCED_FACE('',(#2300),#2087,.T.);
#2300 = FACE_BOUND('',#2301,.T.);
#2301 = EDGE_LOOP('',(#2302,#2303,#2304,#2305));
#2302 = ORIENTED_EDGE('',*,*,#2073,.F.);
#2303 = ORIENTED_EDGE('',*,*,#2224,.T.);
#2304 = ORIENTED_EDGE('',*,*,#2178,.T.);
#2305 = ORIENTED_EDGE('',*,*,#2271,.F.);
#2306 = ( GEOMETRIC_REPRESENTATION_CONTEXT(3) 
GLOBAL_UNCERTAINTY_ASSIGNED_CONTEXT((#2310)) 
GLOBAL_UNIT_ASSIGNED_CONTEXT((#2307,#2308,#2309)) REPRESENTATION_CONTEXT
('Context #1','3D Context with UNIT and UNCERTAINTY') );
#2307 = ( LENGTH_UNIT() NAMED_UNIT(*) SI_UNIT(.MILLI.,.METRE.) );
#2308 = ( NAMED_UNIT(*) PLANE_ANGLE_UNIT() SI_UNIT($,.RADIAN.) );
#2309 = ( NAMED_UNIT(*) SI_UNIT($,.STERADIAN.) SOLID_ANGLE_UNIT() );
#2310 = UNCERTAINTY_MEASURE_WITH_UNIT(LENGTH_MEASURE(1.E-07),#2307,
  'distance_accuracy_value','confusion accuracy');
#2311 = CONTEXT_DEPENDENT_SHAPE_REPRESENTATION(#2312,#2314);
#2312 = ( REPRESENTATION_RELATIONSHIP('','',#1975,#709) 
REPRESENTATION_RELATIONSHIP_WITH_TRANSFORMATION(#2313) 
SHAPE_REPRESENTATION_RELATIONSHIP() );
#2313 = ITEM_DEFINED_TRANSFORMATION('','',#11,#722);
#2314 = PRODUCT_DEFINITION_SHAPE('Placement','Placement of an item',
  #2315);
#2315 = NEXT_ASSEMBLY_USAGE_OCCURRENCE('12','','',#704,#1970,$);
#2316 = PRODUCT_RELATED_PRODUCT_CATEGORY('part',$,(#1972));
#2317 = SHAPE_DEFINITION_REPRESENTATION(#2318,#2324);
#2318 = PRODUCT_DEFINITION_SHAPE('','',#2319);
#2319 = PRODUCT_DEFINITION('design','',#2320,#2323);
#2320 = PRODUCT_DEFINITION_FORMATION('','',#2321);
#2321 = PRODUCT('Open CASCADE STEP translator 7.9 2.2.5',
  'Open CASCADE STEP translator 7.9 2.2.5','',(#2322));
#2322 = PRODUCT_CONTEXT('',#2,'mechanical');
#2323 = PRODUCT_DEFINITION_CONTEXT('part definition',#2,'design');
#2324 = ADVANCED_BREP_SHAPE_REPRESENTATION('',(#11,#2325),#2655);
#2325 = MANIFOLD_SOLID_BREP('',#2326);
#2326 = CLOSED_SHELL('',(#2327,#2447,#2547,#2594,#2641,#2648));
#2327 = ADVANCED_FACE('',(#2328),#2342,.F.);
#2328 = FACE_BOUND('',#2329,.F.);
#2329 = EDGE_LOOP('',(#2330,#2365,#2393,#2421));
#2330 = ORIENTED_EDGE('',*,*,#2331,.F.);
#2331 = EDGE_CURVE('',#2332,#2334,#2336,.T.);
#2332 = VERTEX_POINT('',#2333);
#2333 = CARTESIAN_POINT('',(79.303604544746,32.185995498207,5.));
#2334 = VERTEX_POINT('',#2335);
#2335 = CARTESIAN_POINT('',(79.303604544746,32.185995498207,5.4));
#2336 = SURFACE_CURVE('',#2337,(#2341,#2353),.PCURVE_S1.);
#2337 = LINE('',#2338,#2339);
#2338 = CARTESIAN_POINT('',(79.303604544746,32.185995498207,5.));
#2339 = VECTOR('',#2340,1.);
#2340 = DIRECTION('',(0.,0.,1.));
#2341 = PCURVE('',#2342,#2347);
#2342 = PLANE('',#2343);
#2343 = AXIS2_PLACEMENT_3D('',#2344,#2345,#2346);
#2344 = CARTESIAN_POINT('',(79.303604544746,32.185995498207,5.));
#2345 = DIRECTION('',(0.876306680044,0.481753674102,0.));
#2346 = DIRECTION('',(0.,0.,1.));
#2347 = DEFINITIONAL_REPRESENTATION('',(#2348),#2352);
#2348 = LINE('',#2349,#2350);
#2349 = CARTESIAN_POINT('',(0.,0.));
#2350 = VECTOR('',#2351,1.);
#2351 = DIRECTION('',(1.,0.));
#2352 = ( GEOMETRIC_REPRESENTATION_CONTEXT(2) 
PARAMETRIC_REPRESENTATION_CONTEXT() REPRESENTATION_CONTEXT('2D SPACE',''
  ) );
#2353 = PCURVE('',#2354,#2359);
#2354 = PLANE('',#2355);
#2355 = AXIS2_PLACEMENT_3D('',#2356,#2357,#2358);
#2356 = CARTESIAN_POINT('',(79.303604544746,32.185995498207,5.));
#2357 = DIRECTION('',(-0.481753674102,0.876306680044,0.));
#2358 = DIRECTION('',(0.,0.,1.));
#2359 = DEFINITIONAL_REPRESENTATION('',(#2360),#2364);
#2360 = LINE('',#2361,#2362);
#2361 = CARTESIAN_POINT('',(0.,0.));
#2362 = VECTOR('',#2363,1.);
#2363 = DIRECTION('',(1.,0.));
#2364 = ( GEOMETRIC_REPRESENTATION_CONTEXT(2) 
PARAMETRIC_REPRESENTATION_CONTEXT() REPRESENTATION_CONTEXT('2D SPACE',''
  ) );
#2365 = ORIENTED_EDGE('',*,*,#2366,.T.);
#2366 = EDGE_CURVE('',#2332,#2367,#2369,.T.);
#2367 = VERTEX_POINT('',#2368);
#2368 = CARTESIAN_POINT('',(69.668531062711,49.712129099084,5.));
#2369 = SURFACE_CURVE('',#2370,(#2374,#2381),.PCURVE_S1.);
#2370 = LINE('',#2371,#2372);
#2371 = CARTESIAN_POINT('',(79.303604544746,32.185995498207,5.));
#2372 = VECTOR('',#2373,1.);
#2373 = DIRECTION('',(-0.481753674102,0.876306680044,0.));
#2374 = PCURVE('',#2342,#2375);
#2375 = DEFINITIONAL_REPRESENTATION('',(#2376),#2380);
#2376 = LINE('',#2377,#2378);
#2377 = CARTESIAN_POINT('',(0.,0.));
#2378 = VECTOR('',#2379,1.);
#2379 = DIRECTION('',(0.,-1.));
#2380 = ( GEOMETRIC_REPRESENTATION_CONTEXT(2) 
PARAMETRIC_REPRESENTATION_CONTEXT() REPRESENTATION_CONTEXT('2D SPACE',''
  ) );
#2381 = PCURVE('',#2382,#2387);
#2382 = PLANE('',#2383);
#2383 = AXIS2_PLACEMENT_3D('',#2384,#2385,#2386);
#2384 = CARTESIAN_POINT('',(79.303604544746,32.185995498207,5.));
#2385 = DIRECTION('',(0.,0.,1.));
#2386 = DIRECTION('',(0.876306680044,0.481753674102,0.));
#2387 = DEFINITIONAL_REPRESENTATION('',(#2388),#2392);
#2388 = LINE('',#2389,#2390);
#2389 = CARTESIAN_POINT('',(0.,0.));
#2390 = VECTOR('',#2391,1.);
#2391 = DIRECTION('',(0.,1.));
#2392 = ( GEOMETRIC_REPRESENTATION_CONTEXT(2) 
PARAMETRIC_REPRESENTATION_CONTEXT() REPRESENTATION_CONTEXT('2D SPACE',''
  ) );
#2393 = ORIENTED_EDGE('',*,*,#2394,.T.);
#2394 = EDGE_CURVE('',#2367,#2395,#2397,.T.);
#2395 = VERTEX_POINT('',#2396);
#2396 = CARTESIAN_POINT('',(69.668531062711,49.712129099084,5.4));
#2397 = SURFACE_CURVE('',#2398,(#2402,#2409),.PCURVE_S1.);
#2398 = LINE('',#2399,#2400);
#2399 = CARTESIAN_POINT('',(69.668531062711,49.712129099084,5.));
#2400 = VECTOR('',#2401,1.);
#2401 = DIRECTION('',(0.,0.,1.));
#2402 = PCURVE('',#2342,#2403);
#2403 = DEFINITIONAL_REPRESENTATION('',(#2404),#2408);
#2404 = LINE('',#2405,#2406);
#2405 = CARTESIAN_POINT('',(0.,-20.));
#2406 = VECTOR('',#2407,1.);
#2407 = DIRECTION('',(1.,0.));
#2408 = ( GEOMETRIC_REPRESENTATION_CONTEXT(2) 
PARAMETRIC_REPRESENTATION_CONTEXT() REPRESENTATION_CONTEXT('2D SPACE',''
  ) );
#2409 = PCURVE('',#2410,#2415);
#2410 = PLANE('',#2411);
#2411 = AXIS2_PLACEMENT_3D('',#2412,#2413,#2414);
#2412 = CARTESIAN_POINT('',(69.668531062711,49.712129099084,5.));
#2413 = DIRECTION('',(-0.481753674102,0.876306680044,0.));
#2414 = DIRECTION('',(0.,0.,1.));
#2415 = DEFINITIONAL_REPRESENTATION('',(#2416),#2420);
#2416 = LINE('',#2417,#2418);
#2417 = CARTESIAN_POINT('',(0.,0.));
#2418 = VECTOR('',#2419,1.);
#2419 = DIRECTION('',(1.,0.));
#2420 = ( GEOMETRIC_REPRESENTATION_CONTEXT(2) 
PARAMETRIC_REPRESENTATION_CONTEXT() REPRESENTATION_CONTEXT('2D SPACE',''
  ) );
#2421 = ORIENTED_EDGE('',*,*,#2422,.F.);
#2422 = EDGE_CURVE('',#2334,#2395,#2423,.T.);
#2423 = SURFACE_CURVE('',#2424,(#2428,#2435),.PCURVE_S1.);
#2424 = LINE('',#2425,#2426);
#2425 = CARTESIAN_POINT('',(79.303604544746,32.185995498207,5.4));
#2426 = VECTOR('',#2427,1.);
#2427 = DIRECTION('',(-0.481753674102,0.876306680044,0.));
#2428 = PCURVE('',#2342,#2429);
#2429 = DEFINITIONAL_REPRESENTATION('',(#2430),#2434);
#2430 = LINE('',#2431,#2432);
#2431 = CARTESIAN_POINT('',(0.4,0.));
#2432 = VECTOR('',#2433,1.);
#2433 = DIRECTION('',(0.,-1.));
#2434 = ( GEOMETRIC_REPRESENTATION_CONTEXT(2) 
PARAMETRIC_REPRESENTATION_CONTEXT() REPRESENTATION_CONTEXT('2D SPACE',''
  ) );
#2435 = PCURVE('',#2436,#2441);
#2436 = PLANE('',#2437);
#2437 = AXIS2_PLACEMENT_3D('',#2438,#2439,#2440);
#2438 = CARTESIAN_POINT('',(79.303604544746,32.185995498207,5.4));
#2439 = DIRECTION('',(0.,0.,1.));
#2440 = DIRECTION('',(0.876306680044,0.481753674102,0.));
#2441 = DEFINITIONAL_REPRESENTATION('',(#2442),#2446);
#2442 = LINE('',#2443,#2444);
#2443 = CARTESIAN_POINT('',(0.,0.));
#2444 = VECTOR('',#2445,1.);
#2445 = DIRECTION('',(0.,1.));
#2446 = ( GEOMETRIC_REPRESENTATION_CONTEXT(2) 
PARAMETRIC_REPRESENTATION_CONTEXT() REPRESENTATION_CONTEXT('2D SPACE',''
  ) );
#2447 = ADVANCED_FACE('',(#2448),#2462,.T.);
#2448 = FACE_BOUND('',#2449,.T.);
#2449 = EDGE_LOOP('',(#2450,#2480,#2503,#2526));
#2450 = ORIENTED_EDGE('',*,*,#2451,.F.);
#2451 = EDGE_CURVE('',#2452,#2454,#2456,.T.);
#2452 = VERTEX_POINT('',#2453);
#2453 = CARTESIAN_POINT('',(219.51267335176,109.26658335448,5.));
#2454 = VERTEX_POINT('',#2455);
#2455 = CARTESIAN_POINT('',(219.51267335176,109.26658335448,5.4));
#2456 = SURFACE_CURVE('',#2457,(#2461,#2473),.PCURVE_S1.);
#2457 = LINE('',#2458,#2459);
#2458 = CARTESIAN_POINT('',(219.51267335176,109.26658335448,5.));
#2459 = VECTOR('',#2460,1.);
#2460 = DIRECTION('',(0.,0.,1.));
#2461 = PCURVE('',#2462,#2467);
#2462 = PLANE('',#2463);
#2463 = AXIS2_PLACEMENT_3D('',#2464,#2465,#2466);
#2464 = CARTESIAN_POINT('',(219.51267335176,109.26658335448,5.));
#2465 = DIRECTION('',(0.876306680044,0.481753674102,0.));
#2466 = DIRECTION('',(0.,0.,1.));
#2467 = DEFINITIONAL_REPRESENTATION('',(#2468),#2472);
#2468 = LINE('',#2469,#2470);
#2469 = CARTESIAN_POINT('',(0.,0.));
#2470 = VECTOR('',#2471,1.);
#2471 = DIRECTION('',(1.,0.));
#2472 = ( GEOMETRIC_REPRESENTATION_CONTEXT(2) 
PARAMETRIC_REPRESENTATION_CONTEXT() REPRESENTATION_CONTEXT('2D SPACE',''
  ) );
#2473 = PCURVE('',#2354,#2474);
#2474 = DEFINITIONAL_REPRESENTATION('',(#2475),#2479);
#2475 = LINE('',#2476,#2477);
#2476 = CARTESIAN_POINT('',(0.,160.));
#2477 = VECTOR('',#2478,1.);
#2478 = DIRECTION('',(1.,0.));
#2479 = ( GEOMETRIC_REPRESENTATION_CONTEXT(2) 
PARAMETRIC_REPRESENTATION_CONTEXT() REPRESENTATION_CONTEXT('2D SPACE',''
  ) );
#2480 = ORIENTED_EDGE('',*,*,#2481,.T.);
#2481 = EDGE_CURVE('',#2452,#2482,#2484,.T.);
#2482 = VERTEX_POINT('',#2483);
#2483 = CARTESIAN_POINT('',(209.87759986972,126.79271695535,5.));
#2484 = SURFACE_CURVE('',#2485,(#2489,#2496),.PCURVE_S1.);
#2485 = LINE('',#2486,#2487);
#2486 = CARTESIAN_POINT('',(219.51267335176,109.26658335448,5.));
#2487 = VECTOR('',#2488,1.);
#2488 = DIRECTION('',(-0.481753674102,0.876306680044,0.));
#2489 = PCURVE('',#2462,#2490);
#2490 = DEFINITIONAL_REPRESENTATION('',(#2491),#2495);
#2491 = LINE('',#2492,#2493);
#2492 = CARTESIAN_POINT('',(0.,0.));
#2493 = VECTOR('',#2494,1.);
#2494 = DIRECTION('',(0.,-1.));
#2495 = ( GEOMETRIC_REPRESENTATION_CONTEXT(2) 
PARAMETRIC_REPRESENTATION_CONTEXT() REPRESENTATION_CONTEXT('2D SPACE',''
  ) );
#2496 = PCURVE('',#2382,#2497);
#2497 = DEFINITIONAL_REPRESENTATION('',(#2498),#2502);
#2498 = LINE('',#2499,#2500);
#2499 = CARTESIAN_POINT('',(160.,-1.42108547152E-14));
#2500 = VECTOR('',#2501,1.);
#2501 = DIRECTION('',(0.,1.));
#2502 = ( GEOMETRIC_REPRESENTATION_CONTEXT(2) 
PARAMETRIC_REPRESENTATION_CONTEXT() REPRESENTATION_CONTEXT('2D SPACE',''
  ) );
#2503 = ORIENTED_EDGE('',*,*,#2504,.T.);
#2504 = EDGE_CURVE('',#2482,#2505,#2507,.T.);
#2505 = VERTEX_POINT('',#2506);
#2506 = CARTESIAN_POINT('',(209.87759986972,126.79271695535,5.4));
#2507 = SURFACE_CURVE('',#2508,(#2512,#2519),.PCURVE_S1.);
#2508 = LINE('',#2509,#2510);
#2509 = CARTESIAN_POINT('',(209.87759986972,126.79271695535,5.));
#2510 = VECTOR('',#2511,1.);
#2511 = DIRECTION('',(0.,0.,1.));
#2512 = PCURVE('',#2462,#2513);
#2513 = DEFINITIONAL_REPRESENTATION('',(#2514),#2518);
#2514 = LINE('',#2515,#2516);
#2515 = CARTESIAN_POINT('',(0.,-20.));
#2516 = VECTOR('',#2517,1.);
#2517 = DIRECTION('',(1.,0.));
#2518 = ( GEOMETRIC_REPRESENTATION_CONTEXT(2) 
PARAMETRIC_REPRESENTATION_CONTEXT() REPRESENTATION_CONTEXT('2D SPACE',''
  ) );
#2519 = PCURVE('',#2410,#2520);
#2520 = DEFINITIONAL_REPRESENTATION('',(#2521),#2525);
#2521 = LINE('',#2522,#2523);
#2522 = CARTESIAN_POINT('',(0.,160.));
#2523 = VECTOR('',#2524,1.);
#2524 = DIRECTION('',(1.,0.));
#2525 = ( GEOMETRIC_REPRESENTATION_CONTEXT(2) 
PARAMETRIC_REPRESENTATION_CONTEXT() REPRESENTATION_CONTEXT('2D SPACE',''
  ) );
#2526 = ORIENTED_EDGE('',*,*,#2527,.F.);
#2527 = EDGE_CURVE('',#2454,#2505,#2528,.T.);
#2528 = SURFACE_CURVE('',#2529,(#2533,#2540),.PCURVE_S1.);
#2529 = LINE('',#2530,#2531);
#2530 = CARTESIAN_POINT('',(219.51267335176,109.26658335448,5.4));
#2531 = VECTOR('',#2532,1.);
#2532 = DIRECTION('',(-0.481753674102,0.876306680044,0.));
#2533 = PCURVE('',#2462,#2534);
#2534 = DEFINITIONAL_REPRESENTATION('',(#2535),#2539);
#2535 = LINE('',#2536,#2537);
#2536 = CARTESIAN_POINT('',(0.4,0.));
#2537 = VECTOR('',#2538,1.);
#2538 = DIRECTION('',(0.,-1.));
#2539 = ( GEOMETRIC_REPRESENTATION_CONTEXT(2) 
PARAMETRIC_REPRESENTATION_CONTEXT() REPRESENTATION_CONTEXT('2D SPACE',''
  ) );
#2540 = PCURVE('',#2436,#2541);
#2541 = DEFINITIONAL_REPRESENTATION('',(#2542),#2546);
#2542 = LINE('',#2543,#2544);
#2543 = CARTESIAN_POINT('',(160.,-1.42108547152E-14));
#2544 = VECTOR('',#2545,1.);
#2545 = DIRECTION('',(0.,1.));
#2546 = ( GEOMETRIC_REPRESENTATION_CONTEXT(2) 
PARAMETRIC_REPRESENTATION_CONTEXT() REPRESENTATION_CONTEXT('2D SPACE',''
  ) );
#2547 = ADVANCED_FACE('',(#2548),#2354,.F.);
#2548 = FACE_BOUND('',#2549,.F.);
#2549 = EDGE_LOOP('',(#2550,#2571,#2572,#2593));
#2550 = ORIENTED_EDGE('',*,*,#2551,.F.);
#2551 = EDGE_CURVE('',#2332,#2452,#2552,.T.);
#2552 = SURFACE_CURVE('',#2553,(#2557,#2564),.PCURVE_S1.);
#2553 = LINE('',#2554,#2555);
#2554 = CARTESIAN_POINT('',(79.303604544746,32.185995498207,5.));
#2555 = VECTOR('',#2556,1.);
#2556 = DIRECTION('',(0.876306680044,0.481753674102,0.));
#2557 = PCURVE('',#2354,#2558);
#2558 = DEFINITIONAL_REPRESENTATION('',(#2559),#2563);
#2559 = LINE('',#2560,#2561);
#2560 = CARTESIAN_POINT('',(0.,0.));
#2561 = VECTOR('',#2562,1.);
#2562 = DIRECTION('',(0.,1.));
#2563 = ( GEOMETRIC_REPRESENTATION_CONTEXT(2) 
PARAMETRIC_REPRESENTATION_CONTEXT() REPRESENTATION_CONTEXT('2D SPACE',''
  ) );
#2564 = PCURVE('',#2382,#2565);
#2565 = DEFINITIONAL_REPRESENTATION('',(#2566),#2570);
#2566 = LINE('',#2567,#2568);
#2567 = CARTESIAN_POINT('',(0.,0.));
#2568 = VECTOR('',#2569,1.);
#2569 = DIRECTION('',(1.,0.));
#2570 = ( GEOMETRIC_REPRESENTATION_CONTEXT(2) 
PARAMETRIC_REPRESENTATION_CONTEXT() REPRESENTATION_CONTEXT('2D SPACE',''
  ) );
#2571 = ORIENTED_EDGE('',*,*,#2331,.T.);
#2572 = ORIENTED_EDGE('',*,*,#2573,.T.);
#2573 = EDGE_CURVE('',#2334,#2454,#2574,.T.);
#2574 = SURFACE_CURVE('',#2575,(#2579,#2586),.PCURVE_S1.);
#2575 = LINE('',#2576,#2577);
#2576 = CARTESIAN_POINT('',(79.303604544746,32.185995498207,5.4));
#2577 = VECTOR('',#2578,1.);
#2578 = DIRECTION('',(0.876306680044,0.481753674102,0.));
#2579 = PCURVE('',#2354,#2580);
#2580 = DEFINITIONAL_REPRESENTATION('',(#2581),#2585);
#2581 = LINE('',#2582,#2583);
#2582 = CARTESIAN_POINT('',(0.4,0.));
#2583 = VECTOR('',#2584,1.);
#2584 = DIRECTION('',(0.,1.));
#2585 = ( GEOMETRIC_REPRESENTATION_CONTEXT(2) 
PARAMETRIC_REPRESENTATION_CONTEXT() REPRESENTATION_CONTEXT('2D SPACE',''
  ) );
#2586 = PCURVE('',#2436,#2587);
#2587 = DEFINITIONAL_REPRESENTATION('',(#2588),#2592);
#2588 = LINE('',#2589,#2590);
#2589 = CARTESIAN_POINT('',(0.,0.));
#2590 = VECTOR('',#2591,1.);
#2591 = DIRECTION('',(1.,0.));
#2592 = ( GEOMETRIC_REPRESENTATION_CONTEXT(2) 
PARAMETRIC_REPRESENTATION_CONTEXT() REPRESENTATION_CONTEXT('2D SPACE',''
  ) );
#2593 = ORIENTED_EDGE('',*,*,#2451,.F.);
#2594 = ADVANCED_FACE('',(#2595),#2410,.T.);
#2595 = FACE_BOUND('',#2596,.T.);
#2596 = EDGE_LOOP('',(#2597,#2618,#2619,#2640));
#2597 = ORIENTED_EDGE('',*,*,#2598,.F.);
#2598 = EDGE_CURVE('',#2367,#2482,#2599,.T.);
#2599 = SURFACE_CURVE('',#2600,(#2604,#2611),.PCURVE_S1.);
#2600 = LINE('',#2601,#2602);
#2601 = CARTESIAN_POINT('',(69.668531062711,49.712129099084,5.));
#2602 = VECTOR('',#2603,1.);
#2603 = DIRECTION('',(0.876306680044,0.481753674102,0.));
#2604 = PCURVE('',#2410,#2605);
#2605 = DEFINITIONAL_REPRESENTATION('',(#2606),#2610);
#2606 = LINE('',#2607,#2608);
#2607 = CARTESIAN_POINT('',(0.,0.));
#2608 = VECTOR('',#2609,1.);
#2609 = DIRECTION('',(0.,1.));
#2610 = ( GEOMETRIC_REPRESENTATION_CONTEXT(2) 
PARAMETRIC_REPRESENTATION_CONTEXT() REPRESENTATION_CONTEXT('2D SPACE',''
  ) );
#2611 = PCURVE('',#2382,#2612);
#2612 = DEFINITIONAL_REPRESENTATION('',(#2613),#2617);
#2613 = LINE('',#2614,#2615);
#2614 = CARTESIAN_POINT('',(7.105427357601E-15,20.));
#2615 = VECTOR('',#2616,1.);
#2616 = DIRECTION('',(1.,0.));
#2617 = ( GEOMETRIC_REPRESENTATION_CONTEXT(2) 
PARAMETRIC_REPRESENTATION_CONTEXT() REPRESENTATION_CONTEXT('2D SPACE',''
  ) );
#2618 = ORIENTED_EDGE('',*,*,#2394,.T.);
#2619 = ORIENTED_EDGE('',*,*,#2620,.T.);
#2620 = EDGE_CURVE('',#2395,#2505,#2621,.T.);
#2621 = SURFACE_CURVE('',#2622,(#2626,#2633),.PCURVE_S1.);
#2622 = LINE('',#2623,#2624);
#2623 = CARTESIAN_POINT('',(69.668531062711,49.712129099084,5.4));
#2624 = VECTOR('',#2625,1.);
#2625 = DIRECTION('',(0.876306680044,0.481753674102,0.));
#2626 = PCURVE('',#2410,#2627);
#2627 = DEFINITIONAL_REPRESENTATION('',(#2628),#2632);
#2628 = LINE('',#2629,#2630);
#2629 = CARTESIAN_POINT('',(0.4,0.));
#2630 = VECTOR('',#2631,1.);
#2631 = DIRECTION('',(0.,1.));
#2632 = ( GEOMETRIC_REPRESENTATION_CONTEXT(2) 
PARAMETRIC_REPRESENTATION_CONTEXT() REPRESENTATION_CONTEXT('2D SPACE',''
  ) );
#2633 = PCURVE('',#2436,#2634);
#2634 = DEFINITIONAL_REPRESENTATION('',(#2635),#2639);
#2635 = LINE('',#2636,#2637);
#2636 = CARTESIAN_POINT('',(7.105427357601E-15,20.));
#2637 = VECTOR('',#2638,1.);
#2638 = DIRECTION('',(1.,0.));
#2639 = ( GEOMETRIC_REPRESENTATION_CONTEXT(2) 
PARAMETRIC_REPRESENTATION_CONTEXT() REPRESENTATION_CONTEXT('2D SPACE',''
  ) );
#2640 = ORIENTED_EDGE('',*,*,#2504,.F.);
#2641 = ADVANCED_FACE('',(#2642),#2382,.F.);
#2642 = FACE_BOUND('',#2643,.F.);
#2643 = EDGE_LOOP('',(#2644,#2645,#2646,#2647));
#2644 = ORIENTED_EDGE('',*,*,#2366,.F.);
#2645 = ORIENTED_EDGE('',*,*,#2551,.T.);
#2646 = ORIENTED_EDGE('',*,*,#2481,.T.);
#2647 = ORIENTED_EDGE('',*,*,#2598,.F.);
#2648 = ADVANCED_FACE('',(#2649),#2436,.T.);
#2649 = FACE_BOUND('',#2650,.T.);
#2650 = EDGE_LOOP('',(#2651,#2652,#2653,#2654));
#2651 = ORIENTED_EDGE('',*,*,#2422,.F.);
#2652 = ORIENTED_EDGE('',*,*,#2573,.T.);
#2653 = ORIENTED_EDGE('',*,*,#2527,.T.);
#2654 = ORIENTED_EDGE('',*,*,#2620,.F.);
#2655 = ( GEOMETRIC_REPRESENTATION_CONTEXT(3) 
GLOBAL_UNCERTAINTY_ASSIGNED_CONTEXT((#2659)) 
GLOBAL_UNIT_ASSIGNED_CONTEXT((#2656,#2657,#2658)) REPRESENTATION_CONTEXT
('Context #1','3D Context with UNIT and UNCERTAINTY') );
#2656 = ( LENGTH_UNIT() NAMED_UNIT(*) SI_UNIT(.MILLI.,.METRE.) );
#2657 = ( NAMED_UNIT(*) PLANE_ANGLE_UNIT() SI_UNIT($,.RADIAN.) );
#2658 = ( NAMED_UNIT(*) SI_UNIT($,.STERADIAN.) SOLID_ANGLE_UNIT() );
#2659 = UNCERTAINTY_MEASURE_WITH_UNIT(LENGTH_MEASURE(1.E-07),#2656,
  'distance_accuracy_value','confusion accuracy');
#2660 = CONTEXT_DEPENDENT_SHAPE_REPRESENTATION(#2661,#2663);
#2661 = ( REPRESENTATION_RELATIONSHIP('','',#2324,#709) 
REPRESENTATION_RELATIONSHIP_WITH_TRANSFORMATION(#2662) 
SHAPE_REPRESENTATION_RELATIONSHIP() );
#2662 = ITEM_DEFINED_TRANSFORMATION('','',#11,#726);
#2663 = PRODUCT_DEFINITION_SHAPE('Placement','Placement of an item',
  #2664);
#2664 = NEXT_ASSEMBLY_USAGE_OCCURRENCE('13','','',#704,#2319,$);
#2665 = PRODUCT_RELATED_PRODUCT_CATEGORY('part',$,(#2321));
#2666 = SHAPE_DEFINITION_REPRESENTATION(#2667,#2673);
#2667 = PRODUCT_DEFINITION_SHAPE('','',#2668);
#2668 = PRODUCT_DEFINITION('design','',#2669,#2672);
#2669 = PRODUCT_DEFINITION_FORMATION('','',#2670);
#2670 = PRODUCT('Open CASCADE STEP translator 7.9 2.2.6',
  'Open CASCADE STEP translator 7.9 2.2.6','',(#2671));
#2671 = PRODUCT_CONTEXT('',#2,'mechanical');
#2672 = PRODUCT_DEFINITION_CONTEXT('part definition',#2,'design');
#2673 = ADVANCED_BREP_SHAPE_REPRESENTATION('',(#11,#2674),#3004);
#2674 = MANIFOLD_SOLID_BREP('',#2675);
#2675 = CLOSED_SHELL('',(#2676,#2796,#2896,#2943,#2990,#2997));
#2676 = ADVANCED_FACE('',(#2677),#2691,.F.);
#2677 = FACE_BOUND('',#2678,.F.);
#2678 = EDGE_LOOP('',(#2679,#2714,#2742,#2770));
#2679 = ORIENTED_EDGE('',*,*,#2680,.F.);
#2680 = EDGE_CURVE('',#2681,#2683,#2685,.T.);
#2681 = VERTEX_POINT('',#2682);
#2682 = CARTESIAN_POINT('',(74.644297044795,41.871576501111,5.));
#2683 = VERTEX_POINT('',#2684);
#2684 = CARTESIAN_POINT('',(74.644297044795,41.871576501111,5.4));
#2685 = SURFACE_CURVE('',#2686,(#2690,#2702),.PCURVE_S1.);
#2686 = LINE('',#2687,#2688);
#2687 = CARTESIAN_POINT('',(74.644297044795,41.871576501111,5.));
#2688 = VECTOR('',#2689,1.);
#2689 = DIRECTION('',(0.,0.,1.));
#2690 = PCURVE('',#2691,#2696);
#2691 = PLANE('',#2692);
#2692 = AXIS2_PLACEMENT_3D('',#2693,#2694,#2695);
#2693 = CARTESIAN_POINT('',(74.644297044795,41.871576501111,5.));
#2694 = DIRECTION('',(0.809016994375,0.587785252292,0.));
#2695 = DIRECTION('',(0.,0.,1.));
#2696 = DEFINITIONAL_REPRESENTATION('',(#2697),#2701);
#2697 = LINE('',#2698,#2699);
#2698 = CARTESIAN_POINT('',(0.,0.));
#2699 = VECTOR('',#2700,1.);
#2700 = DIRECTION('',(1.,0.));
#2701 = ( GEOMETRIC_REPRESENTATION_CONTEXT(2) 
PARAMETRIC_REPRESENTATION_CONTEXT() REPRESENTATION_CONTEXT('2D SPACE',''
  ) );
#2702 = PCURVE('',#2703,#2708);
#2703 = PLANE('',#2704);
#2704 = AXIS2_PLACEMENT_3D('',#2705,#2706,#2707);
#2705 = CARTESIAN_POINT('',(74.644297044795,41.871576501111,5.));
#2706 = DIRECTION('',(-0.587785252292,0.809016994375,0.));
#2707 = DIRECTION('',(0.,0.,1.));
#2708 = DEFINITIONAL_REPRESENTATION('',(#2709),#2713);
#2709 = LINE('',#2710,#2711);
#2710 = CARTESIAN_POINT('',(0.,0.));
#2711 = VECTOR('',#2712,1.);
#2712 = DIRECTION('',(1.,0.));
#2713 = ( GEOMETRIC_REPRESENTATION_CONTEXT(2) 
PARAMETRIC_REPRESENTATION_CONTEXT() REPRESENTATION_CONTEXT('2D SPACE',''
  ) );
#2714 = ORIENTED_EDGE('',*,*,#2715,.T.);
#2715 = EDGE_CURVE('',#2681,#2716,#2718,.T.);
#2716 = VERTEX_POINT('',#2717);
#2717 = CARTESIAN_POINT('',(62.888591998946,58.05191638861,5.));
#2718 = SURFACE_CURVE('',#2719,(#2723,#2730),.PCURVE_S1.);
#2719 = LINE('',#2720,#2721);
#2720 = CARTESIAN_POINT('',(74.644297044795,41.871576501111,5.));
#2721 = VECTOR('',#2722,1.);
#2722 = DIRECTION('',(-0.587785252292,0.809016994375,0.));
#2723 = PCURVE('',#2691,#2724);
#2724 = DEFINITIONAL_REPRESENTATION('',(#2725),#2729);
#2725 = LINE('',#2726,#2727);
#2726 = CARTESIAN_POINT('',(0.,0.));
#2727 = VECTOR('',#2728,1.);
#2728 = DIRECTION('',(0.,-1.));
#2729 = ( GEOMETRIC_REPRESENTATION_CONTEXT(2) 
PARAMETRIC_REPRESENTATION_CONTEXT() REPRESENTATION_CONTEXT('2D SPACE',''
  ) );
#2730 = PCURVE('',#2731,#2736);
#2731 = PLANE('',#2732);
#2732 = AXIS2_PLACEMENT_3D('',#2733,#2734,#2735);
#2733 = CARTESIAN_POINT('',(74.644297044795,41.871576501111,5.));
#2734 = DIRECTION('',(0.,0.,1.));
#2735 = DIRECTION('',(0.809016994375,0.587785252292,0.));
#2736 = DEFINITIONAL_REPRESENTATION('',(#2737),#2741);
#2737 = LINE('',#2738,#2739);
#2738 = CARTESIAN_POINT('',(0.,0.));
#2739 = VECTOR('',#2740,1.);
#2740 = DIRECTION('',(0.,1.));
#2741 = ( GEOMETRIC_REPRESENTATION_CONTEXT(2) 
PARAMETRIC_REPRESENTATION_CONTEXT() REPRESENTATION_CONTEXT('2D SPACE',''
  ) );
#2742 = ORIENTED_EDGE('',*,*,#2743,.T.);
#2743 = EDGE_CURVE('',#2716,#2744,#2746,.T.);
#2744 = VERTEX_POINT('',#2745);
#2745 = CARTESIAN_POINT('',(62.888591998946,58.05191638861,5.4));
#2746 = SURFACE_CURVE('',#2747,(#2751,#2758),.PCURVE_S1.);
#2747 = LINE('',#2748,#2749);
#2748 = CARTESIAN_POINT('',(62.888591998946,58.05191638861,5.));
#2749 = VECTOR('',#2750,1.);
#2750 = DIRECTION('',(0.,0.,1.));
#2751 = PCURVE('',#2691,#2752);
#2752 = DEFINITIONAL_REPRESENTATION('',(#2753),#2757);
#2753 = LINE('',#2754,#2755);
#2754 = CARTESIAN_POINT('',(0.,-20.));
#2755 = VECTOR('',#2756,1.);
#2756 = DIRECTION('',(1.,0.));
#2757 = ( GEOMETRIC_REPRESENTATION_CONTEXT(2) 
PARAMETRIC_REPRESENTATION_CONTEXT() REPRESENTATION_CONTEXT('2D SPACE',''
  ) );
#2758 = PCURVE('',#2759,#2764);
#2759 = PLANE('',#2760);
#2760 = AXIS2_PLACEMENT_3D('',#2761,#2762,#2763);
#2761 = CARTESIAN_POINT('',(62.888591998946,58.05191638861,5.));
#2762 = DIRECTION('',(-0.587785252292,0.809016994375,0.));
#2763 = DIRECTION('',(0.,0.,1.));
#2764 = DEFINITIONAL_REPRESENTATION('',(#2765),#2769);
#2765 = LINE('',#2766,#2767);
#2766 = CARTESIAN_POINT('',(0.,0.));
#2767 = VECTOR('',#2768,1.);
#2768 = DIRECTION('',(1.,0.));
#2769 = ( GEOMETRIC_REPRESENTATION_CONTEXT(2) 
PARAMETRIC_REPRESENTATION_CONTEXT() REPRESENTATION_CONTEXT('2D SPACE',''
  ) );
#2770 = ORIENTED_EDGE('',*,*,#2771,.F.);
#2771 = EDGE_CURVE('',#2683,#2744,#2772,.T.);
#2772 = SURFACE_CURVE('',#2773,(#2777,#2784),.PCURVE_S1.);
#2773 = LINE('',#2774,#2775);
#2774 = CARTESIAN_POINT('',(74.644297044795,41.871576501111,5.4));
#2775 = VECTOR('',#2776,1.);
#2776 = DIRECTION('',(-0.587785252292,0.809016994375,0.));
#2777 = PCURVE('',#2691,#2778);
#2778 = DEFINITIONAL_REPRESENTATION('',(#2779),#2783);
#2779 = LINE('',#2780,#2781);
#2780 = CARTESIAN_POINT('',(0.4,0.));
#2781 = VECTOR('',#2782,1.);
#2782 = DIRECTION('',(0.,-1.));
#2783 = ( GEOMETRIC_REPRESENTATION_CONTEXT(2) 
PARAMETRIC_REPRESENTATION_CONTEXT() REPRESENTATION_CONTEXT('2D SPACE',''
  ) );
#2784 = PCURVE('',#2785,#2790);
#2785 = PLANE('',#2786);
#2786 = AXIS2_PLACEMENT_3D('',#2787,#2788,#2789);
#2787 = CARTESIAN_POINT('',(74.644297044795,41.871576501111,5.4));
#2788 = DIRECTION('',(0.,0.,1.));
#2789 = DIRECTION('',(0.809016994375,0.587785252292,0.));
#2790 = DEFINITIONAL_REPRESENTATION('',(#2791),#2795);
#2791 = LINE('',#2792,#2793);
#2792 = CARTESIAN_POINT('',(0.,0.));
#2793 = VECTOR('',#2794,1.);
#2794 = DIRECTION('',(0.,1.));
#2795 = ( GEOMETRIC_REPRESENTATION_CONTEXT(2) 
PARAMETRIC_REPRESENTATION_CONTEXT() REPRESENTATION_CONTEXT('2D SPACE',''
  ) );
#2796 = ADVANCED_FACE('',(#2797),#2811,.T.);
#2797 = FACE_BOUND('',#2798,.T.);
#2798 = EDGE_LOOP('',(#2799,#2829,#2852,#2875));
#2799 = ORIENTED_EDGE('',*,*,#2800,.F.);
#2800 = EDGE_CURVE('',#2801,#2803,#2805,.T.);
#2801 = VERTEX_POINT('',#2802);
#2802 = CARTESIAN_POINT('',(204.08701614478,135.9172168679,5.));
#2803 = VERTEX_POINT('',#2804);
#2804 = CARTESIAN_POINT('',(204.08701614478,135.9172168679,5.4));
#2805 = SURFACE_CURVE('',#2806,(#2810,#2822),.PCURVE_S1.);
#2806 = LINE('',#2807,#2808);
#2807 = CARTESIAN_POINT('',(204.08701614478,135.9172168679,5.));
#2808 = VECTOR('',#2809,1.);
#2809 = DIRECTION('',(0.,0.,1.));
#2810 = PCURVE('',#2811,#2816);
#2811 = PLANE('',#2812);
#2812 = AXIS2_PLACEMENT_3D('',#2813,#2814,#2815);
#2813 = CARTESIAN_POINT('',(204.08701614478,135.9172168679,5.));
#2814 = DIRECTION('',(0.809016994375,0.587785252292,0.));
#2815 = DIRECTION('',(0.,0.,1.));
#2816 = DEFINITIONAL_REPRESENTATION('',(#2817),#2821);
#2817 = LINE('',#2818,#2819);
#2818 = CARTESIAN_POINT('',(0.,0.));
#2819 = VECTOR('',#2820,1.);
#2820 = DIRECTION('',(1.,0.));
#2821 = ( GEOMETRIC_REPRESENTATION_CONTEXT(2) 
PARAMETRIC_REPRESENTATION_CONTEXT() REPRESENTATION_CONTEXT('2D SPACE',''
  ) );
#2822 = PCURVE('',#2703,#2823);
#2823 = DEFINITIONAL_REPRESENTATION('',(#2824),#2828);
#2824 = LINE('',#2825,#2826);
#2825 = CARTESIAN_POINT('',(0.,160.));
#2826 = VECTOR('',#2827,1.);
#2827 = DIRECTION('',(1.,0.));
#2828 = ( GEOMETRIC_REPRESENTATION_CONTEXT(2) 
PARAMETRIC_REPRESENTATION_CONTEXT() REPRESENTATION_CONTEXT('2D SPACE',''
  ) );
#2829 = ORIENTED_EDGE('',*,*,#2830,.T.);
#2830 = EDGE_CURVE('',#2801,#2831,#2833,.T.);
#2831 = VERTEX_POINT('',#2832);
#2832 = CARTESIAN_POINT('',(192.33131109893,152.0975567554,5.));
#2833 = SURFACE_CURVE('',#2834,(#2838,#2845),.PCURVE_S1.);
#2834 = LINE('',#2835,#2836);
#2835 = CARTESIAN_POINT('',(204.08701614478,135.9172168679,5.));
#2836 = VECTOR('',#2837,1.);
#2837 = DIRECTION('',(-0.587785252292,0.809016994375,0.));
#2838 = PCURVE('',#2811,#2839);
#2839 = DEFINITIONAL_REPRESENTATION('',(#2840),#2844);
#2840 = LINE('',#2841,#2842);
#2841 = CARTESIAN_POINT('',(0.,0.));
#2842 = VECTOR('',#2843,1.);
#2843 = DIRECTION('',(0.,-1.));
#2844 = ( GEOMETRIC_REPRESENTATION_CONTEXT(2) 
PARAMETRIC_REPRESENTATION_CONTEXT() REPRESENTATION_CONTEXT('2D SPACE',''
  ) );
#2845 = PCURVE('',#2731,#2846);
#2846 = DEFINITIONAL_REPRESENTATION('',(#2847),#2851);
#2847 = LINE('',#2848,#2849);
#2848 = CARTESIAN_POINT('',(160.,-2.84217094304E-14));
#2849 = VECTOR('',#2850,1.);
#2850 = DIRECTION('',(0.,1.));
#2851 = ( GEOMETRIC_REPRESENTATION_CONTEXT(2) 
PARAMETRIC_REPRESENTATION_CONTEXT() REPRESENTATION_CONTEXT('2D SPACE',''
  ) );
#2852 = ORIENTED_EDGE('',*,*,#2853,.T.);
#2853 = EDGE_CURVE('',#2831,#2854,#2856,.T.);
#2854 = VERTEX_POINT('',#2855);
#2855 = CARTESIAN_POINT('',(192.33131109893,152.0975567554,5.4));
#2856 = SURFACE_CURVE('',#2857,(#2861,#2868),.PCURVE_S1.);
#2857 = LINE('',#2858,#2859);
#2858 = CARTESIAN_POINT('',(192.33131109893,152.0975567554,5.));
#2859 = VECTOR('',#2860,1.);
#2860 = DIRECTION('',(0.,0.,1.));
#2861 = PCURVE('',#2811,#2862);
#2862 = DEFINITIONAL_REPRESENTATION('',(#2863),#2867);
#2863 = LINE('',#2864,#2865);
#2864 = CARTESIAN_POINT('',(0.,-20.));
#2865 = VECTOR('',#2866,1.);
#2866 = DIRECTION('',(1.,0.));
#2867 = ( GEOMETRIC_REPRESENTATION_CONTEXT(2) 
PARAMETRIC_REPRESENTATION_CONTEXT() REPRESENTATION_CONTEXT('2D SPACE',''
  ) );
#2868 = PCURVE('',#2759,#2869);
#2869 = DEFINITIONAL_REPRESENTATION('',(#2870),#2874);
#2870 = LINE('',#2871,#2872);
#2871 = CARTESIAN_POINT('',(0.,160.));
#2872 = VECTOR('',#2873,1.);
#2873 = DIRECTION('',(1.,0.));
#2874 = ( GEOMETRIC_REPRESENTATION_CONTEXT(2) 
PARAMETRIC_REPRESENTATION_CONTEXT() REPRESENTATION_CONTEXT('2D SPACE',''
  ) );
#2875 = ORIENTED_EDGE('',*,*,#2876,.F.);
#2876 = EDGE_CURVE('',#2803,#2854,#2877,.T.);
#2877 = SURFACE_CURVE('',#2878,(#2882,#2889),.PCURVE_S1.);
#2878 = LINE('',#2879,#2880);
#2879 = CARTESIAN_POINT('',(204.08701614478,135.9172168679,5.4));
#2880 = VECTOR('',#2881,1.);
#2881 = DIRECTION('',(-0.587785252292,0.809016994375,0.));
#2882 = PCURVE('',#2811,#2883);
#2883 = DEFINITIONAL_REPRESENTATION('',(#2884),#2888);
#2884 = LINE('',#2885,#2886);
#2885 = CARTESIAN_POINT('',(0.4,0.));
#2886 = VECTOR('',#2887,1.);
#2887 = DIRECTION('',(0.,-1.));
#2888 = ( GEOMETRIC_REPRESENTATION_CONTEXT(2) 
PARAMETRIC_REPRESENTATION_CONTEXT() REPRESENTATION_CONTEXT('2D SPACE',''
  ) );
#2889 = PCURVE('',#2785,#2890);
#2890 = DEFINITIONAL_REPRESENTATION('',(#2891),#2895);
#2891 = LINE('',#2892,#2893);
#2892 = CARTESIAN_POINT('',(160.,-2.84217094304E-14));
#2893 = VECTOR('',#2894,1.);
#2894 = DIRECTION('',(0.,1.));
#2895 = ( GEOMETRIC_REPRESENTATION_CONTEXT(2) 
PARAMETRIC_REPRESENTATION_CONTEXT() REPRESENTATION_CONTEXT('2D SPACE',''
  ) );
#2896 = ADVANCED_FACE('',(#2897),#2703,.F.);
#2897 = FACE_BOUND('',#2898,.F.);
#2898 = EDGE_LOOP('',(#2899,#2920,#2921,#2942));
#2899 = ORIENTED_EDGE('',*,*,#2900,.F.);
#2900 = EDGE_CURVE('',#2681,#2801,#2901,.T.);
#2901 = SURFACE_CURVE('',#2902,(#2906,#2913),.PCURVE_S1.);
#2902 = LINE('',#2903,#2904);
#2903 = CARTESIAN_POINT('',(74.644297044795,41.871576501111,5.));
#2904 = VECTOR('',#2905,1.);
#2905 = DIRECTION('',(0.809016994375,0.587785252292,0.));
#2906 = PCURVE('',#2703,#2907);
#2907 = DEFINITIONAL_REPRESENTATION('',(#2908),#2912);
#2908 = LINE('',#2909,#2910);
#2909 = CARTESIAN_POINT('',(0.,0.));
#2910 = VECTOR('',#2911,1.);
#2911 = DIRECTION('',(0.,1.));
#2912 = ( GEOMETRIC_REPRESENTATION_CONTEXT(2) 
PARAMETRIC_REPRESENTATION_CONTEXT() REPRESENTATION_CONTEXT('2D SPACE',''
  ) );
#2913 = PCURVE('',#2731,#2914);
#2914 = DEFINITIONAL_REPRESENTATION('',(#2915),#2919);
#2915 = LINE('',#2916,#2917);
#2916 = CARTESIAN_POINT('',(0.,0.));
#2917 = VECTOR('',#2918,1.);
#2918 = DIRECTION('',(1.,0.));
#2919 = ( GEOMETRIC_REPRESENTATION_CONTEXT(2) 
PARAMETRIC_REPRESENTATION_CONTEXT() REPRESENTATION_CONTEXT('2D SPACE',''
  ) );
#2920 = ORIENTED_EDGE('',*,*,#2680,.T.);
#2921 = ORIENTED_EDGE('',*,*,#2922,.T.);
#2922 = EDGE_CURVE('',#2683,#2803,#2923,.T.);
#2923 = SURFACE_CURVE('',#2924,(#2928,#2935),.PCURVE_S1.);
#2924 = LINE('',#2925,#2926);
#2925 = CARTESIAN_POINT('',(74.644297044795,41.871576501111,5.4));
#2926 = VECTOR('',#2927,1.);
#2927 = DIRECTION('',(0.809016994375,0.587785252292,0.));
#2928 = PCURVE('',#2703,#2929);
#2929 = DEFINITIONAL_REPRESENTATION('',(#2930),#2934);
#2930 = LINE('',#2931,#2932);
#2931 = CARTESIAN_POINT('',(0.4,0.));
#2932 = VECTOR('',#2933,1.);
#2933 = DIRECTION('',(0.,1.));
#2934 = ( GEOMETRIC_REPRESENTATION_CONTEXT(2) 
PARAMETRIC_REPRESENTATION_CONTEXT() REPRESENTATION_CONTEXT('2D SPACE',''
  ) );
#2935 = PCURVE('',#2785,#2936);
#2936 = DEFINITIONAL_REPRESENTATION('',(#2937),#2941);
#2937 = LINE('',#2938,#2939);
#2938 = CARTESIAN_POINT('',(0.,0.));
#2939 = VECTOR('',#2940,1.);
#2940 = DIRECTION('',(1.,0.));
#2941 = ( GEOMETRIC_REPRESENTATION_CONTEXT(2) 
PARAMETRIC_REPRESENTATION_CONTEXT() REPRESENTATION_CONTEXT('2D SPACE',''
  ) );
#2942 = ORIENTED_EDGE('',*,*,#2800,.F.);
#2943 = ADVANCED_FACE('',(#2944),#2759,.T.);
#2944 = FACE_BOUND('',#2945,.T.);
#2945 = EDGE_LOOP('',(#2946,#2967,#2968,#2989));
#2946 = ORIENTED_EDGE('',*,*,#2947,.F.);
#2947 = EDGE_CURVE('',#2716,#2831,#2948,.T.);
#2948 = SURFACE_CURVE('',#2949,(#2953,#2960),.PCURVE_S1.);
#2949 = LINE('',#2950,#2951);
#2950 = CARTESIAN_POINT('',(62.888591998946,58.05191638861,5.));
#2951 = VECTOR('',#2952,1.);
#2952 = DIRECTION('',(0.809016994375,0.587785252292,0.));
#2953 = PCURVE('',#2759,#2954);
#2954 = DEFINITIONAL_REPRESENTATION('',(#2955),#2959);
#2955 = LINE('',#2956,#2957);
#2956 = CARTESIAN_POINT('',(0.,0.));
#2957 = VECTOR('',#2958,1.);
#2958 = DIRECTION('',(0.,1.));
#2959 = ( GEOMETRIC_REPRESENTATION_CONTEXT(2) 
PARAMETRIC_REPRESENTATION_CONTEXT() REPRESENTATION_CONTEXT('2D SPACE',''
  ) );
#2960 = PCURVE('',#2731,#2961);
#2961 = DEFINITIONAL_REPRESENTATION('',(#2962),#2966);
#2962 = LINE('',#2963,#2964);
#2963 = CARTESIAN_POINT('',(0.,20.));
#2964 = VECTOR('',#2965,1.);
#2965 = DIRECTION('',(1.,0.));
#2966 = ( GEOMETRIC_REPRESENTATION_CONTEXT(2) 
PARAMETRIC_REPRESENTATION_CONTEXT() REPRESENTATION_CONTEXT('2D SPACE',''
  ) );
#2967 = ORIENTED_EDGE('',*,*,#2743,.T.);
#2968 = ORIENTED_EDGE('',*,*,#2969,.T.);
#2969 = EDGE_CURVE('',#2744,#2854,#2970,.T.);
#2970 = SURFACE_CURVE('',#2971,(#2975,#2982),.PCURVE_S1.);
#2971 = LINE('',#2972,#2973);
#2972 = CARTESIAN_POINT('',(62.888591998946,58.05191638861,5.4));
#2973 = VECTOR('',#2974,1.);
#2974 = DIRECTION('',(0.809016994375,0.587785252292,0.));
#2975 = PCURVE('',#2759,#2976);
#2976 = DEFINITIONAL_REPRESENTATION('',(#2977),#2981);
#2977 = LINE('',#2978,#2979);
#2978 = CARTESIAN_POINT('',(0.4,0.));
#2979 = VECTOR('',#2980,1.);
#2980 = DIRECTION('',(0.,1.));
#2981 = ( GEOMETRIC_REPRESENTATION_CONTEXT(2) 
PARAMETRIC_REPRESENTATION_CONTEXT() REPRESENTATION_CONTEXT('2D SPACE',''
  ) );
#2982 = PCURVE('',#2785,#2983);
#2983 = DEFINITIONAL_REPRESENTATION('',(#2984),#2988);
#2984 = LINE('',#2985,#2986);
#2985 = CARTESIAN_POINT('',(0.,20.));
#2986 = VECTOR('',#2987,1.);
#2987 = DIRECTION('',(1.,0.));
#2988 = ( GEOMETRIC_REPRESENTATION_CONTEXT(2) 
PARAMETRIC_REPRESENTATION_CONTEXT() REPRESENTATION_CONTEXT('2D SPACE',''
  ) );
#2989 = ORIENTED_EDGE('',*,*,#2853,.F.);
#2990 = ADVANCED_FACE('',(#2991),#2731,.F.);
#2991 = FACE_BOUND('',#2992,.F.);
#2992 = EDGE_LOOP('',(#2993,#2994,#2995,#2996));
#2993 = ORIENTED_EDGE('',*,*,#2715,.F.);
#2994 = ORIENTED_EDGE('',*,*,#2900,.T.);
#2995 = ORIENTED_EDGE('',*,*,#2830,.T.);
#2996 = ORIENTED_EDGE('',*,*,#2947,.F.);
#2997 = ADVANCED_FACE('',(#2998),#2785,.T.);
#2998 = FACE_BOUND('',#2999,.T.);
#2999 = EDGE_LOOP('',(#3000,#3001,#3002,#3003));
#3000 = ORIENTED_EDGE('',*,*,#2771,.F.);
#3001 = ORIENTED_EDGE('',*,*,#2922,.T.);
#3002 = ORIENTED_EDGE('',*,*,#2876,.T.);
#3003 = ORIENTED_EDGE('',*,*,#2969,.F.);
#3004 = ( GEOMETRIC_REPRESENTATION_CONTEXT(3) 
GLOBAL_UNCERTAINTY_ASSIGNED_CONTEXT((#3008)) 
GLOBAL_UNIT_ASSIGNED_CONTEXT((#3005,#3006,#3007)) REPRESENTATION_CONTEXT
('Context #1','3D Context with UNIT and UNCERTAINTY') );
#3005 = ( LENGTH_UNIT() NAMED_UNIT(*) SI_UNIT(.MILLI.,.METRE.) );
#3006 = ( NAMED_UNIT(*) PLANE_ANGLE_UNIT() SI_UNIT($,.RADIAN.) );
#3007 = ( NAMED_UNIT(*) SI_UNIT($,.STERADIAN.) SOLID_ANGLE_UNIT() );
#3008 = UNCERTAINTY_MEASURE_WITH_UNIT(LENGTH_MEASURE(1.E-07),#3005,
  'distance_accuracy_value','confusion accuracy');
#3009 = CONTEXT_DEPENDENT_SHAPE_REPRESENTATION(#3010,#3012);
#3010 = ( REPRESENTATION_RELATIONSHIP('','',#2673,#709) 
REPRESENTATION_RELATIONSHIP_WITH_TRANSFORMATION(#3011) 
SHAPE_REPRESENTATION_RELATIONSHIP() );
#3011 = ITEM_DEFINED_TRANSFORMATION('','',#11,#730);
#3012 = PRODUCT_DEFINITION_SHAPE('Placement','Placement of an item',
  #3013);
#3013 = NEXT_ASSEMBLY_USAGE_OCCURRENCE('14','','',#704,#2668,$);
#3014 = PRODUCT_RELATED_PRODUCT_CATEGORY('part',$,(#2670));
#3015 = SHAPE_DEFINITION_REPRESENTATION(#3016,#3022);
#3016 = PRODUCT_DEFINITION_SHAPE('','',#3017);
#3017 = PRODUCT_DEFINITION('design','',#3018,#3021);
#3018 = PRODUCT_DEFINITION_FORMATION('','',#3019);
#3019 = PRODUCT('Open CASCADE STEP translator 7.9 2.2.7',
  'Open CASCADE STEP translator 7.9 2.2.7','',(#3020));
#3020 = PRODUCT_CONTEXT('',#2,'mechanical');
#3021 = PRODUCT_DEFINITION_CONTEXT('part definition',#2,'design');
#3022 = ADVANCED_BREP_SHAPE_REPRESENTATION('',(#11,#3023),#3353);
#3023 = MANIFOLD_SOLID_BREP('',#3024);
#3024 = CLOSED_SHELL('',(#3025,#3145,#3245,#3292,#3339,#3346));
#3025 = ADVANCED_FACE('',(#3026),#3040,.F.);
#3026 = FACE_BOUND('',#3027,.F.);
#3027 = EDGE_LOOP('',(#3028,#3063,#3091,#3119));
#3028 = ORIENTED_EDGE('',*,*,#3029,.F.);
#3029 = EDGE_CURVE('',#3030,#3032,#3034,.T.);
#3030 = VERTEX_POINT('',#3031);
#3031 = CARTESIAN_POINT('',(68.807804390107,50.896817729724,5.));
#3032 = VERTEX_POINT('',#3033);
#3033 = CARTESIAN_POINT('',(68.807804390107,50.896817729724,5.4));
#3034 = SURFACE_CURVE('',#3035,(#3039,#3051),.PCURVE_S1.);
#3035 = LINE('',#3036,#3037);
#3036 = CARTESIAN_POINT('',(68.807804390107,50.896817729724,5.));
#3037 = VECTOR('',#3038,1.);
#3038 = DIRECTION('',(0.,0.,1.));
#3039 = PCURVE('',#3040,#3045);
#3040 = PLANE('',#3041);
#3041 = AXIS2_PLACEMENT_3D('',#3042,#3043,#3044);
#3042 = CARTESIAN_POINT('',(68.807804390107,50.896817729724,5.));
#3043 = DIRECTION('',(0.728968627421,0.684547105929,0.));
#3044 = DIRECTION('',(0.,0.,1.));
#3045 = DEFINITIONAL_REPRESENTATION('',(#3046),#3050);
#3046 = LINE('',#3047,#3048);
#3047 = CARTESIAN_POINT('',(0.,0.));
#3048 = VECTOR('',#3049,1.);
#3049 = DIRECTION('',(1.,0.));
#3050 = ( GEOMETRIC_REPRESENTATION_CONTEXT(2) 
PARAMETRIC_REPRESENTATION_CONTEXT() REPRESENTATION_CONTEXT('2D SPACE',''
  ) );
#3051 = PCURVE('',#3052,#3057);
#3052 = PLANE('',#3053);
#3053 = AXIS2_PLACEMENT_3D('',#3054,#3055,#3056);
#3054 = CARTESIAN_POINT('',(68.807804390107,50.896817729724,5.));
#3055 = DIRECTION('',(-0.684547105929,0.728968627421,0.));
#3056 = DIRECTION('',(0.,0.,1.));
#3057 = DEFINITIONAL_REPRESENTATION('',(#3058),#3062);
#3058 = LINE('',#3059,#3060);
#3059 = CARTESIAN_POINT('',(0.,0.));
#3060 = VECTOR('',#3061,1.);
#3061 = DIRECTION('',(1.,0.));
#3062 = ( GEOMETRIC_REPRESENTATION_CONTEXT(2) 
PARAMETRIC_REPRESENTATION_CONTEXT() REPRESENTATION_CONTEXT('2D SPACE',''
  ) );
#3063 = ORIENTED_EDGE('',*,*,#3064,.T.);
#3064 = EDGE_CURVE('',#3030,#3065,#3067,.T.);
#3065 = VERTEX_POINT('',#3066);
#3066 = CARTESIAN_POINT('',(55.116862271533,65.476190278153,5.));
#3067 = SURFACE_CURVE('',#3068,(#3072,#3079),.PCURVE_S1.);
#3068 = LINE('',#3069,#3070);
#3069 = CARTESIAN_POINT('',(68.807804390107,50.896817729724,5.));
#3070 = VECTOR('',#3071,1.);
#3071 = DIRECTION('',(-0.684547105929,0.728968627421,0.));
#3072 = PCURVE('',#3040,#3073);
#3073 = DEFINITIONAL_REPRESENTATION('',(#3074),#3078);
#3074 = LINE('',#3075,#3076);
#3075 = CARTESIAN_POINT('',(0.,0.));
#3076 = VECTOR('',#3077,1.);
#3077 = DIRECTION('',(0.,-1.));
#3078 = ( GEOMETRIC_REPRESENTATION_CONTEXT(2) 
PARAMETRIC_REPRESENTATION_CONTEXT() REPRESENTATION_CONTEXT('2D SPACE',''
  ) );
#3079 = PCURVE('',#3080,#3085);
#3080 = PLANE('',#3081);
#3081 = AXIS2_PLACEMENT_3D('',#3082,#3083,#3084);
#3082 = CARTESIAN_POINT('',(68.807804390107,50.896817729724,5.));
#3083 = DIRECTION('',(0.,0.,1.));
#3084 = DIRECTION('',(0.728968627421,0.684547105929,0.));
#3085 = DEFINITIONAL_REPRESENTATION('',(#3086),#3090);
#3086 = LINE('',#3087,#3088);
#3087 = CARTESIAN_POINT('',(0.,0.));
#3088 = VECTOR('',#3089,1.);
#3089 = DIRECTION('',(0.,1.));
#3090 = ( GEOMETRIC_REPRESENTATION_CONTEXT(2) 
PARAMETRIC_REPRESENTATION_CONTEXT() REPRESENTATION_CONTEXT('2D SPACE',''
  ) );
#3091 = ORIENTED_EDGE('',*,*,#3092,.T.);
#3092 = EDGE_CURVE('',#3065,#3093,#3095,.T.);
#3093 = VERTEX_POINT('',#3094);
#3094 = CARTESIAN_POINT('',(55.116862271533,65.476190278153,5.4));
#3095 = SURFACE_CURVE('',#3096,(#3100,#3107),.PCURVE_S1.);
#3096 = LINE('',#3097,#3098);
#3097 = CARTESIAN_POINT('',(55.116862271533,65.476190278153,5.));
#3098 = VECTOR('',#3099,1.);
#3099 = DIRECTION('',(0.,0.,1.));
#3100 = PCURVE('',#3040,#3101);
#3101 = DEFINITIONAL_REPRESENTATION('',(#3102),#3106);
#3102 = LINE('',#3103,#3104);
#3103 = CARTESIAN_POINT('',(0.,-20.));
#3104 = VECTOR('',#3105,1.);
#3105 = DIRECTION('',(1.,0.));
#3106 = ( GEOMETRIC_REPRESENTATION_CONTEXT(2) 
PARAMETRIC_REPRESENTATION_CONTEXT() REPRESENTATION_CONTEXT('2D SPACE',''
  ) );
#3107 = PCURVE('',#3108,#3113);
#3108 = PLANE('',#3109);
#3109 = AXIS2_PLACEMENT_3D('',#3110,#3111,#3112);
#3110 = CARTESIAN_POINT('',(55.116862271533,65.476190278153,5.));
#3111 = DIRECTION('',(-0.684547105929,0.728968627421,0.));
#3112 = DIRECTION('',(0.,0.,1.));
#3113 = DEFINITIONAL_REPRESENTATION('',(#3114),#3118);
#3114 = LINE('',#3115,#3116);
#3115 = CARTESIAN_POINT('',(0.,0.));
#3116 = VECTOR('',#3117,1.);
#3117 = DIRECTION('',(1.,0.));
#3118 = ( GEOMETRIC_REPRESENTATION_CONTEXT(2) 
PARAMETRIC_REPRESENTATION_CONTEXT() REPRESENTATION_CONTEXT('2D SPACE',''
  ) );
#3119 = ORIENTED_EDGE('',*,*,#3120,.F.);
#3120 = EDGE_CURVE('',#3032,#3093,#3121,.T.);
#3121 = SURFACE_CURVE('',#3122,(#3126,#3133),.PCURVE_S1.);
#3122 = LINE('',#3123,#3124);
#3123 = CARTESIAN_POINT('',(68.807804390107,50.896817729724,5.4));
#3124 = VECTOR('',#3125,1.);
#3125 = DIRECTION('',(-0.684547105929,0.728968627421,0.));
#3126 = PCURVE('',#3040,#3127);
#3127 = DEFINITIONAL_REPRESENTATION('',(#3128),#3132);
#3128 = LINE('',#3129,#3130);
#3129 = CARTESIAN_POINT('',(0.4,0.));
#3130 = VECTOR('',#3131,1.);
#3131 = DIRECTION('',(0.,-1.));
#3132 = ( GEOMETRIC_REPRESENTATION_CONTEXT(2) 
PARAMETRIC_REPRESENTATION_CONTEXT() REPRESENTATION_CONTEXT('2D SPACE',''
  ) );
#3133 = PCURVE('',#3134,#3139);
#3134 = PLANE('',#3135);
#3135 = AXIS2_PLACEMENT_3D('',#3136,#3137,#3138);
#3136 = CARTESIAN_POINT('',(68.807804390107,50.896817729724,5.4));
#3137 = DIRECTION('',(0.,0.,1.));
#3138 = DIRECTION('',(0.728968627421,0.684547105929,0.));
#3139 = DEFINITIONAL_REPRESENTATION('',(#3140),#3144);
#3140 = LINE('',#3141,#3142);
#3141 = CARTESIAN_POINT('',(0.,0.));
#3142 = VECTOR('',#3143,1.);
#3143 = DIRECTION('',(0.,1.));
#3144 = ( GEOMETRIC_REPRESENTATION_CONTEXT(2) 
PARAMETRIC_REPRESENTATION_CONTEXT() REPRESENTATION_CONTEXT('2D SPACE',''
  ) );
#3145 = ADVANCED_FACE('',(#3146),#3160,.T.);
#3146 = FACE_BOUND('',#3147,.T.);
#3147 = EDGE_LOOP('',(#3148,#3178,#3201,#3224));
#3148 = ORIENTED_EDGE('',*,*,#3149,.F.);
#3149 = EDGE_CURVE('',#3150,#3152,#3154,.T.);
#3150 = VERTEX_POINT('',#3151);
#3151 = CARTESIAN_POINT('',(185.44278477753,160.42435467831,5.));
#3152 = VERTEX_POINT('',#3153);
#3153 = CARTESIAN_POINT('',(185.44278477753,160.42435467831,5.4));
#3154 = SURFACE_CURVE('',#3155,(#3159,#3171),.PCURVE_S1.);
#3155 = LINE('',#3156,#3157);
#3156 = CARTESIAN_POINT('',(185.44278477753,160.42435467831,5.));
#3157 = VECTOR('',#3158,1.);
#3158 = DIRECTION('',(0.,0.,1.));
#3159 = PCURVE('',#3160,#3165);
#3160 = PLANE('',#3161);
#3161 = AXIS2_PLACEMENT_3D('',#3162,#3163,#3164);
#3162 = CARTESIAN_POINT('',(185.44278477753,160.42435467831,5.));
#3163 = DIRECTION('',(0.728968627421,0.684547105929,0.));
#3164 = DIRECTION('',(0.,0.,1.));
#3165 = DEFINITIONAL_REPRESENTATION('',(#3166),#3170);
#3166 = LINE('',#3167,#3168);
#3167 = CARTESIAN_POINT('',(0.,0.));
#3168 = VECTOR('',#3169,1.);
#3169 = DIRECTION('',(1.,0.));
#3170 = ( GEOMETRIC_REPRESENTATION_CONTEXT(2) 
PARAMETRIC_REPRESENTATION_CONTEXT() REPRESENTATION_CONTEXT('2D SPACE',''
  ) );
#3171 = PCURVE('',#3052,#3172);
#3172 = DEFINITIONAL_REPRESENTATION('',(#3173),#3177);
#3173 = LINE('',#3174,#3175);
#3174 = CARTESIAN_POINT('',(0.,160.));
#3175 = VECTOR('',#3176,1.);
#3176 = DIRECTION('',(1.,0.));
#3177 = ( GEOMETRIC_REPRESENTATION_CONTEXT(2) 
PARAMETRIC_REPRESENTATION_CONTEXT() REPRESENTATION_CONTEXT('2D SPACE',''
  ) );
#3178 = ORIENTED_EDGE('',*,*,#3179,.T.);
#3179 = EDGE_CURVE('',#3150,#3180,#3182,.T.);
#3180 = VERTEX_POINT('',#3181);
#3181 = CARTESIAN_POINT('',(171.75184265895,175.00372722674,5.));
#3182 = SURFACE_CURVE('',#3183,(#3187,#3194),.PCURVE_S1.);
#3183 = LINE('',#3184,#3185);
#3184 = CARTESIAN_POINT('',(185.44278477753,160.42435467831,5.));
#3185 = VECTOR('',#3186,1.);
#3186 = DIRECTION('',(-0.684547105929,0.728968627421,0.));
#3187 = PCURVE('',#3160,#3188);
#3188 = DEFINITIONAL_REPRESENTATION('',(#3189),#3193);
#3189 = LINE('',#3190,#3191);
#3190 = CARTESIAN_POINT('',(0.,0.));
#3191 = VECTOR('',#3192,1.);
#3192 = DIRECTION('',(0.,-1.));
#3193 = ( GEOMETRIC_REPRESENTATION_CONTEXT(2) 
PARAMETRIC_REPRESENTATION_CONTEXT() REPRESENTATION_CONTEXT('2D SPACE',''
  ) );
#3194 = PCURVE('',#3080,#3195);
#3195 = DEFINITIONAL_REPRESENTATION('',(#3196),#3200);
#3196 = LINE('',#3197,#3198);
#3197 = CARTESIAN_POINT('',(160.,-1.42108547152E-14));
#3198 = VECTOR('',#3199,1.);
#3199 = DIRECTION('',(0.,1.));
#3200 = ( GEOMETRIC_REPRESENTATION_CONTEXT(2) 
PARAMETRIC_REPRESENTATION_CONTEXT() REPRESENTATION_CONTEXT('2D SPACE',''
  ) );
#3201 = ORIENTED_EDGE('',*,*,#3202,.T.);
#3202 = EDGE_CURVE('',#3180,#3203,#3205,.T.);
#3203 = VERTEX_POINT('',#3204);
#3204 = CARTESIAN_POINT('',(171.75184265895,175.00372722674,5.4));
#3205 = SURFACE_CURVE('',#3206,(#3210,#3217),.PCURVE_S1.);
#3206 = LINE('',#3207,#3208);
#3207 = CARTESIAN_POINT('',(171.75184265895,175.00372722674,5.));
#3208 = VECTOR('',#3209,1.);
#3209 = DIRECTION('',(0.,0.,1.));
#3210 = PCURVE('',#3160,#3211);
#3211 = DEFINITIONAL_REPRESENTATION('',(#3212),#3216);
#3212 = LINE('',#3213,#3214);
#3213 = CARTESIAN_POINT('',(0.,-20.));
#3214 = VECTOR('',#3215,1.);
#3215 = DIRECTION('',(1.,0.));
#3216 = ( GEOMETRIC_REPRESENTATION_CONTEXT(2) 
PARAMETRIC_REPRESENTATION_CONTEXT() REPRESENTATION_CONTEXT('2D SPACE',''
  ) );
#3217 = PCURVE('',#3108,#3218);
#3218 = DEFINITIONAL_REPRESENTATION('',(#3219),#3223);
#3219 = LINE('',#3220,#3221);
#3220 = CARTESIAN_POINT('',(0.,160.));
#3221 = VECTOR('',#3222,1.);
#3222 = DIRECTION('',(1.,0.));
#3223 = ( GEOMETRIC_REPRESENTATION_CONTEXT(2) 
PARAMETRIC_REPRESENTATION_CONTEXT() REPRESENTATION_CONTEXT('2D SPACE',''
  ) );
#3224 = ORIENTED_EDGE('',*,*,#3225,.F.);
#3225 = EDGE_CURVE('',#3152,#3203,#3226,.T.);
#3226 = SURFACE_CURVE('',#3227,(#3231,#3238),.PCURVE_S1.);
#3227 = LINE('',#3228,#3229);
#3228 = CARTESIAN_POINT('',(185.44278477753,160.42435467831,5.4));
#3229 = VECTOR('',#3230,1.);
#3230 = DIRECTION('',(-0.684547105929,0.728968627421,0.));
#3231 = PCURVE('',#3160,#3232);
#3232 = DEFINITIONAL_REPRESENTATION('',(#3233),#3237);
#3233 = LINE('',#3234,#3235);
#3234 = CARTESIAN_POINT('',(0.4,0.));
#3235 = VECTOR('',#3236,1.);
#3236 = DIRECTION('',(0.,-1.));
#3237 = ( GEOMETRIC_REPRESENTATION_CONTEXT(2) 
PARAMETRIC_REPRESENTATION_CONTEXT() REPRESENTATION_CONTEXT('2D SPACE',''
  ) );
#3238 = PCURVE('',#3134,#3239);
#3239 = DEFINITIONAL_REPRESENTATION('',(#3240),#3244);
#3240 = LINE('',#3241,#3242);
#3241 = CARTESIAN_POINT('',(160.,-1.42108547152E-14));
#3242 = VECTOR('',#3243,1.);
#3243 = DIRECTION('',(0.,1.));
#3244 = ( GEOMETRIC_REPRESENTATION_CONTEXT(2) 
PARAMETRIC_REPRESENTATION_CONTEXT() REPRESENTATION_CONTEXT('2D SPACE',''
  ) );
#3245 = ADVANCED_FACE('',(#3246),#3052,.F.);
#3246 = FACE_BOUND('',#3247,.F.);
#3247 = EDGE_LOOP('',(#3248,#3269,#3270,#3291));
#3248 = ORIENTED_EDGE('',*,*,#3249,.F.);
#3249 = EDGE_CURVE('',#3030,#3150,#3250,.T.);
#3250 = SURFACE_CURVE('',#3251,(#3255,#3262),.PCURVE_S1.);
#3251 = LINE('',#3252,#3253);
#3252 = CARTESIAN_POINT('',(68.807804390107,50.896817729724,5.));
#3253 = VECTOR('',#3254,1.);
#3254 = DIRECTION('',(0.728968627421,0.684547105929,0.));
#3255 = PCURVE('',#3052,#3256);
#3256 = DEFINITIONAL_REPRESENTATION('',(#3257),#3261);
#3257 = LINE('',#3258,#3259);
#3258 = CARTESIAN_POINT('',(0.,0.));
#3259 = VECTOR('',#3260,1.);
#3260 = DIRECTION('',(0.,1.));
#3261 = ( GEOMETRIC_REPRESENTATION_CONTEXT(2) 
PARAMETRIC_REPRESENTATION_CONTEXT() REPRESENTATION_CONTEXT('2D SPACE',''
  ) );
#3262 = PCURVE('',#3080,#3263);
#3263 = DEFINITIONAL_REPRESENTATION('',(#3264),#3268);
#3264 = LINE('',#3265,#3266);
#3265 = CARTESIAN_POINT('',(0.,0.));
#3266 = VECTOR('',#3267,1.);
#3267 = DIRECTION('',(1.,0.));
#3268 = ( GEOMETRIC_REPRESENTATION_CONTEXT(2) 
PARAMETRIC_REPRESENTATION_CONTEXT() REPRESENTATION_CONTEXT('2D SPACE',''
  ) );
#3269 = ORIENTED_EDGE('',*,*,#3029,.T.);
#3270 = ORIENTED_EDGE('',*,*,#3271,.T.);
#3271 = EDGE_CURVE('',#3032,#3152,#3272,.T.);
#3272 = SURFACE_CURVE('',#3273,(#3277,#3284),.PCURVE_S1.);
#3273 = LINE('',#3274,#3275);
#3274 = CARTESIAN_POINT('',(68.807804390107,50.896817729724,5.4));
#3275 = VECTOR('',#3276,1.);
#3276 = DIRECTION('',(0.728968627421,0.684547105929,0.));
#3277 = PCURVE('',#3052,#3278);
#3278 = DEFINITIONAL_REPRESENTATION('',(#3279),#3283);
#3279 = LINE('',#3280,#3281);
#3280 = CARTESIAN_POINT('',(0.4,0.));
#3281 = VECTOR('',#3282,1.);
#3282 = DIRECTION('',(0.,1.));
#3283 = ( GEOMETRIC_REPRESENTATION_CONTEXT(2) 
PARAMETRIC_REPRESENTATION_CONTEXT() REPRESENTATION_CONTEXT('2D SPACE',''
  ) );
#3284 = PCURVE('',#3134,#3285);
#3285 = DEFINITIONAL_REPRESENTATION('',(#3286),#3290);
#3286 = LINE('',#3287,#3288);
#3287 = CARTESIAN_POINT('',(0.,0.));
#3288 = VECTOR('',#3289,1.);
#3289 = DIRECTION('',(1.,0.));
#3290 = ( GEOMETRIC_REPRESENTATION_CONTEXT(2) 
PARAMETRIC_REPRESENTATION_CONTEXT() REPRESENTATION_CONTEXT('2D SPACE',''
  ) );
#3291 = ORIENTED_EDGE('',*,*,#3149,.F.);
#3292 = ADVANCED_FACE('',(#3293),#3108,.T.);
#3293 = FACE_BOUND('',#3294,.T.);
#3294 = EDGE_LOOP('',(#3295,#3316,#3317,#3338));
#3295 = ORIENTED_EDGE('',*,*,#3296,.F.);
#3296 = EDGE_CURVE('',#3065,#3180,#3297,.T.);
#3297 = SURFACE_CURVE('',#3298,(#3302,#3309),.PCURVE_S1.);
#3298 = LINE('',#3299,#3300);
#3299 = CARTESIAN_POINT('',(55.116862271533,65.476190278153,5.));
#3300 = VECTOR('',#3301,1.);
#3301 = DIRECTION('',(0.728968627421,0.684547105929,0.));
#3302 = PCURVE('',#3108,#3303);
#3303 = DEFINITIONAL_REPRESENTATION('',(#3304),#3308);
#3304 = LINE('',#3305,#3306);
#3305 = CARTESIAN_POINT('',(0.,0.));
#3306 = VECTOR('',#3307,1.);
#3307 = DIRECTION('',(0.,1.));
#3308 = ( GEOMETRIC_REPRESENTATION_CONTEXT(2) 
PARAMETRIC_REPRESENTATION_CONTEXT() REPRESENTATION_CONTEXT('2D SPACE',''
  ) );
#3309 = PCURVE('',#3080,#3310);
#3310 = DEFINITIONAL_REPRESENTATION('',(#3311),#3315);
#3311 = LINE('',#3312,#3313);
#3312 = CARTESIAN_POINT('',(-3.552713678801E-15,20.));
#3313 = VECTOR('',#3314,1.);
#3314 = DIRECTION('',(1.,0.));
#3315 = ( GEOMETRIC_REPRESENTATION_CONTEXT(2) 
PARAMETRIC_REPRESENTATION_CONTEXT() REPRESENTATION_CONTEXT('2D SPACE',''
  ) );
#3316 = ORIENTED_EDGE('',*,*,#3092,.T.);
#3317 = ORIENTED_EDGE('',*,*,#3318,.T.);
#3318 = EDGE_CURVE('',#3093,#3203,#3319,.T.);
#3319 = SURFACE_CURVE('',#3320,(#3324,#3331),.PCURVE_S1.);
#3320 = LINE('',#3321,#3322);
#3321 = CARTESIAN_POINT('',(55.116862271533,65.476190278153,5.4));
#3322 = VECTOR('',#3323,1.);
#3323 = DIRECTION('',(0.728968627421,0.684547105929,0.));
#3324 = PCURVE('',#3108,#3325);
#3325 = DEFINITIONAL_REPRESENTATION('',(#3326),#3330);
#3326 = LINE('',#3327,#3328);
#3327 = CARTESIAN_POINT('',(0.4,0.));
#3328 = VECTOR('',#3329,1.);
#3329 = DIRECTION('',(0.,1.));
#3330 = ( GEOMETRIC_REPRESENTATION_CONTEXT(2) 
PARAMETRIC_REPRESENTATION_CONTEXT() REPRESENTATION_CONTEXT('2D SPACE',''
  ) );
#3331 = PCURVE('',#3134,#3332);
#3332 = DEFINITIONAL_REPRESENTATION('',(#3333),#3337);
#3333 = LINE('',#3334,#3335);
#3334 = CARTESIAN_POINT('',(-3.552713678801E-15,20.));
#3335 = VECTOR('',#3336,1.);
#3336 = DIRECTION('',(1.,0.));
#3337 = ( GEOMETRIC_REPRESENTATION_CONTEXT(2) 
PARAMETRIC_REPRESENTATION_CONTEXT() REPRESENTATION_CONTEXT('2D SPACE',''
  ) );
#3338 = ORIENTED_EDGE('',*,*,#3202,.F.);
#3339 = ADVANCED_FACE('',(#3340),#3080,.F.);
#3340 = FACE_BOUND('',#3341,.F.);
#3341 = EDGE_LOOP('',(#3342,#3343,#3344,#3345));
#3342 = ORIENTED_EDGE('',*,*,#3064,.F.);
#3343 = ORIENTED_EDGE('',*,*,#3249,.T.);
#3344 = ORIENTED_EDGE('',*,*,#3179,.T.);
#3345 = ORIENTED_EDGE('',*,*,#3296,.F.);
#3346 = ADVANCED_FACE('',(#3347),#3134,.T.);
#3347 = FACE_BOUND('',#3348,.T.);
#3348 = EDGE_LOOP('',(#3349,#3350,#3351,#3352));
#3349 = ORIENTED_EDGE('',*,*,#3120,.F.);
#3350 = ORIENTED_EDGE('',*,*,#3271,.T.);
#3351 = ORIENTED_EDGE('',*,*,#3225,.T.);
#3352 = ORIENTED_EDGE('',*,*,#3318,.F.);
#3353 = ( GEOMETRIC_REPRESENTATION_CONTEXT(3) 
GLOBAL_UNCERTAINTY_ASSIGNED_CONTEXT((#3357)) 
GLOBAL_UNIT_ASSIGNED_CONTEXT((#3354,#3355,#3356)) REPRESENTATION_CONTEXT
('Context #1','3D Context with UNIT and UNCERTAINTY') );
#3354 = ( LENGTH_UNIT() NAMED_UNIT(*) SI_UNIT(.MILLI.,.METRE.) );
#3355 = ( NAMED_UNIT(*) PLANE_ANGLE_UNIT() SI_UNIT($,.RADIAN.) );
#3356 = ( NAMED_UNIT(*) SI_UNIT($,.STERADIAN.) SOLID_ANGLE_UNIT() );
#3357 = UNCERTAINTY_MEASURE_WITH_UNIT(LENGTH_MEASURE(1.E-07),#3354,
  'distance_accuracy_value','confusion accuracy');
#3358 = CONTEXT_DEPENDENT_SHAPE_REPRESENTATION(#3359,#3361);
#3359 = ( REPRESENTATION_RELATIONSHIP('','',#3022,#709) 
REPRESENTATION_RELATIONSHIP_WITH_TRANSFORMATION(#3360) 
SHAPE_REPRESENTATION_RELATIONSHIP() );
#3360 = ITEM_DEFINED_TRANSFORMATION('','',#11,#734);
#3361 = PRODUCT_DEFINITION_SHAPE('Placement','Placement of an item',
  #3362);
#3362 = NEXT_ASSEMBLY_USAGE_OCCURRENCE('15','','',#704,#3017,$);
#3363 = PRODUCT_RELATED_PRODUCT_CATEGORY('part',$,(#3019));
#3364 = SHAPE_DEFINITION_REPRESENTATION(#3365,#3371);
#3365 = PRODUCT_DEFINITION_SHAPE('','',#3366);
#3366 = PRODUCT_DEFINITION('design','',#3367,#3370);
#3367 = PRODUCT_DEFINITION_FORMATION('','',#3368);
#3368 = PRODUCT('Open CASCADE STEP translator 7.9 2.2.8',
  'Open CASCADE STEP translator 7.9 2.2.8','',(#3369));
#3369 = PRODUCT_CONTEXT('',#2,'mechanical');
#3370 = PRODUCT_DEFINITION_CONTEXT('part definition',#2,'design');
#3371 = ADVANCED_BREP_SHAPE_REPRESENTATION('',(#11,#3372),#3702);
#3372 = MANIFOLD_SOLID_BREP('',#3373);
#3373 = CLOSED_SHELL('',(#3374,#3494,#3594,#3641,#3688,#3695));
#3374 = ADVANCED_FACE('',(#3375),#3389,.F.);
#3375 = FACE_BOUND('',#3376,.F.);
#3376 = EDGE_LOOP('',(#3377,#3412,#3440,#3468));
#3377 = ORIENTED_EDGE('',*,*,#3378,.F.);
#3378 = EDGE_CURVE('',#3379,#3381,#3383,.T.);
#3379 = VERTEX_POINT('',#3380);
#3380 = CARTESIAN_POINT('',(61.886171556397,59.119385738455,5.));
#3381 = VERTEX_POINT('',#3382);
#3382 = CARTESIAN_POINT('',(61.886171556397,59.119385738455,5.4));
#3383 = SURFACE_CURVE('',#3384,(#3388,#3400),.PCURVE_S1.);
#3384 = LINE('',#3385,#3386);
#3385 = CARTESIAN_POINT('',(61.886171556397,59.119385738455,5.));
#3386 = VECTOR('',#3387,1.);
#3387 = DIRECTION('',(0.,0.,1.));
#3388 = PCURVE('',#3389,#3394);
#3389 = PLANE('',#3390);
#3390 = AXIS2_PLACEMENT_3D('',#3391,#3392,#3393);
#3391 = CARTESIAN_POINT('',(61.886171556397,59.119385738455,5.));
#3392 = DIRECTION('',(0.637423989749,0.770513242776,0.));
#3393 = DIRECTION('',(0.,0.,1.));
#3394 = DEFINITIONAL_REPRESENTATION('',(#3395),#3399);
#3395 = LINE('',#3396,#3397);
#3396 = CARTESIAN_POINT('',(0.,0.));
#3397 = VECTOR('',#3398,1.);
#3398 = DIRECTION('',(1.,0.));
#3399 = ( GEOMETRIC_REPRESENTATION_CONTEXT(2) 
PARAMETRIC_REPRESENTATION_CONTEXT() REPRESENTATION_CONTEXT('2D SPACE',''
  ) );
#3400 = PCURVE('',#3401,#3406);
#3401 = PLANE('',#3402);
#3402 = AXIS2_PLACEMENT_3D('',#3403,#3404,#3405);
#3403 = CARTESIAN_POINT('',(61.886171556397,59.119385738455,5.));
#3404 = DIRECTION('',(-0.770513242776,0.637423989749,0.));
#3405 = DIRECTION('',(0.,0.,1.));
#3406 = DEFINITIONAL_REPRESENTATION('',(#3407),#3411);
#3407 = LINE('',#3408,#3409);
#3408 = CARTESIAN_POINT('',(0.,0.));
#3409 = VECTOR('',#3410,1.);
#3410 = DIRECTION('',(1.,0.));
#3411 = ( GEOMETRIC_REPRESENTATION_CONTEXT(2) 
PARAMETRIC_REPRESENTATION_CONTEXT() REPRESENTATION_CONTEXT('2D SPACE',''
  ) );
#3412 = ORIENTED_EDGE('',*,*,#3413,.T.);
#3413 = EDGE_CURVE('',#3379,#3414,#3416,.T.);
#3414 = VERTEX_POINT('',#3415);
#3415 = CARTESIAN_POINT('',(46.475906700881,71.867865533429,5.));
#3416 = SURFACE_CURVE('',#3417,(#3421,#3428),.PCURVE_S1.);
#3417 = LINE('',#3418,#3419);
#3418 = CARTESIAN_POINT('',(61.886171556397,59.119385738455,5.));
#3419 = VECTOR('',#3420,1.);
#3420 = DIRECTION('',(-0.770513242776,0.637423989749,0.));
#3421 = PCURVE('',#3389,#3422);
#3422 = DEFINITIONAL_REPRESENTATION('',(#3423),#3427);
#3423 = LINE('',#3424,#3425);
#3424 = CARTESIAN_POINT('',(0.,0.));
#3425 = VECTOR('',#3426,1.);
#3426 = DIRECTION('',(0.,-1.));
#3427 = ( GEOMETRIC_REPRESENTATION_CONTEXT(2) 
PARAMETRIC_REPRESENTATION_CONTEXT() REPRESENTATION_CONTEXT('2D SPACE',''
  ) );
#3428 = PCURVE('',#3429,#3434);
#3429 = PLANE('',#3430);
#3430 = AXIS2_PLACEMENT_3D('',#3431,#3432,#3433);
#3431 = CARTESIAN_POINT('',(61.886171556397,59.119385738455,5.));
#3432 = DIRECTION('',(0.,0.,1.));
#3433 = DIRECTION('',(0.637423989749,0.770513242776,0.));
#3434 = DEFINITIONAL_REPRESENTATION('',(#3435),#3439);
#3435 = LINE('',#3436,#3437);
#3436 = CARTESIAN_POINT('',(0.,0.));
#3437 = VECTOR('',#3438,1.);
#3438 = DIRECTION('',(0.,1.));
#3439 = ( GEOMETRIC_REPRESENTATION_CONTEXT(2) 
PARAMETRIC_REPRESENTATION_CONTEXT() REPRESENTATION_CONTEXT('2D SPACE',''
  ) );
#3440 = ORIENTED_EDGE('',*,*,#3441,.T.);
#3441 = EDGE_CURVE('',#3414,#3442,#3444,.T.);
#3442 = VERTEX_POINT('',#3443);
#3443 = CARTESIAN_POINT('',(46.475906700881,71.867865533429,5.4));
#3444 = SURFACE_CURVE('',#3445,(#3449,#3456),.PCURVE_S1.);
#3445 = LINE('',#3446,#3447);
#3446 = CARTESIAN_POINT('',(46.475906700881,71.867865533429,5.));
#3447 = VECTOR('',#3448,1.);
#3448 = DIRECTION('',(0.,0.,1.));
#3449 = PCURVE('',#3389,#3450);
#3450 = DEFINITIONAL_REPRESENTATION('',(#3451),#3455);
#3451 = LINE('',#3452,#3453);
#3452 = CARTESIAN_POINT('',(0.,-20.));
#3453 = VECTOR('',#3454,1.);
#3454 = DIRECTION('',(1.,0.));
#3455 = ( GEOMETRIC_REPRESENTATION_CONTEXT(2) 
PARAMETRIC_REPRESENTATION_CONTEXT() REPRESENTATION_CONTEXT('2D SPACE',''
  ) );
#3456 = PCURVE('',#3457,#3462);
#3457 = PLANE('',#3458);
#3458 = AXIS2_PLACEMENT_3D('',#3459,#3460,#3461);
#3459 = CARTESIAN_POINT('',(46.475906700881,71.867865533429,5.));
#3460 = DIRECTION('',(-0.770513242776,0.637423989749,0.));
#3461 = DIRECTION('',(0.,0.,1.));
#3462 = DEFINITIONAL_REPRESENTATION('',(#3463),#3467);
#3463 = LINE('',#3464,#3465);
#3464 = CARTESIAN_POINT('',(0.,0.));
#3465 = VECTOR('',#3466,1.);
#3466 = DIRECTION('',(1.,0.));
#3467 = ( GEOMETRIC_REPRESENTATION_CONTEXT(2) 
PARAMETRIC_REPRESENTATION_CONTEXT() REPRESENTATION_CONTEXT('2D SPACE',''
  ) );
#3468 = ORIENTED_EDGE('',*,*,#3469,.F.);
#3469 = EDGE_CURVE('',#3381,#3442,#3470,.T.);
#3470 = SURFACE_CURVE('',#3471,(#3475,#3482),.PCURVE_S1.);
#3471 = LINE('',#3472,#3473);
#3472 = CARTESIAN_POINT('',(61.886171556397,59.119385738455,5.4));
#3473 = VECTOR('',#3474,1.);
#3474 = DIRECTION('',(-0.770513242776,0.637423989749,0.));
#3475 = PCURVE('',#3389,#3476);
#3476 = DEFINITIONAL_REPRESENTATION('',(#3477),#3481);
#3477 = LINE('',#3478,#3479);
#3478 = CARTESIAN_POINT('',(0.4,0.));
#3479 = VECTOR('',#3480,1.);
#3480 = DIRECTION('',(0.,-1.));
#3481 = ( GEOMETRIC_REPRESENTATION_CONTEXT(2) 
PARAMETRIC_REPRESENTATION_CONTEXT() REPRESENTATION_CONTEXT('2D SPACE',''
  ) );
#3482 = PCURVE('',#3483,#3488);
#3483 = PLANE('',#3484);
#3484 = AXIS2_PLACEMENT_3D('',#3485,#3486,#3487);
#3485 = CARTESIAN_POINT('',(61.886171556397,59.119385738455,5.4));
#3486 = DIRECTION('',(0.,0.,1.));
#3487 = DIRECTION('',(0.637423989749,0.770513242776,0.));
#3488 = DEFINITIONAL_REPRESENTATION('',(#3489),#3493);
#3489 = LINE('',#3490,#3491);
#3490 = CARTESIAN_POINT('',(0.,0.));
#3491 = VECTOR('',#3492,1.);
#3492 = DIRECTION('',(0.,1.));
#3493 = ( GEOMETRIC_REPRESENTATION_CONTEXT(2) 
PARAMETRIC_REPRESENTATION_CONTEXT() REPRESENTATION_CONTEXT('2D SPACE',''
  ) );
#3494 = ADVANCED_FACE('',(#3495),#3509,.T.);
#3495 = FACE_BOUND('',#3496,.T.);
#3496 = EDGE_LOOP('',(#3497,#3527,#3550,#3573));
#3497 = ORIENTED_EDGE('',*,*,#3498,.F.);
#3498 = EDGE_CURVE('',#3499,#3501,#3503,.T.);
#3499 = VERTEX_POINT('',#3500);
#3500 = CARTESIAN_POINT('',(163.87400991618,182.40150458258,5.));
#3501 = VERTEX_POINT('',#3502);
#3502 = CARTESIAN_POINT('',(163.87400991618,182.40150458258,5.4));
#3503 = SURFACE_CURVE('',#3504,(#3508,#3520),.PCURVE_S1.);
#3504 = LINE('',#3505,#3506);
#3505 = CARTESIAN_POINT('',(163.87400991618,182.40150458258,5.));
#3506 = VECTOR('',#3507,1.);
#3507 = DIRECTION('',(0.,0.,1.));
#3508 = PCURVE('',#3509,#3514);
#3509 = PLANE('',#3510);
#3510 = AXIS2_PLACEMENT_3D('',#3511,#3512,#3513);
#3511 = CARTESIAN_POINT('',(163.87400991618,182.40150458258,5.));
#3512 = DIRECTION('',(0.637423989749,0.770513242776,0.));
#3513 = DIRECTION('',(0.,0.,1.));
#3514 = DEFINITIONAL_REPRESENTATION('',(#3515),#3519);
#3515 = LINE('',#3516,#3517);
#3516 = CARTESIAN_POINT('',(0.,0.));
#3517 = VECTOR('',#3518,1.);
#3518 = DIRECTION('',(1.,0.));
#3519 = ( GEOMETRIC_REPRESENTATION_CONTEXT(2) 
PARAMETRIC_REPRESENTATION_CONTEXT() REPRESENTATION_CONTEXT('2D SPACE',''
  ) );
#3520 = PCURVE('',#3401,#3521);
#3521 = DEFINITIONAL_REPRESENTATION('',(#3522),#3526);
#3522 = LINE('',#3523,#3524);
#3523 = CARTESIAN_POINT('',(0.,160.));
#3524 = VECTOR('',#3525,1.);
#3525 = DIRECTION('',(1.,0.));
#3526 = ( GEOMETRIC_REPRESENTATION_CONTEXT(2) 
PARAMETRIC_REPRESENTATION_CONTEXT() REPRESENTATION_CONTEXT('2D SPACE',''
  ) );
#3527 = ORIENTED_EDGE('',*,*,#3528,.T.);
#3528 = EDGE_CURVE('',#3499,#3529,#3531,.T.);
#3529 = VERTEX_POINT('',#3530);
#3530 = CARTESIAN_POINT('',(148.46374506067,195.14998437755,5.));
#3531 = SURFACE_CURVE('',#3532,(#3536,#3543),.PCURVE_S1.);
#3532 = LINE('',#3533,#3534);
#3533 = CARTESIAN_POINT('',(163.87400991618,182.40150458258,5.));
#3534 = VECTOR('',#3535,1.);
#3535 = DIRECTION('',(-0.770513242776,0.637423989749,0.));
#3536 = PCURVE('',#3509,#3537);
#3537 = DEFINITIONAL_REPRESENTATION('',(#3538),#3542);
#3538 = LINE('',#3539,#3540);
#3539 = CARTESIAN_POINT('',(0.,0.));
#3540 = VECTOR('',#3541,1.);
#3541 = DIRECTION('',(0.,-1.));
#3542 = ( GEOMETRIC_REPRESENTATION_CONTEXT(2) 
PARAMETRIC_REPRESENTATION_CONTEXT() REPRESENTATION_CONTEXT('2D SPACE',''
  ) );
#3543 = PCURVE('',#3429,#3544);
#3544 = DEFINITIONAL_REPRESENTATION('',(#3545),#3549);
#3545 = LINE('',#3546,#3547);
#3546 = CARTESIAN_POINT('',(160.,1.42108547152E-14));
#3547 = VECTOR('',#3548,1.);
#3548 = DIRECTION('',(0.,1.));
#3549 = ( GEOMETRIC_REPRESENTATION_CONTEXT(2) 
PARAMETRIC_REPRESENTATION_CONTEXT() REPRESENTATION_CONTEXT('2D SPACE',''
  ) );
#3550 = ORIENTED_EDGE('',*,*,#3551,.T.);
#3551 = EDGE_CURVE('',#3529,#3552,#3554,.T.);
#3552 = VERTEX_POINT('',#3553);
#3553 = CARTESIAN_POINT('',(148.46374506067,195.14998437755,5.4));
#3554 = SURFACE_CURVE('',#3555,(#3559,#3566),.PCURVE_S1.);
#3555 = LINE('',#3556,#3557);
#3556 = CARTESIAN_POINT('',(148.46374506067,195.14998437755,5.));
#3557 = VECTOR('',#3558,1.);
#3558 = DIRECTION('',(0.,0.,1.));
#3559 = PCURVE('',#3509,#3560);
#3560 = DEFINITIONAL_REPRESENTATION('',(#3561),#3565);
#3561 = LINE('',#3562,#3563);
#3562 = CARTESIAN_POINT('',(0.,-20.));
#3563 = VECTOR('',#3564,1.);
#3564 = DIRECTION('',(1.,0.));
#3565 = ( GEOMETRIC_REPRESENTATION_CONTEXT(2) 
PARAMETRIC_REPRESENTATION_CONTEXT() REPRESENTATION_CONTEXT('2D SPACE',''
  ) );
#3566 = PCURVE('',#3457,#3567);
#3567 = DEFINITIONAL_REPRESENTATION('',(#3568),#3572);
#3568 = LINE('',#3569,#3570);
#3569 = CARTESIAN_POINT('',(0.,160.));
#3570 = VECTOR('',#3571,1.);
#3571 = DIRECTION('',(1.,0.));
#3572 = ( GEOMETRIC_REPRESENTATION_CONTEXT(2) 
PARAMETRIC_REPRESENTATION_CONTEXT() REPRESENTATION_CONTEXT('2D SPACE',''
  ) );
#3573 = ORIENTED_EDGE('',*,*,#3574,.F.);
#3574 = EDGE_CURVE('',#3501,#3552,#3575,.T.);
#3575 = SURFACE_CURVE('',#3576,(#3580,#3587),.PCURVE_S1.);
#3576 = LINE('',#3577,#3578);
#3577 = CARTESIAN_POINT('',(163.87400991618,182.40150458258,5.4));
#3578 = VECTOR('',#3579,1.);
#3579 = DIRECTION('',(-0.770513242776,0.637423989749,0.));
#3580 = PCURVE('',#3509,#3581);
#3581 = DEFINITIONAL_REPRESENTATION('',(#3582),#3586);
#3582 = LINE('',#3583,#3584);
#3583 = CARTESIAN_POINT('',(0.4,0.));
#3584 = VECTOR('',#3585,1.);
#3585 = DIRECTION('',(0.,-1.));
#3586 = ( GEOMETRIC_REPRESENTATION_CONTEXT(2) 
PARAMETRIC_REPRESENTATION_CONTEXT() REPRESENTATION_CONTEXT('2D SPACE',''
  ) );
#3587 = PCURVE('',#3483,#3588);
#3588 = DEFINITIONAL_REPRESENTATION('',(#3589),#3593);
#3589 = LINE('',#3590,#3591);
#3590 = CARTESIAN_POINT('',(160.,1.42108547152E-14));
#3591 = VECTOR('',#3592,1.);
#3592 = DIRECTION('',(0.,1.));
#3593 = ( GEOMETRIC_REPRESENTATION_CONTEXT(2) 
PARAMETRIC_REPRESENTATION_CONTEXT() REPRESENTATION_CONTEXT('2D SPACE',''
  ) );
#3594 = ADVANCED_FACE('',(#3595),#3401,.F.);
#3595 = FACE_BOUND('',#3596,.F.);
#3596 = EDGE_LOOP('',(#3597,#3618,#3619,#3640));
#3597 = ORIENTED_EDGE('',*,*,#3598,.F.);
#3598 = EDGE_CURVE('',#3379,#3499,#3599,.T.);
#3599 = SURFACE_CURVE('',#3600,(#3604,#3611),.PCURVE_S1.);
#3600 = LINE('',#3601,#3602);
#3601 = CARTESIAN_POINT('',(61.886171556397,59.119385738455,5.));
#3602 = VECTOR('',#3603,1.);
#3603 = DIRECTION('',(0.637423989749,0.770513242776,0.));
#3604 = PCURVE('',#3401,#3605);
#3605 = DEFINITIONAL_REPRESENTATION('',(#3606),#3610);
#3606 = LINE('',#3607,#3608);
#3607 = CARTESIAN_POINT('',(0.,0.));
#3608 = VECTOR('',#3609,1.);
#3609 = DIRECTION('',(0.,1.));
#3610 = ( GEOMETRIC_REPRESENTATION_CONTEXT(2) 
PARAMETRIC_REPRESENTATION_CONTEXT() REPRESENTATION_CONTEXT('2D SPACE',''
  ) );
#3611 = PCURVE('',#3429,#3612);
#3612 = DEFINITIONAL_REPRESENTATION('',(#3613),#3617);
#3613 = LINE('',#3614,#3615);
#3614 = CARTESIAN_POINT('',(0.,0.));
#3615 = VECTOR('',#3616,1.);
#3616 = DIRECTION('',(1.,0.));
#3617 = ( GEOMETRIC_REPRESENTATION_CONTEXT(2) 
PARAMETRIC_REPRESENTATION_CONTEXT() REPRESENTATION_CONTEXT('2D SPACE',''
  ) );
#3618 = ORIENTED_EDGE('',*,*,#3378,.T.);
#3619 = ORIENTED_EDGE('',*,*,#3620,.T.);
#3620 = EDGE_CURVE('',#3381,#3501,#3621,.T.);
#3621 = SURFACE_CURVE('',#3622,(#3626,#3633),.PCURVE_S1.);
#3622 = LINE('',#3623,#3624);
#3623 = CARTESIAN_POINT('',(61.886171556397,59.119385738455,5.4));
#3624 = VECTOR('',#3625,1.);
#3625 = DIRECTION('',(0.637423989749,0.770513242776,0.));
#3626 = PCURVE('',#3401,#3627);
#3627 = DEFINITIONAL_REPRESENTATION('',(#3628),#3632);
#3628 = LINE('',#3629,#3630);
#3629 = CARTESIAN_POINT('',(0.4,0.));
#3630 = VECTOR('',#3631,1.);
#3631 = DIRECTION('',(0.,1.));
#3632 = ( GEOMETRIC_REPRESENTATION_CONTEXT(2) 
PARAMETRIC_REPRESENTATION_CONTEXT() REPRESENTATION_CONTEXT('2D SPACE',''
  ) );
#3633 = PCURVE('',#3483,#3634);
#3634 = DEFINITIONAL_REPRESENTATION('',(#3635),#3639);
#3635 = LINE('',#3636,#3637);
#3636 = CARTESIAN_POINT('',(0.,0.));
#3637 = VECTOR('',#3638,1.);
#3638 = DIRECTION('',(1.,0.));
#3639 = ( GEOMETRIC_REPRESENTATION_CONTEXT(2) 
PARAMETRIC_REPRESENTATION_CONTEXT() REPRESENTATION_CONTEXT('2D SPACE',''
  ) );
#3640 = ORIENTED_EDGE('',*,*,#3498,.F.);
#3641 = ADVANCED_FACE('',(#3642),#3457,.T.);
#3642 = FACE_BOUND('',#3643,.T.);
#3643 = EDGE_LOOP('',(#3644,#3665,#3666,#3687));
#3644 = ORIENTED_EDGE('',*,*,#3645,.F.);
#3645 = EDGE_CURVE('',#3414,#3529,#3646,.T.);
#3646 = SURFACE_CURVE('',#3647,(#3651,#3658),.PCURVE_S1.);
#3647 = LINE('',#3648,#3649);
#3648 = CARTESIAN_POINT('',(46.475906700881,71.867865533429,5.));
#3649 = VECTOR('',#3650,1.);
#3650 = DIRECTION('',(0.637423989749,0.770513242776,0.));
#3651 = PCURVE('',#3457,#3652);
#3652 = DEFINITIONAL_REPRESENTATION('',(#3653),#3657);
#3653 = LINE('',#3654,#3655);
#3654 = CARTESIAN_POINT('',(0.,0.));
#3655 = VECTOR('',#3656,1.);
#3656 = DIRECTION('',(0.,1.));
#3657 = ( GEOMETRIC_REPRESENTATION_CONTEXT(2) 
PARAMETRIC_REPRESENTATION_CONTEXT() REPRESENTATION_CONTEXT('2D SPACE',''
  ) );
#3658 = PCURVE('',#3429,#3659);
#3659 = DEFINITIONAL_REPRESENTATION('',(#3660),#3664);
#3660 = LINE('',#3661,#3662);
#3661 = CARTESIAN_POINT('',(5.329070518201E-15,20.));
#3662 = VECTOR('',#3663,1.);
#3663 = DIRECTION('',(1.,0.));
#3664 = ( GEOMETRIC_REPRESENTATION_CONTEXT(2) 
PARAMETRIC_REPRESENTATION_CONTEXT() REPRESENTATION_CONTEXT('2D SPACE',''
  ) );
#3665 = ORIENTED_EDGE('',*,*,#3441,.T.);
#3666 = ORIENTED_EDGE('',*,*,#3667,.T.);
#3667 = EDGE_CURVE('',#3442,#3552,#3668,.T.);
#3668 = SURFACE_CURVE('',#3669,(#3673,#3680),.PCURVE_S1.);
#3669 = LINE('',#3670,#3671);
#3670 = CARTESIAN_POINT('',(46.475906700881,71.867865533429,5.4));
#3671 = VECTOR('',#3672,1.);
#3672 = DIRECTION('',(0.637423989749,0.770513242776,0.));
#3673 = PCURVE('',#3457,#3674);
#3674 = DEFINITIONAL_REPRESENTATION('',(#3675),#3679);
#3675 = LINE('',#3676,#3677);
#3676 = CARTESIAN_POINT('',(0.4,0.));
#3677 = VECTOR('',#3678,1.);
#3678 = DIRECTION('',(0.,1.));
#3679 = ( GEOMETRIC_REPRESENTATION_CONTEXT(2) 
PARAMETRIC_REPRESENTATION_CONTEXT() REPRESENTATION_CONTEXT('2D SPACE',''
  ) );
#3680 = PCURVE('',#3483,#3681);
#3681 = DEFINITIONAL_REPRESENTATION('',(#3682),#3686);
#3682 = LINE('',#3683,#3684);
#3683 = CARTESIAN_POINT('',(5.329070518201E-15,20.));
#3684 = VECTOR('',#3685,1.);
#3685 = DIRECTION('',(1.,0.));
#3686 = ( GEOMETRIC_REPRESENTATION_CONTEXT(2) 
PARAMETRIC_REPRESENTATION_CONTEXT() REPRESENTATION_CONTEXT('2D SPACE',''
  ) );
#3687 = ORIENTED_EDGE('',*,*,#3551,.F.);
#3688 = ADVANCED_FACE('',(#3689),#3429,.F.);
#3689 = FACE_BOUND('',#3690,.F.);
#3690 = EDGE_LOOP('',(#3691,#3692,#3693,#3694));
#3691 = ORIENTED_EDGE('',*,*,#3413,.F.);
#3692 = ORIENTED_EDGE('',*,*,#3598,.T.);
#3693 = ORIENTED_EDGE('',*,*,#3528,.T.);
#3694 = ORIENTED_EDGE('',*,*,#3645,.F.);
#3695 = ADVANCED_FACE('',(#3696),#3483,.T.);
#3696 = FACE_BOUND('',#3697,.T.);
#3697 = EDGE_LOOP('',(#3698,#3699,#3700,#3701));
#3698 = ORIENTED_EDGE('',*,*,#3469,.F.);
#3699 = ORIENTED_EDGE('',*,*,#3620,.T.);
#3700 = ORIENTED_EDGE('',*,*,#3574,.T.);
#3701 = ORIENTED_EDGE('',*,*,#3667,.F.);
#3702 = ( GEOMETRIC_REPRESENTATION_CONTEXT(3) 
GLOBAL_UNCERTAINTY_ASSIGNED_CONTEXT((#3706)) 
GLOBAL_UNIT_ASSIGNED_CONTEXT((#3703,#3704,#3705)) REPRESENTATION_CONTEXT
('Context #1','3D Context with UNIT and UNCERTAINTY') );
#3703 = ( LENGTH_UNIT() NAMED_UNIT(*) SI_UNIT(.MILLI.,.METRE.) );
#3704 = ( NAMED_UNIT(*) PLANE_ANGLE_UNIT() SI_UNIT($,.RADIAN.) );
#3705 = ( NAMED_UNIT(*) SI_UNIT($,.STERADIAN.) SOLID_ANGLE_UNIT() );
#3706 = UNCERTAINTY_MEASURE_WITH_UNIT(LENGTH_MEASURE(1.E-07),#3703,
  'distance_accuracy_value','confusion accuracy');
#3707 = CONTEXT_DEPENDENT_SHAPE_REPRESENTATION(#3708,#3710);
#3708 = ( REPRESENTATION_RELATIONSHIP('','',#3371,#709) 
REPRESENTATION_RELATIONSHIP_WITH_TRANSFORMATION(#3709) 
SHAPE_REPRESENTATION_RELATIONSHIP() );
#3709 = ITEM_DEFINED_TRANSFORMATION('','',#11,#738);
#3710 = PRODUCT_DEFINITION_SHAPE('Placement','Placement of an item',
  #3711);
#3711 = NEXT_ASSEMBLY_USAGE_OCCURRENCE('16','','',#704,#3366,$);
#3712 = PRODUCT_RELATED_PRODUCT_CATEGORY('part',$,(#3368));
#3713 = SHAPE_DEFINITION_REPRESENTATION(#3714,#3720);
#3714 = PRODUCT_DEFINITION_SHAPE('','',#3715);
#3715 = PRODUCT_DEFINITION('design','',#3716,#3719);
#3716 = PRODUCT_DEFINITION_FORMATION('','',#3717);
#3717 = PRODUCT('Open CASCADE STEP translator 7.9 2.2.9',
  'Open CASCADE STEP translator 7.9 2.2.9','',(#3718));
#3718 = PRODUCT_CONTEXT('',#2,'mechanical');
#3719 = PRODUCT_DEFINITION_CONTEXT('part definition',#2,'design');
#3720 = ADVANCED_BREP_SHAPE_REPRESENTATION('',(#11,#3721),#4051);
#3721 = MANIFOLD_SOLID_BREP('',#3722);
#3722 = CLOSED_SHELL('',(#3723,#3843,#3943,#3990,#4037,#4044));
#3723 = ADVANCED_FACE('',(#3724),#3738,.F.);
#3724 = FACE_BOUND('',#3725,.F.);
#3725 = EDGE_LOOP('',(#3726,#3761,#3789,#3817));
#3726 = ORIENTED_EDGE('',*,*,#3727,.F.);
#3727 = EDGE_CURVE('',#3728,#3730,#3732,.T.);
#3728 = VERTEX_POINT('',#3729);
#3729 = CARTESIAN_POINT('',(53.988556828235,66.409605717881,5.));
#3730 = VERTEX_POINT('',#3731);
#3731 = CARTESIAN_POINT('',(53.988556828235,66.409605717881,5.4));
#3732 = SURFACE_CURVE('',#3733,(#3737,#3749),.PCURVE_S1.);
#3733 = LINE('',#3734,#3735);
#3734 = CARTESIAN_POINT('',(53.988556828235,66.409605717881,5.));
#3735 = VECTOR('',#3736,1.);
#3736 = DIRECTION('',(0.,0.,1.));
#3737 = PCURVE('',#3738,#3743);
#3738 = PLANE('',#3739);
#3739 = AXIS2_PLACEMENT_3D('',#3740,#3741,#3742);
#3740 = CARTESIAN_POINT('',(53.988556828235,66.409605717881,5.));
#3741 = DIRECTION('',(0.535826794979,0.844327925502,0.));
#3742 = DIRECTION('',(0.,0.,1.));
#3743 = DEFINITIONAL_REPRESENTATION('',(#3744),#3748);
#3744 = LINE('',#3745,#3746);
#3745 = CARTESIAN_POINT('',(0.,0.));
#3746 = VECTOR('',#3747,1.);
#3747 = DIRECTION('',(1.,0.));
#3748 = ( GEOMETRIC_REPRESENTATION_CONTEXT(2) 
PARAMETRIC_REPRESENTATION_CONTEXT() REPRESENTATION_CONTEXT('2D SPACE',''
  ) );
#3749 = PCURVE('',#3750,#3755);
#3750 = PLANE('',#3751);
#3751 = AXIS2_PLACEMENT_3D('',#3752,#3753,#3754);
#3752 = CARTESIAN_POINT('',(53.988556828235,66.409605717881,5.));
#3753 = DIRECTION('',(-0.844327925502,0.535826794979,0.));
#3754 = DIRECTION('',(0.,0.,1.));
#3755 = DEFINITIONAL_REPRESENTATION('',(#3756),#3760);
#3756 = LINE('',#3757,#3758);
#3757 = CARTESIAN_POINT('',(0.,0.));
#3758 = VECTOR('',#3759,1.);
#3759 = DIRECTION('',(1.,0.));
#3760 = ( GEOMETRIC_REPRESENTATION_CONTEXT(2) 
PARAMETRIC_REPRESENTATION_CONTEXT() REPRESENTATION_CONTEXT('2D SPACE',''
  ) );
#3761 = ORIENTED_EDGE('',*,*,#3762,.T.);
#3762 = EDGE_CURVE('',#3728,#3763,#3765,.T.);
#3763 = VERTEX_POINT('',#3764);
#3764 = CARTESIAN_POINT('',(37.101998318195,77.126141617461,5.));
#3765 = SURFACE_CURVE('',#3766,(#3770,#3777),.PCURVE_S1.);
#3766 = LINE('',#3767,#3768);
#3767 = CARTESIAN_POINT('',(53.988556828235,66.409605717881,5.));
#3768 = VECTOR('',#3769,1.);
#3769 = DIRECTION('',(-0.844327925502,0.535826794979,0.));
#3770 = PCURVE('',#3738,#3771);
#3771 = DEFINITIONAL_REPRESENTATION('',(#3772),#3776);
#3772 = LINE('',#3773,#3774);
#3773 = CARTESIAN_POINT('',(0.,0.));
#3774 = VECTOR('',#3775,1.);
#3775 = DIRECTION('',(0.,-1.));
#3776 = ( GEOMETRIC_REPRESENTATION_CONTEXT(2) 
PARAMETRIC_REPRESENTATION_CONTEXT() REPRESENTATION_CONTEXT('2D SPACE',''
  ) );
#3777 = PCURVE('',#3778,#3783);
#3778 = PLANE('',#3779);
#3779 = AXIS2_PLACEMENT_3D('',#3780,#3781,#3782);
#3780 = CARTESIAN_POINT('',(53.988556828235,66.409605717881,5.));
#3781 = DIRECTION('',(0.,0.,1.));
#3782 = DIRECTION('',(0.535826794979,0.844327925502,0.));
#3783 = DEFINITIONAL_REPRESENTATION('',(#3784),#3788);
#3784 = LINE('',#3785,#3786);
#3785 = CARTESIAN_POINT('',(0.,0.));
#3786 = VECTOR('',#3787,1.);
#3787 = DIRECTION('',(0.,1.));
#3788 = ( GEOMETRIC_REPRESENTATION_CONTEXT(2) 
PARAMETRIC_REPRESENTATION_CONTEXT() REPRESENTATION_CONTEXT('2D SPACE',''
  ) );
#3789 = ORIENTED_EDGE('',*,*,#3790,.T.);
#3790 = EDGE_CURVE('',#3763,#3791,#3793,.T.);
#3791 = VERTEX_POINT('',#3792);
#3792 = CARTESIAN_POINT('',(37.101998318195,77.126141617461,5.4));
#3793 = SURFACE_CURVE('',#3794,(#3798,#3805),.PCURVE_S1.);
#3794 = LINE('',#3795,#3796);
#3795 = CARTESIAN_POINT('',(37.101998318195,77.126141617461,5.));
#3796 = VECTOR('',#3797,1.);
#3797 = DIRECTION('',(0.,0.,1.));
#3798 = PCURVE('',#3738,#3799);
#3799 = DEFINITIONAL_REPRESENTATION('',(#3800),#3804);
#3800 = LINE('',#3801,#3802);
#3801 = CARTESIAN_POINT('',(0.,-20.));
#3802 = VECTOR('',#3803,1.);
#3803 = DIRECTION('',(1.,0.));
#3804 = ( GEOMETRIC_REPRESENTATION_CONTEXT(2) 
PARAMETRIC_REPRESENTATION_CONTEXT() REPRESENTATION_CONTEXT('2D SPACE',''
  ) );
#3805 = PCURVE('',#3806,#3811);
#3806 = PLANE('',#3807);
#3807 = AXIS2_PLACEMENT_3D('',#3808,#3809,#3810);
#3808 = CARTESIAN_POINT('',(37.101998318195,77.126141617461,5.));
#3809 = DIRECTION('',(-0.844327925502,0.535826794979,0.));
#3810 = DIRECTION('',(0.,0.,1.));
#3811 = DEFINITIONAL_REPRESENTATION('',(#3812),#3816);
#3812 = LINE('',#3813,#3814);
#3813 = CARTESIAN_POINT('',(0.,0.));
#3814 = VECTOR('',#3815,1.);
#3815 = DIRECTION('',(1.,0.));
#3816 = ( GEOMETRIC_REPRESENTATION_CONTEXT(2) 
PARAMETRIC_REPRESENTATION_CONTEXT() REPRESENTATION_CONTEXT('2D SPACE',''
  ) );
#3817 = ORIENTED_EDGE('',*,*,#3818,.F.);
#3818 = EDGE_CURVE('',#3730,#3791,#3819,.T.);
#3819 = SURFACE_CURVE('',#3820,(#3824,#3831),.PCURVE_S1.);
#3820 = LINE('',#3821,#3822);
#3821 = CARTESIAN_POINT('',(53.988556828235,66.409605717881,5.4));
#3822 = VECTOR('',#3823,1.);
#3823 = DIRECTION('',(-0.844327925502,0.535826794979,0.));
#3824 = PCURVE('',#3738,#3825);
#3825 = DEFINITIONAL_REPRESENTATION('',(#3826),#3830);
#3826 = LINE('',#3827,#3828);
#3827 = CARTESIAN_POINT('',(0.4,0.));
#3828 = VECTOR('',#3829,1.);
#3829 = DIRECTION('',(0.,-1.));
#3830 = ( GEOMETRIC_REPRESENTATION_CONTEXT(2) 
PARAMETRIC_REPRESENTATION_CONTEXT() REPRESENTATION_CONTEXT('2D SPACE',''
  ) );
#3831 = PCURVE('',#3832,#3837);
#3832 = PLANE('',#3833);
#3833 = AXIS2_PLACEMENT_3D('',#3834,#3835,#3836);
#3834 = CARTESIAN_POINT('',(53.988556828235,66.409605717881,5.4));
#3835 = DIRECTION('',(0.,0.,1.));
#3836 = DIRECTION('',(0.535826794979,0.844327925502,0.));
#3837 = DEFINITIONAL_REPRESENTATION('',(#3838),#3842);
#3838 = LINE('',#3839,#3840);
#3839 = CARTESIAN_POINT('',(0.,0.));
#3840 = VECTOR('',#3841,1.);
#3841 = DIRECTION('',(0.,1.));
#3842 = ( GEOMETRIC_REPRESENTATION_CONTEXT(2) 
PARAMETRIC_REPRESENTATION_CONTEXT() REPRESENTATION_CONTEXT('2D SPACE',''
  ) );
#3843 = ADVANCED_FACE('',(#3844),#3858,.T.);
#3844 = FACE_BOUND('',#3845,.T.);
#3845 = EDGE_LOOP('',(#3846,#3876,#3899,#3922));
#3846 = ORIENTED_EDGE('',*,*,#3847,.F.);
#3847 = EDGE_CURVE('',#3848,#3850,#3852,.T.);
#3848 = VERTEX_POINT('',#3849);
#3849 = CARTESIAN_POINT('',(139.72084402487,201.5020737982,5.));
#3850 = VERTEX_POINT('',#3851);
#3851 = CARTESIAN_POINT('',(139.72084402487,201.5020737982,5.4));
#3852 = SURFACE_CURVE('',#3853,(#3857,#3869),.PCURVE_S1.);
#3853 = LINE('',#3854,#3855);
#3854 = CARTESIAN_POINT('',(139.72084402487,201.5020737982,5.));
#3855 = VECTOR('',#3856,1.);
#3856 = DIRECTION('',(0.,0.,1.));
#3857 = PCURVE('',#3858,#3863);
#3858 = PLANE('',#3859);
#3859 = AXIS2_PLACEMENT_3D('',#3860,#3861,#3862);
#3860 = CARTESIAN_POINT('',(139.72084402487,201.5020737982,5.));
#3861 = DIRECTION('',(0.535826794979,0.844327925502,0.));
#3862 = DIRECTION('',(0.,0.,1.));
#3863 = DEFINITIONAL_REPRESENTATION('',(#3864),#3868);
#3864 = LINE('',#3865,#3866);
#3865 = CARTESIAN_POINT('',(0.,0.));
#3866 = VECTOR('',#3867,1.);
#3867 = DIRECTION('',(1.,0.));
#3868 = ( GEOMETRIC_REPRESENTATION_CONTEXT(2) 
PARAMETRIC_REPRESENTATION_CONTEXT() REPRESENTATION_CONTEXT('2D SPACE',''
  ) );
#3869 = PCURVE('',#3750,#3870);
#3870 = DEFINITIONAL_REPRESENTATION('',(#3871),#3875);
#3871 = LINE('',#3872,#3873);
#3872 = CARTESIAN_POINT('',(0.,160.));
#3873 = VECTOR('',#3874,1.);
#3874 = DIRECTION('',(1.,0.));
#3875 = ( GEOMETRIC_REPRESENTATION_CONTEXT(2) 
PARAMETRIC_REPRESENTATION_CONTEXT() REPRESENTATION_CONTEXT('2D SPACE',''
  ) );
#3876 = ORIENTED_EDGE('',*,*,#3877,.T.);
#3877 = EDGE_CURVE('',#3848,#3878,#3880,.T.);
#3878 = VERTEX_POINT('',#3879);
#3879 = CARTESIAN_POINT('',(122.83428551483,212.21860969778,5.));
#3880 = SURFACE_CURVE('',#3881,(#3885,#3892),.PCURVE_S1.);
#3881 = LINE('',#3882,#3883);
#3882 = CARTESIAN_POINT('',(139.72084402487,201.5020737982,5.));
#3883 = VECTOR('',#3884,1.);
#3884 = DIRECTION('',(-0.844327925502,0.535826794979,0.));
#3885 = PCURVE('',#3858,#3886);
#3886 = DEFINITIONAL_REPRESENTATION('',(#3887),#3891);
#3887 = LINE('',#3888,#3889);
#3888 = CARTESIAN_POINT('',(0.,0.));
#3889 = VECTOR('',#3890,1.);
#3890 = DIRECTION('',(0.,-1.));
#3891 = ( GEOMETRIC_REPRESENTATION_CONTEXT(2) 
PARAMETRIC_REPRESENTATION_CONTEXT() REPRESENTATION_CONTEXT('2D SPACE',''
  ) );
#3892 = PCURVE('',#3778,#3893);
#3893 = DEFINITIONAL_REPRESENTATION('',(#3894),#3898);
#3894 = LINE('',#3895,#3896);
#3895 = CARTESIAN_POINT('',(160.,0.));
#3896 = VECTOR('',#3897,1.);
#3897 = DIRECTION('',(0.,1.));
#3898 = ( GEOMETRIC_REPRESENTATION_CONTEXT(2) 
PARAMETRIC_REPRESENTATION_CONTEXT() REPRESENTATION_CONTEXT('2D SPACE',''
  ) );
#3899 = ORIENTED_EDGE('',*,*,#3900,.T.);
#3900 = EDGE_CURVE('',#3878,#3901,#3903,.T.);
#3901 = VERTEX_POINT('',#3902);
#3902 = CARTESIAN_POINT('',(122.83428551483,212.21860969778,5.4));
#3903 = SURFACE_CURVE('',#3904,(#3908,#3915),.PCURVE_S1.);
#3904 = LINE('',#3905,#3906);
#3905 = CARTESIAN_POINT('',(122.83428551483,212.21860969778,5.));
#3906 = VECTOR('',#3907,1.);
#3907 = DIRECTION('',(0.,0.,1.));
#3908 = PCURVE('',#3858,#3909);
#3909 = DEFINITIONAL_REPRESENTATION('',(#3910),#3914);
#3910 = LINE('',#3911,#3912);
#3911 = CARTESIAN_POINT('',(0.,-20.));
#3912 = VECTOR('',#3913,1.);
#3913 = DIRECTION('',(1.,0.));
#3914 = ( GEOMETRIC_REPRESENTATION_CONTEXT(2) 
PARAMETRIC_REPRESENTATION_CONTEXT() REPRESENTATION_CONTEXT('2D SPACE',''
  ) );
#3915 = PCURVE('',#3806,#3916);
#3916 = DEFINITIONAL_REPRESENTATION('',(#3917),#3921);
#3917 = LINE('',#3918,#3919);
#3918 = CARTESIAN_POINT('',(0.,160.));
#3919 = VECTOR('',#3920,1.);
#3920 = DIRECTION('',(1.,0.));
#3921 = ( GEOMETRIC_REPRESENTATION_CONTEXT(2) 
PARAMETRIC_REPRESENTATION_CONTEXT() REPRESENTATION_CONTEXT('2D SPACE',''
  ) );
#3922 = ORIENTED_EDGE('',*,*,#3923,.F.);
#3923 = EDGE_CURVE('',#3850,#3901,#3924,.T.);
#3924 = SURFACE_CURVE('',#3925,(#3929,#3936),.PCURVE_S1.);
#3925 = LINE('',#3926,#3927);
#3926 = CARTESIAN_POINT('',(139.72084402487,201.5020737982,5.4));
#3927 = VECTOR('',#3928,1.);
#3928 = DIRECTION('',(-0.844327925502,0.535826794979,0.));
#3929 = PCURVE('',#3858,#3930);
#3930 = DEFINITIONAL_REPRESENTATION('',(#3931),#3935);
#3931 = LINE('',#3932,#3933);
#3932 = CARTESIAN_POINT('',(0.4,0.));
#3933 = VECTOR('',#3934,1.);
#3934 = DIRECTION('',(0.,-1.));
#3935 = ( GEOMETRIC_REPRESENTATION_CONTEXT(2) 
PARAMETRIC_REPRESENTATION_CONTEXT() REPRESENTATION_CONTEXT('2D SPACE',''
  ) );
#3936 = PCURVE('',#3832,#3937);
#3937 = DEFINITIONAL_REPRESENTATION('',(#3938),#3942);
#3938 = LINE('',#3939,#3940);
#3939 = CARTESIAN_POINT('',(160.,0.));
#3940 = VECTOR('',#3941,1.);
#3941 = DIRECTION('',(0.,1.));
#3942 = ( GEOMETRIC_REPRESENTATION_CONTEXT(2) 
PARAMETRIC_REPRESENTATION_CONTEXT() REPRESENTATION_CONTEXT('2D SPACE',''
  ) );
#3943 = ADVANCED_FACE('',(#3944),#3750,.F.);
#3944 = FACE_BOUND('',#3945,.F.);
#3945 = EDGE_LOOP('',(#3946,#3967,#3968,#3989));
#3946 = ORIENTED_EDGE('',*,*,#3947,.F.);
#3947 = EDGE_CURVE('',#3728,#3848,#3948,.T.);
#3948 = SURFACE_CURVE('',#3949,(#3953,#3960),.PCURVE_S1.);
#3949 = LINE('',#3950,#3951);
#3950 = CARTESIAN_POINT('',(53.988556828235,66.409605717881,5.));
#3951 = VECTOR('',#3952,1.);
#3952 = DIRECTION('',(0.535826794979,0.844327925502,0.));
#3953 = PCURVE('',#3750,#3954);
#3954 = DEFINITIONAL_REPRESENTATION('',(#3955),#3959);
#3955 = LINE('',#3956,#3957);
#3956 = CARTESIAN_POINT('',(0.,0.));
#3957 = VECTOR('',#3958,1.);
#3958 = DIRECTION('',(0.,1.));
#3959 = ( GEOMETRIC_REPRESENTATION_CONTEXT(2) 
PARAMETRIC_REPRESENTATION_CONTEXT() REPRESENTATION_CONTEXT('2D SPACE',''
  ) );
#3960 = PCURVE('',#3778,#3961);
#3961 = DEFINITIONAL_REPRESENTATION('',(#3962),#3966);
#3962 = LINE('',#3963,#3964);
#3963 = CARTESIAN_POINT('',(0.,0.));
#3964 = VECTOR('',#3965,1.);
#3965 = DIRECTION('',(1.,0.));
#3966 = ( GEOMETRIC_REPRESENTATION_CONTEXT(2) 
PARAMETRIC_REPRESENTATION_CONTEXT() REPRESENTATION_CONTEXT('2D SPACE',''
  ) );
#3967 = ORIENTED_EDGE('',*,*,#3727,.T.);
#3968 = ORIENTED_EDGE('',*,*,#3969,.T.);
#3969 = EDGE_CURVE('',#3730,#3850,#3970,.T.);
#3970 = SURFACE_CURVE('',#3971,(#3975,#3982),.PCURVE_S1.);
#3971 = LINE('',#3972,#3973);
#3972 = CARTESIAN_POINT('',(53.988556828235,66.409605717881,5.4));
#3973 = VECTOR('',#3974,1.);
#3974 = DIRECTION('',(0.535826794979,0.844327925502,0.));
#3975 = PCURVE('',#3750,#3976);
#3976 = DEFINITIONAL_REPRESENTATION('',(#3977),#3981);
#3977 = LINE('',#3978,#3979);
#3978 = CARTESIAN_POINT('',(0.4,0.));
#3979 = VECTOR('',#3980,1.);
#3980 = DIRECTION('',(0.,1.));
#3981 = ( GEOMETRIC_REPRESENTATION_CONTEXT(2) 
PARAMETRIC_REPRESENTATION_CONTEXT() REPRESENTATION_CONTEXT('2D SPACE',''
  ) );
#3982 = PCURVE('',#3832,#3983);
#3983 = DEFINITIONAL_REPRESENTATION('',(#3984),#3988);
#3984 = LINE('',#3985,#3986);
#3985 = CARTESIAN_POINT('',(0.,0.));
#3986 = VECTOR('',#3987,1.);
#3987 = DIRECTION('',(1.,0.));
#3988 = ( GEOMETRIC_REPRESENTATION_CONTEXT(2) 
PARAMETRIC_REPRESENTATION_CONTEXT() REPRESENTATION_CONTEXT('2D SPACE',''
  ) );
#3989 = ORIENTED_EDGE('',*,*,#3847,.F.);
#3990 = ADVANCED_FACE('',(#3991),#3806,.T.);
#3991 = FACE_BOUND('',#3992,.T.);
#3992 = EDGE_LOOP('',(#3993,#4014,#4015,#4036));
#3993 = ORIENTED_EDGE('',*,*,#3994,.F.);
#3994 = EDGE_CURVE('',#3763,#3878,#3995,.T.);
#3995 = SURFACE_CURVE('',#3996,(#4000,#4007),.PCURVE_S1.);
#3996 = LINE('',#3997,#3998);
#3997 = CARTESIAN_POINT('',(37.101998318195,77.126141617461,5.));
#3998 = VECTOR('',#3999,1.);
#3999 = DIRECTION('',(0.535826794979,0.844327925502,0.));
#4000 = PCURVE('',#3806,#4001);
#4001 = DEFINITIONAL_REPRESENTATION('',(#4002),#4006);
#4002 = LINE('',#4003,#4004);
#4003 = CARTESIAN_POINT('',(0.,0.));
#4004 = VECTOR('',#4005,1.);
#4005 = DIRECTION('',(0.,1.));
#4006 = ( GEOMETRIC_REPRESENTATION_CONTEXT(2) 
PARAMETRIC_REPRESENTATION_CONTEXT() REPRESENTATION_CONTEXT('2D SPACE',''
  ) );
#4007 = PCURVE('',#3778,#4008);
#4008 = DEFINITIONAL_REPRESENTATION('',(#4009),#4013);
#4009 = LINE('',#4010,#4011);
#4010 = CARTESIAN_POINT('',(-7.105427357601E-15,20.));
#4011 = VECTOR('',#4012,1.);
#4012 = DIRECTION('',(1.,0.));
#4013 = ( GEOMETRIC_REPRESENTATION_CONTEXT(2) 
PARAMETRIC_REPRESENTATION_CONTEXT() REPRESENTATION_CONTEXT('2D SPACE',''
  ) );
#4014 = ORIENTED_EDGE('',*,*,#3790,.T.);
#4015 = ORIENTED_EDGE('',*,*,#4016,.T.);
#4016 = EDGE_CURVE('',#3791,#3901,#4017,.T.);
#4017 = SURFACE_CURVE('',#4018,(#4022,#4029),.PCURVE_S1.);
#4018 = LINE('',#4019,#4020);
#4019 = CARTESIAN_POINT('',(37.101998318195,77.126141617461,5.4));
#4020 = VECTOR('',#4021,1.);
#4021 = DIRECTION('',(0.535826794979,0.844327925502,0.));
#4022 = PCURVE('',#3806,#4023);
#4023 = DEFINITIONAL_REPRESENTATION('',(#4024),#4028);
#4024 = LINE('',#4025,#4026);
#4025 = CARTESIAN_POINT('',(0.4,0.));
#4026 = VECTOR('',#4027,1.);
#4027 = DIRECTION('',(0.,1.));
#4028 = ( GEOMETRIC_REPRESENTATION_CONTEXT(2) 
PARAMETRIC_REPRESENTATION_CONTEXT() REPRESENTATION_CONTEXT('2D SPACE',''
  ) );
#4029 = PCURVE('',#3832,#4030);
#4030 = DEFINITIONAL_REPRESENTATION('',(#4031),#4035);
#4031 = LINE('',#4032,#4033);
#4032 = CARTESIAN_POINT('',(-7.105427357601E-15,20.));
#4033 = VECTOR('',#4034,1.);
#4034 = DIRECTION('',(1.,0.));
#4035 = ( GEOMETRIC_REPRESENTATION_CONTEXT(2) 
PARAMETRIC_REPRESENTATION_CONTEXT() REPRESENTATION_CONTEXT('2D SPACE',''
  ) );
#4036 = ORIENTED_EDGE('',*,*,#3900,.F.);
#4037 = ADVANCED_FACE('',(#4038),#3778,.F.);
#4038 = FACE_BOUND('',#4039,.F.);
#4039 = EDGE_LOOP('',(#4040,#4041,#4042,#4043));
#4040 = ORIENTED_EDGE('',*,*,#3762,.F.);
#4041 = ORIENTED_EDGE('',*,*,#3947,.T.);
#4042 = ORIENTED_EDGE('',*,*,#3877,.T.);
#4043 = ORIENTED_EDGE('',*,*,#3994,.F.);
#4044 = ADVANCED_FACE('',(#4045),#3832,.T.);
#4045 = FACE_BOUND('',#4046,.T.);
#4046 = EDGE_LOOP('',(#4047,#4048,#4049,#4050));
#4047 = ORIENTED_EDGE('',*,*,#3818,.F.);
#4048 = ORIENTED_EDGE('',*,*,#3969,.T.);
#4049 = ORIENTED_EDGE('',*,*,#3923,.T.);
#4050 = ORIENTED_EDGE('',*,*,#4016,.F.);
#4051 = ( GEOMETRIC_REPRESENTATION_CONTEXT(3) 
GLOBAL_UNCERTAINTY_ASSIGNED_CONTEXT((#4055)) 
GLOBAL_UNIT_ASSIGNED_CONTEXT((#4052,#4053,#4054)) REPRESENTATION_CONTEXT
('Context #1','3D Context with UNIT and UNCERTAINTY') );
#4052 = ( LENGTH_UNIT() NAMED_UNIT(*) SI_UNIT(.MILLI.,.METRE.) );
#4053 = ( NAMED_UNIT(*) PLANE_ANGLE_UNIT() SI_UNIT($,.RADIAN.) );
#4054 = ( NAMED_UNIT(*) SI_UNIT($,.STERADIAN.) SOLID_ANGLE_UNIT() );
#4055 = UNCERTAINTY_MEASURE_WITH_UNIT(LENGTH_MEASURE(1.E-07),#4052,
  'distance_accuracy_value','confusion accuracy');
#4056 = CONTEXT_DEPENDENT_SHAPE_REPRESENTATION(#4057,#4059);
#4057 = ( REPRESENTATION_RELATIONSHIP('','',#3720,#709) 
REPRESENTATION_RELATIONSHIP_WITH_TRANSFORMATION(#4058) 
SHAPE_REPRESENTATION_RELATIONSHIP() );
#4058 = ITEM_DEFINED_TRANSFORMATION('','',#11,#742);
#4059 = PRODUCT_DEFINITION_SHAPE('Placement','Placement of an item',
  #4060);
#4060 = NEXT_ASSEMBLY_USAGE_OCCURRENCE('17','','',#704,#3715,$);
#4061 = PRODUCT_RELATED_PRODUCT_CATEGORY('part',$,(#3717));
#4062 = SHAPE_DEFINITION_REPRESENTATION(#4063,#4069);
#4063 = PRODUCT_DEFINITION_SHAPE('','',#4064);
#4064 = PRODUCT_DEFINITION('design','',#4065,#4068);
#4065 = PRODUCT_DEFINITION_FORMATION('','',#4066);
#4066 = PRODUCT('Open CASCADE STEP translator 7.9 2.2.10',
  'Open CASCADE STEP translator 7.9 2.2.10','',(#4067));
#4067 = PRODUCT_CONTEXT('',#2,'mechanical');
#4068 = PRODUCT_DEFINITION_CONTEXT('part definition',#2,'design');
#4069 = ADVANCED_BREP_SHAPE_REPRESENTATION('',(#11,#4070),#4400);
#4070 = MANIFOLD_SOLID_BREP('',#4071);
#4071 = CLOSED_SHELL('',(#4072,#4192,#4292,#4339,#4386,#4393));
#4072 = ADVANCED_FACE('',(#4073),#4087,.F.);
#4073 = FACE_BOUND('',#4074,.F.);
#4074 = EDGE_LOOP('',(#4075,#4110,#4138,#4166));
#4075 = ORIENTED_EDGE('',*,*,#4076,.F.);
#4076 = EDGE_CURVE('',#4077,#4079,#4081,.T.);
#4077 = VERTEX_POINT('',#4078);
#4078 = CARTESIAN_POINT('',(45.239510307691,72.652506543961,5.));
#4079 = VERTEX_POINT('',#4080);
#4080 = CARTESIAN_POINT('',(45.239510307691,72.652506543961,5.4));
#4081 = SURFACE_CURVE('',#4082,(#4086,#4098),.PCURVE_S1.);
#4082 = LINE('',#4083,#4084);
#4083 = CARTESIAN_POINT('',(45.239510307691,72.652506543961,5.));
#4084 = VECTOR('',#4085,1.);
#4085 = DIRECTION('',(0.,0.,1.));
#4086 = PCURVE('',#4087,#4092);
#4087 = PLANE('',#4088);
#4088 = AXIS2_PLACEMENT_3D('',#4089,#4090,#4091);
#4089 = CARTESIAN_POINT('',(45.239510307691,72.652506543961,5.));
#4090 = DIRECTION('',(0.425779291565,0.904827052466,0.));
#4091 = DIRECTION('',(0.,0.,1.));
#4092 = DEFINITIONAL_REPRESENTATION('',(#4093),#4097);
#4093 = LINE('',#4094,#4095);
#4094 = CARTESIAN_POINT('',(0.,0.));
#4095 = VECTOR('',#4096,1.);
#4096 = DIRECTION('',(1.,0.));
#4097 = ( GEOMETRIC_REPRESENTATION_CONTEXT(2) 
PARAMETRIC_REPRESENTATION_CONTEXT() REPRESENTATION_CONTEXT('2D SPACE',''
  ) );
#4098 = PCURVE('',#4099,#4104);
#4099 = PLANE('',#4100);
#4100 = AXIS2_PLACEMENT_3D('',#4101,#4102,#4103);
#4101 = CARTESIAN_POINT('',(45.239510307691,72.652506543961,5.));
#4102 = DIRECTION('',(-0.904827052466,0.425779291565,0.));
#4103 = DIRECTION('',(0.,0.,1.));
#4104 = DEFINITIONAL_REPRESENTATION('',(#4105),#4109);
#4105 = LINE('',#4106,#4107);
#4106 = CARTESIAN_POINT('',(0.,0.));
#4107 = VECTOR('',#4108,1.);
#4108 = DIRECTION('',(1.,0.));
#4109 = ( GEOMETRIC_REPRESENTATION_CONTEXT(2) 
PARAMETRIC_REPRESENTATION_CONTEXT() REPRESENTATION_CONTEXT('2D SPACE',''
  ) );
#4110 = ORIENTED_EDGE('',*,*,#4111,.T.);
#4111 = EDGE_CURVE('',#4077,#4112,#4114,.T.);
#4112 = VERTEX_POINT('',#4113);
#4113 = CARTESIAN_POINT('',(27.142969258371,81.168092375262,5.));
#4114 = SURFACE_CURVE('',#4115,(#4119,#4126),.PCURVE_S1.);
#4115 = LINE('',#4116,#4117);
#4116 = CARTESIAN_POINT('',(45.239510307691,72.652506543961,5.));
#4117 = VECTOR('',#4118,1.);
#4118 = DIRECTION('',(-0.904827052466,0.425779291565,0.));
#4119 = PCURVE('',#4087,#4120);
#4120 = DEFINITIONAL_REPRESENTATION('',(#4121),#4125);
#4121 = LINE('',#4122,#4123);
#4122 = CARTESIAN_POINT('',(0.,0.));
#4123 = VECTOR('',#4124,1.);
#4124 = DIRECTION('',(0.,-1.));
#4125 = ( GEOMETRIC_REPRESENTATION_CONTEXT(2) 
PARAMETRIC_REPRESENTATION_CONTEXT() REPRESENTATION_CONTEXT('2D SPACE',''
  ) );
#4126 = PCURVE('',#4127,#4132);
#4127 = PLANE('',#4128);
#4128 = AXIS2_PLACEMENT_3D('',#4129,#4130,#4131);
#4129 = CARTESIAN_POINT('',(45.239510307691,72.652506543961,5.));
#4130 = DIRECTION('',(0.,0.,1.));
#4131 = DIRECTION('',(0.425779291565,0.904827052466,0.));
#4132 = DEFINITIONAL_REPRESENTATION('',(#4133),#4137);
#4133 = LINE('',#4134,#4135);
#4134 = CARTESIAN_POINT('',(0.,0.));
#4135 = VECTOR('',#4136,1.);
#4136 = DIRECTION('',(0.,1.));
#4137 = ( GEOMETRIC_REPRESENTATION_CONTEXT(2) 
PARAMETRIC_REPRESENTATION_CONTEXT() REPRESENTATION_CONTEXT('2D SPACE',''
  ) );
#4138 = ORIENTED_EDGE('',*,*,#4139,.T.);
#4139 = EDGE_CURVE('',#4112,#4140,#4142,.T.);
#4140 = VERTEX_POINT('',#4141);
#4141 = CARTESIAN_POINT('',(27.142969258371,81.168092375262,5.4));
#4142 = SURFACE_CURVE('',#4143,(#4147,#4154),.PCURVE_S1.);
#4143 = LINE('',#4144,#4145);
#4144 = CARTESIAN_POINT('',(27.142969258371,81.168092375262,5.));
#4145 = VECTOR('',#4146,1.);
#4146 = DIRECTION('',(0.,0.,1.));
#4147 = PCURVE('',#4087,#4148);
#4148 = DEFINITIONAL_REPRESENTATION('',(#4149),#4153);
#4149 = LINE('',#4150,#4151);
#4150 = CARTESIAN_POINT('',(0.,-20.));
#4151 = VECTOR('',#4152,1.);
#4152 = DIRECTION('',(1.,0.));
#4153 = ( GEOMETRIC_REPRESENTATION_CONTEXT(2) 
PARAMETRIC_REPRESENTATION_CONTEXT() REPRESENTATION_CONTEXT('2D SPACE',''
  ) );
#4154 = PCURVE('',#4155,#4160);
#4155 = PLANE('',#4156);
#4156 = AXIS2_PLACEMENT_3D('',#4157,#4158,#4159);
#4157 = CARTESIAN_POINT('',(27.142969258371,81.168092375262,5.));
#4158 = DIRECTION('',(-0.904827052466,0.425779291565,0.));
#4159 = DIRECTION('',(0.,0.,1.));
#4160 = DEFINITIONAL_REPRESENTATION('',(#4161),#4165);
#4161 = LINE('',#4162,#4163);
#4162 = CARTESIAN_POINT('',(0.,0.));
#4163 = VECTOR('',#4164,1.);
#4164 = DIRECTION('',(1.,0.));
#4165 = ( GEOMETRIC_REPRESENTATION_CONTEXT(2) 
PARAMETRIC_REPRESENTATION_CONTEXT() REPRESENTATION_CONTEXT('2D SPACE',''
  ) );
#4166 = ORIENTED_EDGE('',*,*,#4167,.F.);
#4167 = EDGE_CURVE('',#4079,#4140,#4168,.T.);
#4168 = SURFACE_CURVE('',#4169,(#4173,#4180),.PCURVE_S1.);
#4169 = LINE('',#4170,#4171);
#4170 = CARTESIAN_POINT('',(45.239510307691,72.652506543961,5.4));
#4171 = VECTOR('',#4172,1.);
#4172 = DIRECTION('',(-0.904827052466,0.425779291565,0.));
#4173 = PCURVE('',#4087,#4174);
#4174 = DEFINITIONAL_REPRESENTATION('',(#4175),#4179);
#4175 = LINE('',#4176,#4177);
#4176 = CARTESIAN_POINT('',(0.4,0.));
#4177 = VECTOR('',#4178,1.);
#4178 = DIRECTION('',(0.,-1.));
#4179 = ( GEOMETRIC_REPRESENTATION_CONTEXT(2) 
PARAMETRIC_REPRESENTATION_CONTEXT() REPRESENTATION_CONTEXT('2D SPACE',''
  ) );
#4180 = PCURVE('',#4181,#4186);
#4181 = PLANE('',#4182);
#4182 = AXIS2_PLACEMENT_3D('',#4183,#4184,#4185);
#4183 = CARTESIAN_POINT('',(45.239510307691,72.652506543961,5.4));
#4184 = DIRECTION('',(0.,0.,1.));
#4185 = DIRECTION('',(0.425779291565,0.904827052466,0.));
#4186 = DEFINITIONAL_REPRESENTATION('',(#4187),#4191);
#4187 = LINE('',#4188,#4189);
#4188 = CARTESIAN_POINT('',(0.,0.));
#4189 = VECTOR('',#4190,1.);
#4190 = DIRECTION('',(0.,1.));
#4191 = ( GEOMETRIC_REPRESENTATION_CONTEXT(2) 
PARAMETRIC_REPRESENTATION_CONTEXT() REPRESENTATION_CONTEXT('2D SPACE',''
  ) );
#4192 = ADVANCED_FACE('',(#4193),#4207,.T.);
#4193 = FACE_BOUND('',#4194,.T.);
#4194 = EDGE_LOOP('',(#4195,#4225,#4248,#4271));
#4195 = ORIENTED_EDGE('',*,*,#4196,.F.);
#4196 = EDGE_CURVE('',#4197,#4199,#4201,.T.);
#4197 = VERTEX_POINT('',#4198);
#4198 = CARTESIAN_POINT('',(113.3641969581,217.42483493852,5.));
#4199 = VERTEX_POINT('',#4200);
#4200 = CARTESIAN_POINT('',(113.3641969581,217.42483493852,5.4));
#4201 = SURFACE_CURVE('',#4202,(#4206,#4218),.PCURVE_S1.);
#4202 = LINE('',#4203,#4204);
#4203 = CARTESIAN_POINT('',(113.3641969581,217.42483493852,5.));
#4204 = VECTOR('',#4205,1.);
#4205 = DIRECTION('',(0.,0.,1.));
#4206 = PCURVE('',#4207,#4212);
#4207 = PLANE('',#4208);
#4208 = AXIS2_PLACEMENT_3D('',#4209,#4210,#4211);
#4209 = CARTESIAN_POINT('',(113.3641969581,217.42483493852,5.));
#4210 = DIRECTION('',(0.425779291565,0.904827052466,0.));
#4211 = DIRECTION('',(0.,0.,1.));
#4212 = DEFINITIONAL_REPRESENTATION('',(#4213),#4217);
#4213 = LINE('',#4214,#4215);
#4214 = CARTESIAN_POINT('',(0.,0.));
#4215 = VECTOR('',#4216,1.);
#4216 = DIRECTION('',(1.,0.));
#4217 = ( GEOMETRIC_REPRESENTATION_CONTEXT(2) 
PARAMETRIC_REPRESENTATION_CONTEXT() REPRESENTATION_CONTEXT('2D SPACE',''
  ) );
#4218 = PCURVE('',#4099,#4219);
#4219 = DEFINITIONAL_REPRESENTATION('',(#4220),#4224);
#4220 = LINE('',#4221,#4222);
#4221 = CARTESIAN_POINT('',(0.,160.));
#4222 = VECTOR('',#4223,1.);
#4223 = DIRECTION('',(1.,0.));
#4224 = ( GEOMETRIC_REPRESENTATION_CONTEXT(2) 
PARAMETRIC_REPRESENTATION_CONTEXT() REPRESENTATION_CONTEXT('2D SPACE',''
  ) );
#4225 = ORIENTED_EDGE('',*,*,#4226,.T.);
#4226 = EDGE_CURVE('',#4197,#4227,#4229,.T.);
#4227 = VERTEX_POINT('',#4228);
#4228 = CARTESIAN_POINT('',(95.267655908783,225.94042076982,5.));
#4229 = SURFACE_CURVE('',#4230,(#4234,#4241),.PCURVE_S1.);
#4230 = LINE('',#4231,#4232);
#4231 = CARTESIAN_POINT('',(113.3641969581,217.42483493852,5.));
#4232 = VECTOR('',#4233,1.);
#4233 = DIRECTION('',(-0.904827052466,0.425779291565,0.));
#4234 = PCURVE('',#4207,#4235);
#4235 = DEFINITIONAL_REPRESENTATION('',(#4236),#4240);
#4236 = LINE('',#4237,#4238);
#4237 = CARTESIAN_POINT('',(0.,0.));
#4238 = VECTOR('',#4239,1.);
#4239 = DIRECTION('',(0.,-1.));
#4240 = ( GEOMETRIC_REPRESENTATION_CONTEXT(2) 
PARAMETRIC_REPRESENTATION_CONTEXT() REPRESENTATION_CONTEXT('2D SPACE',''
  ) );
#4241 = PCURVE('',#4127,#4242);
#4242 = DEFINITIONAL_REPRESENTATION('',(#4243),#4247);
#4243 = LINE('',#4244,#4245);
#4244 = CARTESIAN_POINT('',(160.,1.42108547152E-14));
#4245 = VECTOR('',#4246,1.);
#4246 = DIRECTION('',(0.,1.));
#4247 = ( GEOMETRIC_REPRESENTATION_CONTEXT(2) 
PARAMETRIC_REPRESENTATION_CONTEXT() REPRESENTATION_CONTEXT('2D SPACE',''
  ) );
#4248 = ORIENTED_EDGE('',*,*,#4249,.T.);
#4249 = EDGE_CURVE('',#4227,#4250,#4252,.T.);
#4250 = VERTEX_POINT('',#4251);
#4251 = CARTESIAN_POINT('',(95.267655908783,225.94042076982,5.4));
#4252 = SURFACE_CURVE('',#4253,(#4257,#4264),.PCURVE_S1.);
#4253 = LINE('',#4254,#4255);
#4254 = CARTESIAN_POINT('',(95.267655908783,225.94042076982,5.));
#4255 = VECTOR('',#4256,1.);
#4256 = DIRECTION('',(0.,0.,1.));
#4257 = PCURVE('',#4207,#4258);
#4258 = DEFINITIONAL_REPRESENTATION('',(#4259),#4263);
#4259 = LINE('',#4260,#4261);
#4260 = CARTESIAN_POINT('',(0.,-20.));
#4261 = VECTOR('',#4262,1.);
#4262 = DIRECTION('',(1.,0.));
#4263 = ( GEOMETRIC_REPRESENTATION_CONTEXT(2) 
PARAMETRIC_REPRESENTATION_CONTEXT() REPRESENTATION_CONTEXT('2D SPACE',''
  ) );
#4264 = PCURVE('',#4155,#4265);
#4265 = DEFINITIONAL_REPRESENTATION('',(#4266),#4270);
#4266 = LINE('',#4267,#4268);
#4267 = CARTESIAN_POINT('',(0.,160.));
#4268 = VECTOR('',#4269,1.);
#4269 = DIRECTION('',(1.,0.));
#4270 = ( GEOMETRIC_REPRESENTATION_CONTEXT(2) 
PARAMETRIC_REPRESENTATION_CONTEXT() REPRESENTATION_CONTEXT('2D SPACE',''
  ) );
#4271 = ORIENTED_EDGE('',*,*,#4272,.F.);
#4272 = EDGE_CURVE('',#4199,#4250,#4273,.T.);
#4273 = SURFACE_CURVE('',#4274,(#4278,#4285),.PCURVE_S1.);
#4274 = LINE('',#4275,#4276);
#4275 = CARTESIAN_POINT('',(113.3641969581,217.42483493852,5.4));
#4276 = VECTOR('',#4277,1.);
#4277 = DIRECTION('',(-0.904827052466,0.425779291565,0.));
#4278 = PCURVE('',#4207,#4279);
#4279 = DEFINITIONAL_REPRESENTATION('',(#4280),#4284);
#4280 = LINE('',#4281,#4282);
#4281 = CARTESIAN_POINT('',(0.4,0.));
#4282 = VECTOR('',#4283,1.);
#4283 = DIRECTION('',(0.,-1.));
#4284 = ( GEOMETRIC_REPRESENTATION_CONTEXT(2) 
PARAMETRIC_REPRESENTATION_CONTEXT() REPRESENTATION_CONTEXT('2D SPACE',''
  ) );
#4285 = PCURVE('',#4181,#4286);
#4286 = DEFINITIONAL_REPRESENTATION('',(#4287),#4291);
#4287 = LINE('',#4288,#4289);
#4288 = CARTESIAN_POINT('',(160.,1.42108547152E-14));
#4289 = VECTOR('',#4290,1.);
#4290 = DIRECTION('',(0.,1.));
#4291 = ( GEOMETRIC_REPRESENTATION_CONTEXT(2) 
PARAMETRIC_REPRESENTATION_CONTEXT() REPRESENTATION_CONTEXT('2D SPACE',''
  ) );
#4292 = ADVANCED_FACE('',(#4293),#4099,.F.);
#4293 = FACE_BOUND('',#4294,.F.);
#4294 = EDGE_LOOP('',(#4295,#4316,#4317,#4338));
#4295 = ORIENTED_EDGE('',*,*,#4296,.F.);
#4296 = EDGE_CURVE('',#4077,#4197,#4297,.T.);
#4297 = SURFACE_CURVE('',#4298,(#4302,#4309),.PCURVE_S1.);
#4298 = LINE('',#4299,#4300);
#4299 = CARTESIAN_POINT('',(45.239510307691,72.652506543961,5.));
#4300 = VECTOR('',#4301,1.);
#4301 = DIRECTION('',(0.425779291565,0.904827052466,0.));
#4302 = PCURVE('',#4099,#4303);
#4303 = DEFINITIONAL_REPRESENTATION('',(#4304),#4308);
#4304 = LINE('',#4305,#4306);
#4305 = CARTESIAN_POINT('',(0.,0.));
#4306 = VECTOR('',#4307,1.);
#4307 = DIRECTION('',(0.,1.));
#4308 = ( GEOMETRIC_REPRESENTATION_CONTEXT(2) 
PARAMETRIC_REPRESENTATION_CONTEXT() REPRESENTATION_CONTEXT('2D SPACE',''
  ) );
#4309 = PCURVE('',#4127,#4310);
#4310 = DEFINITIONAL_REPRESENTATION('',(#4311),#4315);
#4311 = LINE('',#4312,#4313);
#4312 = CARTESIAN_POINT('',(0.,0.));
#4313 = VECTOR('',#4314,1.);
#4314 = DIRECTION('',(1.,0.));
#4315 = ( GEOMETRIC_REPRESENTATION_CONTEXT(2) 
PARAMETRIC_REPRESENTATION_CONTEXT() REPRESENTATION_CONTEXT('2D SPACE',''
  ) );
#4316 = ORIENTED_EDGE('',*,*,#4076,.T.);
#4317 = ORIENTED_EDGE('',*,*,#4318,.T.);
#4318 = EDGE_CURVE('',#4079,#4199,#4319,.T.);
#4319 = SURFACE_CURVE('',#4320,(#4324,#4331),.PCURVE_S1.);
#4320 = LINE('',#4321,#4322);
#4321 = CARTESIAN_POINT('',(45.239510307691,72.652506543961,5.4));
#4322 = VECTOR('',#4323,1.);
#4323 = DIRECTION('',(0.425779291565,0.904827052466,0.));
#4324 = PCURVE('',#4099,#4325);
#4325 = DEFINITIONAL_REPRESENTATION('',(#4326),#4330);
#4326 = LINE('',#4327,#4328);
#4327 = CARTESIAN_POINT('',(0.4,0.));
#4328 = VECTOR('',#4329,1.);
#4329 = DIRECTION('',(0.,1.));
#4330 = ( GEOMETRIC_REPRESENTATION_CONTEXT(2) 
PARAMETRIC_REPRESENTATION_CONTEXT() REPRESENTATION_CONTEXT('2D SPACE',''
  ) );
#4331 = PCURVE('',#4181,#4332);
#4332 = DEFINITIONAL_REPRESENTATION('',(#4333),#4337);
#4333 = LINE('',#4334,#4335);
#4334 = CARTESIAN_POINT('',(0.,0.));
#4335 = VECTOR('',#4336,1.);
#4336 = DIRECTION('',(1.,0.));
#4337 = ( GEOMETRIC_REPRESENTATION_CONTEXT(2) 
PARAMETRIC_REPRESENTATION_CONTEXT() REPRESENTATION_CONTEXT('2D SPACE',''
  ) );
#4338 = ORIENTED_EDGE('',*,*,#4196,.F.);
#4339 = ADVANCED_FACE('',(#4340),#4155,.T.);
#4340 = FACE_BOUND('',#4341,.T.);
#4341 = EDGE_LOOP('',(#4342,#4363,#4364,#4385));
#4342 = ORIENTED_EDGE('',*,*,#4343,.F.);
#4343 = EDGE_CURVE('',#4112,#4227,#4344,.T.);
#4344 = SURFACE_CURVE('',#4345,(#4349,#4356),.PCURVE_S1.);
#4345 = LINE('',#4346,#4347);
#4346 = CARTESIAN_POINT('',(27.142969258371,81.168092375262,5.));
#4347 = VECTOR('',#4348,1.);
#4348 = DIRECTION('',(0.425779291565,0.904827052466,0.));
#4349 = PCURVE('',#4155,#4350);
#4350 = DEFINITIONAL_REPRESENTATION('',(#4351),#4355);
#4351 = LINE('',#4352,#4353);
#4352 = CARTESIAN_POINT('',(0.,0.));
#4353 = VECTOR('',#4354,1.);
#4354 = DIRECTION('',(0.,1.));
#4355 = ( GEOMETRIC_REPRESENTATION_CONTEXT(2) 
PARAMETRIC_REPRESENTATION_CONTEXT() REPRESENTATION_CONTEXT('2D SPACE',''
  ) );
#4356 = PCURVE('',#4127,#4357);
#4357 = DEFINITIONAL_REPRESENTATION('',(#4358),#4362);
#4358 = LINE('',#4359,#4360);
#4359 = CARTESIAN_POINT('',(-3.552713678801E-15,20.));
#4360 = VECTOR('',#4361,1.);
#4361 = DIRECTION('',(1.,0.));
#4362 = ( GEOMETRIC_REPRESENTATION_CONTEXT(2) 
PARAMETRIC_REPRESENTATION_CONTEXT() REPRESENTATION_CONTEXT('2D SPACE',''
  ) );
#4363 = ORIENTED_EDGE('',*,*,#4139,.T.);
#4364 = ORIENTED_EDGE('',*,*,#4365,.T.);
#4365 = EDGE_CURVE('',#4140,#4250,#4366,.T.);
#4366 = SURFACE_CURVE('',#4367,(#4371,#4378),.PCURVE_S1.);
#4367 = LINE('',#4368,#4369);
#4368 = CARTESIAN_POINT('',(27.142969258371,81.168092375262,5.4));
#4369 = VECTOR('',#4370,1.);
#4370 = DIRECTION('',(0.425779291565,0.904827052466,0.));
#4371 = PCURVE('',#4155,#4372);
#4372 = DEFINITIONAL_REPRESENTATION('',(#4373),#4377);
#4373 = LINE('',#4374,#4375);
#4374 = CARTESIAN_POINT('',(0.4,0.));
#4375 = VECTOR('',#4376,1.);
#4376 = DIRECTION('',(0.,1.));
#4377 = ( GEOMETRIC_REPRESENTATION_CONTEXT(2) 
PARAMETRIC_REPRESENTATION_CONTEXT() REPRESENTATION_CONTEXT('2D SPACE',''
  ) );
#4378 = PCURVE('',#4181,#4379);
#4379 = DEFINITIONAL_REPRESENTATION('',(#4380),#4384);
#4380 = LINE('',#4381,#4382);
#4381 = CARTESIAN_POINT('',(-3.552713678801E-15,20.));
#4382 = VECTOR('',#4383,1.);
#4383 = DIRECTION('',(1.,0.));
#4384 = ( GEOMETRIC_REPRESENTATION_CONTEXT(2) 
PARAMETRIC_REPRESENTATION_CONTEXT() REPRESENTATION_CONTEXT('2D SPACE',''
  ) );
#4385 = ORIENTED_EDGE('',*,*,#4249,.F.);
#4386 = ADVANCED_FACE('',(#4387),#4127,.F.);
#4387 = FACE_BOUND('',#4388,.F.);
#4388 = EDGE_LOOP('',(#4389,#4390,#4391,#4392));
#4389 = ORIENTED_EDGE('',*,*,#4111,.F.);
#4390 = ORIENTED_EDGE('',*,*,#4296,.T.);
#4391 = ORIENTED_EDGE('',*,*,#4226,.T.);
#4392 = ORIENTED_EDGE('',*,*,#4343,.F.);
#4393 = ADVANCED_FACE('',(#4394),#4181,.T.);
#4394 = FACE_BOUND('',#4395,.T.);
#4395 = EDGE_LOOP('',(#4396,#4397,#4398,#4399));
#4396 = ORIENTED_EDGE('',*,*,#4167,.F.);
#4397 = ORIENTED_EDGE('',*,*,#4318,.T.);
#4398 = ORIENTED_EDGE('',*,*,#4272,.T.);
#4399 = ORIENTED_EDGE('',*,*,#4365,.F.);
#4400 = ( GEOMETRIC_REPRESENTATION_CONTEXT(3) 
GLOBAL_UNCERTAINTY_ASSIGNED_CONTEXT((#4404)) 
GLOBAL_UNIT_ASSIGNED_CONTEXT((#4401,#4402,#4403)) REPRESENTATION_CONTEXT
('Context #1','3D Context with UNIT and UNCERTAINTY') );
#4401 = ( LENGTH_UNIT() NAMED_UNIT(*) SI_UNIT(.MILLI.,.METRE.) );
#4402 = ( NAMED_UNIT(*) PLANE_ANGLE_UNIT() SI_UNIT($,.RADIAN.) );
#4403 = ( NAMED_UNIT(*) SI_UNIT($,.STERADIAN.) SOLID_ANGLE_UNIT() );
#4404 = UNCERTAINTY_MEASURE_WITH_UNIT(LENGTH_MEASURE(1.E-07),#4401,
  'distance_accuracy_value','confusion accuracy');
#4405 = CONTEXT_DEPENDENT_SHAPE_REPRESENTATION(#4406,#4408);
#4406 = ( REPRESENTATION_RELATIONSHIP('','',#4069,#709) 
REPRESENTATION_RELATIONSHIP_WITH_TRANSFORMATION(#4407) 
SHAPE_REPRESENTATION_RELATIONSHIP() );
#4407 = ITEM_DEFINED_TRANSFORMATION('','',#11,#746);
#4408 = PRODUCT_DEFINITION_SHAPE('Placement','Placement of an item',
  #4409);
#4409 = NEXT_ASSEMBLY_USAGE_OCCURRENCE('18','','',#704,#4064,$);
#4410 = PRODUCT_RELATED_PRODUCT_CATEGORY('part',$,(#4066));
#4411 = SHAPE_DEFINITION_REPRESENTATION(#4412,#4418);
#4412 = PRODUCT_DEFINITION_SHAPE('','',#4413);
#4413 = PRODUCT_DEFINITION('design','',#4414,#4417);
#4414 = PRODUCT_DEFINITION_FORMATION('','',#4415);
#4415 = PRODUCT('Open CASCADE STEP translator 7.9 2.2.11',
  'Open CASCADE STEP translator 7.9 2.2.11','',(#4416));
#4416 = PRODUCT_CONTEXT('',#2,'mechanical');
#4417 = PRODUCT_DEFINITION_CONTEXT('part definition',#2,'design');
#4418 = ADVANCED_BREP_SHAPE_REPRESENTATION('',(#11,#4419),#4749);
#4419 = MANIFOLD_SOLID_BREP('',#4420);
#4420 = CLOSED_SHELL('',(#4421,#4541,#4641,#4688,#4735,#4742));
#4421 = ADVANCED_FACE('',(#4422),#4436,.F.);
#4422 = FACE_BOUND('',#4423,.F.);
#4423 = EDGE_LOOP('',(#4424,#4459,#4487,#4515));
#4424 = ORIENTED_EDGE('',*,*,#4425,.F.);
#4425 = EDGE_CURVE('',#4426,#4428,#4430,.T.);
#4426 = VERTEX_POINT('',#4427);
#4427 = CARTESIAN_POINT('',(35.777009684822,77.749633941339,5.));
#4428 = VERTEX_POINT('',#4429);
#4429 = CARTESIAN_POINT('',(35.777009684822,77.749633941339,5.4));
#4430 = SURFACE_CURVE('',#4431,(#4435,#4447),.PCURVE_S1.);
#4431 = LINE('',#4432,#4433);
#4432 = CARTESIAN_POINT('',(35.777009684822,77.749633941339,5.));
#4433 = VECTOR('',#4434,1.);
#4434 = DIRECTION('',(0.,0.,1.));
#4435 = PCURVE('',#4436,#4441);
#4436 = PLANE('',#4437);
#4437 = AXIS2_PLACEMENT_3D('',#4438,#4439,#4440);
#4438 = CARTESIAN_POINT('',(35.777009684822,77.749633941339,5.));
#4439 = DIRECTION('',(0.309016994375,0.951056516295,0.));
#4440 = DIRECTION('',(0.,0.,1.));
#4441 = DEFINITIONAL_REPRESENTATION('',(#4442),#4446);
#4442 = LINE('',#4443,#4444);
#4443 = CARTESIAN_POINT('',(0.,0.));
#4444 = VECTOR('',#4445,1.);
#4445 = DIRECTION('',(1.,0.));
#4446 = ( GEOMETRIC_REPRESENTATION_CONTEXT(2) 
PARAMETRIC_REPRESENTATION_CONTEXT() REPRESENTATION_CONTEXT('2D SPACE',''
  ) );
#4447 = PCURVE('',#4448,#4453);
#4448 = PLANE('',#4449);
#4449 = AXIS2_PLACEMENT_3D('',#4450,#4451,#4452);
#4450 = CARTESIAN_POINT('',(35.777009684822,77.749633941339,5.));
#4451 = DIRECTION('',(-0.951056516295,0.309016994375,0.));
#4452 = DIRECTION('',(0.,0.,1.));
#4453 = DEFINITIONAL_REPRESENTATION('',(#4454),#4458);
#4454 = LINE('',#4455,#4456);
#4455 = CARTESIAN_POINT('',(0.,0.));
#4456 = VECTOR('',#4457,1.);
#4457 = DIRECTION('',(1.,0.));
#4458 = ( GEOMETRIC_REPRESENTATION_CONTEXT(2) 
PARAMETRIC_REPRESENTATION_CONTEXT() REPRESENTATION_CONTEXT('2D SPACE',''
  ) );
#4459 = ORIENTED_EDGE('',*,*,#4460,.T.);
#4460 = EDGE_CURVE('',#4426,#4461,#4463,.T.);
#4461 = VERTEX_POINT('',#4462);
#4462 = CARTESIAN_POINT('',(16.755879358919,83.929973828838,5.));
#4463 = SURFACE_CURVE('',#4464,(#4468,#4475),.PCURVE_S1.);
#4464 = LINE('',#4465,#4466);
#4465 = CARTESIAN_POINT('',(35.777009684822,77.749633941339,5.));
#4466 = VECTOR('',#4467,1.);
#4467 = DIRECTION('',(-0.951056516295,0.309016994375,0.));
#4468 = PCURVE('',#4436,#4469);
#4469 = DEFINITIONAL_REPRESENTATION('',(#4470),#4474);
#4470 = LINE('',#4471,#4472);
#4471 = CARTESIAN_POINT('',(0.,0.));
#4472 = VECTOR('',#4473,1.);
#4473 = DIRECTION('',(0.,-1.));
#4474 = ( GEOMETRIC_REPRESENTATION_CONTEXT(2) 
PARAMETRIC_REPRESENTATION_CONTEXT() REPRESENTATION_CONTEXT('2D SPACE',''
  ) );
#4475 = PCURVE('',#4476,#4481);
#4476 = PLANE('',#4477);
#4477 = AXIS2_PLACEMENT_3D('',#4478,#4479,#4480);
#4478 = CARTESIAN_POINT('',(35.777009684822,77.749633941339,5.));
#4479 = DIRECTION('',(0.,0.,1.));
#4480 = DIRECTION('',(0.309016994375,0.951056516295,0.));
#4481 = DEFINITIONAL_REPRESENTATION('',(#4482),#4486);
#4482 = LINE('',#4483,#4484);
#4483 = CARTESIAN_POINT('',(0.,0.));
#4484 = VECTOR('',#4485,1.);
#4485 = DIRECTION('',(0.,1.));
#4486 = ( GEOMETRIC_REPRESENTATION_CONTEXT(2) 
PARAMETRIC_REPRESENTATION_CONTEXT() REPRESENTATION_CONTEXT('2D SPACE',''
  ) );
#4487 = ORIENTED_EDGE('',*,*,#4488,.T.);
#4488 = EDGE_CURVE('',#4461,#4489,#4491,.T.);
#4489 = VERTEX_POINT('',#4490);
#4490 = CARTESIAN_POINT('',(16.755879358919,83.929973828838,5.4));
#4491 = SURFACE_CURVE('',#4492,(#4496,#4503),.PCURVE_S1.);
#4492 = LINE('',#4493,#4494);
#4493 = CARTESIAN_POINT('',(16.755879358919,83.929973828838,5.));
#4494 = VECTOR('',#4495,1.);
#4495 = DIRECTION('',(0.,0.,1.));
#4496 = PCURVE('',#4436,#4497);
#4497 = DEFINITIONAL_REPRESENTATION('',(#4498),#4502);
#4498 = LINE('',#4499,#4500);
#4499 = CARTESIAN_POINT('',(0.,-20.));
#4500 = VECTOR('',#4501,1.);
#4501 = DIRECTION('',(1.,0.));
#4502 = ( GEOMETRIC_REPRESENTATION_CONTEXT(2) 
PARAMETRIC_REPRESENTATION_CONTEXT() REPRESENTATION_CONTEXT('2D SPACE',''
  ) );
#4503 = PCURVE('',#4504,#4509);
#4504 = PLANE('',#4505);
#4505 = AXIS2_PLACEMENT_3D('',#4506,#4507,#4508);
#4506 = CARTESIAN_POINT('',(16.755879358919,83.929973828838,5.));
#4507 = DIRECTION('',(-0.951056516295,0.309016994375,0.));
#4508 = DIRECTION('',(0.,0.,1.));
#4509 = DEFINITIONAL_REPRESENTATION('',(#4510),#4514);
#4510 = LINE('',#4511,#4512);
#4511 = CARTESIAN_POINT('',(0.,0.));
#4512 = VECTOR('',#4513,1.);
#4513 = DIRECTION('',(1.,0.));
#4514 = ( GEOMETRIC_REPRESENTATION_CONTEXT(2) 
PARAMETRIC_REPRESENTATION_CONTEXT() REPRESENTATION_CONTEXT('2D SPACE',''
  ) );
#4515 = ORIENTED_EDGE('',*,*,#4516,.F.);
#4516 = EDGE_CURVE('',#4428,#4489,#4517,.T.);
#4517 = SURFACE_CURVE('',#4518,(#4522,#4529),.PCURVE_S1.);
#4518 = LINE('',#4519,#4520);
#4519 = CARTESIAN_POINT('',(35.777009684822,77.749633941339,5.4));
#4520 = VECTOR('',#4521,1.);
#4521 = DIRECTION('',(-0.951056516295,0.309016994375,0.));
#4522 = PCURVE('',#4436,#4523);
#4523 = DEFINITIONAL_REPRESENTATION('',(#4524),#4528);
#4524 = LINE('',#4525,#4526);
#4525 = CARTESIAN_POINT('',(0.4,0.));
#4526 = VECTOR('',#4527,1.);
#4527 = DIRECTION('',(0.,-1.));
#4528 = ( GEOMETRIC_REPRESENTATION_CONTEXT(2) 
PARAMETRIC_REPRESENTATION_CONTEXT() REPRESENTATION_CONTEXT('2D SPACE',''
  ) );
#4529 = PCURVE('',#4530,#4535);
#4530 = PLANE('',#4531);
#4531 = AXIS2_PLACEMENT_3D('',#4532,#4533,#4534);
#4532 = CARTESIAN_POINT('',(35.777009684822,77.749633941339,5.4));
#4533 = DIRECTION('',(0.,0.,1.));
#4534 = DIRECTION('',(0.309016994375,0.951056516295,0.));
#4535 = DEFINITIONAL_REPRESENTATION('',(#4536),#4540);
#4536 = LINE('',#4537,#4538);
#4537 = CARTESIAN_POINT('',(0.,0.));
#4538 = VECTOR('',#4539,1.);
#4539 = DIRECTION('',(0.,1.));
#4540 = ( GEOMETRIC_REPRESENTATION_CONTEXT(2) 
PARAMETRIC_REPRESENTATION_CONTEXT() REPRESENTATION_CONTEXT('2D SPACE',''
  ) );
#4541 = ADVANCED_FACE('',(#4542),#4556,.T.);
#4542 = FACE_BOUND('',#4543,.T.);
#4543 = EDGE_LOOP('',(#4544,#4574,#4597,#4620));
#4544 = ORIENTED_EDGE('',*,*,#4545,.F.);
#4545 = EDGE_CURVE('',#4546,#4548,#4550,.T.);
#4546 = VERTEX_POINT('',#4547);
#4547 = CARTESIAN_POINT('',(85.219728784814,229.91867654856,5.));
#4548 = VERTEX_POINT('',#4549);
#4549 = CARTESIAN_POINT('',(85.219728784814,229.91867654856,5.4));
#4550 = SURFACE_CURVE('',#4551,(#4555,#4567),.PCURVE_S1.);
#4551 = LINE('',#4552,#4553);
#4552 = CARTESIAN_POINT('',(85.219728784814,229.91867654856,5.));
#4553 = VECTOR('',#4554,1.);
#4554 = DIRECTION('',(0.,0.,1.));
#4555 = PCURVE('',#4556,#4561);
#4556 = PLANE('',#4557);
#4557 = AXIS2_PLACEMENT_3D('',#4558,#4559,#4560);
#4558 = CARTESIAN_POINT('',(85.219728784814,229.91867654856,5.));
#4559 = DIRECTION('',(0.309016994375,0.951056516295,0.));
#4560 = DIRECTION('',(0.,0.,1.));
#4561 = DEFINITIONAL_REPRESENTATION('',(#4562),#4566);
#4562 = LINE('',#4563,#4564);
#4563 = CARTESIAN_POINT('',(0.,0.));
#4564 = VECTOR('',#4565,1.);
#4565 = DIRECTION('',(1.,0.));
#4566 = ( GEOMETRIC_REPRESENTATION_CONTEXT(2) 
PARAMETRIC_REPRESENTATION_CONTEXT() REPRESENTATION_CONTEXT('2D SPACE',''
  ) );
#4567 = PCURVE('',#4448,#4568);
#4568 = DEFINITIONAL_REPRESENTATION('',(#4569),#4573);
#4569 = LINE('',#4570,#4571);
#4570 = CARTESIAN_POINT('',(0.,160.));
#4571 = VECTOR('',#4572,1.);
#4572 = DIRECTION('',(1.,0.));
#4573 = ( GEOMETRIC_REPRESENTATION_CONTEXT(2) 
PARAMETRIC_REPRESENTATION_CONTEXT() REPRESENTATION_CONTEXT('2D SPACE',''
  ) );
#4574 = ORIENTED_EDGE('',*,*,#4575,.T.);
#4575 = EDGE_CURVE('',#4546,#4576,#4578,.T.);
#4576 = VERTEX_POINT('',#4577);
#4577 = CARTESIAN_POINT('',(66.198598458911,236.09901643606,5.));
#4578 = SURFACE_CURVE('',#4579,(#4583,#4590),.PCURVE_S1.);
#4579 = LINE('',#4580,#4581);
#4580 = CARTESIAN_POINT('',(85.219728784814,229.91867654856,5.));
#4581 = VECTOR('',#4582,1.);
#4582 = DIRECTION('',(-0.951056516295,0.309016994375,0.));
#4583 = PCURVE('',#4556,#4584);
#4584 = DEFINITIONAL_REPRESENTATION('',(#4585),#4589);
#4585 = LINE('',#4586,#4587);
#4586 = CARTESIAN_POINT('',(0.,0.));
#4587 = VECTOR('',#4588,1.);
#4588 = DIRECTION('',(0.,-1.));
#4589 = ( GEOMETRIC_REPRESENTATION_CONTEXT(2) 
PARAMETRIC_REPRESENTATION_CONTEXT() REPRESENTATION_CONTEXT('2D SPACE',''
  ) );
#4590 = PCURVE('',#4476,#4591);
#4591 = DEFINITIONAL_REPRESENTATION('',(#4592),#4596);
#4592 = LINE('',#4593,#4594);
#4593 = CARTESIAN_POINT('',(160.,-7.105427357601E-15));
#4594 = VECTOR('',#4595,1.);
#4595 = DIRECTION('',(0.,1.));
#4596 = ( GEOMETRIC_REPRESENTATION_CONTEXT(2) 
PARAMETRIC_REPRESENTATION_CONTEXT() REPRESENTATION_CONTEXT('2D SPACE',''
  ) );
#4597 = ORIENTED_EDGE('',*,*,#4598,.T.);
#4598 = EDGE_CURVE('',#4576,#4599,#4601,.T.);
#4599 = VERTEX_POINT('',#4600);
#4600 = CARTESIAN_POINT('',(66.198598458911,236.09901643606,5.4));
#4601 = SURFACE_CURVE('',#4602,(#4606,#4613),.PCURVE_S1.);
#4602 = LINE('',#4603,#4604);
#4603 = CARTESIAN_POINT('',(66.198598458911,236.09901643606,5.));
#4604 = VECTOR('',#4605,1.);
#4605 = DIRECTION('',(0.,0.,1.));
#4606 = PCURVE('',#4556,#4607);
#4607 = DEFINITIONAL_REPRESENTATION('',(#4608),#4612);
#4608 = LINE('',#4609,#4610);
#4609 = CARTESIAN_POINT('',(0.,-20.));
#4610 = VECTOR('',#4611,1.);
#4611 = DIRECTION('',(1.,0.));
#4612 = ( GEOMETRIC_REPRESENTATION_CONTEXT(2) 
PARAMETRIC_REPRESENTATION_CONTEXT() REPRESENTATION_CONTEXT('2D SPACE',''
  ) );
#4613 = PCURVE('',#4504,#4614);
#4614 = DEFINITIONAL_REPRESENTATION('',(#4615),#4619);
#4615 = LINE('',#4616,#4617);
#4616 = CARTESIAN_POINT('',(0.,160.));
#4617 = VECTOR('',#4618,1.);
#4618 = DIRECTION('',(1.,0.));
#4619 = ( GEOMETRIC_REPRESENTATION_CONTEXT(2) 
PARAMETRIC_REPRESENTATION_CONTEXT() REPRESENTATION_CONTEXT('2D SPACE',''
  ) );
#4620 = ORIENTED_EDGE('',*,*,#4621,.F.);
#4621 = EDGE_CURVE('',#4548,#4599,#4622,.T.);
#4622 = SURFACE_CURVE('',#4623,(#4627,#4634),.PCURVE_S1.);
#4623 = LINE('',#4624,#4625);
#4624 = CARTESIAN_POINT('',(85.219728784814,229.91867654856,5.4));
#4625 = VECTOR('',#4626,1.);
#4626 = DIRECTION('',(-0.951056516295,0.309016994375,0.));
#4627 = PCURVE('',#4556,#4628);
#4628 = DEFINITIONAL_REPRESENTATION('',(#4629),#4633);
#4629 = LINE('',#4630,#4631);
#4630 = CARTESIAN_POINT('',(0.4,0.));
#4631 = VECTOR('',#4632,1.);
#4632 = DIRECTION('',(0.,-1.));
#4633 = ( GEOMETRIC_REPRESENTATION_CONTEXT(2) 
PARAMETRIC_REPRESENTATION_CONTEXT() REPRESENTATION_CONTEXT('2D SPACE',''
  ) );
#4634 = PCURVE('',#4530,#4635);
#4635 = DEFINITIONAL_REPRESENTATION('',(#4636),#4640);
#4636 = LINE('',#4637,#4638);
#4637 = CARTESIAN_POINT('',(160.,-7.105427357601E-15));
#4638 = VECTOR('',#4639,1.);
#4639 = DIRECTION('',(0.,1.));
#4640 = ( GEOMETRIC_REPRESENTATION_CONTEXT(2) 
PARAMETRIC_REPRESENTATION_CONTEXT() REPRESENTATION_CONTEXT('2D SPACE',''
  ) );
#4641 = ADVANCED_FACE('',(#4642),#4448,.F.);
#4642 = FACE_BOUND('',#4643,.F.);
#4643 = EDGE_LOOP('',(#4644,#4665,#4666,#4687));
#4644 = ORIENTED_EDGE('',*,*,#4645,.F.);
#4645 = EDGE_CURVE('',#4426,#4546,#4646,.T.);
#4646 = SURFACE_CURVE('',#4647,(#4651,#4658),.PCURVE_S1.);
#4647 = LINE('',#4648,#4649);
#4648 = CARTESIAN_POINT('',(35.777009684822,77.749633941339,5.));
#4649 = VECTOR('',#4650,1.);
#4650 = DIRECTION('',(0.309016994375,0.951056516295,0.));
#4651 = PCURVE('',#4448,#4652);
#4652 = DEFINITIONAL_REPRESENTATION('',(#4653),#4657);
#4653 = LINE('',#4654,#4655);
#4654 = CARTESIAN_POINT('',(0.,0.));
#4655 = VECTOR('',#4656,1.);
#4656 = DIRECTION('',(0.,1.));
#4657 = ( GEOMETRIC_REPRESENTATION_CONTEXT(2) 
PARAMETRIC_REPRESENTATION_CONTEXT() REPRESENTATION_CONTEXT('2D SPACE',''
  ) );
#4658 = PCURVE('',#4476,#4659);
#4659 = DEFINITIONAL_REPRESENTATION('',(#4660),#4664);
#4660 = LINE('',#4661,#4662);
#4661 = CARTESIAN_POINT('',(0.,0.));
#4662 = VECTOR('',#4663,1.);
#4663 = DIRECTION('',(1.,0.));
#4664 = ( GEOMETRIC_REPRESENTATION_CONTEXT(2) 
PARAMETRIC_REPRESENTATION_CONTEXT() REPRESENTATION_CONTEXT('2D SPACE',''
  ) );
#4665 = ORIENTED_EDGE('',*,*,#4425,.T.);
#4666 = ORIENTED_EDGE('',*,*,#4667,.T.);
#4667 = EDGE_CURVE('',#4428,#4548,#4668,.T.);
#4668 = SURFACE_CURVE('',#4669,(#4673,#4680),.PCURVE_S1.);
#4669 = LINE('',#4670,#4671);
#4670 = CARTESIAN_POINT('',(35.777009684822,77.749633941339,5.4));
#4671 = VECTOR('',#4672,1.);
#4672 = DIRECTION('',(0.309016994375,0.951056516295,0.));
#4673 = PCURVE('',#4448,#4674);
#4674 = DEFINITIONAL_REPRESENTATION('',(#4675),#4679);
#4675 = LINE('',#4676,#4677);
#4676 = CARTESIAN_POINT('',(0.4,0.));
#4677 = VECTOR('',#4678,1.);
#4678 = DIRECTION('',(0.,1.));
#4679 = ( GEOMETRIC_REPRESENTATION_CONTEXT(2) 
PARAMETRIC_REPRESENTATION_CONTEXT() REPRESENTATION_CONTEXT('2D SPACE',''
  ) );
#4680 = PCURVE('',#4530,#4681);
#4681 = DEFINITIONAL_REPRESENTATION('',(#4682),#4686);
#4682 = LINE('',#4683,#4684);
#4683 = CARTESIAN_POINT('',(0.,0.));
#4684 = VECTOR('',#4685,1.);
#4685 = DIRECTION('',(1.,0.));
#4686 = ( GEOMETRIC_REPRESENTATION_CONTEXT(2) 
PARAMETRIC_REPRESENTATION_CONTEXT() REPRESENTATION_CONTEXT('2D SPACE',''
  ) );
#4687 = ORIENTED_EDGE('',*,*,#4545,.F.);
#4688 = ADVANCED_FACE('',(#4689),#4504,.T.);
#4689 = FACE_BOUND('',#4690,.T.);
#4690 = EDGE_LOOP('',(#4691,#4712,#4713,#4734));
#4691 = ORIENTED_EDGE('',*,*,#4692,.F.);
#4692 = EDGE_CURVE('',#4461,#4576,#4693,.T.);
#4693 = SURFACE_CURVE('',#4694,(#4698,#4705),.PCURVE_S1.);
#4694 = LINE('',#4695,#4696);
#4695 = CARTESIAN_POINT('',(16.755879358919,83.929973828838,5.));
#4696 = VECTOR('',#4697,1.);
#4697 = DIRECTION('',(0.309016994375,0.951056516295,0.));
#4698 = PCURVE('',#4504,#4699);
#4699 = DEFINITIONAL_REPRESENTATION('',(#4700),#4704);
#4700 = LINE('',#4701,#4702);
#4701 = CARTESIAN_POINT('',(0.,0.));
#4702 = VECTOR('',#4703,1.);
#4703 = DIRECTION('',(0.,1.));
#4704 = ( GEOMETRIC_REPRESENTATION_CONTEXT(2) 
PARAMETRIC_REPRESENTATION_CONTEXT() REPRESENTATION_CONTEXT('2D SPACE',''
  ) );
#4705 = PCURVE('',#4476,#4706);
#4706 = DEFINITIONAL_REPRESENTATION('',(#4707),#4711);
#4707 = LINE('',#4708,#4709);
#4708 = CARTESIAN_POINT('',(-4.440892098501E-15,20.));
#4709 = VECTOR('',#4710,1.);
#4710 = DIRECTION('',(1.,0.));
#4711 = ( GEOMETRIC_REPRESENTATION_CONTEXT(2) 
PARAMETRIC_REPRESENTATION_CONTEXT() REPRESENTATION_CONTEXT('2D SPACE',''
  ) );
#4712 = ORIENTED_EDGE('',*,*,#4488,.T.);
#4713 = ORIENTED_EDGE('',*,*,#4714,.T.);
#4714 = EDGE_CURVE('',#4489,#4599,#4715,.T.);
#4715 = SURFACE_CURVE('',#4716,(#4720,#4727),.PCURVE_S1.);
#4716 = LINE('',#4717,#4718);
#4717 = CARTESIAN_POINT('',(16.755879358919,83.929973828838,5.4));
#4718 = VECTOR('',#4719,1.);
#4719 = DIRECTION('',(0.309016994375,0.951056516295,0.));
#4720 = PCURVE('',#4504,#4721);
#4721 = DEFINITIONAL_REPRESENTATION('',(#4722),#4726);
#4722 = LINE('',#4723,#4724);
#4723 = CARTESIAN_POINT('',(0.4,0.));
#4724 = VECTOR('',#4725,1.);
#4725 = DIRECTION('',(0.,1.));
#4726 = ( GEOMETRIC_REPRESENTATION_CONTEXT(2) 
PARAMETRIC_REPRESENTATION_CONTEXT() REPRESENTATION_CONTEXT('2D SPACE',''
  ) );
#4727 = PCURVE('',#4530,#4728);
#4728 = DEFINITIONAL_REPRESENTATION('',(#4729),#4733);
#4729 = LINE('',#4730,#4731);
#4730 = CARTESIAN_POINT('',(-4.440892098501E-15,20.));
#4731 = VECTOR('',#4732,1.);
#4732 = DIRECTION('',(1.,0.));
#4733 = ( GEOMETRIC_REPRESENTATION_CONTEXT(2) 
PARAMETRIC_REPRESENTATION_CONTEXT() REPRESENTATION_CONTEXT('2D SPACE',''
  ) );
#4734 = ORIENTED_EDGE('',*,*,#4598,.F.);
#4735 = ADVANCED_FACE('',(#4736),#4476,.F.);
#4736 = FACE_BOUND('',#4737,.F.);
#4737 = EDGE_LOOP('',(#4738,#4739,#4740,#4741));
#4738 = ORIENTED_EDGE('',*,*,#4460,.F.);
#4739 = ORIENTED_EDGE('',*,*,#4645,.T.);
#4740 = ORIENTED_EDGE('',*,*,#4575,.T.);
#4741 = ORIENTED_EDGE('',*,*,#4692,.F.);
#4742 = ADVANCED_FACE('',(#4743),#4530,.T.);
#4743 = FACE_BOUND('',#4744,.T.);
#4744 = EDGE_LOOP('',(#4745,#4746,#4747,#4748));
#4745 = ORIENTED_EDGE('',*,*,#4516,.F.);
#4746 = ORIENTED_EDGE('',*,*,#4667,.T.);
#4747 = ORIENTED_EDGE('',*,*,#4621,.T.);
#4748 = ORIENTED_EDGE('',*,*,#4714,.F.);
#4749 = ( GEOMETRIC_REPRESENTATION_CONTEXT(3) 
GLOBAL_UNCERTAINTY_ASSIGNED_CONTEXT((#4753)) 
GLOBAL_UNIT_ASSIGNED_CONTEXT((#4750,#4751,#4752)) REPRESENTATION_CONTEXT
('Context #1','3D Context with UNIT and UNCERTAINTY') );
#4750 = ( LENGTH_UNIT() NAMED_UNIT(*) SI_UNIT(.MILLI.,.METRE.) );
#4751 = ( NAMED_UNIT(*) PLANE_ANGLE_UNIT() SI_UNIT($,.RADIAN.) );
#4752 = ( NAMED_UNIT(*) SI_UNIT($,.STERADIAN.) SOLID_ANGLE_UNIT() );
#4753 = UNCERTAINTY_MEASURE_WITH_UNIT(LENGTH_MEASURE(1.E-07),#4750,
  'distance_accuracy_value','confusion accuracy');
#4754 = CONTEXT_DEPENDENT_SHAPE_REPRESENTATION(#4755,#4757);
#4755 = ( REPRESENTATION_RELATIONSHIP('','',#4418,#709) 
REPRESENTATION_RELATIONSHIP_WITH_TRANSFORMATION(#4756) 
SHAPE_REPRESENTATION_RELATIONSHIP() );
#4756 = ITEM_DEFINED_TRANSFORMATION('','',#11,#750);
#4757 = PRODUCT_DEFINITION_SHAPE('Placement','Placement of an item',
  #4758);
#4758 = NEXT_ASSEMBLY_USAGE_OCCURRENCE('19','','',#704,#4413,$);
#4759 = PRODUCT_RELATED_PRODUCT_CATEGORY('part',$,(#4415));
#4760 = SHAPE_DEFINITION_REPRESENTATION(#4761,#4767);
#4761 = PRODUCT_DEFINITION_SHAPE('','',#4762);
#4762 = PRODUCT_DEFINITION('design','',#4763,#4766);
#4763 = PRODUCT_DEFINITION_FORMATION('','',#4764);
#4764 = PRODUCT('Open CASCADE STEP translator 7.9 2.2.12',
  'Open CASCADE STEP translator 7.9 2.2.12','',(#4765));
#4765 = PRODUCT_CONTEXT('',#2,'mechanical');
#4766 = PRODUCT_DEFINITION_CONTEXT('part definition',#2,'design');
#4767 = ADVANCED_BREP_SHAPE_REPRESENTATION('',(#11,#4768),#5098);
#4768 = MANIFOLD_SOLID_BREP('',#4769);
#4769 = CLOSED_SHELL('',(#4770,#4890,#4990,#5037,#5084,#5091));
#4770 = ADVANCED_FACE('',(#4771),#4785,.F.);
#4771 = FACE_BOUND('',#4772,.F.);
#4772 = EDGE_LOOP('',(#4773,#4808,#4836,#4864));
#4773 = ORIENTED_EDGE('',*,*,#4774,.F.);
#4774 = EDGE_CURVE('',#4775,#4777,#4779,.T.);
#4775 = VERTEX_POINT('',#4776);
#4776 = CARTESIAN_POINT('',(25.750284247073,81.620603166081,5.));
#4777 = VERTEX_POINT('',#4778);
#4778 = CARTESIAN_POINT('',(25.750284247073,81.620603166081,5.4));
#4779 = SURFACE_CURVE('',#4780,(#4784,#4796),.PCURVE_S1.);
#4780 = LINE('',#4781,#4782);
#4781 = CARTESIAN_POINT('',(25.750284247073,81.620603166081,5.));
#4782 = VECTOR('',#4783,1.);
#4783 = DIRECTION('',(0.,0.,1.));
#4784 = PCURVE('',#4785,#4790);
#4785 = PLANE('',#4786);
#4786 = AXIS2_PLACEMENT_3D('',#4787,#4788,#4789);
#4787 = CARTESIAN_POINT('',(25.750284247073,81.620603166081,5.));
#4788 = DIRECTION('',(0.187381314586,0.982287250729,0.));
#4789 = DIRECTION('',(0.,0.,1.));
#4790 = DEFINITIONAL_REPRESENTATION('',(#4791),#4795);
#4791 = LINE('',#4792,#4793);
#4792 = CARTESIAN_POINT('',(0.,0.));
#4793 = VECTOR('',#4794,1.);
#4794 = DIRECTION('',(1.,0.));
#4795 = ( GEOMETRIC_REPRESENTATION_CONTEXT(2) 
PARAMETRIC_REPRESENTATION_CONTEXT() REPRESENTATION_CONTEXT('2D SPACE',''
  ) );
#4796 = PCURVE('',#4797,#4802);
#4797 = PLANE('',#4798);
#4798 = AXIS2_PLACEMENT_3D('',#4799,#4800,#4801);
#4799 = CARTESIAN_POINT('',(25.750284247073,81.620603166081,5.));
#4800 = DIRECTION('',(-0.982287250729,0.187381314586,0.));
#4801 = DIRECTION('',(0.,0.,1.));
#4802 = DEFINITIONAL_REPRESENTATION('',(#4803),#4807);
#4803 = LINE('',#4804,#4805);
#4804 = CARTESIAN_POINT('',(0.,0.));
#4805 = VECTOR('',#4806,1.);
#4806 = DIRECTION('',(1.,0.));
#4807 = ( GEOMETRIC_REPRESENTATION_CONTEXT(2) 
PARAMETRIC_REPRESENTATION_CONTEXT() REPRESENTATION_CONTEXT('2D SPACE',''
  ) );
#4808 = ORIENTED_EDGE('',*,*,#4809,.T.);
#4809 = EDGE_CURVE('',#4775,#4810,#4812,.T.);
#4810 = VERTEX_POINT('',#4811);
#4811 = CARTESIAN_POINT('',(6.1045392325,85.368229457796,5.));
#4812 = SURFACE_CURVE('',#4813,(#4817,#4824),.PCURVE_S1.);
#4813 = LINE('',#4814,#4815);
#4814 = CARTESIAN_POINT('',(25.750284247073,81.620603166081,5.));
#4815 = VECTOR('',#4816,1.);
#4816 = DIRECTION('',(-0.982287250729,0.187381314586,0.));
#4817 = PCURVE('',#4785,#4818);
#4818 = DEFINITIONAL_REPRESENTATION('',(#4819),#4823);
#4819 = LINE('',#4820,#4821);
#4820 = CARTESIAN_POINT('',(0.,0.));
#4821 = VECTOR('',#4822,1.);
#4822 = DIRECTION('',(0.,-1.));
#4823 = ( GEOMETRIC_REPRESENTATION_CONTEXT(2) 
PARAMETRIC_REPRESENTATION_CONTEXT() REPRESENTATION_CONTEXT('2D SPACE',''
  ) );
#4824 = PCURVE('',#4825,#4830);
#4825 = PLANE('',#4826);
#4826 = AXIS2_PLACEMENT_3D('',#4827,#4828,#4829);
#4827 = CARTESIAN_POINT('',(25.750284247073,81.620603166081,5.));
#4828 = DIRECTION('',(0.,0.,1.));
#4829 = DIRECTION('',(0.187381314586,0.982287250729,0.));
#4830 = DEFINITIONAL_REPRESENTATION('',(#4831),#4835);
#4831 = LINE('',#4832,#4833);
#4832 = CARTESIAN_POINT('',(0.,0.));
#4833 = VECTOR('',#4834,1.);
#4834 = DIRECTION('',(0.,1.));
#4835 = ( GEOMETRIC_REPRESENTATION_CONTEXT(2) 
PARAMETRIC_REPRESENTATION_CONTEXT() REPRESENTATION_CONTEXT('2D SPACE',''
  ) );
#4836 = ORIENTED_EDGE('',*,*,#4837,.T.);
#4837 = EDGE_CURVE('',#4810,#4838,#4840,.T.);
#4838 = VERTEX_POINT('',#4839);
#4839 = CARTESIAN_POINT('',(6.1045392325,85.368229457796,5.4));
#4840 = SURFACE_CURVE('',#4841,(#4845,#4852),.PCURVE_S1.);
#4841 = LINE('',#4842,#4843);
#4842 = CARTESIAN_POINT('',(6.1045392325,85.368229457796,5.));
#4843 = VECTOR('',#4844,1.);
#4844 = DIRECTION('',(0.,0.,1.));
#4845 = PCURVE('',#4785,#4846);
#4846 = DEFINITIONAL_REPRESENTATION('',(#4847),#4851);
#4847 = LINE('',#4848,#4849);
#4848 = CARTESIAN_POINT('',(0.,-20.));
#4849 = VECTOR('',#4850,1.);
#4850 = DIRECTION('',(1.,0.));
#4851 = ( GEOMETRIC_REPRESENTATION_CONTEXT(2) 
PARAMETRIC_REPRESENTATION_CONTEXT() REPRESENTATION_CONTEXT('2D SPACE',''
  ) );
#4852 = PCURVE('',#4853,#4858);
#4853 = PLANE('',#4854);
#4854 = AXIS2_PLACEMENT_3D('',#4855,#4856,#4857);
#4855 = CARTESIAN_POINT('',(6.1045392325,85.368229457796,5.));
#4856 = DIRECTION('',(-0.982287250729,0.187381314586,0.));
#4857 = DIRECTION('',(0.,0.,1.));
#4858 = DEFINITIONAL_REPRESENTATION('',(#4859),#4863);
#4859 = LINE('',#4860,#4861);
#4860 = CARTESIAN_POINT('',(0.,0.));
#4861 = VECTOR('',#4862,1.);
#4862 = DIRECTION('',(1.,0.));
#4863 = ( GEOMETRIC_REPRESENTATION_CONTEXT(2) 
PARAMETRIC_REPRESENTATION_CONTEXT() REPRESENTATION_CONTEXT('2D SPACE',''
  ) );
#4864 = ORIENTED_EDGE('',*,*,#4865,.F.);
#4865 = EDGE_CURVE('',#4777,#4838,#4866,.T.);
#4866 = SURFACE_CURVE('',#4867,(#4871,#4878),.PCURVE_S1.);
#4867 = LINE('',#4868,#4869);
#4868 = CARTESIAN_POINT('',(25.750284247073,81.620603166081,5.4));
#4869 = VECTOR('',#4870,1.);
#4870 = DIRECTION('',(-0.982287250729,0.187381314586,0.));
#4871 = PCURVE('',#4785,#4872);
#4872 = DEFINITIONAL_REPRESENTATION('',(#4873),#4877);
#4873 = LINE('',#4874,#4875);
#4874 = CARTESIAN_POINT('',(0.4,0.));
#4875 = VECTOR('',#4876,1.);
#4876 = DIRECTION('',(0.,-1.));
#4877 = ( GEOMETRIC_REPRESENTATION_CONTEXT(2) 
PARAMETRIC_REPRESENTATION_CONTEXT() REPRESENTATION_CONTEXT('2D SPACE',''
  ) );
#4878 = PCURVE('',#4879,#4884);
#4879 = PLANE('',#4880);
#4880 = AXIS2_PLACEMENT_3D('',#4881,#4882,#4883);
#4881 = CARTESIAN_POINT('',(25.750284247073,81.620603166081,5.4));
#4882 = DIRECTION('',(0.,0.,1.));
#4883 = DIRECTION('',(0.187381314586,0.982287250729,0.));
#4884 = DEFINITIONAL_REPRESENTATION('',(#4885),#4889);
#4885 = LINE('',#4886,#4887);
#4886 = CARTESIAN_POINT('',(0.,0.));
#4887 = VECTOR('',#4888,1.);
#4888 = DIRECTION('',(0.,1.));
#4889 = ( GEOMETRIC_REPRESENTATION_CONTEXT(2) 
PARAMETRIC_REPRESENTATION_CONTEXT() REPRESENTATION_CONTEXT('2D SPACE',''
  ) );
#4890 = ADVANCED_FACE('',(#4891),#4905,.T.);
#4891 = FACE_BOUND('',#4892,.T.);
#4892 = EDGE_LOOP('',(#4893,#4923,#4946,#4969));
#4893 = ORIENTED_EDGE('',*,*,#4894,.F.);
#4894 = EDGE_CURVE('',#4895,#4897,#4899,.T.);
#4895 = VERTEX_POINT('',#4896);
#4896 = CARTESIAN_POINT('',(55.731294580789,238.78656328267,5.));
#4897 = VERTEX_POINT('',#4898);
#4898 = CARTESIAN_POINT('',(55.731294580789,238.78656328267,5.4));
#4899 = SURFACE_CURVE('',#4900,(#4904,#4916),.PCURVE_S1.);
#4900 = LINE('',#4901,#4902);
#4901 = CARTESIAN_POINT('',(55.731294580789,238.78656328267,5.));
#4902 = VECTOR('',#4903,1.);
#4903 = DIRECTION('',(0.,0.,1.));
#4904 = PCURVE('',#4905,#4910);
#4905 = PLANE('',#4906);
#4906 = AXIS2_PLACEMENT_3D('',#4907,#4908,#4909);
#4907 = CARTESIAN_POINT('',(55.731294580789,238.78656328267,5.));
#4908 = DIRECTION('',(0.187381314586,0.982287250729,0.));
#4909 = DIRECTION('',(0.,0.,1.));
#4910 = DEFINITIONAL_REPRESENTATION('',(#4911),#4915);
#4911 = LINE('',#4912,#4913);
#4912 = CARTESIAN_POINT('',(0.,0.));
#4913 = VECTOR('',#4914,1.);
#4914 = DIRECTION('',(1.,0.));
#4915 = ( GEOMETRIC_REPRESENTATION_CONTEXT(2) 
PARAMETRIC_REPRESENTATION_CONTEXT() REPRESENTATION_CONTEXT('2D SPACE',''
  ) );
#4916 = PCURVE('',#4797,#4917);
#4917 = DEFINITIONAL_REPRESENTATION('',(#4918),#4922);
#4918 = LINE('',#4919,#4920);
#4919 = CARTESIAN_POINT('',(0.,160.));
#4920 = VECTOR('',#4921,1.);
#4921 = DIRECTION('',(1.,0.));
#4922 = ( GEOMETRIC_REPRESENTATION_CONTEXT(2) 
PARAMETRIC_REPRESENTATION_CONTEXT() REPRESENTATION_CONTEXT('2D SPACE',''
  ) );
#4923 = ORIENTED_EDGE('',*,*,#4924,.T.);
#4924 = EDGE_CURVE('',#4895,#4925,#4927,.T.);
#4925 = VERTEX_POINT('',#4926);
#4926 = CARTESIAN_POINT('',(36.085549566216,242.53418957438,5.));
#4927 = SURFACE_CURVE('',#4928,(#4932,#4939),.PCURVE_S1.);
#4928 = LINE('',#4929,#4930);
#4929 = CARTESIAN_POINT('',(55.731294580789,238.78656328267,5.));
#4930 = VECTOR('',#4931,1.);
#4931 = DIRECTION('',(-0.982287250729,0.187381314586,0.));
#4932 = PCURVE('',#4905,#4933);
#4933 = DEFINITIONAL_REPRESENTATION('',(#4934),#4938);
#4934 = LINE('',#4935,#4936);
#4935 = CARTESIAN_POINT('',(0.,0.));
#4936 = VECTOR('',#4937,1.);
#4937 = DIRECTION('',(0.,-1.));
#4938 = ( GEOMETRIC_REPRESENTATION_CONTEXT(2) 
PARAMETRIC_REPRESENTATION_CONTEXT() REPRESENTATION_CONTEXT('2D SPACE',''
  ) );
#4939 = PCURVE('',#4825,#4940);
#4940 = DEFINITIONAL_REPRESENTATION('',(#4941),#4945);
#4941 = LINE('',#4942,#4943);
#4942 = CARTESIAN_POINT('',(160.,0.));
#4943 = VECTOR('',#4944,1.);
#4944 = DIRECTION('',(0.,1.));
#4945 = ( GEOMETRIC_REPRESENTATION_CONTEXT(2) 
PARAMETRIC_REPRESENTATION_CONTEXT() REPRESENTATION_CONTEXT('2D SPACE',''
  ) );
#4946 = ORIENTED_EDGE('',*,*,#4947,.T.);
#4947 = EDGE_CURVE('',#4925,#4948,#4950,.T.);
#4948 = VERTEX_POINT('',#4949);
#4949 = CARTESIAN_POINT('',(36.085549566216,242.53418957438,5.4));
#4950 = SURFACE_CURVE('',#4951,(#4955,#4962),.PCURVE_S1.);
#4951 = LINE('',#4952,#4953);
#4952 = CARTESIAN_POINT('',(36.085549566216,242.53418957438,5.));
#4953 = VECTOR('',#4954,1.);
#4954 = DIRECTION('',(0.,0.,1.));
#4955 = PCURVE('',#4905,#4956);
#4956 = DEFINITIONAL_REPRESENTATION('',(#4957),#4961);
#4957 = LINE('',#4958,#4959);
#4958 = CARTESIAN_POINT('',(0.,-20.));
#4959 = VECTOR('',#4960,1.);
#4960 = DIRECTION('',(1.,0.));
#4961 = ( GEOMETRIC_REPRESENTATION_CONTEXT(2) 
PARAMETRIC_REPRESENTATION_CONTEXT() REPRESENTATION_CONTEXT('2D SPACE',''
  ) );
#4962 = PCURVE('',#4853,#4963);
#4963 = DEFINITIONAL_REPRESENTATION('',(#4964),#4968);
#4964 = LINE('',#4965,#4966);
#4965 = CARTESIAN_POINT('',(0.,160.));
#4966 = VECTOR('',#4967,1.);
#4967 = DIRECTION('',(1.,0.));
#4968 = ( GEOMETRIC_REPRESENTATION_CONTEXT(2) 
PARAMETRIC_REPRESENTATION_CONTEXT() REPRESENTATION_CONTEXT('2D SPACE',''
  ) );
#4969 = ORIENTED_EDGE('',*,*,#4970,.F.);
#4970 = EDGE_CURVE('',#4897,#4948,#4971,.T.);
#4971 = SURFACE_CURVE('',#4972,(#4976,#4983),.PCURVE_S1.);
#4972 = LINE('',#4973,#4974);
#4973 = CARTESIAN_POINT('',(55.731294580789,238.78656328267,5.4));
#4974 = VECTOR('',#4975,1.);
#4975 = DIRECTION('',(-0.982287250729,0.187381314586,0.));
#4976 = PCURVE('',#4905,#4977);
#4977 = DEFINITIONAL_REPRESENTATION('',(#4978),#4982);
#4978 = LINE('',#4979,#4980);
#4979 = CARTESIAN_POINT('',(0.4,0.));
#4980 = VECTOR('',#4981,1.);
#4981 = DIRECTION('',(0.,-1.));
#4982 = ( GEOMETRIC_REPRESENTATION_CONTEXT(2) 
PARAMETRIC_REPRESENTATION_CONTEXT() REPRESENTATION_CONTEXT('2D SPACE',''
  ) );
#4983 = PCURVE('',#4879,#4984);
#4984 = DEFINITIONAL_REPRESENTATION('',(#4985),#4989);
#4985 = LINE('',#4986,#4987);
#4986 = CARTESIAN_POINT('',(160.,0.));
#4987 = VECTOR('',#4988,1.);
#4988 = DIRECTION('',(0.,1.));
#4989 = ( GEOMETRIC_REPRESENTATION_CONTEXT(2) 
PARAMETRIC_REPRESENTATION_CONTEXT() REPRESENTATION_CONTEXT('2D SPACE',''
  ) );
#4990 = ADVANCED_FACE('',(#4991),#4797,.F.);
#4991 = FACE_BOUND('',#4992,.F.);
#4992 = EDGE_LOOP('',(#4993,#5014,#5015,#5036));
#4993 = ORIENTED_EDGE('',*,*,#4994,.F.);
#4994 = EDGE_CURVE('',#4775,#4895,#4995,.T.);
#4995 = SURFACE_CURVE('',#4996,(#5000,#5007),.PCURVE_S1.);
#4996 = LINE('',#4997,#4998);
#4997 = CARTESIAN_POINT('',(25.750284247073,81.620603166081,5.));
#4998 = VECTOR('',#4999,1.);
#4999 = DIRECTION('',(0.187381314586,0.982287250729,0.));
#5000 = PCURVE('',#4797,#5001);
#5001 = DEFINITIONAL_REPRESENTATION('',(#5002),#5006);
#5002 = LINE('',#5003,#5004);
#5003 = CARTESIAN_POINT('',(0.,0.));
#5004 = VECTOR('',#5005,1.);
#5005 = DIRECTION('',(0.,1.));
#5006 = ( GEOMETRIC_REPRESENTATION_CONTEXT(2) 
PARAMETRIC_REPRESENTATION_CONTEXT() REPRESENTATION_CONTEXT('2D SPACE',''
  ) );
#5007 = PCURVE('',#4825,#5008);
#5008 = DEFINITIONAL_REPRESENTATION('',(#5009),#5013);
#5009 = LINE('',#5010,#5011);
#5010 = CARTESIAN_POINT('',(0.,0.));
#5011 = VECTOR('',#5012,1.);
#5012 = DIRECTION('',(1.,0.));
#5013 = ( GEOMETRIC_REPRESENTATION_CONTEXT(2) 
PARAMETRIC_REPRESENTATION_CONTEXT() REPRESENTATION_CONTEXT('2D SPACE',''
  ) );
#5014 = ORIENTED_EDGE('',*,*,#4774,.T.);
#5015 = ORIENTED_EDGE('',*,*,#5016,.T.);
#5016 = EDGE_CURVE('',#4777,#4897,#5017,.T.);
#5017 = SURFACE_CURVE('',#5018,(#5022,#5029),.PCURVE_S1.);
#5018 = LINE('',#5019,#5020);
#5019 = CARTESIAN_POINT('',(25.750284247073,81.620603166081,5.4));
#5020 = VECTOR('',#5021,1.);
#5021 = DIRECTION('',(0.187381314586,0.982287250729,0.));
#5022 = PCURVE('',#4797,#5023);
#5023 = DEFINITIONAL_REPRESENTATION('',(#5024),#5028);
#5024 = LINE('',#5025,#5026);
#5025 = CARTESIAN_POINT('',(0.4,0.));
#5026 = VECTOR('',#5027,1.);
#5027 = DIRECTION('',(0.,1.));
#5028 = ( GEOMETRIC_REPRESENTATION_CONTEXT(2) 
PARAMETRIC_REPRESENTATION_CONTEXT() REPRESENTATION_CONTEXT('2D SPACE',''
  ) );
#5029 = PCURVE('',#4879,#5030);
#5030 = DEFINITIONAL_REPRESENTATION('',(#5031),#5035);
#5031 = LINE('',#5032,#5033);
#5032 = CARTESIAN_POINT('',(0.,0.));
#5033 = VECTOR('',#5034,1.);
#5034 = DIRECTION('',(1.,0.));
#5035 = ( GEOMETRIC_REPRESENTATION_CONTEXT(2) 
PARAMETRIC_REPRESENTATION_CONTEXT() REPRESENTATION_CONTEXT('2D SPACE',''
  ) );
#5036 = ORIENTED_EDGE('',*,*,#4894,.F.);
#5037 = ADVANCED_FACE('',(#5038),#4853,.T.);
#5038 = FACE_BOUND('',#5039,.T.);
#5039 = EDGE_LOOP('',(#5040,#5061,#5062,#5083));
#5040 = ORIENTED_EDGE('',*,*,#5041,.F.);
#5041 = EDGE_CURVE('',#4810,#4925,#5042,.T.);
#5042 = SURFACE_CURVE('',#5043,(#5047,#5054),.PCURVE_S1.);
#5043 = LINE('',#5044,#5045);
#5044 = CARTESIAN_POINT('',(6.1045392325,85.368229457796,5.));
#5045 = VECTOR('',#5046,1.);
#5046 = DIRECTION('',(0.187381314586,0.982287250729,0.));
#5047 = PCURVE('',#4853,#5048);
#5048 = DEFINITIONAL_REPRESENTATION('',(#5049),#5053);
#5049 = LINE('',#5050,#5051);
#5050 = CARTESIAN_POINT('',(0.,0.));
#5051 = VECTOR('',#5052,1.);
#5052 = DIRECTION('',(0.,1.));
#5053 = ( GEOMETRIC_REPRESENTATION_CONTEXT(2) 
PARAMETRIC_REPRESENTATION_CONTEXT() REPRESENTATION_CONTEXT('2D SPACE',''
  ) );
#5054 = PCURVE('',#4825,#5055);
#5055 = DEFINITIONAL_REPRESENTATION('',(#5056),#5060);
#5056 = LINE('',#5057,#5058);
#5057 = CARTESIAN_POINT('',(-6.661338147751E-15,20.));
#5058 = VECTOR('',#5059,1.);
#5059 = DIRECTION('',(1.,0.));
#5060 = ( GEOMETRIC_REPRESENTATION_CONTEXT(2) 
PARAMETRIC_REPRESENTATION_CONTEXT() REPRESENTATION_CONTEXT('2D SPACE',''
  ) );
#5061 = ORIENTED_EDGE('',*,*,#4837,.T.);
#5062 = ORIENTED_EDGE('',*,*,#5063,.T.);
#5063 = EDGE_CURVE('',#4838,#4948,#5064,.T.);
#5064 = SURFACE_CURVE('',#5065,(#5069,#5076),.PCURVE_S1.);
#5065 = LINE('',#5066,#5067);
#5066 = CARTESIAN_POINT('',(6.1045392325,85.368229457796,5.4));
#5067 = VECTOR('',#5068,1.);
#5068 = DIRECTION('',(0.187381314586,0.982287250729,0.));
#5069 = PCURVE('',#4853,#5070);
#5070 = DEFINITIONAL_REPRESENTATION('',(#5071),#5075);
#5071 = LINE('',#5072,#5073);
#5072 = CARTESIAN_POINT('',(0.4,0.));
#5073 = VECTOR('',#5074,1.);
#5074 = DIRECTION('',(0.,1.));
#5075 = ( GEOMETRIC_REPRESENTATION_CONTEXT(2) 
PARAMETRIC_REPRESENTATION_CONTEXT() REPRESENTATION_CONTEXT('2D SPACE',''
  ) );
#5076 = PCURVE('',#4879,#5077);
#5077 = DEFINITIONAL_REPRESENTATION('',(#5078),#5082);
#5078 = LINE('',#5079,#5080);
#5079 = CARTESIAN_POINT('',(-6.661338147751E-15,20.));
#5080 = VECTOR('',#5081,1.);
#5081 = DIRECTION('',(1.,0.));
#5082 = ( GEOMETRIC_REPRESENTATION_CONTEXT(2) 
PARAMETRIC_REPRESENTATION_CONTEXT() REPRESENTATION_CONTEXT('2D SPACE',''
  ) );
#5083 = ORIENTED_EDGE('',*,*,#4947,.F.);
#5084 = ADVANCED_FACE('',(#5085),#4825,.F.);
#5085 = FACE_BOUND('',#5086,.F.);
#5086 = EDGE_LOOP('',(#5087,#5088,#5089,#5090));
#5087 = ORIENTED_EDGE('',*,*,#4809,.F.);
#5088 = ORIENTED_EDGE('',*,*,#4994,.T.);
#5089 = ORIENTED_EDGE('',*,*,#4924,.T.);
#5090 = ORIENTED_EDGE('',*,*,#5041,.F.);
#5091 = ADVANCED_FACE('',(#5092),#4879,.T.);
#5092 = FACE_BOUND('',#5093,.T.);
#5093 = EDGE_LOOP('',(#5094,#5095,#5096,#5097));
#5094 = ORIENTED_EDGE('',*,*,#4865,.F.);
#5095 = ORIENTED_EDGE('',*,*,#5016,.T.);
#5096 = ORIENTED_EDGE('',*,*,#4970,.T.);
#5097 = ORIENTED_EDGE('',*,*,#5063,.F.);
#5098 = ( GEOMETRIC_REPRESENTATION_CONTEXT(3) 
GLOBAL_UNCERTAINTY_ASSIGNED_CONTEXT((#5102)) 
GLOBAL_UNIT_ASSIGNED_CONTEXT((#5099,#5100,#5101)) REPRESENTATION_CONTEXT
('Context #1','3D Context with UNIT and UNCERTAINTY') );
#5099 = ( LENGTH_UNIT() NAMED_UNIT(*) SI_UNIT(.MILLI.,.METRE.) );
#5100 = ( NAMED_UNIT(*) PLANE_ANGLE_UNIT() SI_UNIT($,.RADIAN.) );
#5101 = ( NAMED_UNIT(*) SI_UNIT($,.STERADIAN.) SOLID_ANGLE_UNIT() );
#5102 = UNCERTAINTY_MEASURE_WITH_UNIT(LENGTH_MEASURE(1.E-07),#5099,
  'distance_accuracy_value','confusion accuracy');
#5103 = CONTEXT_DEPENDENT_SHAPE_REPRESENTATION(#5104,#5106);
#5104 = ( REPRESENTATION_RELATIONSHIP('','',#4767,#709) 
REPRESENTATION_RELATIONSHIP_WITH_TRANSFORMATION(#5105) 
SHAPE_REPRESENTATION_RELATIONSHIP() );
#5105 = ITEM_DEFINED_TRANSFORMATION('','',#11,#754);
#5106 = PRODUCT_DEFINITION_SHAPE('Placement','Placement of an item',
  #5107);
#5107 = NEXT_ASSEMBLY_USAGE_OCCURRENCE('20','','',#704,#4762,$);
#5108 = PRODUCT_RELATED_PRODUCT_CATEGORY('part',$,(#4764));
#5109 = SHAPE_DEFINITION_REPRESENTATION(#5110,#5116);
#5110 = PRODUCT_DEFINITION_SHAPE('','',#5111);
#5111 = PRODUCT_DEFINITION('design','',#5112,#5115);
#5112 = PRODUCT_DEFINITION_FORMATION('','',#5113);
#5113 = PRODUCT('Open CASCADE STEP translator 7.9 2.2.13',
  'Open CASCADE STEP translator 7.9 2.2.13','',(#5114));
#5114 = PRODUCT_CONTEXT('',#2,'mechanical');
#5115 = PRODUCT_DEFINITION_CONTEXT('part definition',#2,'design');
#5116 = ADVANCED_BREP_SHAPE_REPRESENTATION('',(#11,#5117),#5447);
#5117 = MANIFOLD_SOLID_BREP('',#5118);
#5118 = CLOSED_SHELL('',(#5119,#5239,#5339,#5386,#5433,#5440));
#5119 = ADVANCED_FACE('',(#5120),#5134,.F.);
#5120 = FACE_BOUND('',#5121,.F.);
#5121 = EDGE_LOOP('',(#5122,#5157,#5185,#5213));
#5122 = ORIENTED_EDGE('',*,*,#5123,.F.);
#5123 = EDGE_CURVE('',#5124,#5126,#5128,.T.);
#5124 = VERTEX_POINT('',#5125);
#5125 = CARTESIAN_POINT('',(15.317461444274,84.20436672111,5.));
#5126 = VERTEX_POINT('',#5127);
#5127 = CARTESIAN_POINT('',(15.317461444274,84.20436672111,5.4));
#5128 = SURFACE_CURVE('',#5129,(#5133,#5145),.PCURVE_S1.);
#5129 = LINE('',#5130,#5131);
#5130 = CARTESIAN_POINT('',(15.317461444274,84.20436672111,5.));
#5131 = VECTOR('',#5132,1.);
#5132 = DIRECTION('',(0.,0.,1.));
#5133 = PCURVE('',#5134,#5139);
#5134 = PLANE('',#5135);
#5135 = AXIS2_PLACEMENT_3D('',#5136,#5137,#5138);
#5136 = CARTESIAN_POINT('',(15.317461444274,84.20436672111,5.));
#5137 = DIRECTION('',(6.279051952931E-02,0.998026728428,0.));
#5138 = DIRECTION('',(0.,0.,1.));
#5139 = DEFINITIONAL_REPRESENTATION('',(#5140),#5144);
#5140 = LINE('',#5141,#5142);
#5141 = CARTESIAN_POINT('',(0.,0.));
#5142 = VECTOR('',#5143,1.);
#5143 = DIRECTION('',(1.,0.));
#5144 = ( GEOMETRIC_REPRESENTATION_CONTEXT(2) 
PARAMETRIC_REPRESENTATION_CONTEXT() REPRESENTATION_CONTEXT('2D SPACE',''
  ) );
#5145 = PCURVE('',#5146,#5151);
#5146 = PLANE('',#5147);
#5147 = AXIS2_PLACEMENT_3D('',#5148,#5149,#5150);
#5148 = CARTESIAN_POINT('',(15.317461444274,84.20436672111,5.));
#5149 = DIRECTION('',(-0.998026728428,6.279051952931E-02,0.));
#5150 = DIRECTION('',(0.,0.,1.));
#5151 = DEFINITIONAL_REPRESENTATION('',(#5152),#5156);
#5152 = LINE('',#5153,#5154);
#5153 = CARTESIAN_POINT('',(0.,0.));
#5154 = VECTOR('',#5155,1.);
#5155 = DIRECTION('',(1.,0.));
#5156 = ( GEOMETRIC_REPRESENTATION_CONTEXT(2) 
PARAMETRIC_REPRESENTATION_CONTEXT() REPRESENTATION_CONTEXT('2D SPACE',''
  ) );
#5157 = ORIENTED_EDGE('',*,*,#5158,.T.);
#5158 = EDGE_CURVE('',#5124,#5159,#5161,.T.);
#5159 = VERTEX_POINT('',#5160);
#5160 = CARTESIAN_POINT('',(-4.643073124291,85.460177111696,5.));
#5161 = SURFACE_CURVE('',#5162,(#5166,#5173),.PCURVE_S1.);
#5162 = LINE('',#5163,#5164);
#5163 = CARTESIAN_POINT('',(15.317461444274,84.20436672111,5.));
#5164 = VECTOR('',#5165,1.);
#5165 = DIRECTION('',(-0.998026728428,6.279051952931E-02,0.));
#5166 = PCURVE('',#5134,#5167);
#5167 = DEFINITIONAL_REPRESENTATION('',(#5168),#5172);
#5168 = LINE('',#5169,#5170);
#5169 = CARTESIAN_POINT('',(0.,0.));
#5170 = VECTOR('',#5171,1.);
#5171 = DIRECTION('',(0.,-1.));
#5172 = ( GEOMETRIC_REPRESENTATION_CONTEXT(2) 
PARAMETRIC_REPRESENTATION_CONTEXT() REPRESENTATION_CONTEXT('2D SPACE',''
  ) );
#5173 = PCURVE('',#5174,#5179);
#5174 = PLANE('',#5175);
#5175 = AXIS2_PLACEMENT_3D('',#5176,#5177,#5178);
#5176 = CARTESIAN_POINT('',(15.317461444274,84.20436672111,5.));
#5177 = DIRECTION('',(0.,0.,1.));
#5178 = DIRECTION('',(6.279051952931E-02,0.998026728428,0.));
#5179 = DEFINITIONAL_REPRESENTATION('',(#5180),#5184);
#5180 = LINE('',#5181,#5182);
#5181 = CARTESIAN_POINT('',(0.,0.));
#5182 = VECTOR('',#5183,1.);
#5183 = DIRECTION('',(0.,1.));
#5184 = ( GEOMETRIC_REPRESENTATION_CONTEXT(2) 
PARAMETRIC_REPRESENTATION_CONTEXT() REPRESENTATION_CONTEXT('2D SPACE',''
  ) );
#5185 = ORIENTED_EDGE('',*,*,#5186,.T.);
#5186 = EDGE_CURVE('',#5159,#5187,#5189,.T.);
#5187 = VERTEX_POINT('',#5188);
#5188 = CARTESIAN_POINT('',(-4.643073124291,85.460177111696,5.4));
#5189 = SURFACE_CURVE('',#5190,(#5194,#5201),.PCURVE_S1.);
#5190 = LINE('',#5191,#5192);
#5191 = CARTESIAN_POINT('',(-4.643073124291,85.460177111696,5.));
#5192 = VECTOR('',#5193,1.);
#5193 = DIRECTION('',(0.,0.,1.));
#5194 = PCURVE('',#5134,#5195);
#5195 = DEFINITIONAL_REPRESENTATION('',(#5196),#5200);
#5196 = LINE('',#5197,#5198);
#5197 = CARTESIAN_POINT('',(0.,-20.));
#5198 = VECTOR('',#5199,1.);
#5199 = DIRECTION('',(1.,0.));
#5200 = ( GEOMETRIC_REPRESENTATION_CONTEXT(2) 
PARAMETRIC_REPRESENTATION_CONTEXT() REPRESENTATION_CONTEXT('2D SPACE',''
  ) );
#5201 = PCURVE('',#5202,#5207);
#5202 = PLANE('',#5203);
#5203 = AXIS2_PLACEMENT_3D('',#5204,#5205,#5206);
#5204 = CARTESIAN_POINT('',(-4.643073124291,85.460177111696,5.));
#5205 = DIRECTION('',(-0.998026728428,6.279051952931E-02,0.));
#5206 = DIRECTION('',(0.,0.,1.));
#5207 = DEFINITIONAL_REPRESENTATION('',(#5208),#5212);
#5208 = LINE('',#5209,#5210);
#5209 = CARTESIAN_POINT('',(0.,0.));
#5210 = VECTOR('',#5211,1.);
#5211 = DIRECTION('',(1.,0.));
#5212 = ( GEOMETRIC_REPRESENTATION_CONTEXT(2) 
PARAMETRIC_REPRESENTATION_CONTEXT() REPRESENTATION_CONTEXT('2D SPACE',''
  ) );
#5213 = ORIENTED_EDGE('',*,*,#5214,.F.);
#5214 = EDGE_CURVE('',#5126,#5187,#5215,.T.);
#5215 = SURFACE_CURVE('',#5216,(#5220,#5227),.PCURVE_S1.);
#5216 = LINE('',#5217,#5218);
#5217 = CARTESIAN_POINT('',(15.317461444274,84.20436672111,5.4));
#5218 = VECTOR('',#5219,1.);
#5219 = DIRECTION('',(-0.998026728428,6.279051952931E-02,0.));
#5220 = PCURVE('',#5134,#5221);
#5221 = DEFINITIONAL_REPRESENTATION('',(#5222),#5226);
#5222 = LINE('',#5223,#5224);
#5223 = CARTESIAN_POINT('',(0.4,0.));
#5224 = VECTOR('',#5225,1.);
#5225 = DIRECTION('',(0.,-1.));
#5226 = ( GEOMETRIC_REPRESENTATION_CONTEXT(2) 
PARAMETRIC_REPRESENTATION_CONTEXT() REPRESENTATION_CONTEXT('2D SPACE',''
  ) );
#5227 = PCURVE('',#5228,#5233);
#5228 = PLANE('',#5229);
#5229 = AXIS2_PLACEMENT_3D('',#5230,#5231,#5232);
#5230 = CARTESIAN_POINT('',(15.317461444274,84.20436672111,5.4));
#5231 = DIRECTION('',(0.,0.,1.));
#5232 = DIRECTION('',(6.279051952931E-02,0.998026728428,0.));
#5233 = DEFINITIONAL_REPRESENTATION('',(#5234),#5238);
#5234 = LINE('',#5235,#5236);
#5235 = CARTESIAN_POINT('',(0.,0.));
#5236 = VECTOR('',#5237,1.);
#5237 = DIRECTION('',(0.,1.));
#5238 = ( GEOMETRIC_REPRESENTATION_CONTEXT(2) 
PARAMETRIC_REPRESENTATION_CONTEXT() REPRESENTATION_CONTEXT('2D SPACE',''
  ) );
#5239 = ADVANCED_FACE('',(#5240),#5254,.T.);
#5240 = FACE_BOUND('',#5241,.T.);
#5241 = EDGE_LOOP('',(#5242,#5272,#5295,#5318));
#5242 = ORIENTED_EDGE('',*,*,#5243,.F.);
#5243 = EDGE_CURVE('',#5244,#5246,#5248,.T.);
#5244 = VERTEX_POINT('',#5245);
#5245 = CARTESIAN_POINT('',(25.363944568964,243.88864326963,5.));
#5246 = VERTEX_POINT('',#5247);
#5247 = CARTESIAN_POINT('',(25.363944568964,243.88864326963,5.4));
#5248 = SURFACE_CURVE('',#5249,(#5253,#5265),.PCURVE_S1.);
#5249 = LINE('',#5250,#5251);
#5250 = CARTESIAN_POINT('',(25.363944568964,243.88864326963,5.));
#5251 = VECTOR('',#5252,1.);
#5252 = DIRECTION('',(0.,0.,1.));
#5253 = PCURVE('',#5254,#5259);
#5254 = PLANE('',#5255);
#5255 = AXIS2_PLACEMENT_3D('',#5256,#5257,#5258);
#5256 = CARTESIAN_POINT('',(25.363944568964,243.88864326963,5.));
#5257 = DIRECTION('',(6.279051952931E-02,0.998026728428,0.));
#5258 = DIRECTION('',(0.,0.,1.));
#5259 = DEFINITIONAL_REPRESENTATION('',(#5260),#5264);
#5260 = LINE('',#5261,#5262);
#5261 = CARTESIAN_POINT('',(0.,0.));
#5262 = VECTOR('',#5263,1.);
#5263 = DIRECTION('',(1.,0.));
#5264 = ( GEOMETRIC_REPRESENTATION_CONTEXT(2) 
PARAMETRIC_REPRESENTATION_CONTEXT() REPRESENTATION_CONTEXT('2D SPACE',''
  ) );
#5265 = PCURVE('',#5146,#5266);
#5266 = DEFINITIONAL_REPRESENTATION('',(#5267),#5271);
#5267 = LINE('',#5268,#5269);
#5268 = CARTESIAN_POINT('',(0.,160.));
#5269 = VECTOR('',#5270,1.);
#5270 = DIRECTION('',(1.,0.));
#5271 = ( GEOMETRIC_REPRESENTATION_CONTEXT(2) 
PARAMETRIC_REPRESENTATION_CONTEXT() REPRESENTATION_CONTEXT('2D SPACE',''
  ) );
#5272 = ORIENTED_EDGE('',*,*,#5273,.T.);
#5273 = EDGE_CURVE('',#5244,#5274,#5276,.T.);
#5274 = VERTEX_POINT('',#5275);
#5275 = CARTESIAN_POINT('',(5.403410000399,245.14445366022,5.));
#5276 = SURFACE_CURVE('',#5277,(#5281,#5288),.PCURVE_S1.);
#5277 = LINE('',#5278,#5279);
#5278 = CARTESIAN_POINT('',(25.363944568964,243.88864326963,5.));
#5279 = VECTOR('',#5280,1.);
#5280 = DIRECTION('',(-0.998026728428,6.279051952931E-02,0.));
#5281 = PCURVE('',#5254,#5282);
#5282 = DEFINITIONAL_REPRESENTATION('',(#5283),#5287);
#5283 = LINE('',#5284,#5285);
#5284 = CARTESIAN_POINT('',(0.,0.));
#5285 = VECTOR('',#5286,1.);
#5286 = DIRECTION('',(0.,-1.));
#5287 = ( GEOMETRIC_REPRESENTATION_CONTEXT(2) 
PARAMETRIC_REPRESENTATION_CONTEXT() REPRESENTATION_CONTEXT('2D SPACE',''
  ) );
#5288 = PCURVE('',#5174,#5289);
#5289 = DEFINITIONAL_REPRESENTATION('',(#5290),#5294);
#5290 = LINE('',#5291,#5292);
#5291 = CARTESIAN_POINT('',(160.,0.));
#5292 = VECTOR('',#5293,1.);
#5293 = DIRECTION('',(0.,1.));
#5294 = ( GEOMETRIC_REPRESENTATION_CONTEXT(2) 
PARAMETRIC_REPRESENTATION_CONTEXT() REPRESENTATION_CONTEXT('2D SPACE',''
  ) );
#5295 = ORIENTED_EDGE('',*,*,#5296,.T.);
#5296 = EDGE_CURVE('',#5274,#5297,#5299,.T.);
#5297 = VERTEX_POINT('',#5298);
#5298 = CARTESIAN_POINT('',(5.403410000399,245.14445366022,5.4));
#5299 = SURFACE_CURVE('',#5300,(#5304,#5311),.PCURVE_S1.);
#5300 = LINE('',#5301,#5302);
#5301 = CARTESIAN_POINT('',(5.403410000399,245.14445366022,5.));
#5302 = VECTOR('',#5303,1.);
#5303 = DIRECTION('',(0.,0.,1.));
#5304 = PCURVE('',#5254,#5305);
#5305 = DEFINITIONAL_REPRESENTATION('',(#5306),#5310);
#5306 = LINE('',#5307,#5308);
#5307 = CARTESIAN_POINT('',(0.,-20.));
#5308 = VECTOR('',#5309,1.);
#5309 = DIRECTION('',(1.,0.));
#5310 = ( GEOMETRIC_REPRESENTATION_CONTEXT(2) 
PARAMETRIC_REPRESENTATION_CONTEXT() REPRESENTATION_CONTEXT('2D SPACE',''
  ) );
#5311 = PCURVE('',#5202,#5312);
#5312 = DEFINITIONAL_REPRESENTATION('',(#5313),#5317);
#5313 = LINE('',#5314,#5315);
#5314 = CARTESIAN_POINT('',(0.,160.));
#5315 = VECTOR('',#5316,1.);
#5316 = DIRECTION('',(1.,0.));
#5317 = ( GEOMETRIC_REPRESENTATION_CONTEXT(2) 
PARAMETRIC_REPRESENTATION_CONTEXT() REPRESENTATION_CONTEXT('2D SPACE',''
  ) );
#5318 = ORIENTED_EDGE('',*,*,#5319,.F.);
#5319 = EDGE_CURVE('',#5246,#5297,#5320,.T.);
#5320 = SURFACE_CURVE('',#5321,(#5325,#5332),.PCURVE_S1.);
#5321 = LINE('',#5322,#5323);
#5322 = CARTESIAN_POINT('',(25.363944568964,243.88864326963,5.4));
#5323 = VECTOR('',#5324,1.);
#5324 = DIRECTION('',(-0.998026728428,6.279051952931E-02,0.));
#5325 = PCURVE('',#5254,#5326);
#5326 = DEFINITIONAL_REPRESENTATION('',(#5327),#5331);
#5327 = LINE('',#5328,#5329);
#5328 = CARTESIAN_POINT('',(0.4,0.));
#5329 = VECTOR('',#5330,1.);
#5330 = DIRECTION('',(0.,-1.));
#5331 = ( GEOMETRIC_REPRESENTATION_CONTEXT(2) 
PARAMETRIC_REPRESENTATION_CONTEXT() REPRESENTATION_CONTEXT('2D SPACE',''
  ) );
#5332 = PCURVE('',#5228,#5333);
#5333 = DEFINITIONAL_REPRESENTATION('',(#5334),#5338);
#5334 = LINE('',#5335,#5336);
#5335 = CARTESIAN_POINT('',(160.,0.));
#5336 = VECTOR('',#5337,1.);
#5337 = DIRECTION('',(0.,1.));
#5338 = ( GEOMETRIC_REPRESENTATION_CONTEXT(2) 
PARAMETRIC_REPRESENTATION_CONTEXT() REPRESENTATION_CONTEXT('2D SPACE',''
  ) );
#5339 = ADVANCED_FACE('',(#5340),#5146,.F.);
#5340 = FACE_BOUND('',#5341,.F.);
#5341 = EDGE_LOOP('',(#5342,#5363,#5364,#5385));
#5342 = ORIENTED_EDGE('',*,*,#5343,.F.);
#5343 = EDGE_CURVE('',#5124,#5244,#5344,.T.);
#5344 = SURFACE_CURVE('',#5345,(#5349,#5356),.PCURVE_S1.);
#5345 = LINE('',#5346,#5347);
#5346 = CARTESIAN_POINT('',(15.317461444274,84.20436672111,5.));
#5347 = VECTOR('',#5348,1.);
#5348 = DIRECTION('',(6.279051952931E-02,0.998026728428,0.));
#5349 = PCURVE('',#5146,#5350);
#5350 = DEFINITIONAL_REPRESENTATION('',(#5351),#5355);
#5351 = LINE('',#5352,#5353);
#5352 = CARTESIAN_POINT('',(0.,0.));
#5353 = VECTOR('',#5354,1.);
#5354 = DIRECTION('',(0.,1.));
#5355 = ( GEOMETRIC_REPRESENTATION_CONTEXT(2) 
PARAMETRIC_REPRESENTATION_CONTEXT() REPRESENTATION_CONTEXT('2D SPACE',''
  ) );
#5356 = PCURVE('',#5174,#5357);
#5357 = DEFINITIONAL_REPRESENTATION('',(#5358),#5362);
#5358 = LINE('',#5359,#5360);
#5359 = CARTESIAN_POINT('',(0.,0.));
#5360 = VECTOR('',#5361,1.);
#5361 = DIRECTION('',(1.,0.));
#5362 = ( GEOMETRIC_REPRESENTATION_CONTEXT(2) 
PARAMETRIC_REPRESENTATION_CONTEXT() REPRESENTATION_CONTEXT('2D SPACE',''
  ) );
#5363 = ORIENTED_EDGE('',*,*,#5123,.T.);
#5364 = ORIENTED_EDGE('',*,*,#5365,.T.);
#5365 = EDGE_CURVE('',#5126,#5246,#5366,.T.);
#5366 = SURFACE_CURVE('',#5367,(#5371,#5378),.PCURVE_S1.);
#5367 = LINE('',#5368,#5369);
#5368 = CARTESIAN_POINT('',(15.317461444274,84.20436672111,5.4));
#5369 = VECTOR('',#5370,1.);
#5370 = DIRECTION('',(6.279051952931E-02,0.998026728428,0.));
#5371 = PCURVE('',#5146,#5372);
#5372 = DEFINITIONAL_REPRESENTATION('',(#5373),#5377);
#5373 = LINE('',#5374,#5375);
#5374 = CARTESIAN_POINT('',(0.4,0.));
#5375 = VECTOR('',#5376,1.);
#5376 = DIRECTION('',(0.,1.));
#5377 = ( GEOMETRIC_REPRESENTATION_CONTEXT(2) 
PARAMETRIC_REPRESENTATION_CONTEXT() REPRESENTATION_CONTEXT('2D SPACE',''
  ) );
#5378 = PCURVE('',#5228,#5379);
#5379 = DEFINITIONAL_REPRESENTATION('',(#5380),#5384);
#5380 = LINE('',#5381,#5382);
#5381 = CARTESIAN_POINT('',(0.,0.));
#5382 = VECTOR('',#5383,1.);
#5383 = DIRECTION('',(1.,0.));
#5384 = ( GEOMETRIC_REPRESENTATION_CONTEXT(2) 
PARAMETRIC_REPRESENTATION_CONTEXT() REPRESENTATION_CONTEXT('2D SPACE',''
  ) );
#5385 = ORIENTED_EDGE('',*,*,#5243,.F.);
#5386 = ADVANCED_FACE('',(#5387),#5202,.T.);
#5387 = FACE_BOUND('',#5388,.T.);
#5388 = EDGE_LOOP('',(#5389,#5410,#5411,#5432));
#5389 = ORIENTED_EDGE('',*,*,#5390,.F.);
#5390 = EDGE_CURVE('',#5159,#5274,#5391,.T.);
#5391 = SURFACE_CURVE('',#5392,(#5396,#5403),.PCURVE_S1.);
#5392 = LINE('',#5393,#5394);
#5393 = CARTESIAN_POINT('',(-4.643073124291,85.460177111696,5.));
#5394 = VECTOR('',#5395,1.);
#5395 = DIRECTION('',(6.279051952931E-02,0.998026728428,0.));
#5396 = PCURVE('',#5202,#5397);
#5397 = DEFINITIONAL_REPRESENTATION('',(#5398),#5402);
#5398 = LINE('',#5399,#5400);
#5399 = CARTESIAN_POINT('',(0.,0.));
#5400 = VECTOR('',#5401,1.);
#5401 = DIRECTION('',(0.,1.));
#5402 = ( GEOMETRIC_REPRESENTATION_CONTEXT(2) 
PARAMETRIC_REPRESENTATION_CONTEXT() REPRESENTATION_CONTEXT('2D SPACE',''
  ) );
#5403 = PCURVE('',#5174,#5404);
#5404 = DEFINITIONAL_REPRESENTATION('',(#5405),#5409);
#5405 = LINE('',#5406,#5407);
#5406 = CARTESIAN_POINT('',(1.15463194561E-14,20.));
#5407 = VECTOR('',#5408,1.);
#5408 = DIRECTION('',(1.,0.));
#5409 = ( GEOMETRIC_REPRESENTATION_CONTEXT(2) 
PARAMETRIC_REPRESENTATION_CONTEXT() REPRESENTATION_CONTEXT('2D SPACE',''
  ) );
#5410 = ORIENTED_EDGE('',*,*,#5186,.T.);
#5411 = ORIENTED_EDGE('',*,*,#5412,.T.);
#5412 = EDGE_CURVE('',#5187,#5297,#5413,.T.);
#5413 = SURFACE_CURVE('',#5414,(#5418,#5425),.PCURVE_S1.);
#5414 = LINE('',#5415,#5416);
#5415 = CARTESIAN_POINT('',(-4.643073124291,85.460177111696,5.4));
#5416 = VECTOR('',#5417,1.);
#5417 = DIRECTION('',(6.279051952931E-02,0.998026728428,0.));
#5418 = PCURVE('',#5202,#5419);
#5419 = DEFINITIONAL_REPRESENTATION('',(#5420),#5424);
#5420 = LINE('',#5421,#5422);
#5421 = CARTESIAN_POINT('',(0.4,0.));
#5422 = VECTOR('',#5423,1.);
#5423 = DIRECTION('',(0.,1.));
#5424 = ( GEOMETRIC_REPRESENTATION_CONTEXT(2) 
PARAMETRIC_REPRESENTATION_CONTEXT() REPRESENTATION_CONTEXT('2D SPACE',''
  ) );
#5425 = PCURVE('',#5228,#5426);
#5426 = DEFINITIONAL_REPRESENTATION('',(#5427),#5431);
#5427 = LINE('',#5428,#5429);
#5428 = CARTESIAN_POINT('',(1.15463194561E-14,20.));
#5429 = VECTOR('',#5430,1.);
#5430 = DIRECTION('',(1.,0.));
#5431 = ( GEOMETRIC_REPRESENTATION_CONTEXT(2) 
PARAMETRIC_REPRESENTATION_CONTEXT() REPRESENTATION_CONTEXT('2D SPACE',''
  ) );
#5432 = ORIENTED_EDGE('',*,*,#5296,.F.);
#5433 = ADVANCED_FACE('',(#5434),#5174,.F.);
#5434 = FACE_BOUND('',#5435,.F.);
#5435 = EDGE_LOOP('',(#5436,#5437,#5438,#5439));
#5436 = ORIENTED_EDGE('',*,*,#5158,.F.);
#5437 = ORIENTED_EDGE('',*,*,#5343,.T.);
#5438 = ORIENTED_EDGE('',*,*,#5273,.T.);
#5439 = ORIENTED_EDGE('',*,*,#5390,.F.);
#5440 = ADVANCED_FACE('',(#5441),#5228,.T.);
#5441 = FACE_BOUND('',#5442,.T.);
#5442 = EDGE_LOOP('',(#5443,#5444,#5445,#5446));
#5443 = ORIENTED_EDGE('',*,*,#5214,.F.);
#5444 = ORIENTED_EDGE('',*,*,#5365,.T.);
#5445 = ORIENTED_EDGE('',*,*,#5319,.T.);
#5446 = ORIENTED_EDGE('',*,*,#5412,.F.);
#5447 = ( GEOMETRIC_REPRESENTATION_CONTEXT(3) 
GLOBAL_UNCERTAINTY_ASSIGNED_CONTEXT((#5451)) 
GLOBAL_UNIT_ASSIGNED_CONTEXT((#5448,#5449,#5450)) REPRESENTATION_CONTEXT
('Context #1','3D Context with UNIT and UNCERTAINTY') );
#5448 = ( LENGTH_UNIT() NAMED_UNIT(*) SI_UNIT(.MILLI.,.METRE.) );
#5449 = ( NAMED_UNIT(*) PLANE_ANGLE_UNIT() SI_UNIT($,.RADIAN.) );
#5450 = ( NAMED_UNIT(*) SI_UNIT($,.STERADIAN.) SOLID_ANGLE_UNIT() );
#5451 = UNCERTAINTY_MEASURE_WITH_UNIT(LENGTH_MEASURE(1.E-07),#5448,
  'distance_accuracy_value','confusion accuracy');
#5452 = CONTEXT_DEPENDENT_SHAPE_REPRESENTATION(#5453,#5455);
#5453 = ( REPRESENTATION_RELATIONSHIP('','',#5116,#709) 
REPRESENTATION_RELATIONSHIP_WITH_TRANSFORMATION(#5454) 
SHAPE_REPRESENTATION_RELATIONSHIP() );
#5454 = ITEM_DEFINED_TRANSFORMATION('','',#11,#758);
#5455 = PRODUCT_DEFINITION_SHAPE('Placement','Placement of an item',
  #5456);
#5456 = NEXT_ASSEMBLY_USAGE_OCCURRENCE('21','','',#704,#5111,$);
#5457 = PRODUCT_RELATED_PRODUCT_CATEGORY('part',$,(#5113));
#5458 = SHAPE_DEFINITION_REPRESENTATION(#5459,#5465);
#5459 = PRODUCT_DEFINITION_SHAPE('','',#5460);
#5460 = PRODUCT_DEFINITION('design','',#5461,#5464);
#5461 = PRODUCT_DEFINITION_FORMATION('','',#5462);
#5462 = PRODUCT('Open CASCADE STEP translator 7.9 2.2.14',
  'Open CASCADE STEP translator 7.9 2.2.14','',(#5463));
#5463 = PRODUCT_CONTEXT('',#2,'mechanical');
#5464 = PRODUCT_DEFINITION_CONTEXT('part definition',#2,'design');
#5465 = ADVANCED_BREP_SHAPE_REPRESENTATION('',(#11,#5466),#5796);
#5466 = MANIFOLD_SOLID_BREP('',#5467);
#5467 = CLOSED_SHELL('',(#5468,#5588,#5688,#5735,#5782,#5789));
#5468 = ADVANCED_FACE('',(#5469),#5483,.F.);
#5469 = FACE_BOUND('',#5470,.F.);
#5470 = EDGE_LOOP('',(#5471,#5506,#5534,#5562));
#5471 = ORIENTED_EDGE('',*,*,#5472,.F.);
#5472 = EDGE_CURVE('',#5473,#5475,#5477,.T.);
#5473 = VERTEX_POINT('',#5474);
#5474 = CARTESIAN_POINT('',(4.643073124291,85.460177111696,5.));
#5475 = VERTEX_POINT('',#5476);
#5476 = CARTESIAN_POINT('',(4.643073124291,85.460177111696,5.4));
#5477 = SURFACE_CURVE('',#5478,(#5482,#5494),.PCURVE_S1.);
#5478 = LINE('',#5479,#5480);
#5479 = CARTESIAN_POINT('',(4.643073124291,85.460177111696,5.));
#5480 = VECTOR('',#5481,1.);
#5481 = DIRECTION('',(0.,0.,1.));
#5482 = PCURVE('',#5483,#5488);
#5483 = PLANE('',#5484);
#5484 = AXIS2_PLACEMENT_3D('',#5485,#5486,#5487);
#5485 = CARTESIAN_POINT('',(4.643073124291,85.460177111696,5.));
#5486 = DIRECTION('',(-6.279051952931E-02,0.998026728428,0.));
#5487 = DIRECTION('',(0.,0.,1.));
#5488 = DEFINITIONAL_REPRESENTATION('',(#5489),#5493);
#5489 = LINE('',#5490,#5491);
#5490 = CARTESIAN_POINT('',(0.,0.));
#5491 = VECTOR('',#5492,1.);
#5492 = DIRECTION('',(1.,0.));
#5493 = ( GEOMETRIC_REPRESENTATION_CONTEXT(2) 
PARAMETRIC_REPRESENTATION_CONTEXT() REPRESENTATION_CONTEXT('2D SPACE',''
  ) );
#5494 = PCURVE('',#5495,#5500);
#5495 = PLANE('',#5496);
#5496 = AXIS2_PLACEMENT_3D('',#5497,#5498,#5499);
#5497 = CARTESIAN_POINT('',(4.643073124291,85.460177111696,5.));
#5498 = DIRECTION('',(-0.998026728428,-6.279051952931E-02,0.));
#5499 = DIRECTION('',(0.,0.,1.));
#5500 = DEFINITIONAL_REPRESENTATION('',(#5501),#5505);
#5501 = LINE('',#5502,#5503);
#5502 = CARTESIAN_POINT('',(0.,0.));
#5503 = VECTOR('',#5504,1.);
#5504 = DIRECTION('',(1.,0.));
#5505 = ( GEOMETRIC_REPRESENTATION_CONTEXT(2) 
PARAMETRIC_REPRESENTATION_CONTEXT() REPRESENTATION_CONTEXT('2D SPACE',''
  ) );
#5506 = ORIENTED_EDGE('',*,*,#5507,.T.);
#5507 = EDGE_CURVE('',#5473,#5508,#5510,.T.);
#5508 = VERTEX_POINT('',#5509);
#5509 = CARTESIAN_POINT('',(-15.31746144427,84.20436672111,5.));
#5510 = SURFACE_CURVE('',#5511,(#5515,#5522),.PCURVE_S1.);
#5511 = LINE('',#5512,#5513);
#5512 = CARTESIAN_POINT('',(4.643073124291,85.460177111696,5.));
#5513 = VECTOR('',#5514,1.);
#5514 = DIRECTION('',(-0.998026728428,-6.279051952931E-02,0.));
#5515 = PCURVE('',#5483,#5516);
#5516 = DEFINITIONAL_REPRESENTATION('',(#5517),#5521);
#5517 = LINE('',#5518,#5519);
#5518 = CARTESIAN_POINT('',(0.,0.));
#5519 = VECTOR('',#5520,1.);
#5520 = DIRECTION('',(0.,-1.));
#5521 = ( GEOMETRIC_REPRESENTATION_CONTEXT(2) 
PARAMETRIC_REPRESENTATION_CONTEXT() REPRESENTATION_CONTEXT('2D SPACE',''
  ) );
#5522 = PCURVE('',#5523,#5528);
#5523 = PLANE('',#5524);
#5524 = AXIS2_PLACEMENT_3D('',#5525,#5526,#5527);
#5525 = CARTESIAN_POINT('',(4.643073124291,85.460177111696,5.));
#5526 = DIRECTION('',(0.,0.,1.));
#5527 = DIRECTION('',(-6.279051952931E-02,0.998026728428,0.));
#5528 = DEFINITIONAL_REPRESENTATION('',(#5529),#5533);
#5529 = LINE('',#5530,#5531);
#5530 = CARTESIAN_POINT('',(0.,0.));
#5531 = VECTOR('',#5532,1.);
#5532 = DIRECTION('',(0.,1.));
#5533 = ( GEOMETRIC_REPRESENTATION_CONTEXT(2) 
PARAMETRIC_REPRESENTATION_CONTEXT() REPRESENTATION_CONTEXT('2D SPACE',''
  ) );
#5534 = ORIENTED_EDGE('',*,*,#5535,.T.);
#5535 = EDGE_CURVE('',#5508,#5536,#5538,.T.);
#5536 = VERTEX_POINT('',#5537);
#5537 = CARTESIAN_POINT('',(-15.31746144427,84.20436672111,5.4));
#5538 = SURFACE_CURVE('',#5539,(#5543,#5550),.PCURVE_S1.);
#5539 = LINE('',#5540,#5541);
#5540 = CARTESIAN_POINT('',(-15.31746144427,84.20436672111,5.));
#5541 = VECTOR('',#5542,1.);
#5542 = DIRECTION('',(0.,0.,1.));
#5543 = PCURVE('',#5483,#5544);
#5544 = DEFINITIONAL_REPRESENTATION('',(#5545),#5549);
#5545 = LINE('',#5546,#5547);
#5546 = CARTESIAN_POINT('',(0.,-20.));
#5547 = VECTOR('',#5548,1.);
#5548 = DIRECTION('',(1.,0.));
#5549 = ( GEOMETRIC_REPRESENTATION_CONTEXT(2) 
PARAMETRIC_REPRESENTATION_CONTEXT() REPRESENTATION_CONTEXT('2D SPACE',''
  ) );
#5550 = PCURVE('',#5551,#5556);
#5551 = PLANE('',#5552);
#5552 = AXIS2_PLACEMENT_3D('',#5553,#5554,#5555);
#5553 = CARTESIAN_POINT('',(-15.31746144427,84.20436672111,5.));
#5554 = DIRECTION('',(-0.998026728428,-6.279051952931E-02,0.));
#5555 = DIRECTION('',(0.,0.,1.));
#5556 = DEFINITIONAL_REPRESENTATION('',(#5557),#5561);
#5557 = LINE('',#5558,#5559);
#5558 = CARTESIAN_POINT('',(0.,0.));
#5559 = VECTOR('',#5560,1.);
#5560 = DIRECTION('',(1.,0.));
#5561 = ( GEOMETRIC_REPRESENTATION_CONTEXT(2) 
PARAMETRIC_REPRESENTATION_CONTEXT() REPRESENTATION_CONTEXT('2D SPACE',''
  ) );
#5562 = ORIENTED_EDGE('',*,*,#5563,.F.);
#5563 = EDGE_CURVE('',#5475,#5536,#5564,.T.);
#5564 = SURFACE_CURVE('',#5565,(#5569,#5576),.PCURVE_S1.);
#5565 = LINE('',#5566,#5567);
#5566 = CARTESIAN_POINT('',(4.643073124291,85.460177111696,5.4));
#5567 = VECTOR('',#5568,1.);
#5568 = DIRECTION('',(-0.998026728428,-6.279051952931E-02,0.));
#5569 = PCURVE('',#5483,#5570);
#5570 = DEFINITIONAL_REPRESENTATION('',(#5571),#5575);
#5571 = LINE('',#5572,#5573);
#5572 = CARTESIAN_POINT('',(0.4,0.));
#5573 = VECTOR('',#5574,1.);
#5574 = DIRECTION('',(0.,-1.));
#5575 = ( GEOMETRIC_REPRESENTATION_CONTEXT(2) 
PARAMETRIC_REPRESENTATION_CONTEXT() REPRESENTATION_CONTEXT('2D SPACE',''
  ) );
#5576 = PCURVE('',#5577,#5582);
#5577 = PLANE('',#5578);
#5578 = AXIS2_PLACEMENT_3D('',#5579,#5580,#5581);
#5579 = CARTESIAN_POINT('',(4.643073124291,85.460177111696,5.4));
#5580 = DIRECTION('',(0.,0.,1.));
#5581 = DIRECTION('',(-6.279051952931E-02,0.998026728428,0.));
#5582 = DEFINITIONAL_REPRESENTATION('',(#5583),#5587);
#5583 = LINE('',#5584,#5585);
#5584 = CARTESIAN_POINT('',(0.,0.));
#5585 = VECTOR('',#5586,1.);
#5586 = DIRECTION('',(0.,1.));
#5587 = ( GEOMETRIC_REPRESENTATION_CONTEXT(2) 
PARAMETRIC_REPRESENTATION_CONTEXT() REPRESENTATION_CONTEXT('2D SPACE',''
  ) );
#5588 = ADVANCED_FACE('',(#5589),#5603,.T.);
#5589 = FACE_BOUND('',#5590,.T.);
#5590 = EDGE_LOOP('',(#5591,#5621,#5644,#5667));
#5591 = ORIENTED_EDGE('',*,*,#5592,.F.);
#5592 = EDGE_CURVE('',#5593,#5595,#5597,.T.);
#5593 = VERTEX_POINT('',#5594);
#5594 = CARTESIAN_POINT('',(-5.403410000399,245.14445366022,5.));
#5595 = VERTEX_POINT('',#5596);
#5596 = CARTESIAN_POINT('',(-5.403410000399,245.14445366022,5.4));
#5597 = SURFACE_CURVE('',#5598,(#5602,#5614),.PCURVE_S1.);
#5598 = LINE('',#5599,#5600);
#5599 = CARTESIAN_POINT('',(-5.403410000399,245.14445366022,5.));
#5600 = VECTOR('',#5601,1.);
#5601 = DIRECTION('',(0.,0.,1.));
#5602 = PCURVE('',#5603,#5608);
#5603 = PLANE('',#5604);
#5604 = AXIS2_PLACEMENT_3D('',#5605,#5606,#5607);
#5605 = CARTESIAN_POINT('',(-5.403410000399,245.14445366022,5.));
#5606 = DIRECTION('',(-6.279051952931E-02,0.998026728428,0.));
#5607 = DIRECTION('',(0.,0.,1.));
#5608 = DEFINITIONAL_REPRESENTATION('',(#5609),#5613);
#5609 = LINE('',#5610,#5611);
#5610 = CARTESIAN_POINT('',(0.,0.));
#5611 = VECTOR('',#5612,1.);
#5612 = DIRECTION('',(1.,0.));
#5613 = ( GEOMETRIC_REPRESENTATION_CONTEXT(2) 
PARAMETRIC_REPRESENTATION_CONTEXT() REPRESENTATION_CONTEXT('2D SPACE',''
  ) );
#5614 = PCURVE('',#5495,#5615);
#5615 = DEFINITIONAL_REPRESENTATION('',(#5616),#5620);
#5616 = LINE('',#5617,#5618);
#5617 = CARTESIAN_POINT('',(0.,160.));
#5618 = VECTOR('',#5619,1.);
#5619 = DIRECTION('',(1.,0.));
#5620 = ( GEOMETRIC_REPRESENTATION_CONTEXT(2) 
PARAMETRIC_REPRESENTATION_CONTEXT() REPRESENTATION_CONTEXT('2D SPACE',''
  ) );
#5621 = ORIENTED_EDGE('',*,*,#5622,.T.);
#5622 = EDGE_CURVE('',#5593,#5623,#5625,.T.);
#5623 = VERTEX_POINT('',#5624);
#5624 = CARTESIAN_POINT('',(-25.36394456896,243.88864326963,5.));
#5625 = SURFACE_CURVE('',#5626,(#5630,#5637),.PCURVE_S1.);
#5626 = LINE('',#5627,#5628);
#5627 = CARTESIAN_POINT('',(-5.403410000399,245.14445366022,5.));
#5628 = VECTOR('',#5629,1.);
#5629 = DIRECTION('',(-0.998026728428,-6.279051952931E-02,0.));
#5630 = PCURVE('',#5603,#5631);
#5631 = DEFINITIONAL_REPRESENTATION('',(#5632),#5636);
#5632 = LINE('',#5633,#5634);
#5633 = CARTESIAN_POINT('',(0.,0.));
#5634 = VECTOR('',#5635,1.);
#5635 = DIRECTION('',(0.,-1.));
#5636 = ( GEOMETRIC_REPRESENTATION_CONTEXT(2) 
PARAMETRIC_REPRESENTATION_CONTEXT() REPRESENTATION_CONTEXT('2D SPACE',''
  ) );
#5637 = PCURVE('',#5523,#5638);
#5638 = DEFINITIONAL_REPRESENTATION('',(#5639),#5643);
#5639 = LINE('',#5640,#5641);
#5640 = CARTESIAN_POINT('',(160.,1.7763568394E-15));
#5641 = VECTOR('',#5642,1.);
#5642 = DIRECTION('',(0.,1.));
#5643 = ( GEOMETRIC_REPRESENTATION_CONTEXT(2) 
PARAMETRIC_REPRESENTATION_CONTEXT() REPRESENTATION_CONTEXT('2D SPACE',''
  ) );
#5644 = ORIENTED_EDGE('',*,*,#5645,.T.);
#5645 = EDGE_CURVE('',#5623,#5646,#5648,.T.);
#5646 = VERTEX_POINT('',#5647);
#5647 = CARTESIAN_POINT('',(-25.36394456896,243.88864326963,5.4));
#5648 = SURFACE_CURVE('',#5649,(#5653,#5660),.PCURVE_S1.);
#5649 = LINE('',#5650,#5651);
#5650 = CARTESIAN_POINT('',(-25.36394456896,243.88864326963,5.));
#5651 = VECTOR('',#5652,1.);
#5652 = DIRECTION('',(0.,0.,1.));
#5653 = PCURVE('',#5603,#5654);
#5654 = DEFINITIONAL_REPRESENTATION('',(#5655),#5659);
#5655 = LINE('',#5656,#5657);
#5656 = CARTESIAN_POINT('',(0.,-20.));
#5657 = VECTOR('',#5658,1.);
#5658 = DIRECTION('',(1.,0.));
#5659 = ( GEOMETRIC_REPRESENTATION_CONTEXT(2) 
PARAMETRIC_REPRESENTATION_CONTEXT() REPRESENTATION_CONTEXT('2D SPACE',''
  ) );
#5660 = PCURVE('',#5551,#5661);
#5661 = DEFINITIONAL_REPRESENTATION('',(#5662),#5666);
#5662 = LINE('',#5663,#5664);
#5663 = CARTESIAN_POINT('',(0.,160.));
#5664 = VECTOR('',#5665,1.);
#5665 = DIRECTION('',(1.,0.));
#5666 = ( GEOMETRIC_REPRESENTATION_CONTEXT(2) 
PARAMETRIC_REPRESENTATION_CONTEXT() REPRESENTATION_CONTEXT('2D SPACE',''
  ) );
#5667 = ORIENTED_EDGE('',*,*,#5668,.F.);
#5668 = EDGE_CURVE('',#5595,#5646,#5669,.T.);
#5669 = SURFACE_CURVE('',#5670,(#5674,#5681),.PCURVE_S1.);
#5670 = LINE('',#5671,#5672);
#5671 = CARTESIAN_POINT('',(-5.403410000399,245.14445366022,5.4));
#5672 = VECTOR('',#5673,1.);
#5673 = DIRECTION('',(-0.998026728428,-6.279051952931E-02,0.));
#5674 = PCURVE('',#5603,#5675);
#5675 = DEFINITIONAL_REPRESENTATION('',(#5676),#5680);
#5676 = LINE('',#5677,#5678);
#5677 = CARTESIAN_POINT('',(0.4,0.));
#5678 = VECTOR('',#5679,1.);
#5679 = DIRECTION('',(0.,-1.));
#5680 = ( GEOMETRIC_REPRESENTATION_CONTEXT(2) 
PARAMETRIC_REPRESENTATION_CONTEXT() REPRESENTATION_CONTEXT('2D SPACE',''
  ) );
#5681 = PCURVE('',#5577,#5682);
#5682 = DEFINITIONAL_REPRESENTATION('',(#5683),#5687);
#5683 = LINE('',#5684,#5685);
#5684 = CARTESIAN_POINT('',(160.,1.7763568394E-15));
#5685 = VECTOR('',#5686,1.);
#5686 = DIRECTION('',(0.,1.));
#5687 = ( GEOMETRIC_REPRESENTATION_CONTEXT(2) 
PARAMETRIC_REPRESENTATION_CONTEXT() REPRESENTATION_CONTEXT('2D SPACE',''
  ) );
#5688 = ADVANCED_FACE('',(#5689),#5495,.F.);
#5689 = FACE_BOUND('',#5690,.F.);
#5690 = EDGE_LOOP('',(#5691,#5712,#5713,#5734));
#5691 = ORIENTED_EDGE('',*,*,#5692,.F.);
#5692 = EDGE_CURVE('',#5473,#5593,#5693,.T.);
#5693 = SURFACE_CURVE('',#5694,(#5698,#5705),.PCURVE_S1.);
#5694 = LINE('',#5695,#5696);
#5695 = CARTESIAN_POINT('',(4.643073124291,85.460177111696,5.));
#5696 = VECTOR('',#5697,1.);
#5697 = DIRECTION('',(-6.279051952931E-02,0.998026728428,0.));
#5698 = PCURVE('',#5495,#5699);
#5699 = DEFINITIONAL_REPRESENTATION('',(#5700),#5704);
#5700 = LINE('',#5701,#5702);
#5701 = CARTESIAN_POINT('',(0.,0.));
#5702 = VECTOR('',#5703,1.);
#5703 = DIRECTION('',(0.,1.));
#5704 = ( GEOMETRIC_REPRESENTATION_CONTEXT(2) 
PARAMETRIC_REPRESENTATION_CONTEXT() REPRESENTATION_CONTEXT('2D SPACE',''
  ) );
#5705 = PCURVE('',#5523,#5706);
#5706 = DEFINITIONAL_REPRESENTATION('',(#5707),#5711);
#5707 = LINE('',#5708,#5709);
#5708 = CARTESIAN_POINT('',(0.,0.));
#5709 = VECTOR('',#5710,1.);
#5710 = DIRECTION('',(1.,0.));
#5711 = ( GEOMETRIC_REPRESENTATION_CONTEXT(2) 
PARAMETRIC_REPRESENTATION_CONTEXT() REPRESENTATION_CONTEXT('2D SPACE',''
  ) );
#5712 = ORIENTED_EDGE('',*,*,#5472,.T.);
#5713 = ORIENTED_EDGE('',*,*,#5714,.T.);
#5714 = EDGE_CURVE('',#5475,#5595,#5715,.T.);
#5715 = SURFACE_CURVE('',#5716,(#5720,#5727),.PCURVE_S1.);
#5716 = LINE('',#5717,#5718);
#5717 = CARTESIAN_POINT('',(4.643073124291,85.460177111696,5.4));
#5718 = VECTOR('',#5719,1.);
#5719 = DIRECTION('',(-6.279051952931E-02,0.998026728428,0.));
#5720 = PCURVE('',#5495,#5721);
#5721 = DEFINITIONAL_REPRESENTATION('',(#5722),#5726);
#5722 = LINE('',#5723,#5724);
#5723 = CARTESIAN_POINT('',(0.4,0.));
#5724 = VECTOR('',#5725,1.);
#5725 = DIRECTION('',(0.,1.));
#5726 = ( GEOMETRIC_REPRESENTATION_CONTEXT(2) 
PARAMETRIC_REPRESENTATION_CONTEXT() REPRESENTATION_CONTEXT('2D SPACE',''
  ) );
#5727 = PCURVE('',#5577,#5728);
#5728 = DEFINITIONAL_REPRESENTATION('',(#5729),#5733);
#5729 = LINE('',#5730,#5731);
#5730 = CARTESIAN_POINT('',(0.,0.));
#5731 = VECTOR('',#5732,1.);
#5732 = DIRECTION('',(1.,0.));
#5733 = ( GEOMETRIC_REPRESENTATION_CONTEXT(2) 
PARAMETRIC_REPRESENTATION_CONTEXT() REPRESENTATION_CONTEXT('2D SPACE',''
  ) );
#5734 = ORIENTED_EDGE('',*,*,#5592,.F.);
#5735 = ADVANCED_FACE('',(#5736),#5551,.T.);
#5736 = FACE_BOUND('',#5737,.T.);
#5737 = EDGE_LOOP('',(#5738,#5759,#5760,#5781));
#5738 = ORIENTED_EDGE('',*,*,#5739,.F.);
#5739 = EDGE_CURVE('',#5508,#5623,#5740,.T.);
#5740 = SURFACE_CURVE('',#5741,(#5745,#5752),.PCURVE_S1.);
#5741 = LINE('',#5742,#5743);
#5742 = CARTESIAN_POINT('',(-15.31746144427,84.20436672111,5.));
#5743 = VECTOR('',#5744,1.);
#5744 = DIRECTION('',(-6.279051952931E-02,0.998026728428,0.));
#5745 = PCURVE('',#5551,#5746);
#5746 = DEFINITIONAL_REPRESENTATION('',(#5747),#5751);
#5747 = LINE('',#5748,#5749);
#5748 = CARTESIAN_POINT('',(0.,0.));
#5749 = VECTOR('',#5750,1.);
#5750 = DIRECTION('',(0.,1.));
#5751 = ( GEOMETRIC_REPRESENTATION_CONTEXT(2) 
PARAMETRIC_REPRESENTATION_CONTEXT() REPRESENTATION_CONTEXT('2D SPACE',''
  ) );
#5752 = PCURVE('',#5523,#5753);
#5753 = DEFINITIONAL_REPRESENTATION('',(#5754),#5758);
#5754 = LINE('',#5755,#5756);
#5755 = CARTESIAN_POINT('',(-1.15463194561E-14,20.));
#5756 = VECTOR('',#5757,1.);
#5757 = DIRECTION('',(1.,0.));
#5758 = ( GEOMETRIC_REPRESENTATION_CONTEXT(2) 
PARAMETRIC_REPRESENTATION_CONTEXT() REPRESENTATION_CONTEXT('2D SPACE',''
  ) );
#5759 = ORIENTED_EDGE('',*,*,#5535,.T.);
#5760 = ORIENTED_EDGE('',*,*,#5761,.T.);
#5761 = EDGE_CURVE('',#5536,#5646,#5762,.T.);
#5762 = SURFACE_CURVE('',#5763,(#5767,#5774),.PCURVE_S1.);
#5763 = LINE('',#5764,#5765);
#5764 = CARTESIAN_POINT('',(-15.31746144427,84.20436672111,5.4));
#5765 = VECTOR('',#5766,1.);
#5766 = DIRECTION('',(-6.279051952931E-02,0.998026728428,0.));
#5767 = PCURVE('',#5551,#5768);
#5768 = DEFINITIONAL_REPRESENTATION('',(#5769),#5773);
#5769 = LINE('',#5770,#5771);
#5770 = CARTESIAN_POINT('',(0.4,0.));
#5771 = VECTOR('',#5772,1.);
#5772 = DIRECTION('',(0.,1.));
#5773 = ( GEOMETRIC_REPRESENTATION_CONTEXT(2) 
PARAMETRIC_REPRESENTATION_CONTEXT() REPRESENTATION_CONTEXT('2D SPACE',''
  ) );
#5774 = PCURVE('',#5577,#5775);
#5775 = DEFINITIONAL_REPRESENTATION('',(#5776),#5780);
#5776 = LINE('',#5777,#5778);
#5777 = CARTESIAN_POINT('',(-1.15463194561E-14,20.));
#5778 = VECTOR('',#5779,1.);
#5779 = DIRECTION('',(1.,0.));
#5780 = ( GEOMETRIC_REPRESENTATION_CONTEXT(2) 
PARAMETRIC_REPRESENTATION_CONTEXT() REPRESENTATION_CONTEXT('2D SPACE',''
  ) );
#5781 = ORIENTED_EDGE('',*,*,#5645,.F.);
#5782 = ADVANCED_FACE('',(#5783),#5523,.F.);
#5783 = FACE_BOUND('',#5784,.F.);
#5784 = EDGE_LOOP('',(#5785,#5786,#5787,#5788));
#5785 = ORIENTED_EDGE('',*,*,#5507,.F.);
#5786 = ORIENTED_EDGE('',*,*,#5692,.T.);
#5787 = ORIENTED_EDGE('',*,*,#5622,.T.);
#5788 = ORIENTED_EDGE('',*,*,#5739,.F.);
#5789 = ADVANCED_FACE('',(#5790),#5577,.T.);
#5790 = FACE_BOUND('',#5791,.T.);
#5791 = EDGE_LOOP('',(#5792,#5793,#5794,#5795));
#5792 = ORIENTED_EDGE('',*,*,#5563,.F.);
#5793 = ORIENTED_EDGE('',*,*,#5714,.T.);
#5794 = ORIENTED_EDGE('',*,*,#5668,.T.);
#5795 = ORIENTED_EDGE('',*,*,#5761,.F.);
#5796 = ( GEOMETRIC_REPRESENTATION_CONTEXT(3) 
GLOBAL_UNCERTAINTY_ASSIGNED_CONTEXT((#5800)) 
GLOBAL_UNIT_ASSIGNED_CONTEXT((#5797,#5798,#5799)) REPRESENTATION_CONTEXT
('Context #1','3D Context with UNIT and UNCERTAINTY') );
#5797 = ( LENGTH_UNIT() NAMED_UNIT(*) SI_UNIT(.MILLI.,.METRE.) );
#5798 = ( NAMED_UNIT(*) PLANE_ANGLE_UNIT() SI_UNIT($,.RADIAN.) );
#5799 = ( NAMED_UNIT(*) SI_UNIT($,.STERADIAN.) SOLID_ANGLE_UNIT() );
#5800 = UNCERTAINTY_MEASURE_WITH_UNIT(LENGTH_MEASURE(1.E-07),#5797,
  'distance_accuracy_value','confusion accuracy');
#5801 = CONTEXT_DEPENDENT_SHAPE_REPRESENTATION(#5802,#5804);
#5802 = ( REPRESENTATION_RELATIONSHIP('','',#5465,#709) 
REPRESENTATION_RELATIONSHIP_WITH_TRANSFORMATION(#5803) 
SHAPE_REPRESENTATION_RELATIONSHIP() );
#5803 = ITEM_DEFINED_TRANSFORMATION('','',#11,#762);
#5804 = PRODUCT_DEFINITION_SHAPE('Placement','Placement of an item',
  #5805);
#5805 = NEXT_ASSEMBLY_USAGE_OCCURRENCE('22','','',#704,#5460,$);
#5806 = PRODUCT_RELATED_PRODUCT_CATEGORY('part',$,(#5462));
#5807 = SHAPE_DEFINITION_REPRESENTATION(#5808,#5814);
#5808 = PRODUCT_DEFINITION_SHAPE('','',#5809);
#5809 = PRODUCT_DEFINITION('design','',#5810,#5813);
#5810 = PRODUCT_DEFINITION_FORMATION('','',#5811);
#5811 = PRODUCT('Open CASCADE STEP translator 7.9 2.2.15',
  'Open CASCADE STEP translator 7.9 2.2.15','',(#5812));
#5812 = PRODUCT_CONTEXT('',#2,'mechanical');
#5813 = PRODUCT_DEFINITION_CONTEXT('part definition',#2,'design');
#5814 = ADVANCED_BREP_SHAPE_REPRESENTATION('',(#11,#5815),#6145);
#5815 = MANIFOLD_SOLID_BREP('',#5816);
#5816 = CLOSED_SHELL('',(#5817,#5937,#6037,#6084,#6131,#6138));
#5817 = ADVANCED_FACE('',(#5818),#5832,.F.);
#5818 = FACE_BOUND('',#5819,.F.);
#5819 = EDGE_LOOP('',(#5820,#5855,#5883,#5911));
#5820 = ORIENTED_EDGE('',*,*,#5821,.F.);
#5821 = EDGE_CURVE('',#5822,#5824,#5826,.T.);
#5822 = VERTEX_POINT('',#5823);
#5823 = CARTESIAN_POINT('',(-6.1045392325,85.368229457796,5.));
#5824 = VERTEX_POINT('',#5825);
#5825 = CARTESIAN_POINT('',(-6.1045392325,85.368229457796,5.4));
#5826 = SURFACE_CURVE('',#5827,(#5831,#5843),.PCURVE_S1.);
#5827 = LINE('',#5828,#5829);
#5828 = CARTESIAN_POINT('',(-6.1045392325,85.368229457796,5.));
#5829 = VECTOR('',#5830,1.);
#5830 = DIRECTION('',(0.,0.,1.));
#5831 = PCURVE('',#5832,#5837);
#5832 = PLANE('',#5833);
#5833 = AXIS2_PLACEMENT_3D('',#5834,#5835,#5836);
#5834 = CARTESIAN_POINT('',(-6.1045392325,85.368229457796,5.));
#5835 = DIRECTION('',(-0.187381314586,0.982287250729,0.));
#5836 = DIRECTION('',(0.,0.,1.));
#5837 = DEFINITIONAL_REPRESENTATION('',(#5838),#5842);
#5838 = LINE('',#5839,#5840);
#5839 = CARTESIAN_POINT('',(0.,0.));
#5840 = VECTOR('',#5841,1.);
#5841 = DIRECTION('',(1.,0.));
#5842 = ( GEOMETRIC_REPRESENTATION_CONTEXT(2) 
PARAMETRIC_REPRESENTATION_CONTEXT() REPRESENTATION_CONTEXT('2D SPACE',''
  ) );
#5843 = PCURVE('',#5844,#5849);
#5844 = PLANE('',#5845);
#5845 = AXIS2_PLACEMENT_3D('',#5846,#5847,#5848);
#5846 = CARTESIAN_POINT('',(-6.1045392325,85.368229457796,5.));
#5847 = DIRECTION('',(-0.982287250729,-0.187381314586,0.));
#5848 = DIRECTION('',(0.,0.,1.));
#5849 = DEFINITIONAL_REPRESENTATION('',(#5850),#5854);
#5850 = LINE('',#5851,#5852);
#5851 = CARTESIAN_POINT('',(0.,0.));
#5852 = VECTOR('',#5853,1.);
#5853 = DIRECTION('',(1.,0.));
#5854 = ( GEOMETRIC_REPRESENTATION_CONTEXT(2) 
PARAMETRIC_REPRESENTATION_CONTEXT() REPRESENTATION_CONTEXT('2D SPACE',''
  ) );
#5855 = ORIENTED_EDGE('',*,*,#5856,.T.);
#5856 = EDGE_CURVE('',#5822,#5857,#5859,.T.);
#5857 = VERTEX_POINT('',#5858);
#5858 = CARTESIAN_POINT('',(-25.75028424707,81.620603166081,5.));
#5859 = SURFACE_CURVE('',#5860,(#5864,#5871),.PCURVE_S1.);
#5860 = LINE('',#5861,#5862);
#5861 = CARTESIAN_POINT('',(-6.1045392325,85.368229457796,5.));
#5862 = VECTOR('',#5863,1.);
#5863 = DIRECTION('',(-0.982287250729,-0.187381314586,0.));
#5864 = PCURVE('',#5832,#5865);
#5865 = DEFINITIONAL_REPRESENTATION('',(#5866),#5870);
#5866 = LINE('',#5867,#5868);
#5867 = CARTESIAN_POINT('',(0.,0.));
#5868 = VECTOR('',#5869,1.);
#5869 = DIRECTION('',(0.,-1.));
#5870 = ( GEOMETRIC_REPRESENTATION_CONTEXT(2) 
PARAMETRIC_REPRESENTATION_CONTEXT() REPRESENTATION_CONTEXT('2D SPACE',''
  ) );
#5871 = PCURVE('',#5872,#5877);
#5872 = PLANE('',#5873);
#5873 = AXIS2_PLACEMENT_3D('',#5874,#5875,#5876);
#5874 = CARTESIAN_POINT('',(-6.1045392325,85.368229457796,5.));
#5875 = DIRECTION('',(0.,0.,1.));
#5876 = DIRECTION('',(-0.187381314586,0.982287250729,0.));
#5877 = DEFINITIONAL_REPRESENTATION('',(#5878),#5882);
#5878 = LINE('',#5879,#5880);
#5879 = CARTESIAN_POINT('',(0.,0.));
#5880 = VECTOR('',#5881,1.);
#5881 = DIRECTION('',(0.,1.));
#5882 = ( GEOMETRIC_REPRESENTATION_CONTEXT(2) 
PARAMETRIC_REPRESENTATION_CONTEXT() REPRESENTATION_CONTEXT('2D SPACE',''
  ) );
#5883 = ORIENTED_EDGE('',*,*,#5884,.T.);
#5884 = EDGE_CURVE('',#5857,#5885,#5887,.T.);
#5885 = VERTEX_POINT('',#5886);
#5886 = CARTESIAN_POINT('',(-25.75028424707,81.620603166081,5.4));
#5887 = SURFACE_CURVE('',#5888,(#5892,#5899),.PCURVE_S1.);
#5888 = LINE('',#5889,#5890);
#5889 = CARTESIAN_POINT('',(-25.75028424707,81.620603166081,5.));
#5890 = VECTOR('',#5891,1.);
#5891 = DIRECTION('',(0.,0.,1.));
#5892 = PCURVE('',#5832,#5893);
#5893 = DEFINITIONAL_REPRESENTATION('',(#5894),#5898);
#5894 = LINE('',#5895,#5896);
#5895 = CARTESIAN_POINT('',(0.,-20.));
#5896 = VECTOR('',#5897,1.);
#5897 = DIRECTION('',(1.,0.));
#5898 = ( GEOMETRIC_REPRESENTATION_CONTEXT(2) 
PARAMETRIC_REPRESENTATION_CONTEXT() REPRESENTATION_CONTEXT('2D SPACE',''
  ) );
#5899 = PCURVE('',#5900,#5905);
#5900 = PLANE('',#5901);
#5901 = AXIS2_PLACEMENT_3D('',#5902,#5903,#5904);
#5902 = CARTESIAN_POINT('',(-25.75028424707,81.620603166081,5.));
#5903 = DIRECTION('',(-0.982287250729,-0.187381314586,0.));
#5904 = DIRECTION('',(0.,0.,1.));
#5905 = DEFINITIONAL_REPRESENTATION('',(#5906),#5910);
#5906 = LINE('',#5907,#5908);
#5907 = CARTESIAN_POINT('',(0.,0.));
#5908 = VECTOR('',#5909,1.);
#5909 = DIRECTION('',(1.,0.));
#5910 = ( GEOMETRIC_REPRESENTATION_CONTEXT(2) 
PARAMETRIC_REPRESENTATION_CONTEXT() REPRESENTATION_CONTEXT('2D SPACE',''
  ) );
#5911 = ORIENTED_EDGE('',*,*,#5912,.F.);
#5912 = EDGE_CURVE('',#5824,#5885,#5913,.T.);
#5913 = SURFACE_CURVE('',#5914,(#5918,#5925),.PCURVE_S1.);
#5914 = LINE('',#5915,#5916);
#5915 = CARTESIAN_POINT('',(-6.1045392325,85.368229457796,5.4));
#5916 = VECTOR('',#5917,1.);
#5917 = DIRECTION('',(-0.982287250729,-0.187381314586,0.));
#5918 = PCURVE('',#5832,#5919);
#5919 = DEFINITIONAL_REPRESENTATION('',(#5920),#5924);
#5920 = LINE('',#5921,#5922);
#5921 = CARTESIAN_POINT('',(0.4,0.));
#5922 = VECTOR('',#5923,1.);
#5923 = DIRECTION('',(0.,-1.));
#5924 = ( GEOMETRIC_REPRESENTATION_CONTEXT(2) 
PARAMETRIC_REPRESENTATION_CONTEXT() REPRESENTATION_CONTEXT('2D SPACE',''
  ) );
#5925 = PCURVE('',#5926,#5931);
#5926 = PLANE('',#5927);
#5927 = AXIS2_PLACEMENT_3D('',#5928,#5929,#5930);
#5928 = CARTESIAN_POINT('',(-6.1045392325,85.368229457796,5.4));
#5929 = DIRECTION('',(0.,0.,1.));
#5930 = DIRECTION('',(-0.187381314586,0.982287250729,0.));
#5931 = DEFINITIONAL_REPRESENTATION('',(#5932),#5936);
#5932 = LINE('',#5933,#5934);
#5933 = CARTESIAN_POINT('',(0.,0.));
#5934 = VECTOR('',#5935,1.);
#5935 = DIRECTION('',(0.,1.));
#5936 = ( GEOMETRIC_REPRESENTATION_CONTEXT(2) 
PARAMETRIC_REPRESENTATION_CONTEXT() REPRESENTATION_CONTEXT('2D SPACE',''
  ) );
#5937 = ADVANCED_FACE('',(#5938),#5952,.T.);
#5938 = FACE_BOUND('',#5939,.T.);
#5939 = EDGE_LOOP('',(#5940,#5970,#5993,#6016));
#5940 = ORIENTED_EDGE('',*,*,#5941,.F.);
#5941 = EDGE_CURVE('',#5942,#5944,#5946,.T.);
#5942 = VERTEX_POINT('',#5943);
#5943 = CARTESIAN_POINT('',(-36.08554956621,242.53418957438,5.));
#5944 = VERTEX_POINT('',#5945);
#5945 = CARTESIAN_POINT('',(-36.08554956621,242.53418957438,5.4));
#5946 = SURFACE_CURVE('',#5947,(#5951,#5963),.PCURVE_S1.);
#5947 = LINE('',#5948,#5949);
#5948 = CARTESIAN_POINT('',(-36.08554956621,242.53418957438,5.));
#5949 = VECTOR('',#5950,1.);
#5950 = DIRECTION('',(0.,0.,1.));
#5951 = PCURVE('',#5952,#5957);
#5952 = PLANE('',#5953);
#5953 = AXIS2_PLACEMENT_3D('',#5954,#5955,#5956);
#5954 = CARTESIAN_POINT('',(-36.08554956621,242.53418957438,5.));
#5955 = DIRECTION('',(-0.187381314586,0.982287250729,0.));
#5956 = DIRECTION('',(0.,0.,1.));
#5957 = DEFINITIONAL_REPRESENTATION('',(#5958),#5962);
#5958 = LINE('',#5959,#5960);
#5959 = CARTESIAN_POINT('',(0.,0.));
#5960 = VECTOR('',#5961,1.);
#5961 = DIRECTION('',(1.,0.));
#5962 = ( GEOMETRIC_REPRESENTATION_CONTEXT(2) 
PARAMETRIC_REPRESENTATION_CONTEXT() REPRESENTATION_CONTEXT('2D SPACE',''
  ) );
#5963 = PCURVE('',#5844,#5964);
#5964 = DEFINITIONAL_REPRESENTATION('',(#5965),#5969);
#5965 = LINE('',#5966,#5967);
#5966 = CARTESIAN_POINT('',(0.,160.));
#5967 = VECTOR('',#5968,1.);
#5968 = DIRECTION('',(1.,0.));
#5969 = ( GEOMETRIC_REPRESENTATION_CONTEXT(2) 
PARAMETRIC_REPRESENTATION_CONTEXT() REPRESENTATION_CONTEXT('2D SPACE',''
  ) );
#5970 = ORIENTED_EDGE('',*,*,#5971,.T.);
#5971 = EDGE_CURVE('',#5942,#5972,#5974,.T.);
#5972 = VERTEX_POINT('',#5973);
#5973 = CARTESIAN_POINT('',(-55.73129458078,238.78656328267,5.));
#5974 = SURFACE_CURVE('',#5975,(#5979,#5986),.PCURVE_S1.);
#5975 = LINE('',#5976,#5977);
#5976 = CARTESIAN_POINT('',(-36.08554956621,242.53418957438,5.));
#5977 = VECTOR('',#5978,1.);
#5978 = DIRECTION('',(-0.982287250729,-0.187381314586,0.));
#5979 = PCURVE('',#5952,#5980);
#5980 = DEFINITIONAL_REPRESENTATION('',(#5981),#5985);
#5981 = LINE('',#5982,#5983);
#5982 = CARTESIAN_POINT('',(0.,0.));
#5983 = VECTOR('',#5984,1.);
#5984 = DIRECTION('',(0.,-1.));
#5985 = ( GEOMETRIC_REPRESENTATION_CONTEXT(2) 
PARAMETRIC_REPRESENTATION_CONTEXT() REPRESENTATION_CONTEXT('2D SPACE',''
  ) );
#5986 = PCURVE('',#5872,#5987);
#5987 = DEFINITIONAL_REPRESENTATION('',(#5988),#5992);
#5988 = LINE('',#5989,#5990);
#5989 = CARTESIAN_POINT('',(160.,-3.552713678801E-15));
#5990 = VECTOR('',#5991,1.);
#5991 = DIRECTION('',(0.,1.));
#5992 = ( GEOMETRIC_REPRESENTATION_CONTEXT(2) 
PARAMETRIC_REPRESENTATION_CONTEXT() REPRESENTATION_CONTEXT('2D SPACE',''
  ) );
#5993 = ORIENTED_EDGE('',*,*,#5994,.T.);
#5994 = EDGE_CURVE('',#5972,#5995,#5997,.T.);
#5995 = VERTEX_POINT('',#5996);
#5996 = CARTESIAN_POINT('',(-55.73129458078,238.78656328267,5.4));
#5997 = SURFACE_CURVE('',#5998,(#6002,#6009),.PCURVE_S1.);
#5998 = LINE('',#5999,#6000);
#5999 = CARTESIAN_POINT('',(-55.73129458078,238.78656328267,5.));
#6000 = VECTOR('',#6001,1.);
#6001 = DIRECTION('',(0.,0.,1.));
#6002 = PCURVE('',#5952,#6003);
#6003 = DEFINITIONAL_REPRESENTATION('',(#6004),#6008);
#6004 = LINE('',#6005,#6006);
#6005 = CARTESIAN_POINT('',(0.,-20.));
#6006 = VECTOR('',#6007,1.);
#6007 = DIRECTION('',(1.,0.));
#6008 = ( GEOMETRIC_REPRESENTATION_CONTEXT(2) 
PARAMETRIC_REPRESENTATION_CONTEXT() REPRESENTATION_CONTEXT('2D SPACE',''
  ) );
#6009 = PCURVE('',#5900,#6010);
#6010 = DEFINITIONAL_REPRESENTATION('',(#6011),#6015);
#6011 = LINE('',#6012,#6013);
#6012 = CARTESIAN_POINT('',(0.,160.));
#6013 = VECTOR('',#6014,1.);
#6014 = DIRECTION('',(1.,0.));
#6015 = ( GEOMETRIC_REPRESENTATION_CONTEXT(2) 
PARAMETRIC_REPRESENTATION_CONTEXT() REPRESENTATION_CONTEXT('2D SPACE',''
  ) );
#6016 = ORIENTED_EDGE('',*,*,#6017,.F.);
#6017 = EDGE_CURVE('',#5944,#5995,#6018,.T.);
#6018 = SURFACE_CURVE('',#6019,(#6023,#6030),.PCURVE_S1.);
#6019 = LINE('',#6020,#6021);
#6020 = CARTESIAN_POINT('',(-36.08554956621,242.53418957438,5.4));
#6021 = VECTOR('',#6022,1.);
#6022 = DIRECTION('',(-0.982287250729,-0.187381314586,0.));
#6023 = PCURVE('',#5952,#6024);
#6024 = DEFINITIONAL_REPRESENTATION('',(#6025),#6029);
#6025 = LINE('',#6026,#6027);
#6026 = CARTESIAN_POINT('',(0.4,0.));
#6027 = VECTOR('',#6028,1.);
#6028 = DIRECTION('',(0.,-1.));
#6029 = ( GEOMETRIC_REPRESENTATION_CONTEXT(2) 
PARAMETRIC_REPRESENTATION_CONTEXT() REPRESENTATION_CONTEXT('2D SPACE',''
  ) );
#6030 = PCURVE('',#5926,#6031);
#6031 = DEFINITIONAL_REPRESENTATION('',(#6032),#6036);
#6032 = LINE('',#6033,#6034);
#6033 = CARTESIAN_POINT('',(160.,-3.552713678801E-15));
#6034 = VECTOR('',#6035,1.);
#6035 = DIRECTION('',(0.,1.));
#6036 = ( GEOMETRIC_REPRESENTATION_CONTEXT(2) 
PARAMETRIC_REPRESENTATION_CONTEXT() REPRESENTATION_CONTEXT('2D SPACE',''
  ) );
#6037 = ADVANCED_FACE('',(#6038),#5844,.F.);
#6038 = FACE_BOUND('',#6039,.F.);
#6039 = EDGE_LOOP('',(#6040,#6061,#6062,#6083));
#6040 = ORIENTED_EDGE('',*,*,#6041,.F.);
#6041 = EDGE_CURVE('',#5822,#5942,#6042,.T.);
#6042 = SURFACE_CURVE('',#6043,(#6047,#6054),.PCURVE_S1.);
#6043 = LINE('',#6044,#6045);
#6044 = CARTESIAN_POINT('',(-6.1045392325,85.368229457796,5.));
#6045 = VECTOR('',#6046,1.);
#6046 = DIRECTION('',(-0.187381314586,0.982287250729,0.));
#6047 = PCURVE('',#5844,#6048);
#6048 = DEFINITIONAL_REPRESENTATION('',(#6049),#6053);
#6049 = LINE('',#6050,#6051);
#6050 = CARTESIAN_POINT('',(0.,0.));
#6051 = VECTOR('',#6052,1.);
#6052 = DIRECTION('',(0.,1.));
#6053 = ( GEOMETRIC_REPRESENTATION_CONTEXT(2) 
PARAMETRIC_REPRESENTATION_CONTEXT() REPRESENTATION_CONTEXT('2D SPACE',''
  ) );
#6054 = PCURVE('',#5872,#6055);
#6055 = DEFINITIONAL_REPRESENTATION('',(#6056),#6060);
#6056 = LINE('',#6057,#6058);
#6057 = CARTESIAN_POINT('',(0.,0.));
#6058 = VECTOR('',#6059,1.);
#6059 = DIRECTION('',(1.,0.));
#6060 = ( GEOMETRIC_REPRESENTATION_CONTEXT(2) 
PARAMETRIC_REPRESENTATION_CONTEXT() REPRESENTATION_CONTEXT('2D SPACE',''
  ) );
#6061 = ORIENTED_EDGE('',*,*,#5821,.T.);
#6062 = ORIENTED_EDGE('',*,*,#6063,.T.);
#6063 = EDGE_CURVE('',#5824,#5944,#6064,.T.);
#6064 = SURFACE_CURVE('',#6065,(#6069,#6076),.PCURVE_S1.);
#6065 = LINE('',#6066,#6067);
#6066 = CARTESIAN_POINT('',(-6.1045392325,85.368229457796,5.4));
#6067 = VECTOR('',#6068,1.);
#6068 = DIRECTION('',(-0.187381314586,0.982287250729,0.));
#6069 = PCURVE('',#5844,#6070);
#6070 = DEFINITIONAL_REPRESENTATION('',(#6071),#6075);
#6071 = LINE('',#6072,#6073);
#6072 = CARTESIAN_POINT('',(0.4,0.));
#6073 = VECTOR('',#6074,1.);
#6074 = DIRECTION('',(0.,1.));
#6075 = ( GEOMETRIC_REPRESENTATION_CONTEXT(2) 
PARAMETRIC_REPRESENTATION_CONTEXT() REPRESENTATION_CONTEXT('2D SPACE',''
  ) );
#6076 = PCURVE('',#5926,#6077);
#6077 = DEFINITIONAL_REPRESENTATION('',(#6078),#6082);
#6078 = LINE('',#6079,#6080);
#6079 = CARTESIAN_POINT('',(0.,0.));
#6080 = VECTOR('',#6081,1.);
#6081 = DIRECTION('',(1.,0.));
#6082 = ( GEOMETRIC_REPRESENTATION_CONTEXT(2) 
PARAMETRIC_REPRESENTATION_CONTEXT() REPRESENTATION_CONTEXT('2D SPACE',''
  ) );
#6083 = ORIENTED_EDGE('',*,*,#5941,.F.);
#6084 = ADVANCED_FACE('',(#6085),#5900,.T.);
#6085 = FACE_BOUND('',#6086,.T.);
#6086 = EDGE_LOOP('',(#6087,#6108,#6109,#6130));
#6087 = ORIENTED_EDGE('',*,*,#6088,.F.);
#6088 = EDGE_CURVE('',#5857,#5972,#6089,.T.);
#6089 = SURFACE_CURVE('',#6090,(#6094,#6101),.PCURVE_S1.);
#6090 = LINE('',#6091,#6092);
#6091 = CARTESIAN_POINT('',(-25.75028424707,81.620603166081,5.));
#6092 = VECTOR('',#6093,1.);
#6093 = DIRECTION('',(-0.187381314586,0.982287250729,0.));
#6094 = PCURVE('',#5900,#6095);
#6095 = DEFINITIONAL_REPRESENTATION('',(#6096),#6100);
#6096 = LINE('',#6097,#6098);
#6097 = CARTESIAN_POINT('',(0.,0.));
#6098 = VECTOR('',#6099,1.);
#6099 = DIRECTION('',(0.,1.));
#6100 = ( GEOMETRIC_REPRESENTATION_CONTEXT(2) 
PARAMETRIC_REPRESENTATION_CONTEXT() REPRESENTATION_CONTEXT('2D SPACE',''
  ) );
#6101 = PCURVE('',#5872,#6102);
#6102 = DEFINITIONAL_REPRESENTATION('',(#6103),#6107);
#6103 = LINE('',#6104,#6105);
#6104 = CARTESIAN_POINT('',(9.325873406851E-15,20.));
#6105 = VECTOR('',#6106,1.);
#6106 = DIRECTION('',(1.,0.));
#6107 = ( GEOMETRIC_REPRESENTATION_CONTEXT(2) 
PARAMETRIC_REPRESENTATION_CONTEXT() REPRESENTATION_CONTEXT('2D SPACE',''
  ) );
#6108 = ORIENTED_EDGE('',*,*,#5884,.T.);
#6109 = ORIENTED_EDGE('',*,*,#6110,.T.);
#6110 = EDGE_CURVE('',#5885,#5995,#6111,.T.);
#6111 = SURFACE_CURVE('',#6112,(#6116,#6123),.PCURVE_S1.);
#6112 = LINE('',#6113,#6114);
#6113 = CARTESIAN_POINT('',(-25.75028424707,81.620603166081,5.4));
#6114 = VECTOR('',#6115,1.);
#6115 = DIRECTION('',(-0.187381314586,0.982287250729,0.));
#6116 = PCURVE('',#5900,#6117);
#6117 = DEFINITIONAL_REPRESENTATION('',(#6118),#6122);
#6118 = LINE('',#6119,#6120);
#6119 = CARTESIAN_POINT('',(0.4,0.));
#6120 = VECTOR('',#6121,1.);
#6121 = DIRECTION('',(0.,1.));
#6122 = ( GEOMETRIC_REPRESENTATION_CONTEXT(2) 
PARAMETRIC_REPRESENTATION_CONTEXT() REPRESENTATION_CONTEXT('2D SPACE',''
  ) );
#6123 = PCURVE('',#5926,#6124);
#6124 = DEFINITIONAL_REPRESENTATION('',(#6125),#6129);
#6125 = LINE('',#6126,#6127);
#6126 = CARTESIAN_POINT('',(9.325873406851E-15,20.));
#6127 = VECTOR('',#6128,1.);
#6128 = DIRECTION('',(1.,0.));
#6129 = ( GEOMETRIC_REPRESENTATION_CONTEXT(2) 
PARAMETRIC_REPRESENTATION_CONTEXT() REPRESENTATION_CONTEXT('2D SPACE',''
  ) );
#6130 = ORIENTED_EDGE('',*,*,#5994,.F.);
#6131 = ADVANCED_FACE('',(#6132),#5872,.F.);
#6132 = FACE_BOUND('',#6133,.F.);
#6133 = EDGE_LOOP('',(#6134,#6135,#6136,#6137));
#6134 = ORIENTED_EDGE('',*,*,#5856,.F.);
#6135 = ORIENTED_EDGE('',*,*,#6041,.T.);
#6136 = ORIENTED_EDGE('',*,*,#5971,.T.);
#6137 = ORIENTED_EDGE('',*,*,#6088,.F.);
#6138 = ADVANCED_FACE('',(#6139),#5926,.T.);
#6139 = FACE_BOUND('',#6140,.T.);
#6140 = EDGE_LOOP('',(#6141,#6142,#6143,#6144));
#6141 = ORIENTED_EDGE('',*,*,#5912,.F.);
#6142 = ORIENTED_EDGE('',*,*,#6063,.T.);
#6143 = ORIENTED_EDGE('',*,*,#6017,.T.);
#6144 = ORIENTED_EDGE('',*,*,#6110,.F.);
#6145 = ( GEOMETRIC_REPRESENTATION_CONTEXT(3) 
GLOBAL_UNCERTAINTY_ASSIGNED_CONTEXT((#6149)) 
GLOBAL_UNIT_ASSIGNED_CONTEXT((#6146,#6147,#6148)) REPRESENTATION_CONTEXT
('Context #1','3D Context with UNIT and UNCERTAINTY') );
#6146 = ( LENGTH_UNIT() NAMED_UNIT(*) SI_UNIT(.MILLI.,.METRE.) );
#6147 = ( NAMED_UNIT(*) PLANE_ANGLE_UNIT() SI_UNIT($,.RADIAN.) );
#6148 = ( NAMED_UNIT(*) SI_UNIT($,.STERADIAN.) SOLID_ANGLE_UNIT() );
#6149 = UNCERTAINTY_MEASURE_WITH_UNIT(LENGTH_MEASURE(1.E-07),#6146,
  'distance_accuracy_value','confusion accuracy');
#6150 = CONTEXT_DEPENDENT_SHAPE_REPRESENTATION(#6151,#6153);
#6151 = ( REPRESENTATION_RELATIONSHIP('','',#5814,#709) 
REPRESENTATION_RELATIONSHIP_WITH_TRANSFORMATION(#6152) 
SHAPE_REPRESENTATION_RELATIONSHIP() );
#6152 = ITEM_DEFINED_TRANSFORMATION('','',#11,#766);
#6153 = PRODUCT_DEFINITION_SHAPE('Placement','Placement of an item',
  #6154);
#6154 = NEXT_ASSEMBLY_USAGE_OCCURRENCE('23','','',#704,#5809,$);
#6155 = PRODUCT_RELATED_PRODUCT_CATEGORY('part',$,(#5811));
#6156 = SHAPE_DEFINITION_REPRESENTATION(#6157,#6163);
#6157 = PRODUCT_DEFINITION_SHAPE('','',#6158);
#6158 = PRODUCT_DEFINITION('design','',#6159,#6162);
#6159 = PRODUCT_DEFINITION_FORMATION('','',#6160);
#6160 = PRODUCT('Open CASCADE STEP translator 7.9 2.2.16',
  'Open CASCADE STEP translator 7.9 2.2.16','',(#6161));
#6161 = PRODUCT_CONTEXT('',#2,'mechanical');
#6162 = PRODUCT_DEFINITION_CONTEXT('part definition',#2,'design');
#6163 = ADVANCED_BREP_SHAPE_REPRESENTATION('',(#11,#6164),#6494);
#6164 = MANIFOLD_SOLID_BREP('',#6165);
#6165 = CLOSED_SHELL('',(#6166,#6286,#6386,#6433,#6480,#6487));
#6166 = ADVANCED_FACE('',(#6167),#6181,.F.);
#6167 = FACE_BOUND('',#6168,.F.);
#6168 = EDGE_LOOP('',(#6169,#6204,#6232,#6260));
#6169 = ORIENTED_EDGE('',*,*,#6170,.F.);
#6170 = EDGE_CURVE('',#6171,#6173,#6175,.T.);
#6171 = VERTEX_POINT('',#6172);
#6172 = CARTESIAN_POINT('',(-16.75587935891,83.929973828838,5.));
#6173 = VERTEX_POINT('',#6174);
#6174 = CARTESIAN_POINT('',(-16.75587935891,83.929973828838,5.4));
#6175 = SURFACE_CURVE('',#6176,(#6180,#6192),.PCURVE_S1.);
#6176 = LINE('',#6177,#6178);
#6177 = CARTESIAN_POINT('',(-16.75587935891,83.929973828838,5.));
#6178 = VECTOR('',#6179,1.);
#6179 = DIRECTION('',(0.,0.,1.));
#6180 = PCURVE('',#6181,#6186);
#6181 = PLANE('',#6182);
#6182 = AXIS2_PLACEMENT_3D('',#6183,#6184,#6185);
#6183 = CARTESIAN_POINT('',(-16.75587935891,83.929973828838,5.));
#6184 = DIRECTION('',(-0.309016994375,0.951056516295,0.));
#6185 = DIRECTION('',(0.,0.,1.));
#6186 = DEFINITIONAL_REPRESENTATION('',(#6187),#6191);
#6187 = LINE('',#6188,#6189);
#6188 = CARTESIAN_POINT('',(0.,0.));
#6189 = VECTOR('',#6190,1.);
#6190 = DIRECTION('',(1.,0.));
#6191 = ( GEOMETRIC_REPRESENTATION_CONTEXT(2) 
PARAMETRIC_REPRESENTATION_CONTEXT() REPRESENTATION_CONTEXT('2D SPACE',''
  ) );
#6192 = PCURVE('',#6193,#6198);
#6193 = PLANE('',#6194);
#6194 = AXIS2_PLACEMENT_3D('',#6195,#6196,#6197);
#6195 = CARTESIAN_POINT('',(-16.75587935891,83.929973828838,5.));
#6196 = DIRECTION('',(-0.951056516295,-0.309016994375,0.));
#6197 = DIRECTION('',(0.,0.,1.));
#6198 = DEFINITIONAL_REPRESENTATION('',(#6199),#6203);
#6199 = LINE('',#6200,#6201);
#6200 = CARTESIAN_POINT('',(0.,0.));
#6201 = VECTOR('',#6202,1.);
#6202 = DIRECTION('',(1.,0.));
#6203 = ( GEOMETRIC_REPRESENTATION_CONTEXT(2) 
PARAMETRIC_REPRESENTATION_CONTEXT() REPRESENTATION_CONTEXT('2D SPACE',''
  ) );
#6204 = ORIENTED_EDGE('',*,*,#6205,.T.);
#6205 = EDGE_CURVE('',#6171,#6206,#6208,.T.);
#6206 = VERTEX_POINT('',#6207);
#6207 = CARTESIAN_POINT('',(-35.77700968482,77.749633941339,5.));
#6208 = SURFACE_CURVE('',#6209,(#6213,#6220),.PCURVE_S1.);
#6209 = LINE('',#6210,#6211);
#6210 = CARTESIAN_POINT('',(-16.75587935891,83.929973828838,5.));
#6211 = VECTOR('',#6212,1.);
#6212 = DIRECTION('',(-0.951056516295,-0.309016994375,0.));
#6213 = PCURVE('',#6181,#6214);
#6214 = DEFINITIONAL_REPRESENTATION('',(#6215),#6219);
#6215 = LINE('',#6216,#6217);
#6216 = CARTESIAN_POINT('',(0.,0.));
#6217 = VECTOR('',#6218,1.);
#6218 = DIRECTION('',(0.,-1.));
#6219 = ( GEOMETRIC_REPRESENTATION_CONTEXT(2) 
PARAMETRIC_REPRESENTATION_CONTEXT() REPRESENTATION_CONTEXT('2D SPACE',''
  ) );
#6220 = PCURVE('',#6221,#6226);
#6221 = PLANE('',#6222);
#6222 = AXIS2_PLACEMENT_3D('',#6223,#6224,#6225);
#6223 = CARTESIAN_POINT('',(-16.75587935891,83.929973828838,5.));
#6224 = DIRECTION('',(0.,0.,1.));
#6225 = DIRECTION('',(-0.309016994375,0.951056516295,0.));
#6226 = DEFINITIONAL_REPRESENTATION('',(#6227),#6231);
#6227 = LINE('',#6228,#6229);
#6228 = CARTESIAN_POINT('',(0.,0.));
#6229 = VECTOR('',#6230,1.);
#6230 = DIRECTION('',(0.,1.));
#6231 = ( GEOMETRIC_REPRESENTATION_CONTEXT(2) 
PARAMETRIC_REPRESENTATION_CONTEXT() REPRESENTATION_CONTEXT('2D SPACE',''
  ) );
#6232 = ORIENTED_EDGE('',*,*,#6233,.T.);
#6233 = EDGE_CURVE('',#6206,#6234,#6236,.T.);
#6234 = VERTEX_POINT('',#6235);
#6235 = CARTESIAN_POINT('',(-35.77700968482,77.749633941339,5.4));
#6236 = SURFACE_CURVE('',#6237,(#6241,#6248),.PCURVE_S1.);
#6237 = LINE('',#6238,#6239);
#6238 = CARTESIAN_POINT('',(-35.77700968482,77.749633941339,5.));
#6239 = VECTOR('',#6240,1.);
#6240 = DIRECTION('',(0.,0.,1.));
#6241 = PCURVE('',#6181,#6242);
#6242 = DEFINITIONAL_REPRESENTATION('',(#6243),#6247);
#6243 = LINE('',#6244,#6245);
#6244 = CARTESIAN_POINT('',(0.,-20.));
#6245 = VECTOR('',#6246,1.);
#6246 = DIRECTION('',(1.,0.));
#6247 = ( GEOMETRIC_REPRESENTATION_CONTEXT(2) 
PARAMETRIC_REPRESENTATION_CONTEXT() REPRESENTATION_CONTEXT('2D SPACE',''
  ) );
#6248 = PCURVE('',#6249,#6254);
#6249 = PLANE('',#6250);
#6250 = AXIS2_PLACEMENT_3D('',#6251,#6252,#6253);
#6251 = CARTESIAN_POINT('',(-35.77700968482,77.749633941339,5.));
#6252 = DIRECTION('',(-0.951056516295,-0.309016994375,0.));
#6253 = DIRECTION('',(0.,0.,1.));
#6254 = DEFINITIONAL_REPRESENTATION('',(#6255),#6259);
#6255 = LINE('',#6256,#6257);
#6256 = CARTESIAN_POINT('',(0.,0.));
#6257 = VECTOR('',#6258,1.);
#6258 = DIRECTION('',(1.,0.));
#6259 = ( GEOMETRIC_REPRESENTATION_CONTEXT(2) 
PARAMETRIC_REPRESENTATION_CONTEXT() REPRESENTATION_CONTEXT('2D SPACE',''
  ) );
#6260 = ORIENTED_EDGE('',*,*,#6261,.F.);
#6261 = EDGE_CURVE('',#6173,#6234,#6262,.T.);
#6262 = SURFACE_CURVE('',#6263,(#6267,#6274),.PCURVE_S1.);
#6263 = LINE('',#6264,#6265);
#6264 = CARTESIAN_POINT('',(-16.75587935891,83.929973828838,5.4));
#6265 = VECTOR('',#6266,1.);
#6266 = DIRECTION('',(-0.951056516295,-0.309016994375,0.));
#6267 = PCURVE('',#6181,#6268);
#6268 = DEFINITIONAL_REPRESENTATION('',(#6269),#6273);
#6269 = LINE('',#6270,#6271);
#6270 = CARTESIAN_POINT('',(0.4,0.));
#6271 = VECTOR('',#6272,1.);
#6272 = DIRECTION('',(0.,-1.));
#6273 = ( GEOMETRIC_REPRESENTATION_CONTEXT(2) 
PARAMETRIC_REPRESENTATION_CONTEXT() REPRESENTATION_CONTEXT('2D SPACE',''
  ) );
#6274 = PCURVE('',#6275,#6280);
#6275 = PLANE('',#6276);
#6276 = AXIS2_PLACEMENT_3D('',#6277,#6278,#6279);
#6277 = CARTESIAN_POINT('',(-16.75587935891,83.929973828838,5.4));
#6278 = DIRECTION('',(0.,0.,1.));
#6279 = DIRECTION('',(-0.309016994375,0.951056516295,0.));
#6280 = DEFINITIONAL_REPRESENTATION('',(#6281),#6285);
#6281 = LINE('',#6282,#6283);
#6282 = CARTESIAN_POINT('',(0.,0.));
#6283 = VECTOR('',#6284,1.);
#6284 = DIRECTION('',(0.,1.));
#6285 = ( GEOMETRIC_REPRESENTATION_CONTEXT(2) 
PARAMETRIC_REPRESENTATION_CONTEXT() REPRESENTATION_CONTEXT('2D SPACE',''
  ) );
#6286 = ADVANCED_FACE('',(#6287),#6301,.T.);
#6287 = FACE_BOUND('',#6288,.T.);
#6288 = EDGE_LOOP('',(#6289,#6319,#6342,#6365));
#6289 = ORIENTED_EDGE('',*,*,#6290,.F.);
#6290 = EDGE_CURVE('',#6291,#6293,#6295,.T.);
#6291 = VERTEX_POINT('',#6292);
#6292 = CARTESIAN_POINT('',(-66.19859845891,236.09901643606,5.));
#6293 = VERTEX_POINT('',#6294);
#6294 = CARTESIAN_POINT('',(-66.19859845891,236.09901643606,5.4));
#6295 = SURFACE_CURVE('',#6296,(#6300,#6312),.PCURVE_S1.);
#6296 = LINE('',#6297,#6298);
#6297 = CARTESIAN_POINT('',(-66.19859845891,236.09901643606,5.));
#6298 = VECTOR('',#6299,1.);
#6299 = DIRECTION('',(0.,0.,1.));
#6300 = PCURVE('',#6301,#6306);
#6301 = PLANE('',#6302);
#6302 = AXIS2_PLACEMENT_3D('',#6303,#6304,#6305);
#6303 = CARTESIAN_POINT('',(-66.19859845891,236.09901643606,5.));
#6304 = DIRECTION('',(-0.309016994375,0.951056516295,0.));
#6305 = DIRECTION('',(0.,0.,1.));
#6306 = DEFINITIONAL_REPRESENTATION('',(#6307),#6311);
#6307 = LINE('',#6308,#6309);
#6308 = CARTESIAN_POINT('',(0.,0.));
#6309 = VECTOR('',#6310,1.);
#6310 = DIRECTION('',(1.,0.));
#6311 = ( GEOMETRIC_REPRESENTATION_CONTEXT(2) 
PARAMETRIC_REPRESENTATION_CONTEXT() REPRESENTATION_CONTEXT('2D SPACE',''
  ) );
#6312 = PCURVE('',#6193,#6313);
#6313 = DEFINITIONAL_REPRESENTATION('',(#6314),#6318);
#6314 = LINE('',#6315,#6316);
#6315 = CARTESIAN_POINT('',(0.,160.));
#6316 = VECTOR('',#6317,1.);
#6317 = DIRECTION('',(1.,0.));
#6318 = ( GEOMETRIC_REPRESENTATION_CONTEXT(2) 
PARAMETRIC_REPRESENTATION_CONTEXT() REPRESENTATION_CONTEXT('2D SPACE',''
  ) );
#6319 = ORIENTED_EDGE('',*,*,#6320,.T.);
#6320 = EDGE_CURVE('',#6291,#6321,#6323,.T.);
#6321 = VERTEX_POINT('',#6322);
#6322 = CARTESIAN_POINT('',(-85.21972878481,229.91867654856,5.));
#6323 = SURFACE_CURVE('',#6324,(#6328,#6335),.PCURVE_S1.);
#6324 = LINE('',#6325,#6326);
#6325 = CARTESIAN_POINT('',(-66.19859845891,236.09901643606,5.));
#6326 = VECTOR('',#6327,1.);
#6327 = DIRECTION('',(-0.951056516295,-0.309016994375,0.));
#6328 = PCURVE('',#6301,#6329);
#6329 = DEFINITIONAL_REPRESENTATION('',(#6330),#6334);
#6330 = LINE('',#6331,#6332);
#6331 = CARTESIAN_POINT('',(0.,0.));
#6332 = VECTOR('',#6333,1.);
#6333 = DIRECTION('',(0.,-1.));
#6334 = ( GEOMETRIC_REPRESENTATION_CONTEXT(2) 
PARAMETRIC_REPRESENTATION_CONTEXT() REPRESENTATION_CONTEXT('2D SPACE',''
  ) );
#6335 = PCURVE('',#6221,#6336);
#6336 = DEFINITIONAL_REPRESENTATION('',(#6337),#6341);
#6337 = LINE('',#6338,#6339);
#6338 = CARTESIAN_POINT('',(160.,7.105427357601E-15));
#6339 = VECTOR('',#6340,1.);
#6340 = DIRECTION('',(0.,1.));
#6341 = ( GEOMETRIC_REPRESENTATION_CONTEXT(2) 
PARAMETRIC_REPRESENTATION_CONTEXT() REPRESENTATION_CONTEXT('2D SPACE',''
  ) );
#6342 = ORIENTED_EDGE('',*,*,#6343,.T.);
#6343 = EDGE_CURVE('',#6321,#6344,#6346,.T.);
#6344 = VERTEX_POINT('',#6345);
#6345 = CARTESIAN_POINT('',(-85.21972878481,229.91867654856,5.4));
#6346 = SURFACE_CURVE('',#6347,(#6351,#6358),.PCURVE_S1.);
#6347 = LINE('',#6348,#6349);
#6348 = CARTESIAN_POINT('',(-85.21972878481,229.91867654856,5.));
#6349 = VECTOR('',#6350,1.);
#6350 = DIRECTION('',(0.,0.,1.));
#6351 = PCURVE('',#6301,#6352);
#6352 = DEFINITIONAL_REPRESENTATION('',(#6353),#6357);
#6353 = LINE('',#6354,#6355);
#6354 = CARTESIAN_POINT('',(0.,-20.));
#6355 = VECTOR('',#6356,1.);
#6356 = DIRECTION('',(1.,0.));
#6357 = ( GEOMETRIC_REPRESENTATION_CONTEXT(2) 
PARAMETRIC_REPRESENTATION_CONTEXT() REPRESENTATION_CONTEXT('2D SPACE',''
  ) );
#6358 = PCURVE('',#6249,#6359);
#6359 = DEFINITIONAL_REPRESENTATION('',(#6360),#6364);
#6360 = LINE('',#6361,#6362);
#6361 = CARTESIAN_POINT('',(0.,160.));
#6362 = VECTOR('',#6363,1.);
#6363 = DIRECTION('',(1.,0.));
#6364 = ( GEOMETRIC_REPRESENTATION_CONTEXT(2) 
PARAMETRIC_REPRESENTATION_CONTEXT() REPRESENTATION_CONTEXT('2D SPACE',''
  ) );
#6365 = ORIENTED_EDGE('',*,*,#6366,.F.);
#6366 = EDGE_CURVE('',#6293,#6344,#6367,.T.);
#6367 = SURFACE_CURVE('',#6368,(#6372,#6379),.PCURVE_S1.);
#6368 = LINE('',#6369,#6370);
#6369 = CARTESIAN_POINT('',(-66.19859845891,236.09901643606,5.4));
#6370 = VECTOR('',#6371,1.);
#6371 = DIRECTION('',(-0.951056516295,-0.309016994375,0.));
#6372 = PCURVE('',#6301,#6373);
#6373 = DEFINITIONAL_REPRESENTATION('',(#6374),#6378);
#6374 = LINE('',#6375,#6376);
#6375 = CARTESIAN_POINT('',(0.4,0.));
#6376 = VECTOR('',#6377,1.);
#6377 = DIRECTION('',(0.,-1.));
#6378 = ( GEOMETRIC_REPRESENTATION_CONTEXT(2) 
PARAMETRIC_REPRESENTATION_CONTEXT() REPRESENTATION_CONTEXT('2D SPACE',''
  ) );
#6379 = PCURVE('',#6275,#6380);
#6380 = DEFINITIONAL_REPRESENTATION('',(#6381),#6385);
#6381 = LINE('',#6382,#6383);
#6382 = CARTESIAN_POINT('',(160.,7.105427357601E-15));
#6383 = VECTOR('',#6384,1.);
#6384 = DIRECTION('',(0.,1.));
#6385 = ( GEOMETRIC_REPRESENTATION_CONTEXT(2) 
PARAMETRIC_REPRESENTATION_CONTEXT() REPRESENTATION_CONTEXT('2D SPACE',''
  ) );
#6386 = ADVANCED_FACE('',(#6387),#6193,.F.);
#6387 = FACE_BOUND('',#6388,.F.);
#6388 = EDGE_LOOP('',(#6389,#6410,#6411,#6432));
#6389 = ORIENTED_EDGE('',*,*,#6390,.F.);
#6390 = EDGE_CURVE('',#6171,#6291,#6391,.T.);
#6391 = SURFACE_CURVE('',#6392,(#6396,#6403),.PCURVE_S1.);
#6392 = LINE('',#6393,#6394);
#6393 = CARTESIAN_POINT('',(-16.75587935891,83.929973828838,5.));
#6394 = VECTOR('',#6395,1.);
#6395 = DIRECTION('',(-0.309016994375,0.951056516295,0.));
#6396 = PCURVE('',#6193,#6397);
#6397 = DEFINITIONAL_REPRESENTATION('',(#6398),#6402);
#6398 = LINE('',#6399,#6400);
#6399 = CARTESIAN_POINT('',(0.,0.));
#6400 = VECTOR('',#6401,1.);
#6401 = DIRECTION('',(0.,1.));
#6402 = ( GEOMETRIC_REPRESENTATION_CONTEXT(2) 
PARAMETRIC_REPRESENTATION_CONTEXT() REPRESENTATION_CONTEXT('2D SPACE',''
  ) );
#6403 = PCURVE('',#6221,#6404);
#6404 = DEFINITIONAL_REPRESENTATION('',(#6405),#6409);
#6405 = LINE('',#6406,#6407);
#6406 = CARTESIAN_POINT('',(0.,0.));
#6407 = VECTOR('',#6408,1.);
#6408 = DIRECTION('',(1.,0.));
#6409 = ( GEOMETRIC_REPRESENTATION_CONTEXT(2) 
PARAMETRIC_REPRESENTATION_CONTEXT() REPRESENTATION_CONTEXT('2D SPACE',''
  ) );
#6410 = ORIENTED_EDGE('',*,*,#6170,.T.);
#6411 = ORIENTED_EDGE('',*,*,#6412,.T.);
#6412 = EDGE_CURVE('',#6173,#6293,#6413,.T.);
#6413 = SURFACE_CURVE('',#6414,(#6418,#6425),.PCURVE_S1.);
#6414 = LINE('',#6415,#6416);
#6415 = CARTESIAN_POINT('',(-16.75587935891,83.929973828838,5.4));
#6416 = VECTOR('',#6417,1.);
#6417 = DIRECTION('',(-0.309016994375,0.951056516295,0.));
#6418 = PCURVE('',#6193,#6419);
#6419 = DEFINITIONAL_REPRESENTATION('',(#6420),#6424);
#6420 = LINE('',#6421,#6422);
#6421 = CARTESIAN_POINT('',(0.4,0.));
#6422 = VECTOR('',#6423,1.);
#6423 = DIRECTION('',(0.,1.));
#6424 = ( GEOMETRIC_REPRESENTATION_CONTEXT(2) 
PARAMETRIC_REPRESENTATION_CONTEXT() REPRESENTATION_CONTEXT('2D SPACE',''
  ) );
#6425 = PCURVE('',#6275,#6426);
#6426 = DEFINITIONAL_REPRESENTATION('',(#6427),#6431);
#6427 = LINE('',#6428,#6429);
#6428 = CARTESIAN_POINT('',(0.,0.));
#6429 = VECTOR('',#6430,1.);
#6430 = DIRECTION('',(1.,0.));
#6431 = ( GEOMETRIC_REPRESENTATION_CONTEXT(2) 
PARAMETRIC_REPRESENTATION_CONTEXT() REPRESENTATION_CONTEXT('2D SPACE',''
  ) );
#6432 = ORIENTED_EDGE('',*,*,#6290,.F.);
#6433 = ADVANCED_FACE('',(#6434),#6249,.T.);
#6434 = FACE_BOUND('',#6435,.T.);
#6435 = EDGE_LOOP('',(#6436,#6457,#6458,#6479));
#6436 = ORIENTED_EDGE('',*,*,#6437,.F.);
#6437 = EDGE_CURVE('',#6206,#6321,#6438,.T.);
#6438 = SURFACE_CURVE('',#6439,(#6443,#6450),.PCURVE_S1.);
#6439 = LINE('',#6440,#6441);
#6440 = CARTESIAN_POINT('',(-35.77700968482,77.749633941339,5.));
#6441 = VECTOR('',#6442,1.);
#6442 = DIRECTION('',(-0.309016994375,0.951056516295,0.));
#6443 = PCURVE('',#6249,#6444);
#6444 = DEFINITIONAL_REPRESENTATION('',(#6445),#6449);
#6445 = LINE('',#6446,#6447);
#6446 = CARTESIAN_POINT('',(0.,0.));
#6447 = VECTOR('',#6448,1.);
#6448 = DIRECTION('',(0.,1.));
#6449 = ( GEOMETRIC_REPRESENTATION_CONTEXT(2) 
PARAMETRIC_REPRESENTATION_CONTEXT() REPRESENTATION_CONTEXT('2D SPACE',''
  ) );
#6450 = PCURVE('',#6221,#6451);
#6451 = DEFINITIONAL_REPRESENTATION('',(#6452),#6456);
#6452 = LINE('',#6453,#6454);
#6453 = CARTESIAN_POINT('',(2.6645352591E-15,20.));
#6454 = VECTOR('',#6455,1.);
#6455 = DIRECTION('',(1.,0.));
#6456 = ( GEOMETRIC_REPRESENTATION_CONTEXT(2) 
PARAMETRIC_REPRESENTATION_CONTEXT() REPRESENTATION_CONTEXT('2D SPACE',''
  ) );
#6457 = ORIENTED_EDGE('',*,*,#6233,.T.);
#6458 = ORIENTED_EDGE('',*,*,#6459,.T.);
#6459 = EDGE_CURVE('',#6234,#6344,#6460,.T.);
#6460 = SURFACE_CURVE('',#6461,(#6465,#6472),.PCURVE_S1.);
#6461 = LINE('',#6462,#6463);
#6462 = CARTESIAN_POINT('',(-35.77700968482,77.749633941339,5.4));
#6463 = VECTOR('',#6464,1.);
#6464 = DIRECTION('',(-0.309016994375,0.951056516295,0.));
#6465 = PCURVE('',#6249,#6466);
#6466 = DEFINITIONAL_REPRESENTATION('',(#6467),#6471);
#6467 = LINE('',#6468,#6469);
#6468 = CARTESIAN_POINT('',(0.4,0.));
#6469 = VECTOR('',#6470,1.);
#6470 = DIRECTION('',(0.,1.));
#6471 = ( GEOMETRIC_REPRESENTATION_CONTEXT(2) 
PARAMETRIC_REPRESENTATION_CONTEXT() REPRESENTATION_CONTEXT('2D SPACE',''
  ) );
#6472 = PCURVE('',#6275,#6473);
#6473 = DEFINITIONAL_REPRESENTATION('',(#6474),#6478);
#6474 = LINE('',#6475,#6476);
#6475 = CARTESIAN_POINT('',(2.6645352591E-15,20.));
#6476 = VECTOR('',#6477,1.);
#6477 = DIRECTION('',(1.,0.));
#6478 = ( GEOMETRIC_REPRESENTATION_CONTEXT(2) 
PARAMETRIC_REPRESENTATION_CONTEXT() REPRESENTATION_CONTEXT('2D SPACE',''
  ) );
#6479 = ORIENTED_EDGE('',*,*,#6343,.F.);
#6480 = ADVANCED_FACE('',(#6481),#6221,.F.);
#6481 = FACE_BOUND('',#6482,.F.);
#6482 = EDGE_LOOP('',(#6483,#6484,#6485,#6486));
#6483 = ORIENTED_EDGE('',*,*,#6205,.F.);
#6484 = ORIENTED_EDGE('',*,*,#6390,.T.);
#6485 = ORIENTED_EDGE('',*,*,#6320,.T.);
#6486 = ORIENTED_EDGE('',*,*,#6437,.F.);
#6487 = ADVANCED_FACE('',(#6488),#6275,.T.);
#6488 = FACE_BOUND('',#6489,.T.);
#6489 = EDGE_LOOP('',(#6490,#6491,#6492,#6493));
#6490 = ORIENTED_EDGE('',*,*,#6261,.F.);
#6491 = ORIENTED_EDGE('',*,*,#6412,.T.);
#6492 = ORIENTED_EDGE('',*,*,#6366,.T.);
#6493 = ORIENTED_EDGE('',*,*,#6459,.F.);
#6494 = ( GEOMETRIC_REPRESENTATION_CONTEXT(3) 
GLOBAL_UNCERTAINTY_ASSIGNED_CONTEXT((#6498)) 
GLOBAL_UNIT_ASSIGNED_CONTEXT((#6495,#6496,#6497)) REPRESENTATION_CONTEXT
('Context #1','3D Context with UNIT and UNCERTAINTY') );
#6495 = ( LENGTH_UNIT() NAMED_UNIT(*) SI_UNIT(.MILLI.,.METRE.) );
#6496 = ( NAMED_UNIT(*) PLANE_ANGLE_UNIT() SI_UNIT($,.RADIAN.) );
#6497 = ( NAMED_UNIT(*) SI_UNIT($,.STERADIAN.) SOLID_ANGLE_UNIT() );
#6498 = UNCERTAINTY_MEASURE_WITH_UNIT(LENGTH_MEASURE(1.E-07),#6495,
  'distance_accuracy_value','confusion accuracy');
#6499 = CONTEXT_DEPENDENT_SHAPE_REPRESENTATION(#6500,#6502);
#6500 = ( REPRESENTATION_RELATIONSHIP('','',#6163,#709) 
REPRESENTATION_RELATIONSHIP_WITH_TRANSFORMATION(#6501) 
SHAPE_REPRESENTATION_RELATIONSHIP() );
#6501 = ITEM_DEFINED_TRANSFORMATION('','',#11,#770);
#6502 = PRODUCT_DEFINITION_SHAPE('Placement','Placement of an item',
  #6503);
#6503 = NEXT_ASSEMBLY_USAGE_OCCURRENCE('24','','',#704,#6158,$);
#6504 = PRODUCT_RELATED_PRODUCT_CATEGORY('part',$,(#6160));
#6505 = SHAPE_DEFINITION_REPRESENTATION(#6506,#6512);
#6506 = PRODUCT_DEFINITION_SHAPE('','',#6507);
#6507 = PRODUCT_DEFINITION('design','',#6508,#6511);
#6508 = PRODUCT_DEFINITION_FORMATION('','',#6509);
#6509 = PRODUCT('Open CASCADE STEP translator 7.9 2.2.17',
  'Open CASCADE STEP translator 7.9 2.2.17','',(#6510));
#6510 = PRODUCT_CONTEXT('',#2,'mechanical');
#6511 = PRODUCT_DEFINITION_CONTEXT('part definition',#2,'design');
#6512 = ADVANCED_BREP_SHAPE_REPRESENTATION('',(#11,#6513),#6843);
#6513 = MANIFOLD_SOLID_BREP('',#6514);
#6514 = CLOSED_SHELL('',(#6515,#6635,#6735,#6782,#6829,#6836));
#6515 = ADVANCED_FACE('',(#6516),#6530,.F.);
#6516 = FACE_BOUND('',#6517,.F.);
#6517 = EDGE_LOOP('',(#6518,#6553,#6581,#6609));
#6518 = ORIENTED_EDGE('',*,*,#6519,.F.);
#6519 = EDGE_CURVE('',#6520,#6522,#6524,.T.);
#6520 = VERTEX_POINT('',#6521);
#6521 = CARTESIAN_POINT('',(-27.14296925837,81.168092375262,5.));
#6522 = VERTEX_POINT('',#6523);
#6523 = CARTESIAN_POINT('',(-27.14296925837,81.168092375262,5.4));
#6524 = SURFACE_CURVE('',#6525,(#6529,#6541),.PCURVE_S1.);
#6525 = LINE('',#6526,#6527);
#6526 = CARTESIAN_POINT('',(-27.14296925837,81.168092375262,5.));
#6527 = VECTOR('',#6528,1.);
#6528 = DIRECTION('',(0.,0.,1.));
#6529 = PCURVE('',#6530,#6535);
#6530 = PLANE('',#6531);
#6531 = AXIS2_PLACEMENT_3D('',#6532,#6533,#6534);
#6532 = CARTESIAN_POINT('',(-27.14296925837,81.168092375262,5.));
#6533 = DIRECTION('',(-0.425779291565,0.904827052466,0.));
#6534 = DIRECTION('',(0.,0.,1.));
#6535 = DEFINITIONAL_REPRESENTATION('',(#6536),#6540);
#6536 = LINE('',#6537,#6538);
#6537 = CARTESIAN_POINT('',(0.,0.));
#6538 = VECTOR('',#6539,1.);
#6539 = DIRECTION('',(1.,0.));
#6540 = ( GEOMETRIC_REPRESENTATION_CONTEXT(2) 
PARAMETRIC_REPRESENTATION_CONTEXT() REPRESENTATION_CONTEXT('2D SPACE',''
  ) );
#6541 = PCURVE('',#6542,#6547);
#6542 = PLANE('',#6543);
#6543 = AXIS2_PLACEMENT_3D('',#6544,#6545,#6546);
#6544 = CARTESIAN_POINT('',(-27.14296925837,81.168092375262,5.));
#6545 = DIRECTION('',(-0.904827052466,-0.425779291565,0.));
#6546 = DIRECTION('',(0.,0.,1.));
#6547 = DEFINITIONAL_REPRESENTATION('',(#6548),#6552);
#6548 = LINE('',#6549,#6550);
#6549 = CARTESIAN_POINT('',(0.,0.));
#6550 = VECTOR('',#6551,1.);
#6551 = DIRECTION('',(1.,0.));
#6552 = ( GEOMETRIC_REPRESENTATION_CONTEXT(2) 
PARAMETRIC_REPRESENTATION_CONTEXT() REPRESENTATION_CONTEXT('2D SPACE',''
  ) );
#6553 = ORIENTED_EDGE('',*,*,#6554,.T.);
#6554 = EDGE_CURVE('',#6520,#6555,#6557,.T.);
#6555 = VERTEX_POINT('',#6556);
#6556 = CARTESIAN_POINT('',(-45.23951030769,72.652506543961,5.));
#6557 = SURFACE_CURVE('',#6558,(#6562,#6569),.PCURVE_S1.);
#6558 = LINE('',#6559,#6560);
#6559 = CARTESIAN_POINT('',(-27.14296925837,81.168092375262,5.));
#6560 = VECTOR('',#6561,1.);
#6561 = DIRECTION('',(-0.904827052466,-0.425779291565,0.));
#6562 = PCURVE('',#6530,#6563);
#6563 = DEFINITIONAL_REPRESENTATION('',(#6564),#6568);
#6564 = LINE('',#6565,#6566);
#6565 = CARTESIAN_POINT('',(0.,0.));
#6566 = VECTOR('',#6567,1.);
#6567 = DIRECTION('',(0.,-1.));
#6568 = ( GEOMETRIC_REPRESENTATION_CONTEXT(2) 
PARAMETRIC_REPRESENTATION_CONTEXT() REPRESENTATION_CONTEXT('2D SPACE',''
  ) );
#6569 = PCURVE('',#6570,#6575);
#6570 = PLANE('',#6571);
#6571 = AXIS2_PLACEMENT_3D('',#6572,#6573,#6574);
#6572 = CARTESIAN_POINT('',(-27.14296925837,81.168092375262,5.));
#6573 = DIRECTION('',(0.,0.,1.));
#6574 = DIRECTION('',(-0.425779291565,0.904827052466,0.));
#6575 = DEFINITIONAL_REPRESENTATION('',(#6576),#6580);
#6576 = LINE('',#6577,#6578);
#6577 = CARTESIAN_POINT('',(0.,0.));
#6578 = VECTOR('',#6579,1.);
#6579 = DIRECTION('',(0.,1.));
#6580 = ( GEOMETRIC_REPRESENTATION_CONTEXT(2) 
PARAMETRIC_REPRESENTATION_CONTEXT() REPRESENTATION_CONTEXT('2D SPACE',''
  ) );
#6581 = ORIENTED_EDGE('',*,*,#6582,.T.);
#6582 = EDGE_CURVE('',#6555,#6583,#6585,.T.);
#6583 = VERTEX_POINT('',#6584);
#6584 = CARTESIAN_POINT('',(-45.23951030769,72.652506543961,5.4));
#6585 = SURFACE_CURVE('',#6586,(#6590,#6597),.PCURVE_S1.);
#6586 = LINE('',#6587,#6588);
#6587 = CARTESIAN_POINT('',(-45.23951030769,72.652506543961,5.));
#6588 = VECTOR('',#6589,1.);
#6589 = DIRECTION('',(0.,0.,1.));
#6590 = PCURVE('',#6530,#6591);
#6591 = DEFINITIONAL_REPRESENTATION('',(#6592),#6596);
#6592 = LINE('',#6593,#6594);
#6593 = CARTESIAN_POINT('',(0.,-20.));
#6594 = VECTOR('',#6595,1.);
#6595 = DIRECTION('',(1.,0.));
#6596 = ( GEOMETRIC_REPRESENTATION_CONTEXT(2) 
PARAMETRIC_REPRESENTATION_CONTEXT() REPRESENTATION_CONTEXT('2D SPACE',''
  ) );
#6597 = PCURVE('',#6598,#6603);
#6598 = PLANE('',#6599);
#6599 = AXIS2_PLACEMENT_3D('',#6600,#6601,#6602);
#6600 = CARTESIAN_POINT('',(-45.23951030769,72.652506543961,5.));
#6601 = DIRECTION('',(-0.904827052466,-0.425779291565,0.));
#6602 = DIRECTION('',(0.,0.,1.));
#6603 = DEFINITIONAL_REPRESENTATION('',(#6604),#6608);
#6604 = LINE('',#6605,#6606);
#6605 = CARTESIAN_POINT('',(0.,0.));
#6606 = VECTOR('',#6607,1.);
#6607 = DIRECTION('',(1.,0.));
#6608 = ( GEOMETRIC_REPRESENTATION_CONTEXT(2) 
PARAMETRIC_REPRESENTATION_CONTEXT() REPRESENTATION_CONTEXT('2D SPACE',''
  ) );
#6609 = ORIENTED_EDGE('',*,*,#6610,.F.);
#6610 = EDGE_CURVE('',#6522,#6583,#6611,.T.);
#6611 = SURFACE_CURVE('',#6612,(#6616,#6623),.PCURVE_S1.);
#6612 = LINE('',#6613,#6614);
#6613 = CARTESIAN_POINT('',(-27.14296925837,81.168092375262,5.4));
#6614 = VECTOR('',#6615,1.);
#6615 = DIRECTION('',(-0.904827052466,-0.425779291565,0.));
#6616 = PCURVE('',#6530,#6617);
#6617 = DEFINITIONAL_REPRESENTATION('',(#6618),#6622);
#6618 = LINE('',#6619,#6620);
#6619 = CARTESIAN_POINT('',(0.4,0.));
#6620 = VECTOR('',#6621,1.);
#6621 = DIRECTION('',(0.,-1.));
#6622 = ( GEOMETRIC_REPRESENTATION_CONTEXT(2) 
PARAMETRIC_REPRESENTATION_CONTEXT() REPRESENTATION_CONTEXT('2D SPACE',''
  ) );
#6623 = PCURVE('',#6624,#6629);
#6624 = PLANE('',#6625);
#6625 = AXIS2_PLACEMENT_3D('',#6626,#6627,#6628);
#6626 = CARTESIAN_POINT('',(-27.14296925837,81.168092375262,5.4));
#6627 = DIRECTION('',(0.,0.,1.));
#6628 = DIRECTION('',(-0.425779291565,0.904827052466,0.));
#6629 = DEFINITIONAL_REPRESENTATION('',(#6630),#6634);
#6630 = LINE('',#6631,#6632);
#6631 = CARTESIAN_POINT('',(0.,0.));
#6632 = VECTOR('',#6633,1.);
#6633 = DIRECTION('',(0.,1.));
#6634 = ( GEOMETRIC_REPRESENTATION_CONTEXT(2) 
PARAMETRIC_REPRESENTATION_CONTEXT() REPRESENTATION_CONTEXT('2D SPACE',''
  ) );
#6635 = ADVANCED_FACE('',(#6636),#6650,.T.);
#6636 = FACE_BOUND('',#6637,.T.);
#6637 = EDGE_LOOP('',(#6638,#6668,#6691,#6714));
#6638 = ORIENTED_EDGE('',*,*,#6639,.F.);
#6639 = EDGE_CURVE('',#6640,#6642,#6644,.T.);
#6640 = VERTEX_POINT('',#6641);
#6641 = CARTESIAN_POINT('',(-95.26765590878,225.94042076982,5.));
#6642 = VERTEX_POINT('',#6643);
#6643 = CARTESIAN_POINT('',(-95.26765590878,225.94042076982,5.4));
#6644 = SURFACE_CURVE('',#6645,(#6649,#6661),.PCURVE_S1.);
#6645 = LINE('',#6646,#6647);
#6646 = CARTESIAN_POINT('',(-95.26765590878,225.94042076982,5.));
#6647 = VECTOR('',#6648,1.);
#6648 = DIRECTION('',(0.,0.,1.));
#6649 = PCURVE('',#6650,#6655);
#6650 = PLANE('',#6651);
#6651 = AXIS2_PLACEMENT_3D('',#6652,#6653,#6654);
#6652 = CARTESIAN_POINT('',(-95.26765590878,225.94042076982,5.));
#6653 = DIRECTION('',(-0.425779291565,0.904827052466,0.));
#6654 = DIRECTION('',(0.,0.,1.));
#6655 = DEFINITIONAL_REPRESENTATION('',(#6656),#6660);
#6656 = LINE('',#6657,#6658);
#6657 = CARTESIAN_POINT('',(0.,0.));
#6658 = VECTOR('',#6659,1.);
#6659 = DIRECTION('',(1.,0.));
#6660 = ( GEOMETRIC_REPRESENTATION_CONTEXT(2) 
PARAMETRIC_REPRESENTATION_CONTEXT() REPRESENTATION_CONTEXT('2D SPACE',''
  ) );
#6661 = PCURVE('',#6542,#6662);
#6662 = DEFINITIONAL_REPRESENTATION('',(#6663),#6667);
#6663 = LINE('',#6664,#6665);
#6664 = CARTESIAN_POINT('',(0.,160.));
#6665 = VECTOR('',#6666,1.);
#6666 = DIRECTION('',(1.,0.));
#6667 = ( GEOMETRIC_REPRESENTATION_CONTEXT(2) 
PARAMETRIC_REPRESENTATION_CONTEXT() REPRESENTATION_CONTEXT('2D SPACE',''
  ) );
#6668 = ORIENTED_EDGE('',*,*,#6669,.T.);
#6669 = EDGE_CURVE('',#6640,#6670,#6672,.T.);
#6670 = VERTEX_POINT('',#6671);
#6671 = CARTESIAN_POINT('',(-113.3641969581,217.42483493852,5.));
#6672 = SURFACE_CURVE('',#6673,(#6677,#6684),.PCURVE_S1.);
#6673 = LINE('',#6674,#6675);
#6674 = CARTESIAN_POINT('',(-95.26765590878,225.94042076982,5.));
#6675 = VECTOR('',#6676,1.);
#6676 = DIRECTION('',(-0.904827052466,-0.425779291565,0.));
#6677 = PCURVE('',#6650,#6678);
#6678 = DEFINITIONAL_REPRESENTATION('',(#6679),#6683);
#6679 = LINE('',#6680,#6681);
#6680 = CARTESIAN_POINT('',(0.,0.));
#6681 = VECTOR('',#6682,1.);
#6682 = DIRECTION('',(0.,-1.));
#6683 = ( GEOMETRIC_REPRESENTATION_CONTEXT(2) 
PARAMETRIC_REPRESENTATION_CONTEXT() REPRESENTATION_CONTEXT('2D SPACE',''
  ) );
#6684 = PCURVE('',#6570,#6685);
#6685 = DEFINITIONAL_REPRESENTATION('',(#6686),#6690);
#6686 = LINE('',#6687,#6688);
#6687 = CARTESIAN_POINT('',(160.,-7.105427357601E-15));
#6688 = VECTOR('',#6689,1.);
#6689 = DIRECTION('',(0.,1.));
#6690 = ( GEOMETRIC_REPRESENTATION_CONTEXT(2) 
PARAMETRIC_REPRESENTATION_CONTEXT() REPRESENTATION_CONTEXT('2D SPACE',''
  ) );
#6691 = ORIENTED_EDGE('',*,*,#6692,.T.);
#6692 = EDGE_CURVE('',#6670,#6693,#6695,.T.);
#6693 = VERTEX_POINT('',#6694);
#6694 = CARTESIAN_POINT('',(-113.3641969581,217.42483493852,5.4));
#6695 = SURFACE_CURVE('',#6696,(#6700,#6707),.PCURVE_S1.);
#6696 = LINE('',#6697,#6698);
#6697 = CARTESIAN_POINT('',(-113.3641969581,217.42483493852,5.));
#6698 = VECTOR('',#6699,1.);
#6699 = DIRECTION('',(0.,0.,1.));
#6700 = PCURVE('',#6650,#6701);
#6701 = DEFINITIONAL_REPRESENTATION('',(#6702),#6706);
#6702 = LINE('',#6703,#6704);
#6703 = CARTESIAN_POINT('',(0.,-20.));
#6704 = VECTOR('',#6705,1.);
#6705 = DIRECTION('',(1.,0.));
#6706 = ( GEOMETRIC_REPRESENTATION_CONTEXT(2) 
PARAMETRIC_REPRESENTATION_CONTEXT() REPRESENTATION_CONTEXT('2D SPACE',''
  ) );
#6707 = PCURVE('',#6598,#6708);
#6708 = DEFINITIONAL_REPRESENTATION('',(#6709),#6713);
#6709 = LINE('',#6710,#6711);
#6710 = CARTESIAN_POINT('',(0.,160.));
#6711 = VECTOR('',#6712,1.);
#6712 = DIRECTION('',(1.,0.));
#6713 = ( GEOMETRIC_REPRESENTATION_CONTEXT(2) 
PARAMETRIC_REPRESENTATION_CONTEXT() REPRESENTATION_CONTEXT('2D SPACE',''
  ) );
#6714 = ORIENTED_EDGE('',*,*,#6715,.F.);
#6715 = EDGE_CURVE('',#6642,#6693,#6716,.T.);
#6716 = SURFACE_CURVE('',#6717,(#6721,#6728),.PCURVE_S1.);
#6717 = LINE('',#6718,#6719);
#6718 = CARTESIAN_POINT('',(-95.26765590878,225.94042076982,5.4));
#6719 = VECTOR('',#6720,1.);
#6720 = DIRECTION('',(-0.904827052466,-0.425779291565,0.));
#6721 = PCURVE('',#6650,#6722);
#6722 = DEFINITIONAL_REPRESENTATION('',(#6723),#6727);
#6723 = LINE('',#6724,#6725);
#6724 = CARTESIAN_POINT('',(0.4,0.));
#6725 = VECTOR('',#6726,1.);
#6726 = DIRECTION('',(0.,-1.));
#6727 = ( GEOMETRIC_REPRESENTATION_CONTEXT(2) 
PARAMETRIC_REPRESENTATION_CONTEXT() REPRESENTATION_CONTEXT('2D SPACE',''
  ) );
#6728 = PCURVE('',#6624,#6729);
#6729 = DEFINITIONAL_REPRESENTATION('',(#6730),#6734);
#6730 = LINE('',#6731,#6732);
#6731 = CARTESIAN_POINT('',(160.,-7.105427357601E-15));
#6732 = VECTOR('',#6733,1.);
#6733 = DIRECTION('',(0.,1.));
#6734 = ( GEOMETRIC_REPRESENTATION_CONTEXT(2) 
PARAMETRIC_REPRESENTATION_CONTEXT() REPRESENTATION_CONTEXT('2D SPACE',''
  ) );
#6735 = ADVANCED_FACE('',(#6736),#6542,.F.);
#6736 = FACE_BOUND('',#6737,.F.);
#6737 = EDGE_LOOP('',(#6738,#6759,#6760,#6781));
#6738 = ORIENTED_EDGE('',*,*,#6739,.F.);
#6739 = EDGE_CURVE('',#6520,#6640,#6740,.T.);
#6740 = SURFACE_CURVE('',#6741,(#6745,#6752),.PCURVE_S1.);
#6741 = LINE('',#6742,#6743);
#6742 = CARTESIAN_POINT('',(-27.14296925837,81.168092375262,5.));
#6743 = VECTOR('',#6744,1.);
#6744 = DIRECTION('',(-0.425779291565,0.904827052466,0.));
#6745 = PCURVE('',#6542,#6746);
#6746 = DEFINITIONAL_REPRESENTATION('',(#6747),#6751);
#6747 = LINE('',#6748,#6749);
#6748 = CARTESIAN_POINT('',(0.,0.));
#6749 = VECTOR('',#6750,1.);
#6750 = DIRECTION('',(0.,1.));
#6751 = ( GEOMETRIC_REPRESENTATION_CONTEXT(2) 
PARAMETRIC_REPRESENTATION_CONTEXT() REPRESENTATION_CONTEXT('2D SPACE',''
  ) );
#6752 = PCURVE('',#6570,#6753);
#6753 = DEFINITIONAL_REPRESENTATION('',(#6754),#6758);
#6754 = LINE('',#6755,#6756);
#6755 = CARTESIAN_POINT('',(0.,0.));
#6756 = VECTOR('',#6757,1.);
#6757 = DIRECTION('',(1.,0.));
#6758 = ( GEOMETRIC_REPRESENTATION_CONTEXT(2) 
PARAMETRIC_REPRESENTATION_CONTEXT() REPRESENTATION_CONTEXT('2D SPACE',''
  ) );
#6759 = ORIENTED_EDGE('',*,*,#6519,.T.);
#6760 = ORIENTED_EDGE('',*,*,#6761,.T.);
#6761 = EDGE_CURVE('',#6522,#6642,#6762,.T.);
#6762 = SURFACE_CURVE('',#6763,(#6767,#6774),.PCURVE_S1.);
#6763 = LINE('',#6764,#6765);
#6764 = CARTESIAN_POINT('',(-27.14296925837,81.168092375262,5.4));
#6765 = VECTOR('',#6766,1.);
#6766 = DIRECTION('',(-0.425779291565,0.904827052466,0.));
#6767 = PCURVE('',#6542,#6768);
#6768 = DEFINITIONAL_REPRESENTATION('',(#6769),#6773);
#6769 = LINE('',#6770,#6771);
#6770 = CARTESIAN_POINT('',(0.4,0.));
#6771 = VECTOR('',#6772,1.);
#6772 = DIRECTION('',(0.,1.));
#6773 = ( GEOMETRIC_REPRESENTATION_CONTEXT(2) 
PARAMETRIC_REPRESENTATION_CONTEXT() REPRESENTATION_CONTEXT('2D SPACE',''
  ) );
#6774 = PCURVE('',#6624,#6775);
#6775 = DEFINITIONAL_REPRESENTATION('',(#6776),#6780);
#6776 = LINE('',#6777,#6778);
#6777 = CARTESIAN_POINT('',(0.,0.));
#6778 = VECTOR('',#6779,1.);
#6779 = DIRECTION('',(1.,0.));
#6780 = ( GEOMETRIC_REPRESENTATION_CONTEXT(2) 
PARAMETRIC_REPRESENTATION_CONTEXT() REPRESENTATION_CONTEXT('2D SPACE',''
  ) );
#6781 = ORIENTED_EDGE('',*,*,#6639,.F.);
#6782 = ADVANCED_FACE('',(#6783),#6598,.T.);
#6783 = FACE_BOUND('',#6784,.T.);
#6784 = EDGE_LOOP('',(#6785,#6806,#6807,#6828));
#6785 = ORIENTED_EDGE('',*,*,#6786,.F.);
#6786 = EDGE_CURVE('',#6555,#6670,#6787,.T.);
#6787 = SURFACE_CURVE('',#6788,(#6792,#6799),.PCURVE_S1.);
#6788 = LINE('',#6789,#6790);
#6789 = CARTESIAN_POINT('',(-45.23951030769,72.652506543961,5.));
#6790 = VECTOR('',#6791,1.);
#6791 = DIRECTION('',(-0.425779291565,0.904827052466,0.));
#6792 = PCURVE('',#6598,#6793);
#6793 = DEFINITIONAL_REPRESENTATION('',(#6794),#6798);
#6794 = LINE('',#6795,#6796);
#6795 = CARTESIAN_POINT('',(0.,0.));
#6796 = VECTOR('',#6797,1.);
#6797 = DIRECTION('',(0.,1.));
#6798 = ( GEOMETRIC_REPRESENTATION_CONTEXT(2) 
PARAMETRIC_REPRESENTATION_CONTEXT() REPRESENTATION_CONTEXT('2D SPACE',''
  ) );
#6799 = PCURVE('',#6570,#6800);
#6800 = DEFINITIONAL_REPRESENTATION('',(#6801),#6805);
#6801 = LINE('',#6802,#6803);
#6802 = CARTESIAN_POINT('',(4.440892098501E-15,20.));
#6803 = VECTOR('',#6804,1.);
#6804 = DIRECTION('',(1.,0.));
#6805 = ( GEOMETRIC_REPRESENTATION_CONTEXT(2) 
PARAMETRIC_REPRESENTATION_CONTEXT() REPRESENTATION_CONTEXT('2D SPACE',''
  ) );
#6806 = ORIENTED_EDGE('',*,*,#6582,.T.);
#6807 = ORIENTED_EDGE('',*,*,#6808,.T.);
#6808 = EDGE_CURVE('',#6583,#6693,#6809,.T.);
#6809 = SURFACE_CURVE('',#6810,(#6814,#6821),.PCURVE_S1.);
#6810 = LINE('',#6811,#6812);
#6811 = CARTESIAN_POINT('',(-45.23951030769,72.652506543961,5.4));
#6812 = VECTOR('',#6813,1.);
#6813 = DIRECTION('',(-0.425779291565,0.904827052466,0.));
#6814 = PCURVE('',#6598,#6815);
#6815 = DEFINITIONAL_REPRESENTATION('',(#6816),#6820);
#6816 = LINE('',#6817,#6818);
#6817 = CARTESIAN_POINT('',(0.4,0.));
#6818 = VECTOR('',#6819,1.);
#6819 = DIRECTION('',(0.,1.));
#6820 = ( GEOMETRIC_REPRESENTATION_CONTEXT(2) 
PARAMETRIC_REPRESENTATION_CONTEXT() REPRESENTATION_CONTEXT('2D SPACE',''
  ) );
#6821 = PCURVE('',#6624,#6822);
#6822 = DEFINITIONAL_REPRESENTATION('',(#6823),#6827);
#6823 = LINE('',#6824,#6825);
#6824 = CARTESIAN_POINT('',(4.440892098501E-15,20.));
#6825 = VECTOR('',#6826,1.);
#6826 = DIRECTION('',(1.,0.));
#6827 = ( GEOMETRIC_REPRESENTATION_CONTEXT(2) 
PARAMETRIC_REPRESENTATION_CONTEXT() REPRESENTATION_CONTEXT('2D SPACE',''
  ) );
#6828 = ORIENTED_EDGE('',*,*,#6692,.F.);
#6829 = ADVANCED_FACE('',(#6830),#6570,.F.);
#6830 = FACE_BOUND('',#6831,.F.);
#6831 = EDGE_LOOP('',(#6832,#6833,#6834,#6835));
#6832 = ORIENTED_EDGE('',*,*,#6554,.F.);
#6833 = ORIENTED_EDGE('',*,*,#6739,.T.);
#6834 = ORIENTED_EDGE('',*,*,#6669,.T.);
#6835 = ORIENTED_EDGE('',*,*,#6786,.F.);
#6836 = ADVANCED_FACE('',(#6837),#6624,.T.);
#6837 = FACE_BOUND('',#6838,.T.);
#6838 = EDGE_LOOP('',(#6839,#6840,#6841,#6842));
#6839 = ORIENTED_EDGE('',*,*,#6610,.F.);
#6840 = ORIENTED_EDGE('',*,*,#6761,.T.);
#6841 = ORIENTED_EDGE('',*,*,#6715,.T.);
#6842 = ORIENTED_EDGE('',*,*,#6808,.F.);
#6843 = ( GEOMETRIC_REPRESENTATION_CONTEXT(3) 
GLOBAL_UNCERTAINTY_ASSIGNED_CONTEXT((#6847)) 
GLOBAL_UNIT_ASSIGNED_CONTEXT((#6844,#6845,#6846)) REPRESENTATION_CONTEXT
('Context #1','3D Context with UNIT and UNCERTAINTY') );
#6844 = ( LENGTH_UNIT() NAMED_UNIT(*) SI_UNIT(.MILLI.,.METRE.) );
#6845 = ( NAMED_UNIT(*) PLANE_ANGLE_UNIT() SI_UNIT($,.RADIAN.) );
#6846 = ( NAMED_UNIT(*) SI_UNIT($,.STERADIAN.) SOLID_ANGLE_UNIT() );
#6847 = UNCERTAINTY_MEASURE_WITH_UNIT(LENGTH_MEASURE(1.E-07),#6844,
  'distance_accuracy_value','confusion accuracy');
#6848 = CONTEXT_DEPENDENT_SHAPE_REPRESENTATION(#6849,#6851);
#6849 = ( REPRESENTATION_RELATIONSHIP('','',#6512,#709) 
REPRESENTATION_RELATIONSHIP_WITH_TRANSFORMATION(#6850) 
SHAPE_REPRESENTATION_RELATIONSHIP() );
#6850 = ITEM_DEFINED_TRANSFORMATION('','',#11,#774);
#6851 = PRODUCT_DEFINITION_SHAPE('Placement','Placement of an item',
  #6852);
#6852 = NEXT_ASSEMBLY_USAGE_OCCURRENCE('25','','',#704,#6507,$);
#6853 = PRODUCT_RELATED_PRODUCT_CATEGORY('part',$,(#6509));
#6854 = SHAPE_DEFINITION_REPRESENTATION(#6855,#6861);
#6855 = PRODUCT_DEFINITION_SHAPE('','',#6856);
#6856 = PRODUCT_DEFINITION('design','',#6857,#6860);
#6857 = PRODUCT_DEFINITION_FORMATION('','',#6858);
#6858 = PRODUCT('Open CASCADE STEP translator 7.9 2.2.18',
  'Open CASCADE STEP translator 7.9 2.2.18','',(#6859));
#6859 = PRODUCT_CONTEXT('',#2,'mechanical');
#6860 = PRODUCT_DEFINITION_CONTEXT('part definition',#2,'design');
#6861 = ADVANCED_BREP_SHAPE_REPRESENTATION('',(#11,#6862),#7192);
#6862 = MANIFOLD_SOLID_BREP('',#6863);
#6863 = CLOSED_SHELL('',(#6864,#6984,#7084,#7131,#7178,#7185));
#6864 = ADVANCED_FACE('',(#6865),#6879,.F.);
#6865 = FACE_BOUND('',#6866,.F.);
#6866 = EDGE_LOOP('',(#6867,#6902,#6930,#6958));
#6867 = ORIENTED_EDGE('',*,*,#6868,.F.);
#6868 = EDGE_CURVE('',#6869,#6871,#6873,.T.);
#6869 = VERTEX_POINT('',#6870);
#6870 = CARTESIAN_POINT('',(-37.10199831819,77.126141617461,5.));
#6871 = VERTEX_POINT('',#6872);
#6872 = CARTESIAN_POINT('',(-37.10199831819,77.126141617461,5.4));
#6873 = SURFACE_CURVE('',#6874,(#6878,#6890),.PCURVE_S1.);
#6874 = LINE('',#6875,#6876);
#6875 = CARTESIAN_POINT('',(-37.10199831819,77.126141617461,5.));
#6876 = VECTOR('',#6877,1.);
#6877 = DIRECTION('',(0.,0.,1.));
#6878 = PCURVE('',#6879,#6884);
#6879 = PLANE('',#6880);
#6880 = AXIS2_PLACEMENT_3D('',#6881,#6882,#6883);
#6881 = CARTESIAN_POINT('',(-37.10199831819,77.126141617461,5.));
#6882 = DIRECTION('',(-0.535826794979,0.844327925502,0.));
#6883 = DIRECTION('',(0.,0.,1.));
#6884 = DEFINITIONAL_REPRESENTATION('',(#6885),#6889);
#6885 = LINE('',#6886,#6887);
#6886 = CARTESIAN_POINT('',(0.,0.));
#6887 = VECTOR('',#6888,1.);
#6888 = DIRECTION('',(1.,0.));
#6889 = ( GEOMETRIC_REPRESENTATION_CONTEXT(2) 
PARAMETRIC_REPRESENTATION_CONTEXT() REPRESENTATION_CONTEXT('2D SPACE',''
  ) );
#6890 = PCURVE('',#6891,#6896);
#6891 = PLANE('',#6892);
#6892 = AXIS2_PLACEMENT_3D('',#6893,#6894,#6895);
#6893 = CARTESIAN_POINT('',(-37.10199831819,77.126141617461,5.));
#6894 = DIRECTION('',(-0.844327925502,-0.535826794979,0.));
#6895 = DIRECTION('',(0.,0.,1.));
#6896 = DEFINITIONAL_REPRESENTATION('',(#6897),#6901);
#6897 = LINE('',#6898,#6899);
#6898 = CARTESIAN_POINT('',(0.,0.));
#6899 = VECTOR('',#6900,1.);
#6900 = DIRECTION('',(1.,0.));
#6901 = ( GEOMETRIC_REPRESENTATION_CONTEXT(2) 
PARAMETRIC_REPRESENTATION_CONTEXT() REPRESENTATION_CONTEXT('2D SPACE',''
  ) );
#6902 = ORIENTED_EDGE('',*,*,#6903,.T.);
#6903 = EDGE_CURVE('',#6869,#6904,#6906,.T.);
#6904 = VERTEX_POINT('',#6905);
#6905 = CARTESIAN_POINT('',(-53.98855682823,66.409605717881,5.));
#6906 = SURFACE_CURVE('',#6907,(#6911,#6918),.PCURVE_S1.);
#6907 = LINE('',#6908,#6909);
#6908 = CARTESIAN_POINT('',(-37.10199831819,77.126141617461,5.));
#6909 = VECTOR('',#6910,1.);
#6910 = DIRECTION('',(-0.844327925502,-0.535826794979,0.));
#6911 = PCURVE('',#6879,#6912);
#6912 = DEFINITIONAL_REPRESENTATION('',(#6913),#6917);
#6913 = LINE('',#6914,#6915);
#6914 = CARTESIAN_POINT('',(0.,0.));
#6915 = VECTOR('',#6916,1.);
#6916 = DIRECTION('',(0.,-1.));
#6917 = ( GEOMETRIC_REPRESENTATION_CONTEXT(2) 
PARAMETRIC_REPRESENTATION_CONTEXT() REPRESENTATION_CONTEXT('2D SPACE',''
  ) );
#6918 = PCURVE('',#6919,#6924);
#6919 = PLANE('',#6920);
#6920 = AXIS2_PLACEMENT_3D('',#6921,#6922,#6923);
#6921 = CARTESIAN_POINT('',(-37.10199831819,77.126141617461,5.));
#6922 = DIRECTION('',(0.,0.,1.));
#6923 = DIRECTION('',(-0.535826794979,0.844327925502,0.));
#6924 = DEFINITIONAL_REPRESENTATION('',(#6925),#6929);
#6925 = LINE('',#6926,#6927);
#6926 = CARTESIAN_POINT('',(0.,0.));
#6927 = VECTOR('',#6928,1.);
#6928 = DIRECTION('',(0.,1.));
#6929 = ( GEOMETRIC_REPRESENTATION_CONTEXT(2) 
PARAMETRIC_REPRESENTATION_CONTEXT() REPRESENTATION_CONTEXT('2D SPACE',''
  ) );
#6930 = ORIENTED_EDGE('',*,*,#6931,.T.);
#6931 = EDGE_CURVE('',#6904,#6932,#6934,.T.);
#6932 = VERTEX_POINT('',#6933);
#6933 = CARTESIAN_POINT('',(-53.98855682823,66.409605717881,5.4));
#6934 = SURFACE_CURVE('',#6935,(#6939,#6946),.PCURVE_S1.);
#6935 = LINE('',#6936,#6937);
#6936 = CARTESIAN_POINT('',(-53.98855682823,66.409605717881,5.));
#6937 = VECTOR('',#6938,1.);
#6938 = DIRECTION('',(0.,0.,1.));
#6939 = PCURVE('',#6879,#6940);
#6940 = DEFINITIONAL_REPRESENTATION('',(#6941),#6945);
#6941 = LINE('',#6942,#6943);
#6942 = CARTESIAN_POINT('',(0.,-20.));
#6943 = VECTOR('',#6944,1.);
#6944 = DIRECTION('',(1.,0.));
#6945 = ( GEOMETRIC_REPRESENTATION_CONTEXT(2) 
PARAMETRIC_REPRESENTATION_CONTEXT() REPRESENTATION_CONTEXT('2D SPACE',''
  ) );
#6946 = PCURVE('',#6947,#6952);
#6947 = PLANE('',#6948);
#6948 = AXIS2_PLACEMENT_3D('',#6949,#6950,#6951);
#6949 = CARTESIAN_POINT('',(-53.98855682823,66.409605717881,5.));
#6950 = DIRECTION('',(-0.844327925502,-0.535826794979,0.));
#6951 = DIRECTION('',(0.,0.,1.));
#6952 = DEFINITIONAL_REPRESENTATION('',(#6953),#6957);
#6953 = LINE('',#6954,#6955);
#6954 = CARTESIAN_POINT('',(0.,0.));
#6955 = VECTOR('',#6956,1.);
#6956 = DIRECTION('',(1.,0.));
#6957 = ( GEOMETRIC_REPRESENTATION_CONTEXT(2) 
PARAMETRIC_REPRESENTATION_CONTEXT() REPRESENTATION_CONTEXT('2D SPACE',''
  ) );
#6958 = ORIENTED_EDGE('',*,*,#6959,.F.);
#6959 = EDGE_CURVE('',#6871,#6932,#6960,.T.);
#6960 = SURFACE_CURVE('',#6961,(#6965,#6972),.PCURVE_S1.);
#6961 = LINE('',#6962,#6963);
#6962 = CARTESIAN_POINT('',(-37.10199831819,77.126141617461,5.4));
#6963 = VECTOR('',#6964,1.);
#6964 = DIRECTION('',(-0.844327925502,-0.535826794979,0.));
#6965 = PCURVE('',#6879,#6966);
#6966 = DEFINITIONAL_REPRESENTATION('',(#6967),#6971);
#6967 = LINE('',#6968,#6969);
#6968 = CARTESIAN_POINT('',(0.4,0.));
#6969 = VECTOR('',#6970,1.);
#6970 = DIRECTION('',(0.,-1.));
#6971 = ( GEOMETRIC_REPRESENTATION_CONTEXT(2) 
PARAMETRIC_REPRESENTATION_CONTEXT() REPRESENTATION_CONTEXT('2D SPACE',''
  ) );
#6972 = PCURVE('',#6973,#6978);
#6973 = PLANE('',#6974);
#6974 = AXIS2_PLACEMENT_3D('',#6975,#6976,#6977);
#6975 = CARTESIAN_POINT('',(-37.10199831819,77.126141617461,5.4));
#6976 = DIRECTION('',(0.,0.,1.));
#6977 = DIRECTION('',(-0.535826794979,0.844327925502,0.));
#6978 = DEFINITIONAL_REPRESENTATION('',(#6979),#6983);
#6979 = LINE('',#6980,#6981);
#6980 = CARTESIAN_POINT('',(0.,0.));
#6981 = VECTOR('',#6982,1.);
#6982 = DIRECTION('',(0.,1.));
#6983 = ( GEOMETRIC_REPRESENTATION_CONTEXT(2) 
PARAMETRIC_REPRESENTATION_CONTEXT() REPRESENTATION_CONTEXT('2D SPACE',''
  ) );
#6984 = ADVANCED_FACE('',(#6985),#6999,.T.);
#6985 = FACE_BOUND('',#6986,.T.);
#6986 = EDGE_LOOP('',(#6987,#7017,#7040,#7063));
#6987 = ORIENTED_EDGE('',*,*,#6988,.F.);
#6988 = EDGE_CURVE('',#6989,#6991,#6993,.T.);
#6989 = VERTEX_POINT('',#6990);
#6990 = CARTESIAN_POINT('',(-122.8342855148,212.21860969778,5.));
#6991 = VERTEX_POINT('',#6992);
#6992 = CARTESIAN_POINT('',(-122.8342855148,212.21860969778,5.4));
#6993 = SURFACE_CURVE('',#6994,(#6998,#7010),.PCURVE_S1.);
#6994 = LINE('',#6995,#6996);
#6995 = CARTESIAN_POINT('',(-122.8342855148,212.21860969778,5.));
#6996 = VECTOR('',#6997,1.);
#6997 = DIRECTION('',(0.,0.,1.));
#6998 = PCURVE('',#6999,#7004);
#6999 = PLANE('',#7000);
#7000 = AXIS2_PLACEMENT_3D('',#7001,#7002,#7003);
#7001 = CARTESIAN_POINT('',(-122.8342855148,212.21860969778,5.));
#7002 = DIRECTION('',(-0.535826794979,0.844327925502,0.));
#7003 = DIRECTION('',(0.,0.,1.));
#7004 = DEFINITIONAL_REPRESENTATION('',(#7005),#7009);
#7005 = LINE('',#7006,#7007);
#7006 = CARTESIAN_POINT('',(0.,0.));
#7007 = VECTOR('',#7008,1.);
#7008 = DIRECTION('',(1.,0.));
#7009 = ( GEOMETRIC_REPRESENTATION_CONTEXT(2) 
PARAMETRIC_REPRESENTATION_CONTEXT() REPRESENTATION_CONTEXT('2D SPACE',''
  ) );
#7010 = PCURVE('',#6891,#7011);
#7011 = DEFINITIONAL_REPRESENTATION('',(#7012),#7016);
#7012 = LINE('',#7013,#7014);
#7013 = CARTESIAN_POINT('',(0.,160.));
#7014 = VECTOR('',#7015,1.);
#7015 = DIRECTION('',(1.,0.));
#7016 = ( GEOMETRIC_REPRESENTATION_CONTEXT(2) 
PARAMETRIC_REPRESENTATION_CONTEXT() REPRESENTATION_CONTEXT('2D SPACE',''
  ) );
#7017 = ORIENTED_EDGE('',*,*,#7018,.T.);
#7018 = EDGE_CURVE('',#6989,#7019,#7021,.T.);
#7019 = VERTEX_POINT('',#7020);
#7020 = CARTESIAN_POINT('',(-139.7208440248,201.5020737982,5.));
#7021 = SURFACE_CURVE('',#7022,(#7026,#7033),.PCURVE_S1.);
#7022 = LINE('',#7023,#7024);
#7023 = CARTESIAN_POINT('',(-122.8342855148,212.21860969778,5.));
#7024 = VECTOR('',#7025,1.);
#7025 = DIRECTION('',(-0.844327925502,-0.535826794979,0.));
#7026 = PCURVE('',#6999,#7027);
#7027 = DEFINITIONAL_REPRESENTATION('',(#7028),#7032);
#7028 = LINE('',#7029,#7030);
#7029 = CARTESIAN_POINT('',(0.,0.));
#7030 = VECTOR('',#7031,1.);
#7031 = DIRECTION('',(0.,-1.));
#7032 = ( GEOMETRIC_REPRESENTATION_CONTEXT(2) 
PARAMETRIC_REPRESENTATION_CONTEXT() REPRESENTATION_CONTEXT('2D SPACE',''
  ) );
#7033 = PCURVE('',#6919,#7034);
#7034 = DEFINITIONAL_REPRESENTATION('',(#7035),#7039);
#7035 = LINE('',#7036,#7037);
#7036 = CARTESIAN_POINT('',(160.,0.));
#7037 = VECTOR('',#7038,1.);
#7038 = DIRECTION('',(0.,1.));
#7039 = ( GEOMETRIC_REPRESENTATION_CONTEXT(2) 
PARAMETRIC_REPRESENTATION_CONTEXT() REPRESENTATION_CONTEXT('2D SPACE',''
  ) );
#7040 = ORIENTED_EDGE('',*,*,#7041,.T.);
#7041 = EDGE_CURVE('',#7019,#7042,#7044,.T.);
#7042 = VERTEX_POINT('',#7043);
#7043 = CARTESIAN_POINT('',(-139.7208440248,201.5020737982,5.4));
#7044 = SURFACE_CURVE('',#7045,(#7049,#7056),.PCURVE_S1.);
#7045 = LINE('',#7046,#7047);
#7046 = CARTESIAN_POINT('',(-139.7208440248,201.5020737982,5.));
#7047 = VECTOR('',#7048,1.);
#7048 = DIRECTION('',(0.,0.,1.));
#7049 = PCURVE('',#6999,#7050);
#7050 = DEFINITIONAL_REPRESENTATION('',(#7051),#7055);
#7051 = LINE('',#7052,#7053);
#7052 = CARTESIAN_POINT('',(0.,-20.));
#7053 = VECTOR('',#7054,1.);
#7054 = DIRECTION('',(1.,0.));
#7055 = ( GEOMETRIC_REPRESENTATION_CONTEXT(2) 
PARAMETRIC_REPRESENTATION_CONTEXT() REPRESENTATION_CONTEXT('2D SPACE',''
  ) );
#7056 = PCURVE('',#6947,#7057);
#7057 = DEFINITIONAL_REPRESENTATION('',(#7058),#7062);
#7058 = LINE('',#7059,#7060);
#7059 = CARTESIAN_POINT('',(0.,160.));
#7060 = VECTOR('',#7061,1.);
#7061 = DIRECTION('',(1.,0.));
#7062 = ( GEOMETRIC_REPRESENTATION_CONTEXT(2) 
PARAMETRIC_REPRESENTATION_CONTEXT() REPRESENTATION_CONTEXT('2D SPACE',''
  ) );
#7063 = ORIENTED_EDGE('',*,*,#7064,.F.);
#7064 = EDGE_CURVE('',#6991,#7042,#7065,.T.);
#7065 = SURFACE_CURVE('',#7066,(#7070,#7077),.PCURVE_S1.);
#7066 = LINE('',#7067,#7068);
#7067 = CARTESIAN_POINT('',(-122.8342855148,212.21860969778,5.4));
#7068 = VECTOR('',#7069,1.);
#7069 = DIRECTION('',(-0.844327925502,-0.535826794979,0.));
#7070 = PCURVE('',#6999,#7071);
#7071 = DEFINITIONAL_REPRESENTATION('',(#7072),#7076);
#7072 = LINE('',#7073,#7074);
#7073 = CARTESIAN_POINT('',(0.4,0.));
#7074 = VECTOR('',#7075,1.);
#7075 = DIRECTION('',(0.,-1.));
#7076 = ( GEOMETRIC_REPRESENTATION_CONTEXT(2) 
PARAMETRIC_REPRESENTATION_CONTEXT() REPRESENTATION_CONTEXT('2D SPACE',''
  ) );
#7077 = PCURVE('',#6973,#7078);
#7078 = DEFINITIONAL_REPRESENTATION('',(#7079),#7083);
#7079 = LINE('',#7080,#7081);
#7080 = CARTESIAN_POINT('',(160.,0.));
#7081 = VECTOR('',#7082,1.);
#7082 = DIRECTION('',(0.,1.));
#7083 = ( GEOMETRIC_REPRESENTATION_CONTEXT(2) 
PARAMETRIC_REPRESENTATION_CONTEXT() REPRESENTATION_CONTEXT('2D SPACE',''
  ) );
#7084 = ADVANCED_FACE('',(#7085),#6891,.F.);
#7085 = FACE_BOUND('',#7086,.F.);
#7086 = EDGE_LOOP('',(#7087,#7108,#7109,#7130));
#7087 = ORIENTED_EDGE('',*,*,#7088,.F.);
#7088 = EDGE_CURVE('',#6869,#6989,#7089,.T.);
#7089 = SURFACE_CURVE('',#7090,(#7094,#7101),.PCURVE_S1.);
#7090 = LINE('',#7091,#7092);
#7091 = CARTESIAN_POINT('',(-37.10199831819,77.126141617461,5.));
#7092 = VECTOR('',#7093,1.);
#7093 = DIRECTION('',(-0.535826794979,0.844327925502,0.));
#7094 = PCURVE('',#6891,#7095);
#7095 = DEFINITIONAL_REPRESENTATION('',(#7096),#7100);
#7096 = LINE('',#7097,#7098);
#7097 = CARTESIAN_POINT('',(0.,0.));
#7098 = VECTOR('',#7099,1.);
#7099 = DIRECTION('',(0.,1.));
#7100 = ( GEOMETRIC_REPRESENTATION_CONTEXT(2) 
PARAMETRIC_REPRESENTATION_CONTEXT() REPRESENTATION_CONTEXT('2D SPACE',''
  ) );
#7101 = PCURVE('',#6919,#7102);
#7102 = DEFINITIONAL_REPRESENTATION('',(#7103),#7107);
#7103 = LINE('',#7104,#7105);
#7104 = CARTESIAN_POINT('',(0.,0.));
#7105 = VECTOR('',#7106,1.);
#7106 = DIRECTION('',(1.,0.));
#7107 = ( GEOMETRIC_REPRESENTATION_CONTEXT(2) 
PARAMETRIC_REPRESENTATION_CONTEXT() REPRESENTATION_CONTEXT('2D SPACE',''
  ) );
#7108 = ORIENTED_EDGE('',*,*,#6868,.T.);
#7109 = ORIENTED_EDGE('',*,*,#7110,.T.);
#7110 = EDGE_CURVE('',#6871,#6991,#7111,.T.);
#7111 = SURFACE_CURVE('',#7112,(#7116,#7123),.PCURVE_S1.);
#7112 = LINE('',#7113,#7114);
#7113 = CARTESIAN_POINT('',(-37.10199831819,77.126141617461,5.4));
#7114 = VECTOR('',#7115,1.);
#7115 = DIRECTION('',(-0.535826794979,0.844327925502,0.));
#7116 = PCURVE('',#6891,#7117);
#7117 = DEFINITIONAL_REPRESENTATION('',(#7118),#7122);
#7118 = LINE('',#7119,#7120);
#7119 = CARTESIAN_POINT('',(0.4,0.));
#7120 = VECTOR('',#7121,1.);
#7121 = DIRECTION('',(0.,1.));
#7122 = ( GEOMETRIC_REPRESENTATION_CONTEXT(2) 
PARAMETRIC_REPRESENTATION_CONTEXT() REPRESENTATION_CONTEXT('2D SPACE',''
  ) );
#7123 = PCURVE('',#6973,#7124);
#7124 = DEFINITIONAL_REPRESENTATION('',(#7125),#7129);
#7125 = LINE('',#7126,#7127);
#7126 = CARTESIAN_POINT('',(0.,0.));
#7127 = VECTOR('',#7128,1.);
#7128 = DIRECTION('',(1.,0.));
#7129 = ( GEOMETRIC_REPRESENTATION_CONTEXT(2) 
PARAMETRIC_REPRESENTATION_CONTEXT() REPRESENTATION_CONTEXT('2D SPACE',''
  ) );
#7130 = ORIENTED_EDGE('',*,*,#6988,.F.);
#7131 = ADVANCED_FACE('',(#7132),#6947,.T.);
#7132 = FACE_BOUND('',#7133,.T.);
#7133 = EDGE_LOOP('',(#7134,#7155,#7156,#7177));
#7134 = ORIENTED_EDGE('',*,*,#7135,.F.);
#7135 = EDGE_CURVE('',#6904,#7019,#7136,.T.);
#7136 = SURFACE_CURVE('',#7137,(#7141,#7148),.PCURVE_S1.);
#7137 = LINE('',#7138,#7139);
#7138 = CARTESIAN_POINT('',(-53.98855682823,66.409605717881,5.));
#7139 = VECTOR('',#7140,1.);
#7140 = DIRECTION('',(-0.535826794979,0.844327925502,0.));
#7141 = PCURVE('',#6947,#7142);
#7142 = DEFINITIONAL_REPRESENTATION('',(#7143),#7147);
#7143 = LINE('',#7144,#7145);
#7144 = CARTESIAN_POINT('',(0.,0.));
#7145 = VECTOR('',#7146,1.);
#7146 = DIRECTION('',(0.,1.));
#7147 = ( GEOMETRIC_REPRESENTATION_CONTEXT(2) 
PARAMETRIC_REPRESENTATION_CONTEXT() REPRESENTATION_CONTEXT('2D SPACE',''
  ) );
#7148 = PCURVE('',#6919,#7149);
#7149 = DEFINITIONAL_REPRESENTATION('',(#7150),#7154);
#7150 = LINE('',#7151,#7152);
#7151 = CARTESIAN_POINT('',(-8.881784197001E-15,20.));
#7152 = VECTOR('',#7153,1.);
#7153 = DIRECTION('',(1.,0.));
#7154 = ( GEOMETRIC_REPRESENTATION_CONTEXT(2) 
PARAMETRIC_REPRESENTATION_CONTEXT() REPRESENTATION_CONTEXT('2D SPACE',''
  ) );
#7155 = ORIENTED_EDGE('',*,*,#6931,.T.);
#7156 = ORIENTED_EDGE('',*,*,#7157,.T.);
#7157 = EDGE_CURVE('',#6932,#7042,#7158,.T.);
#7158 = SURFACE_CURVE('',#7159,(#7163,#7170),.PCURVE_S1.);
#7159 = LINE('',#7160,#7161);
#7160 = CARTESIAN_POINT('',(-53.98855682823,66.409605717881,5.4));
#7161 = VECTOR('',#7162,1.);
#7162 = DIRECTION('',(-0.535826794979,0.844327925502,0.));
#7163 = PCURVE('',#6947,#7164);
#7164 = DEFINITIONAL_REPRESENTATION('',(#7165),#7169);
#7165 = LINE('',#7166,#7167);
#7166 = CARTESIAN_POINT('',(0.4,0.));
#7167 = VECTOR('',#7168,1.);
#7168 = DIRECTION('',(0.,1.));
#7169 = ( GEOMETRIC_REPRESENTATION_CONTEXT(2) 
PARAMETRIC_REPRESENTATION_CONTEXT() REPRESENTATION_CONTEXT('2D SPACE',''
  ) );
#7170 = PCURVE('',#6973,#7171);
#7171 = DEFINITIONAL_REPRESENTATION('',(#7172),#7176);
#7172 = LINE('',#7173,#7174);
#7173 = CARTESIAN_POINT('',(-8.881784197001E-15,20.));
#7174 = VECTOR('',#7175,1.);
#7175 = DIRECTION('',(1.,0.));
#7176 = ( GEOMETRIC_REPRESENTATION_CONTEXT(2) 
PARAMETRIC_REPRESENTATION_CONTEXT() REPRESENTATION_CONTEXT('2D SPACE',''
  ) );
#7177 = ORIENTED_EDGE('',*,*,#7041,.F.);
#7178 = ADVANCED_FACE('',(#7179),#6919,.F.);
#7179 = FACE_BOUND('',#7180,.F.);
#7180 = EDGE_LOOP('',(#7181,#7182,#7183,#7184));
#7181 = ORIENTED_EDGE('',*,*,#6903,.F.);
#7182 = ORIENTED_EDGE('',*,*,#7088,.T.);
#7183 = ORIENTED_EDGE('',*,*,#7018,.T.);
#7184 = ORIENTED_EDGE('',*,*,#7135,.F.);
#7185 = ADVANCED_FACE('',(#7186),#6973,.T.);
#7186 = FACE_BOUND('',#7187,.T.);
#7187 = EDGE_LOOP('',(#7188,#7189,#7190,#7191));
#7188 = ORIENTED_EDGE('',*,*,#6959,.F.);
#7189 = ORIENTED_EDGE('',*,*,#7110,.T.);
#7190 = ORIENTED_EDGE('',*,*,#7064,.T.);
#7191 = ORIENTED_EDGE('',*,*,#7157,.F.);
#7192 = ( GEOMETRIC_REPRESENTATION_CONTEXT(3) 
GLOBAL_UNCERTAINTY_ASSIGNED_CONTEXT((#7196)) 
GLOBAL_UNIT_ASSIGNED_CONTEXT((#7193,#7194,#7195)) REPRESENTATION_CONTEXT
('Context #1','3D Context with UNIT and UNCERTAINTY') );
#7193 = ( LENGTH_UNIT() NAMED_UNIT(*) SI_UNIT(.MILLI.,.METRE.) );
#7194 = ( NAMED_UNIT(*) PLANE_ANGLE_UNIT() SI_UNIT($,.RADIAN.) );
#7195 = ( NAMED_UNIT(*) SI_UNIT($,.STERADIAN.) SOLID_ANGLE_UNIT() );
#7196 = UNCERTAINTY_MEASURE_WITH_UNIT(LENGTH_MEASURE(1.E-07),#7193,
  'distance_accuracy_value','confusion accuracy');
#7197 = CONTEXT_DEPENDENT_SHAPE_REPRESENTATION(#7198,#7200);
#7198 = ( REPRESENTATION_RELATIONSHIP('','',#6861,#709) 
REPRESENTATION_RELATIONSHIP_WITH_TRANSFORMATION(#7199) 
SHAPE_REPRESENTATION_RELATIONSHIP() );
#7199 = ITEM_DEFINED_TRANSFORMATION('','',#11,#778);
#7200 = PRODUCT_DEFINITION_SHAPE('Placement','Placement of an item',
  #7201);
#7201 = NEXT_ASSEMBLY_USAGE_OCCURRENCE('26','','',#704,#6856,$);
#7202 = PRODUCT_RELATED_PRODUCT_CATEGORY('part',$,(#6858));
#7203 = SHAPE_DEFINITION_REPRESENTATION(#7204,#7210);
#7204 = PRODUCT_DEFINITION_SHAPE('','',#7205);
#7205 = PRODUCT_DEFINITION('design','',#7206,#7209);
#7206 = PRODUCT_DEFINITION_FORMATION('','',#7207);
#7207 = PRODUCT('Open CASCADE STEP translator 7.9 2.2.19',
  'Open CASCADE STEP translator 7.9 2.2.19','',(#7208));
#7208 = PRODUCT_CONTEXT('',#2,'mechanical');
#7209 = PRODUCT_DEFINITION_CONTEXT('part definition',#2,'design');
#7210 = ADVANCED_BREP_SHAPE_REPRESENTATION('',(#11,#7211),#7541);
#7211 = MANIFOLD_SOLID_BREP('',#7212);
#7212 = CLOSED_SHELL('',(#7213,#7333,#7433,#7480,#7527,#7534));
#7213 = ADVANCED_FACE('',(#7214),#7228,.F.);
#7214 = FACE_BOUND('',#7215,.F.);
#7215 = EDGE_LOOP('',(#7216,#7251,#7279,#7307));
#7216 = ORIENTED_EDGE('',*,*,#7217,.F.);
#7217 = EDGE_CURVE('',#7218,#7220,#7222,.T.);
#7218 = VERTEX_POINT('',#7219);
#7219 = CARTESIAN_POINT('',(-46.47590670088,71.867865533429,5.));
#7220 = VERTEX_POINT('',#7221);
#7221 = CARTESIAN_POINT('',(-46.47590670088,71.867865533429,5.4));
#7222 = SURFACE_CURVE('',#7223,(#7227,#7239),.PCURVE_S1.);
#7223 = LINE('',#7224,#7225);
#7224 = CARTESIAN_POINT('',(-46.47590670088,71.867865533429,5.));
#7225 = VECTOR('',#7226,1.);
#7226 = DIRECTION('',(0.,0.,1.));
#7227 = PCURVE('',#7228,#7233);
#7228 = PLANE('',#7229);
#7229 = AXIS2_PLACEMENT_3D('',#7230,#7231,#7232);
#7230 = CARTESIAN_POINT('',(-46.47590670088,71.867865533429,5.));
#7231 = DIRECTION('',(-0.637423989749,0.770513242776,0.));
#7232 = DIRECTION('',(0.,0.,1.));
#7233 = DEFINITIONAL_REPRESENTATION('',(#7234),#7238);
#7234 = LINE('',#7235,#7236);
#7235 = CARTESIAN_POINT('',(0.,0.));
#7236 = VECTOR('',#7237,1.);
#7237 = DIRECTION('',(1.,0.));
#7238 = ( GEOMETRIC_REPRESENTATION_CONTEXT(2) 
PARAMETRIC_REPRESENTATION_CONTEXT() REPRESENTATION_CONTEXT('2D SPACE',''
  ) );
#7239 = PCURVE('',#7240,#7245);
#7240 = PLANE('',#7241);
#7241 = AXIS2_PLACEMENT_3D('',#7242,#7243,#7244);
#7242 = CARTESIAN_POINT('',(-46.47590670088,71.867865533429,5.));
#7243 = DIRECTION('',(-0.770513242776,-0.637423989749,0.));
#7244 = DIRECTION('',(0.,0.,1.));
#7245 = DEFINITIONAL_REPRESENTATION('',(#7246),#7250);
#7246 = LINE('',#7247,#7248);
#7247 = CARTESIAN_POINT('',(0.,0.));
#7248 = VECTOR('',#7249,1.);
#7249 = DIRECTION('',(1.,0.));
#7250 = ( GEOMETRIC_REPRESENTATION_CONTEXT(2) 
PARAMETRIC_REPRESENTATION_CONTEXT() REPRESENTATION_CONTEXT('2D SPACE',''
  ) );
#7251 = ORIENTED_EDGE('',*,*,#7252,.T.);
#7252 = EDGE_CURVE('',#7218,#7253,#7255,.T.);
#7253 = VERTEX_POINT('',#7254);
#7254 = CARTESIAN_POINT('',(-61.88617155639,59.119385738455,5.));
#7255 = SURFACE_CURVE('',#7256,(#7260,#7267),.PCURVE_S1.);
#7256 = LINE('',#7257,#7258);
#7257 = CARTESIAN_POINT('',(-46.47590670088,71.867865533429,5.));
#7258 = VECTOR('',#7259,1.);
#7259 = DIRECTION('',(-0.770513242776,-0.637423989749,0.));
#7260 = PCURVE('',#7228,#7261);
#7261 = DEFINITIONAL_REPRESENTATION('',(#7262),#7266);
#7262 = LINE('',#7263,#7264);
#7263 = CARTESIAN_POINT('',(0.,0.));
#7264 = VECTOR('',#7265,1.);
#7265 = DIRECTION('',(0.,-1.));
#7266 = ( GEOMETRIC_REPRESENTATION_CONTEXT(2) 
PARAMETRIC_REPRESENTATION_CONTEXT() REPRESENTATION_CONTEXT('2D SPACE',''
  ) );
#7267 = PCURVE('',#7268,#7273);
#7268 = PLANE('',#7269);
#7269 = AXIS2_PLACEMENT_3D('',#7270,#7271,#7272);
#7270 = CARTESIAN_POINT('',(-46.47590670088,71.867865533429,5.));
#7271 = DIRECTION('',(0.,0.,1.));
#7272 = DIRECTION('',(-0.637423989749,0.770513242776,0.));
#7273 = DEFINITIONAL_REPRESENTATION('',(#7274),#7278);
#7274 = LINE('',#7275,#7276);
#7275 = CARTESIAN_POINT('',(0.,0.));
#7276 = VECTOR('',#7277,1.);
#7277 = DIRECTION('',(0.,1.));
#7278 = ( GEOMETRIC_REPRESENTATION_CONTEXT(2) 
PARAMETRIC_REPRESENTATION_CONTEXT() REPRESENTATION_CONTEXT('2D SPACE',''
  ) );
#7279 = ORIENTED_EDGE('',*,*,#7280,.T.);
#7280 = EDGE_CURVE('',#7253,#7281,#7283,.T.);
#7281 = VERTEX_POINT('',#7282);
#7282 = CARTESIAN_POINT('',(-61.88617155639,59.119385738455,5.4));
#7283 = SURFACE_CURVE('',#7284,(#7288,#7295),.PCURVE_S1.);
#7284 = LINE('',#7285,#7286);
#7285 = CARTESIAN_POINT('',(-61.88617155639,59.119385738455,5.));
#7286 = VECTOR('',#7287,1.);
#7287 = DIRECTION('',(0.,0.,1.));
#7288 = PCURVE('',#7228,#7289);
#7289 = DEFINITIONAL_REPRESENTATION('',(#7290),#7294);
#7290 = LINE('',#7291,#7292);
#7291 = CARTESIAN_POINT('',(0.,-20.));
#7292 = VECTOR('',#7293,1.);
#7293 = DIRECTION('',(1.,0.));
#7294 = ( GEOMETRIC_REPRESENTATION_CONTEXT(2) 
PARAMETRIC_REPRESENTATION_CONTEXT() REPRESENTATION_CONTEXT('2D SPACE',''
  ) );
#7295 = PCURVE('',#7296,#7301);
#7296 = PLANE('',#7297);
#7297 = AXIS2_PLACEMENT_3D('',#7298,#7299,#7300);
#7298 = CARTESIAN_POINT('',(-61.88617155639,59.119385738455,5.));
#7299 = DIRECTION('',(-0.770513242776,-0.637423989749,0.));
#7300 = DIRECTION('',(0.,0.,1.));
#7301 = DEFINITIONAL_REPRESENTATION('',(#7302),#7306);
#7302 = LINE('',#7303,#7304);
#7303 = CARTESIAN_POINT('',(0.,0.));
#7304 = VECTOR('',#7305,1.);
#7305 = DIRECTION('',(1.,0.));
#7306 = ( GEOMETRIC_REPRESENTATION_CONTEXT(2) 
PARAMETRIC_REPRESENTATION_CONTEXT() REPRESENTATION_CONTEXT('2D SPACE',''
  ) );
#7307 = ORIENTED_EDGE('',*,*,#7308,.F.);
#7308 = EDGE_CURVE('',#7220,#7281,#7309,.T.);
#7309 = SURFACE_CURVE('',#7310,(#7314,#7321),.PCURVE_S1.);
#7310 = LINE('',#7311,#7312);
#7311 = CARTESIAN_POINT('',(-46.47590670088,71.867865533429,5.4));
#7312 = VECTOR('',#7313,1.);
#7313 = DIRECTION('',(-0.770513242776,-0.637423989749,0.));
#7314 = PCURVE('',#7228,#7315);
#7315 = DEFINITIONAL_REPRESENTATION('',(#7316),#7320);
#7316 = LINE('',#7317,#7318);
#7317 = CARTESIAN_POINT('',(0.4,0.));
#7318 = VECTOR('',#7319,1.);
#7319 = DIRECTION('',(0.,-1.));
#7320 = ( GEOMETRIC_REPRESENTATION_CONTEXT(2) 
PARAMETRIC_REPRESENTATION_CONTEXT() REPRESENTATION_CONTEXT('2D SPACE',''
  ) );
#7321 = PCURVE('',#7322,#7327);
#7322 = PLANE('',#7323);
#7323 = AXIS2_PLACEMENT_3D('',#7324,#7325,#7326);
#7324 = CARTESIAN_POINT('',(-46.47590670088,71.867865533429,5.4));
#7325 = DIRECTION('',(0.,0.,1.));
#7326 = DIRECTION('',(-0.637423989749,0.770513242776,0.));
#7327 = DEFINITIONAL_REPRESENTATION('',(#7328),#7332);
#7328 = LINE('',#7329,#7330);
#7329 = CARTESIAN_POINT('',(0.,0.));
#7330 = VECTOR('',#7331,1.);
#7331 = DIRECTION('',(0.,1.));
#7332 = ( GEOMETRIC_REPRESENTATION_CONTEXT(2) 
PARAMETRIC_REPRESENTATION_CONTEXT() REPRESENTATION_CONTEXT('2D SPACE',''
  ) );
#7333 = ADVANCED_FACE('',(#7334),#7348,.T.);
#7334 = FACE_BOUND('',#7335,.T.);
#7335 = EDGE_LOOP('',(#7336,#7366,#7389,#7412));
#7336 = ORIENTED_EDGE('',*,*,#7337,.F.);
#7337 = EDGE_CURVE('',#7338,#7340,#7342,.T.);
#7338 = VERTEX_POINT('',#7339);
#7339 = CARTESIAN_POINT('',(-148.4637450606,195.14998437755,5.));
#7340 = VERTEX_POINT('',#7341);
#7341 = CARTESIAN_POINT('',(-148.4637450606,195.14998437755,5.4));
#7342 = SURFACE_CURVE('',#7343,(#7347,#7359),.PCURVE_S1.);
#7343 = LINE('',#7344,#7345);
#7344 = CARTESIAN_POINT('',(-148.4637450606,195.14998437755,5.));
#7345 = VECTOR('',#7346,1.);
#7346 = DIRECTION('',(0.,0.,1.));
#7347 = PCURVE('',#7348,#7353);
#7348 = PLANE('',#7349);
#7349 = AXIS2_PLACEMENT_3D('',#7350,#7351,#7352);
#7350 = CARTESIAN_POINT('',(-148.4637450606,195.14998437755,5.));
#7351 = DIRECTION('',(-0.637423989749,0.770513242776,0.));
#7352 = DIRECTION('',(0.,0.,1.));
#7353 = DEFINITIONAL_REPRESENTATION('',(#7354),#7358);
#7354 = LINE('',#7355,#7356);
#7355 = CARTESIAN_POINT('',(0.,0.));
#7356 = VECTOR('',#7357,1.);
#7357 = DIRECTION('',(1.,0.));
#7358 = ( GEOMETRIC_REPRESENTATION_CONTEXT(2) 
PARAMETRIC_REPRESENTATION_CONTEXT() REPRESENTATION_CONTEXT('2D SPACE',''
  ) );
#7359 = PCURVE('',#7240,#7360);
#7360 = DEFINITIONAL_REPRESENTATION('',(#7361),#7365);
#7361 = LINE('',#7362,#7363);
#7362 = CARTESIAN_POINT('',(0.,160.));
#7363 = VECTOR('',#7364,1.);
#7364 = DIRECTION('',(1.,0.));
#7365 = ( GEOMETRIC_REPRESENTATION_CONTEXT(2) 
PARAMETRIC_REPRESENTATION_CONTEXT() REPRESENTATION_CONTEXT('2D SPACE',''
  ) );
#7366 = ORIENTED_EDGE('',*,*,#7367,.T.);
#7367 = EDGE_CURVE('',#7338,#7368,#7370,.T.);
#7368 = VERTEX_POINT('',#7369);
#7369 = CARTESIAN_POINT('',(-163.8740099161,182.40150458258,5.));
#7370 = SURFACE_CURVE('',#7371,(#7375,#7382),.PCURVE_S1.);
#7371 = LINE('',#7372,#7373);
#7372 = CARTESIAN_POINT('',(-148.4637450606,195.14998437755,5.));
#7373 = VECTOR('',#7374,1.);
#7374 = DIRECTION('',(-0.770513242776,-0.637423989749,0.));
#7375 = PCURVE('',#7348,#7376);
#7376 = DEFINITIONAL_REPRESENTATION('',(#7377),#7381);
#7377 = LINE('',#7378,#7379);
#7378 = CARTESIAN_POINT('',(0.,0.));
#7379 = VECTOR('',#7380,1.);
#7380 = DIRECTION('',(0.,-1.));
#7381 = ( GEOMETRIC_REPRESENTATION_CONTEXT(2) 
PARAMETRIC_REPRESENTATION_CONTEXT() REPRESENTATION_CONTEXT('2D SPACE',''
  ) );
#7382 = PCURVE('',#7268,#7383);
#7383 = DEFINITIONAL_REPRESENTATION('',(#7384),#7388);
#7384 = LINE('',#7385,#7386);
#7385 = CARTESIAN_POINT('',(160.,1.42108547152E-14));
#7386 = VECTOR('',#7387,1.);
#7387 = DIRECTION('',(0.,1.));
#7388 = ( GEOMETRIC_REPRESENTATION_CONTEXT(2) 
PARAMETRIC_REPRESENTATION_CONTEXT() REPRESENTATION_CONTEXT('2D SPACE',''
  ) );
#7389 = ORIENTED_EDGE('',*,*,#7390,.T.);
#7390 = EDGE_CURVE('',#7368,#7391,#7393,.T.);
#7391 = VERTEX_POINT('',#7392);
#7392 = CARTESIAN_POINT('',(-163.8740099161,182.40150458258,5.4));
#7393 = SURFACE_CURVE('',#7394,(#7398,#7405),.PCURVE_S1.);
#7394 = LINE('',#7395,#7396);
#7395 = CARTESIAN_POINT('',(-163.8740099161,182.40150458258,5.));
#7396 = VECTOR('',#7397,1.);
#7397 = DIRECTION('',(0.,0.,1.));
#7398 = PCURVE('',#7348,#7399);
#7399 = DEFINITIONAL_REPRESENTATION('',(#7400),#7404);
#7400 = LINE('',#7401,#7402);
#7401 = CARTESIAN_POINT('',(0.,-20.));
#7402 = VECTOR('',#7403,1.);
#7403 = DIRECTION('',(1.,0.));
#7404 = ( GEOMETRIC_REPRESENTATION_CONTEXT(2) 
PARAMETRIC_REPRESENTATION_CONTEXT() REPRESENTATION_CONTEXT('2D SPACE',''
  ) );
#7405 = PCURVE('',#7296,#7406);
#7406 = DEFINITIONAL_REPRESENTATION('',(#7407),#7411);
#7407 = LINE('',#7408,#7409);
#7408 = CARTESIAN_POINT('',(0.,160.));
#7409 = VECTOR('',#7410,1.);
#7410 = DIRECTION('',(1.,0.));
#7411 = ( GEOMETRIC_REPRESENTATION_CONTEXT(2) 
PARAMETRIC_REPRESENTATION_CONTEXT() REPRESENTATION_CONTEXT('2D SPACE',''
  ) );
#7412 = ORIENTED_EDGE('',*,*,#7413,.F.);
#7413 = EDGE_CURVE('',#7340,#7391,#7414,.T.);
#7414 = SURFACE_CURVE('',#7415,(#7419,#7426),.PCURVE_S1.);
#7415 = LINE('',#7416,#7417);
#7416 = CARTESIAN_POINT('',(-148.4637450606,195.14998437755,5.4));
#7417 = VECTOR('',#7418,1.);
#7418 = DIRECTION('',(-0.770513242776,-0.637423989749,0.));
#7419 = PCURVE('',#7348,#7420);
#7420 = DEFINITIONAL_REPRESENTATION('',(#7421),#7425);
#7421 = LINE('',#7422,#7423);
#7422 = CARTESIAN_POINT('',(0.4,0.));
#7423 = VECTOR('',#7424,1.);
#7424 = DIRECTION('',(0.,-1.));
#7425 = ( GEOMETRIC_REPRESENTATION_CONTEXT(2) 
PARAMETRIC_REPRESENTATION_CONTEXT() REPRESENTATION_CONTEXT('2D SPACE',''
  ) );
#7426 = PCURVE('',#7322,#7427);
#7427 = DEFINITIONAL_REPRESENTATION('',(#7428),#7432);
#7428 = LINE('',#7429,#7430);
#7429 = CARTESIAN_POINT('',(160.,1.42108547152E-14));
#7430 = VECTOR('',#7431,1.);
#7431 = DIRECTION('',(0.,1.));
#7432 = ( GEOMETRIC_REPRESENTATION_CONTEXT(2) 
PARAMETRIC_REPRESENTATION_CONTEXT() REPRESENTATION_CONTEXT('2D SPACE',''
  ) );
#7433 = ADVANCED_FACE('',(#7434),#7240,.F.);
#7434 = FACE_BOUND('',#7435,.F.);
#7435 = EDGE_LOOP('',(#7436,#7457,#7458,#7479));
#7436 = ORIENTED_EDGE('',*,*,#7437,.F.);
#7437 = EDGE_CURVE('',#7218,#7338,#7438,.T.);
#7438 = SURFACE_CURVE('',#7439,(#7443,#7450),.PCURVE_S1.);
#7439 = LINE('',#7440,#7441);
#7440 = CARTESIAN_POINT('',(-46.47590670088,71.867865533429,5.));
#7441 = VECTOR('',#7442,1.);
#7442 = DIRECTION('',(-0.637423989749,0.770513242776,0.));
#7443 = PCURVE('',#7240,#7444);
#7444 = DEFINITIONAL_REPRESENTATION('',(#7445),#7449);
#7445 = LINE('',#7446,#7447);
#7446 = CARTESIAN_POINT('',(0.,0.));
#7447 = VECTOR('',#7448,1.);
#7448 = DIRECTION('',(0.,1.));
#7449 = ( GEOMETRIC_REPRESENTATION_CONTEXT(2) 
PARAMETRIC_REPRESENTATION_CONTEXT() REPRESENTATION_CONTEXT('2D SPACE',''
  ) );
#7450 = PCURVE('',#7268,#7451);
#7451 = DEFINITIONAL_REPRESENTATION('',(#7452),#7456);
#7452 = LINE('',#7453,#7454);
#7453 = CARTESIAN_POINT('',(0.,0.));
#7454 = VECTOR('',#7455,1.);
#7455 = DIRECTION('',(1.,0.));
#7456 = ( GEOMETRIC_REPRESENTATION_CONTEXT(2) 
PARAMETRIC_REPRESENTATION_CONTEXT() REPRESENTATION_CONTEXT('2D SPACE',''
  ) );
#7457 = ORIENTED_EDGE('',*,*,#7217,.T.);
#7458 = ORIENTED_EDGE('',*,*,#7459,.T.);
#7459 = EDGE_CURVE('',#7220,#7340,#7460,.T.);
#7460 = SURFACE_CURVE('',#7461,(#7465,#7472),.PCURVE_S1.);
#7461 = LINE('',#7462,#7463);
#7462 = CARTESIAN_POINT('',(-46.47590670088,71.867865533429,5.4));
#7463 = VECTOR('',#7464,1.);
#7464 = DIRECTION('',(-0.637423989749,0.770513242776,0.));
#7465 = PCURVE('',#7240,#7466);
#7466 = DEFINITIONAL_REPRESENTATION('',(#7467),#7471);
#7467 = LINE('',#7468,#7469);
#7468 = CARTESIAN_POINT('',(0.4,0.));
#7469 = VECTOR('',#7470,1.);
#7470 = DIRECTION('',(0.,1.));
#7471 = ( GEOMETRIC_REPRESENTATION_CONTEXT(2) 
PARAMETRIC_REPRESENTATION_CONTEXT() REPRESENTATION_CONTEXT('2D SPACE',''
  ) );
#7472 = PCURVE('',#7322,#7473);
#7473 = DEFINITIONAL_REPRESENTATION('',(#7474),#7478);
#7474 = LINE('',#7475,#7476);
#7475 = CARTESIAN_POINT('',(0.,0.));
#7476 = VECTOR('',#7477,1.);
#7477 = DIRECTION('',(1.,0.));
#7478 = ( GEOMETRIC_REPRESENTATION_CONTEXT(2) 
PARAMETRIC_REPRESENTATION_CONTEXT() REPRESENTATION_CONTEXT('2D SPACE',''
  ) );
#7479 = ORIENTED_EDGE('',*,*,#7337,.F.);
#7480 = ADVANCED_FACE('',(#7481),#7296,.T.);
#7481 = FACE_BOUND('',#7482,.T.);
#7482 = EDGE_LOOP('',(#7483,#7504,#7505,#7526));
#7483 = ORIENTED_EDGE('',*,*,#7484,.F.);
#7484 = EDGE_CURVE('',#7253,#7368,#7485,.T.);
#7485 = SURFACE_CURVE('',#7486,(#7490,#7497),.PCURVE_S1.);
#7486 = LINE('',#7487,#7488);
#7487 = CARTESIAN_POINT('',(-61.88617155639,59.119385738455,5.));
#7488 = VECTOR('',#7489,1.);
#7489 = DIRECTION('',(-0.637423989749,0.770513242776,0.));
#7490 = PCURVE('',#7296,#7491);
#7491 = DEFINITIONAL_REPRESENTATION('',(#7492),#7496);
#7492 = LINE('',#7493,#7494);
#7493 = CARTESIAN_POINT('',(0.,0.));
#7494 = VECTOR('',#7495,1.);
#7495 = DIRECTION('',(0.,1.));
#7496 = ( GEOMETRIC_REPRESENTATION_CONTEXT(2) 
PARAMETRIC_REPRESENTATION_CONTEXT() REPRESENTATION_CONTEXT('2D SPACE',''
  ) );
#7497 = PCURVE('',#7268,#7498);
#7498 = DEFINITIONAL_REPRESENTATION('',(#7499),#7503);
#7499 = LINE('',#7500,#7501);
#7500 = CARTESIAN_POINT('',(-5.329070518201E-15,20.));
#7501 = VECTOR('',#7502,1.);
#7502 = DIRECTION('',(1.,0.));
#7503 = ( GEOMETRIC_REPRESENTATION_CONTEXT(2) 
PARAMETRIC_REPRESENTATION_CONTEXT() REPRESENTATION_CONTEXT('2D SPACE',''
  ) );
#7504 = ORIENTED_EDGE('',*,*,#7280,.T.);
#7505 = ORIENTED_EDGE('',*,*,#7506,.T.);
#7506 = EDGE_CURVE('',#7281,#7391,#7507,.T.);
#7507 = SURFACE_CURVE('',#7508,(#7512,#7519),.PCURVE_S1.);
#7508 = LINE('',#7509,#7510);
#7509 = CARTESIAN_POINT('',(-61.88617155639,59.119385738455,5.4));
#7510 = VECTOR('',#7511,1.);
#7511 = DIRECTION('',(-0.637423989749,0.770513242776,0.));
#7512 = PCURVE('',#7296,#7513);
#7513 = DEFINITIONAL_REPRESENTATION('',(#7514),#7518);
#7514 = LINE('',#7515,#7516);
#7515 = CARTESIAN_POINT('',(0.4,0.));
#7516 = VECTOR('',#7517,1.);
#7517 = DIRECTION('',(0.,1.));
#7518 = ( GEOMETRIC_REPRESENTATION_CONTEXT(2) 
PARAMETRIC_REPRESENTATION_CONTEXT() REPRESENTATION_CONTEXT('2D SPACE',''
  ) );
#7519 = PCURVE('',#7322,#7520);
#7520 = DEFINITIONAL_REPRESENTATION('',(#7521),#7525);
#7521 = LINE('',#7522,#7523);
#7522 = CARTESIAN_POINT('',(-5.329070518201E-15,20.));
#7523 = VECTOR('',#7524,1.);
#7524 = DIRECTION('',(1.,0.));
#7525 = ( GEOMETRIC_REPRESENTATION_CONTEXT(2) 
PARAMETRIC_REPRESENTATION_CONTEXT() REPRESENTATION_CONTEXT('2D SPACE',''
  ) );
#7526 = ORIENTED_EDGE('',*,*,#7390,.F.);
#7527 = ADVANCED_FACE('',(#7528),#7268,.F.);
#7528 = FACE_BOUND('',#7529,.F.);
#7529 = EDGE_LOOP('',(#7530,#7531,#7532,#7533));
#7530 = ORIENTED_EDGE('',*,*,#7252,.F.);
#7531 = ORIENTED_EDGE('',*,*,#7437,.T.);
#7532 = ORIENTED_EDGE('',*,*,#7367,.T.);
#7533 = ORIENTED_EDGE('',*,*,#7484,.F.);
#7534 = ADVANCED_FACE('',(#7535),#7322,.T.);
#7535 = FACE_BOUND('',#7536,.T.);
#7536 = EDGE_LOOP('',(#7537,#7538,#7539,#7540));
#7537 = ORIENTED_EDGE('',*,*,#7308,.F.);
#7538 = ORIENTED_EDGE('',*,*,#7459,.T.);
#7539 = ORIENTED_EDGE('',*,*,#7413,.T.);
#7540 = ORIENTED_EDGE('',*,*,#7506,.F.);
#7541 = ( GEOMETRIC_REPRESENTATION_CONTEXT(3) 
GLOBAL_UNCERTAINTY_ASSIGNED_CONTEXT((#7545)) 
GLOBAL_UNIT_ASSIGNED_CONTEXT((#7542,#7543,#7544)) REPRESENTATION_CONTEXT
('Context #1','3D Context with UNIT and UNCERTAINTY') );
#7542 = ( LENGTH_UNIT() NAMED_UNIT(*) SI_UNIT(.MILLI.,.METRE.) );
#7543 = ( NAMED_UNIT(*) PLANE_ANGLE_UNIT() SI_UNIT($,.RADIAN.) );
#7544 = ( NAMED_UNIT(*) SI_UNIT($,.STERADIAN.) SOLID_ANGLE_UNIT() );
#7545 = UNCERTAINTY_MEASURE_WITH_UNIT(LENGTH_MEASURE(1.E-07),#7542,
  'distance_accuracy_value','confusion accuracy');
#7546 = CONTEXT_DEPENDENT_SHAPE_REPRESENTATION(#7547,#7549);
#7547 = ( REPRESENTATION_RELATIONSHIP('','',#7210,#709) 
REPRESENTATION_RELATIONSHIP_WITH_TRANSFORMATION(#7548) 
SHAPE_REPRESENTATION_RELATIONSHIP() );
#7548 = ITEM_DEFINED_TRANSFORMATION('','',#11,#782);
#7549 = PRODUCT_DEFINITION_SHAPE('Placement','Placement of an item',
  #7550);
#7550 = NEXT_ASSEMBLY_USAGE_OCCURRENCE('27','','',#704,#7205,$);
#7551 = PRODUCT_RELATED_PRODUCT_CATEGORY('part',$,(#7207));
#7552 = SHAPE_DEFINITION_REPRESENTATION(#7553,#7559);
#7553 = PRODUCT_DEFINITION_SHAPE('','',#7554);
#7554 = PRODUCT_DEFINITION('design','',#7555,#7558);
#7555 = PRODUCT_DEFINITION_FORMATION('','',#7556);
#7556 = PRODUCT('Open CASCADE STEP translator 7.9 2.2.20',
  'Open CASCADE STEP translator 7.9 2.2.20','',(#7557));
#7557 = PRODUCT_CONTEXT('',#2,'mechanical');
#7558 = PRODUCT_DEFINITION_CONTEXT('part definition',#2,'design');
#7559 = ADVANCED_BREP_SHAPE_REPRESENTATION('',(#11,#7560),#7890);
#7560 = MANIFOLD_SOLID_BREP('',#7561);
#7561 = CLOSED_SHELL('',(#7562,#7682,#7782,#7829,#7876,#7883));
#7562 = ADVANCED_FACE('',(#7563),#7577,.F.);
#7563 = FACE_BOUND('',#7564,.F.);
#7564 = EDGE_LOOP('',(#7565,#7600,#7628,#7656));
#7565 = ORIENTED_EDGE('',*,*,#7566,.F.);
#7566 = EDGE_CURVE('',#7567,#7569,#7571,.T.);
#7567 = VERTEX_POINT('',#7568);
#7568 = CARTESIAN_POINT('',(-55.11686227153,65.476190278153,5.));
#7569 = VERTEX_POINT('',#7570);
#7570 = CARTESIAN_POINT('',(-55.11686227153,65.476190278153,5.4));
#7571 = SURFACE_CURVE('',#7572,(#7576,#7588),.PCURVE_S1.);
#7572 = LINE('',#7573,#7574);
#7573 = CARTESIAN_POINT('',(-55.11686227153,65.476190278153,5.));
#7574 = VECTOR('',#7575,1.);
#7575 = DIRECTION('',(0.,0.,1.));
#7576 = PCURVE('',#7577,#7582);
#7577 = PLANE('',#7578);
#7578 = AXIS2_PLACEMENT_3D('',#7579,#7580,#7581);
#7579 = CARTESIAN_POINT('',(-55.11686227153,65.476190278153,5.));
#7580 = DIRECTION('',(-0.728968627421,0.684547105929,0.));
#7581 = DIRECTION('',(0.,0.,1.));
#7582 = DEFINITIONAL_REPRESENTATION('',(#7583),#7587);
#7583 = LINE('',#7584,#7585);
#7584 = CARTESIAN_POINT('',(0.,0.));
#7585 = VECTOR('',#7586,1.);
#7586 = DIRECTION('',(1.,0.));
#7587 = ( GEOMETRIC_REPRESENTATION_CONTEXT(2) 
PARAMETRIC_REPRESENTATION_CONTEXT() REPRESENTATION_CONTEXT('2D SPACE',''
  ) );
#7588 = PCURVE('',#7589,#7594);
#7589 = PLANE('',#7590);
#7590 = AXIS2_PLACEMENT_3D('',#7591,#7592,#7593);
#7591 = CARTESIAN_POINT('',(-55.11686227153,65.476190278153,5.));
#7592 = DIRECTION('',(-0.684547105929,-0.728968627421,0.));
#7593 = DIRECTION('',(0.,0.,1.));
#7594 = DEFINITIONAL_REPRESENTATION('',(#7595),#7599);
#7595 = LINE('',#7596,#7597);
#7596 = CARTESIAN_POINT('',(0.,0.));
#7597 = VECTOR('',#7598,1.);
#7598 = DIRECTION('',(1.,0.));
#7599 = ( GEOMETRIC_REPRESENTATION_CONTEXT(2) 
PARAMETRIC_REPRESENTATION_CONTEXT() REPRESENTATION_CONTEXT('2D SPACE',''
  ) );
#7600 = ORIENTED_EDGE('',*,*,#7601,.T.);
#7601 = EDGE_CURVE('',#7567,#7602,#7604,.T.);
#7602 = VERTEX_POINT('',#7603);
#7603 = CARTESIAN_POINT('',(-68.8078043901,50.896817729724,5.));
#7604 = SURFACE_CURVE('',#7605,(#7609,#7616),.PCURVE_S1.);
#7605 = LINE('',#7606,#7607);
#7606 = CARTESIAN_POINT('',(-55.11686227153,65.476190278153,5.));
#7607 = VECTOR('',#7608,1.);
#7608 = DIRECTION('',(-0.684547105929,-0.728968627421,0.));
#7609 = PCURVE('',#7577,#7610);
#7610 = DEFINITIONAL_REPRESENTATION('',(#7611),#7615);
#7611 = LINE('',#7612,#7613);
#7612 = CARTESIAN_POINT('',(0.,0.));
#7613 = VECTOR('',#7614,1.);
#7614 = DIRECTION('',(0.,-1.));
#7615 = ( GEOMETRIC_REPRESENTATION_CONTEXT(2) 
PARAMETRIC_REPRESENTATION_CONTEXT() REPRESENTATION_CONTEXT('2D SPACE',''
  ) );
#7616 = PCURVE('',#7617,#7622);
#7617 = PLANE('',#7618);
#7618 = AXIS2_PLACEMENT_3D('',#7619,#7620,#7621);
#7619 = CARTESIAN_POINT('',(-55.11686227153,65.476190278153,5.));
#7620 = DIRECTION('',(0.,0.,1.));
#7621 = DIRECTION('',(-0.728968627421,0.684547105929,0.));
#7622 = DEFINITIONAL_REPRESENTATION('',(#7623),#7627);
#7623 = LINE('',#7624,#7625);
#7624 = CARTESIAN_POINT('',(0.,0.));
#7625 = VECTOR('',#7626,1.);
#7626 = DIRECTION('',(0.,1.));
#7627 = ( GEOMETRIC_REPRESENTATION_CONTEXT(2) 
PARAMETRIC_REPRESENTATION_CONTEXT() REPRESENTATION_CONTEXT('2D SPACE',''
  ) );
#7628 = ORIENTED_EDGE('',*,*,#7629,.T.);
#7629 = EDGE_CURVE('',#7602,#7630,#7632,.T.);
#7630 = VERTEX_POINT('',#7631);
#7631 = CARTESIAN_POINT('',(-68.8078043901,50.896817729724,5.4));
#7632 = SURFACE_CURVE('',#7633,(#7637,#7644),.PCURVE_S1.);
#7633 = LINE('',#7634,#7635);
#7634 = CARTESIAN_POINT('',(-68.8078043901,50.896817729724,5.));
#7635 = VECTOR('',#7636,1.);
#7636 = DIRECTION('',(0.,0.,1.));
#7637 = PCURVE('',#7577,#7638);
#7638 = DEFINITIONAL_REPRESENTATION('',(#7639),#7643);
#7639 = LINE('',#7640,#7641);
#7640 = CARTESIAN_POINT('',(0.,-20.));
#7641 = VECTOR('',#7642,1.);
#7642 = DIRECTION('',(1.,0.));
#7643 = ( GEOMETRIC_REPRESENTATION_CONTEXT(2) 
PARAMETRIC_REPRESENTATION_CONTEXT() REPRESENTATION_CONTEXT('2D SPACE',''
  ) );
#7644 = PCURVE('',#7645,#7650);
#7645 = PLANE('',#7646);
#7646 = AXIS2_PLACEMENT_3D('',#7647,#7648,#7649);
#7647 = CARTESIAN_POINT('',(-68.8078043901,50.896817729724,5.));
#7648 = DIRECTION('',(-0.684547105929,-0.728968627421,0.));
#7649 = DIRECTION('',(0.,0.,1.));
#7650 = DEFINITIONAL_REPRESENTATION('',(#7651),#7655);
#7651 = LINE('',#7652,#7653);
#7652 = CARTESIAN_POINT('',(0.,0.));
#7653 = VECTOR('',#7654,1.);
#7654 = DIRECTION('',(1.,0.));
#7655 = ( GEOMETRIC_REPRESENTATION_CONTEXT(2) 
PARAMETRIC_REPRESENTATION_CONTEXT() REPRESENTATION_CONTEXT('2D SPACE',''
  ) );
#7656 = ORIENTED_EDGE('',*,*,#7657,.F.);
#7657 = EDGE_CURVE('',#7569,#7630,#7658,.T.);
#7658 = SURFACE_CURVE('',#7659,(#7663,#7670),.PCURVE_S1.);
#7659 = LINE('',#7660,#7661);
#7660 = CARTESIAN_POINT('',(-55.11686227153,65.476190278153,5.4));
#7661 = VECTOR('',#7662,1.);
#7662 = DIRECTION('',(-0.684547105929,-0.728968627421,0.));
#7663 = PCURVE('',#7577,#7664);
#7664 = DEFINITIONAL_REPRESENTATION('',(#7665),#7669);
#7665 = LINE('',#7666,#7667);
#7666 = CARTESIAN_POINT('',(0.4,0.));
#7667 = VECTOR('',#7668,1.);
#7668 = DIRECTION('',(0.,-1.));
#7669 = ( GEOMETRIC_REPRESENTATION_CONTEXT(2) 
PARAMETRIC_REPRESENTATION_CONTEXT() REPRESENTATION_CONTEXT('2D SPACE',''
  ) );
#7670 = PCURVE('',#7671,#7676);
#7671 = PLANE('',#7672);
#7672 = AXIS2_PLACEMENT_3D('',#7673,#7674,#7675);
#7673 = CARTESIAN_POINT('',(-55.11686227153,65.476190278153,5.4));
#7674 = DIRECTION('',(0.,0.,1.));
#7675 = DIRECTION('',(-0.728968627421,0.684547105929,0.));
#7676 = DEFINITIONAL_REPRESENTATION('',(#7677),#7681);
#7677 = LINE('',#7678,#7679);
#7678 = CARTESIAN_POINT('',(0.,0.));
#7679 = VECTOR('',#7680,1.);
#7680 = DIRECTION('',(0.,1.));
#7681 = ( GEOMETRIC_REPRESENTATION_CONTEXT(2) 
PARAMETRIC_REPRESENTATION_CONTEXT() REPRESENTATION_CONTEXT('2D SPACE',''
  ) );
#7682 = ADVANCED_FACE('',(#7683),#7697,.T.);
#7683 = FACE_BOUND('',#7684,.T.);
#7684 = EDGE_LOOP('',(#7685,#7715,#7738,#7761));
#7685 = ORIENTED_EDGE('',*,*,#7686,.F.);
#7686 = EDGE_CURVE('',#7687,#7689,#7691,.T.);
#7687 = VERTEX_POINT('',#7688);
#7688 = CARTESIAN_POINT('',(-171.7518426589,175.00372722674,5.));
#7689 = VERTEX_POINT('',#7690);
#7690 = CARTESIAN_POINT('',(-171.7518426589,175.00372722674,5.4));
#7691 = SURFACE_CURVE('',#7692,(#7696,#7708),.PCURVE_S1.);
#7692 = LINE('',#7693,#7694);
#7693 = CARTESIAN_POINT('',(-171.7518426589,175.00372722674,5.));
#7694 = VECTOR('',#7695,1.);
#7695 = DIRECTION('',(0.,0.,1.));
#7696 = PCURVE('',#7697,#7702);
#7697 = PLANE('',#7698);
#7698 = AXIS2_PLACEMENT_3D('',#7699,#7700,#7701);
#7699 = CARTESIAN_POINT('',(-171.7518426589,175.00372722674,5.));
#7700 = DIRECTION('',(-0.728968627421,0.684547105929,0.));
#7701 = DIRECTION('',(0.,0.,1.));
#7702 = DEFINITIONAL_REPRESENTATION('',(#7703),#7707);
#7703 = LINE('',#7704,#7705);
#7704 = CARTESIAN_POINT('',(0.,0.));
#7705 = VECTOR('',#7706,1.);
#7706 = DIRECTION('',(1.,0.));
#7707 = ( GEOMETRIC_REPRESENTATION_CONTEXT(2) 
PARAMETRIC_REPRESENTATION_CONTEXT() REPRESENTATION_CONTEXT('2D SPACE',''
  ) );
#7708 = PCURVE('',#7589,#7709);
#7709 = DEFINITIONAL_REPRESENTATION('',(#7710),#7714);
#7710 = LINE('',#7711,#7712);
#7711 = CARTESIAN_POINT('',(0.,160.));
#7712 = VECTOR('',#7713,1.);
#7713 = DIRECTION('',(1.,0.));
#7714 = ( GEOMETRIC_REPRESENTATION_CONTEXT(2) 
PARAMETRIC_REPRESENTATION_CONTEXT() REPRESENTATION_CONTEXT('2D SPACE',''
  ) );
#7715 = ORIENTED_EDGE('',*,*,#7716,.T.);
#7716 = EDGE_CURVE('',#7687,#7717,#7719,.T.);
#7717 = VERTEX_POINT('',#7718);
#7718 = CARTESIAN_POINT('',(-185.4427847775,160.42435467831,5.));
#7719 = SURFACE_CURVE('',#7720,(#7724,#7731),.PCURVE_S1.);
#7720 = LINE('',#7721,#7722);
#7721 = CARTESIAN_POINT('',(-171.7518426589,175.00372722674,5.));
#7722 = VECTOR('',#7723,1.);
#7723 = DIRECTION('',(-0.684547105929,-0.728968627421,0.));
#7724 = PCURVE('',#7697,#7725);
#7725 = DEFINITIONAL_REPRESENTATION('',(#7726),#7730);
#7726 = LINE('',#7727,#7728);
#7727 = CARTESIAN_POINT('',(0.,0.));
#7728 = VECTOR('',#7729,1.);
#7729 = DIRECTION('',(0.,-1.));
#7730 = ( GEOMETRIC_REPRESENTATION_CONTEXT(2) 
PARAMETRIC_REPRESENTATION_CONTEXT() REPRESENTATION_CONTEXT('2D SPACE',''
  ) );
#7731 = PCURVE('',#7617,#7732);
#7732 = DEFINITIONAL_REPRESENTATION('',(#7733),#7737);
#7733 = LINE('',#7734,#7735);
#7734 = CARTESIAN_POINT('',(160.,0.));
#7735 = VECTOR('',#7736,1.);
#7736 = DIRECTION('',(0.,1.));
#7737 = ( GEOMETRIC_REPRESENTATION_CONTEXT(2) 
PARAMETRIC_REPRESENTATION_CONTEXT() REPRESENTATION_CONTEXT('2D SPACE',''
  ) );
#7738 = ORIENTED_EDGE('',*,*,#7739,.T.);
#7739 = EDGE_CURVE('',#7717,#7740,#7742,.T.);
#7740 = VERTEX_POINT('',#7741);
#7741 = CARTESIAN_POINT('',(-185.4427847775,160.42435467831,5.4));
#7742 = SURFACE_CURVE('',#7743,(#7747,#7754),.PCURVE_S1.);
#7743 = LINE('',#7744,#7745);
#7744 = CARTESIAN_POINT('',(-185.4427847775,160.42435467831,5.));
#7745 = VECTOR('',#7746,1.);
#7746 = DIRECTION('',(0.,0.,1.));
#7747 = PCURVE('',#7697,#7748);
#7748 = DEFINITIONAL_REPRESENTATION('',(#7749),#7753);
#7749 = LINE('',#7750,#7751);
#7750 = CARTESIAN_POINT('',(0.,-20.));
#7751 = VECTOR('',#7752,1.);
#7752 = DIRECTION('',(1.,0.));
#7753 = ( GEOMETRIC_REPRESENTATION_CONTEXT(2) 
PARAMETRIC_REPRESENTATION_CONTEXT() REPRESENTATION_CONTEXT('2D SPACE',''
  ) );
#7754 = PCURVE('',#7645,#7755);
#7755 = DEFINITIONAL_REPRESENTATION('',(#7756),#7760);
#7756 = LINE('',#7757,#7758);
#7757 = CARTESIAN_POINT('',(0.,160.));
#7758 = VECTOR('',#7759,1.);
#7759 = DIRECTION('',(1.,0.));
#7760 = ( GEOMETRIC_REPRESENTATION_CONTEXT(2) 
PARAMETRIC_REPRESENTATION_CONTEXT() REPRESENTATION_CONTEXT('2D SPACE',''
  ) );
#7761 = ORIENTED_EDGE('',*,*,#7762,.F.);
#7762 = EDGE_CURVE('',#7689,#7740,#7763,.T.);
#7763 = SURFACE_CURVE('',#7764,(#7768,#7775),.PCURVE_S1.);
#7764 = LINE('',#7765,#7766);
#7765 = CARTESIAN_POINT('',(-171.7518426589,175.00372722674,5.4));
#7766 = VECTOR('',#7767,1.);
#7767 = DIRECTION('',(-0.684547105929,-0.728968627421,0.));
#7768 = PCURVE('',#7697,#7769);
#7769 = DEFINITIONAL_REPRESENTATION('',(#7770),#7774);
#7770 = LINE('',#7771,#7772);
#7771 = CARTESIAN_POINT('',(0.4,0.));
#7772 = VECTOR('',#7773,1.);
#7773 = DIRECTION('',(0.,-1.));
#7774 = ( GEOMETRIC_REPRESENTATION_CONTEXT(2) 
PARAMETRIC_REPRESENTATION_CONTEXT() REPRESENTATION_CONTEXT('2D SPACE',''
  ) );
#7775 = PCURVE('',#7671,#7776);
#7776 = DEFINITIONAL_REPRESENTATION('',(#7777),#7781);
#7777 = LINE('',#7778,#7779);
#7778 = CARTESIAN_POINT('',(160.,0.));
#7779 = VECTOR('',#7780,1.);
#7780 = DIRECTION('',(0.,1.));
#7781 = ( GEOMETRIC_REPRESENTATION_CONTEXT(2) 
PARAMETRIC_REPRESENTATION_CONTEXT() REPRESENTATION_CONTEXT('2D SPACE',''
  ) );
#7782 = ADVANCED_FACE('',(#7783),#7589,.F.);
#7783 = FACE_BOUND('',#7784,.F.);
#7784 = EDGE_LOOP('',(#7785,#7806,#7807,#7828));
#7785 = ORIENTED_EDGE('',*,*,#7786,.F.);
#7786 = EDGE_CURVE('',#7567,#7687,#7787,.T.);
#7787 = SURFACE_CURVE('',#7788,(#7792,#7799),.PCURVE_S1.);
#7788 = LINE('',#7789,#7790);
#7789 = CARTESIAN_POINT('',(-55.11686227153,65.476190278153,5.));
#7790 = VECTOR('',#7791,1.);
#7791 = DIRECTION('',(-0.728968627421,0.684547105929,0.));
#7792 = PCURVE('',#7589,#7793);
#7793 = DEFINITIONAL_REPRESENTATION('',(#7794),#7798);
#7794 = LINE('',#7795,#7796);
#7795 = CARTESIAN_POINT('',(0.,0.));
#7796 = VECTOR('',#7797,1.);
#7797 = DIRECTION('',(0.,1.));
#7798 = ( GEOMETRIC_REPRESENTATION_CONTEXT(2) 
PARAMETRIC_REPRESENTATION_CONTEXT() REPRESENTATION_CONTEXT('2D SPACE',''
  ) );
#7799 = PCURVE('',#7617,#7800);
#7800 = DEFINITIONAL_REPRESENTATION('',(#7801),#7805);
#7801 = LINE('',#7802,#7803);
#7802 = CARTESIAN_POINT('',(0.,0.));
#7803 = VECTOR('',#7804,1.);
#7804 = DIRECTION('',(1.,0.));
#7805 = ( GEOMETRIC_REPRESENTATION_CONTEXT(2) 
PARAMETRIC_REPRESENTATION_CONTEXT() REPRESENTATION_CONTEXT('2D SPACE',''
  ) );
#7806 = ORIENTED_EDGE('',*,*,#7566,.T.);
#7807 = ORIENTED_EDGE('',*,*,#7808,.T.);
#7808 = EDGE_CURVE('',#7569,#7689,#7809,.T.);
#7809 = SURFACE_CURVE('',#7810,(#7814,#7821),.PCURVE_S1.);
#7810 = LINE('',#7811,#7812);
#7811 = CARTESIAN_POINT('',(-55.11686227153,65.476190278153,5.4));
#7812 = VECTOR('',#7813,1.);
#7813 = DIRECTION('',(-0.728968627421,0.684547105929,0.));
#7814 = PCURVE('',#7589,#7815);
#7815 = DEFINITIONAL_REPRESENTATION('',(#7816),#7820);
#7816 = LINE('',#7817,#7818);
#7817 = CARTESIAN_POINT('',(0.4,0.));
#7818 = VECTOR('',#7819,1.);
#7819 = DIRECTION('',(0.,1.));
#7820 = ( GEOMETRIC_REPRESENTATION_CONTEXT(2) 
PARAMETRIC_REPRESENTATION_CONTEXT() REPRESENTATION_CONTEXT('2D SPACE',''
  ) );
#7821 = PCURVE('',#7671,#7822);
#7822 = DEFINITIONAL_REPRESENTATION('',(#7823),#7827);
#7823 = LINE('',#7824,#7825);
#7824 = CARTESIAN_POINT('',(0.,0.));
#7825 = VECTOR('',#7826,1.);
#7826 = DIRECTION('',(1.,0.));
#7827 = ( GEOMETRIC_REPRESENTATION_CONTEXT(2) 
PARAMETRIC_REPRESENTATION_CONTEXT() REPRESENTATION_CONTEXT('2D SPACE',''
  ) );
#7828 = ORIENTED_EDGE('',*,*,#7686,.F.);
#7829 = ADVANCED_FACE('',(#7830),#7645,.T.);
#7830 = FACE_BOUND('',#7831,.T.);
#7831 = EDGE_LOOP('',(#7832,#7853,#7854,#7875));
#7832 = ORIENTED_EDGE('',*,*,#7833,.F.);
#7833 = EDGE_CURVE('',#7602,#7717,#7834,.T.);
#7834 = SURFACE_CURVE('',#7835,(#7839,#7846),.PCURVE_S1.);
#7835 = LINE('',#7836,#7837);
#7836 = CARTESIAN_POINT('',(-68.8078043901,50.896817729724,5.));
#7837 = VECTOR('',#7838,1.);
#7838 = DIRECTION('',(-0.728968627421,0.684547105929,0.));
#7839 = PCURVE('',#7645,#7840);
#7840 = DEFINITIONAL_REPRESENTATION('',(#7841),#7845);
#7841 = LINE('',#7842,#7843);
#7842 = CARTESIAN_POINT('',(0.,0.));
#7843 = VECTOR('',#7844,1.);
#7844 = DIRECTION('',(0.,1.));
#7845 = ( GEOMETRIC_REPRESENTATION_CONTEXT(2) 
PARAMETRIC_REPRESENTATION_CONTEXT() REPRESENTATION_CONTEXT('2D SPACE',''
  ) );
#7846 = PCURVE('',#7617,#7847);
#7847 = DEFINITIONAL_REPRESENTATION('',(#7848),#7852);
#7848 = LINE('',#7849,#7850);
#7849 = CARTESIAN_POINT('',(-7.105427357601E-15,20.));
#7850 = VECTOR('',#7851,1.);
#7851 = DIRECTION('',(1.,0.));
#7852 = ( GEOMETRIC_REPRESENTATION_CONTEXT(2) 
PARAMETRIC_REPRESENTATION_CONTEXT() REPRESENTATION_CONTEXT('2D SPACE',''
  ) );
#7853 = ORIENTED_EDGE('',*,*,#7629,.T.);
#7854 = ORIENTED_EDGE('',*,*,#7855,.T.);
#7855 = EDGE_CURVE('',#7630,#7740,#7856,.T.);
#7856 = SURFACE_CURVE('',#7857,(#7861,#7868),.PCURVE_S1.);
#7857 = LINE('',#7858,#7859);
#7858 = CARTESIAN_POINT('',(-68.8078043901,50.896817729724,5.4));
#7859 = VECTOR('',#7860,1.);
#7860 = DIRECTION('',(-0.728968627421,0.684547105929,0.));
#7861 = PCURVE('',#7645,#7862);
#7862 = DEFINITIONAL_REPRESENTATION('',(#7863),#7867);
#7863 = LINE('',#7864,#7865);
#7864 = CARTESIAN_POINT('',(0.4,0.));
#7865 = VECTOR('',#7866,1.);
#7866 = DIRECTION('',(0.,1.));
#7867 = ( GEOMETRIC_REPRESENTATION_CONTEXT(2) 
PARAMETRIC_REPRESENTATION_CONTEXT() REPRESENTATION_CONTEXT('2D SPACE',''
  ) );
#7868 = PCURVE('',#7671,#7869);
#7869 = DEFINITIONAL_REPRESENTATION('',(#7870),#7874);
#7870 = LINE('',#7871,#7872);
#7871 = CARTESIAN_POINT('',(-7.105427357601E-15,20.));
#7872 = VECTOR('',#7873,1.);
#7873 = DIRECTION('',(1.,0.));
#7874 = ( GEOMETRIC_REPRESENTATION_CONTEXT(2) 
PARAMETRIC_REPRESENTATION_CONTEXT() REPRESENTATION_CONTEXT('2D SPACE',''
  ) );
#7875 = ORIENTED_EDGE('',*,*,#7739,.F.);
#7876 = ADVANCED_FACE('',(#7877),#7617,.F.);
#7877 = FACE_BOUND('',#7878,.F.);
#7878 = EDGE_LOOP('',(#7879,#7880,#7881,#7882));
#7879 = ORIENTED_EDGE('',*,*,#7601,.F.);
#7880 = ORIENTED_EDGE('',*,*,#7786,.T.);
#7881 = ORIENTED_EDGE('',*,*,#7716,.T.);
#7882 = ORIENTED_EDGE('',*,*,#7833,.F.);
#7883 = ADVANCED_FACE('',(#7884),#7671,.T.);
#7884 = FACE_BOUND('',#7885,.T.);
#7885 = EDGE_LOOP('',(#7886,#7887,#7888,#7889));
#7886 = ORIENTED_EDGE('',*,*,#7657,.F.);
#7887 = ORIENTED_EDGE('',*,*,#7808,.T.);
#7888 = ORIENTED_EDGE('',*,*,#7762,.T.);
#7889 = ORIENTED_EDGE('',*,*,#7855,.F.);
#7890 = ( GEOMETRIC_REPRESENTATION_CONTEXT(3) 
GLOBAL_UNCERTAINTY_ASSIGNED_CONTEXT((#7894)) 
GLOBAL_UNIT_ASSIGNED_CONTEXT((#7891,#7892,#7893)) REPRESENTATION_CONTEXT
('Context #1','3D Context with UNIT and UNCERTAINTY') );
#7891 = ( LENGTH_UNIT() NAMED_UNIT(*) SI_UNIT(.MILLI.,.METRE.) );
#7892 = ( NAMED_UNIT(*) PLANE_ANGLE_UNIT() SI_UNIT($,.RADIAN.) );
#7893 = ( NAMED_UNIT(*) SI_UNIT($,.STERADIAN.) SOLID_ANGLE_UNIT() );
#7894 = UNCERTAINTY_MEASURE_WITH_UNIT(LENGTH_MEASURE(1.E-07),#7891,
  'distance_accuracy_value','confusion accuracy');
#7895 = CONTEXT_DEPENDENT_SHAPE_REPRESENTATION(#7896,#7898);
#7896 = ( REPRESENTATION_RELATIONSHIP('','',#7559,#709) 
REPRESENTATION_RELATIONSHIP_WITH_TRANSFORMATION(#7897) 
SHAPE_REPRESENTATION_RELATIONSHIP() );
#7897 = ITEM_DEFINED_TRANSFORMATION('','',#11,#786);
#7898 = PRODUCT_DEFINITION_SHAPE('Placement','Placement of an item',
  #7899);
#7899 = NEXT_ASSEMBLY_USAGE_OCCURRENCE('28','','',#704,#7554,$);
#7900 = PRODUCT_RELATED_PRODUCT_CATEGORY('part',$,(#7556));
#7901 = SHAPE_DEFINITION_REPRESENTATION(#7902,#7908);
#7902 = PRODUCT_DEFINITION_SHAPE('','',#7903);
#7903 = PRODUCT_DEFINITION('design','',#7904,#7907);
#7904 = PRODUCT_DEFINITION_FORMATION('','',#7905);
#7905 = PRODUCT('Open CASCADE STEP translator 7.9 2.2.21',
  'Open CASCADE STEP translator 7.9 2.2.21','',(#7906));
#7906 = PRODUCT_CONTEXT('',#2,'mechanical');
#7907 = PRODUCT_DEFINITION_CONTEXT('part definition',#2,'design');
#7908 = ADVANCED_BREP_SHAPE_REPRESENTATION('',(#11,#7909),#8239);
#7909 = MANIFOLD_SOLID_BREP('',#7910);
#7910 = CLOSED_SHELL('',(#7911,#8031,#8131,#8178,#8225,#8232));
#7911 = ADVANCED_FACE('',(#7912),#7926,.F.);
#7912 = FACE_BOUND('',#7913,.F.);
#7913 = EDGE_LOOP('',(#7914,#7949,#7977,#8005));
#7914 = ORIENTED_EDGE('',*,*,#7915,.F.);
#7915 = EDGE_CURVE('',#7916,#7918,#7920,.T.);
#7916 = VERTEX_POINT('',#7917);
#7917 = CARTESIAN_POINT('',(-62.88859199894,58.05191638861,5.));
#7918 = VERTEX_POINT('',#7919);
#7919 = CARTESIAN_POINT('',(-62.88859199894,58.05191638861,5.4));
#7920 = SURFACE_CURVE('',#7921,(#7925,#7937),.PCURVE_S1.);
#7921 = LINE('',#7922,#7923);
#7922 = CARTESIAN_POINT('',(-62.88859199894,58.05191638861,5.));
#7923 = VECTOR('',#7924,1.);
#7924 = DIRECTION('',(0.,0.,1.));
#7925 = PCURVE('',#7926,#7931);
#7926 = PLANE('',#7927);
#7927 = AXIS2_PLACEMENT_3D('',#7928,#7929,#7930);
#7928 = CARTESIAN_POINT('',(-62.88859199894,58.05191638861,5.));
#7929 = DIRECTION('',(-0.809016994375,0.587785252292,0.));
#7930 = DIRECTION('',(0.,0.,1.));
#7931 = DEFINITIONAL_REPRESENTATION('',(#7932),#7936);
#7932 = LINE('',#7933,#7934);
#7933 = CARTESIAN_POINT('',(0.,0.));
#7934 = VECTOR('',#7935,1.);
#7935 = DIRECTION('',(1.,0.));
#7936 = ( GEOMETRIC_REPRESENTATION_CONTEXT(2) 
PARAMETRIC_REPRESENTATION_CONTEXT() REPRESENTATION_CONTEXT('2D SPACE',''
  ) );
#7937 = PCURVE('',#7938,#7943);
#7938 = PLANE('',#7939);
#7939 = AXIS2_PLACEMENT_3D('',#7940,#7941,#7942);
#7940 = CARTESIAN_POINT('',(-62.88859199894,58.05191638861,5.));
#7941 = DIRECTION('',(-0.587785252292,-0.809016994375,0.));
#7942 = DIRECTION('',(0.,0.,1.));
#7943 = DEFINITIONAL_REPRESENTATION('',(#7944),#7948);
#7944 = LINE('',#7945,#7946);
#7945 = CARTESIAN_POINT('',(0.,0.));
#7946 = VECTOR('',#7947,1.);
#7947 = DIRECTION('',(1.,0.));
#7948 = ( GEOMETRIC_REPRESENTATION_CONTEXT(2) 
PARAMETRIC_REPRESENTATION_CONTEXT() REPRESENTATION_CONTEXT('2D SPACE',''
  ) );
#7949 = ORIENTED_EDGE('',*,*,#7950,.T.);
#7950 = EDGE_CURVE('',#7916,#7951,#7953,.T.);
#7951 = VERTEX_POINT('',#7952);
#7952 = CARTESIAN_POINT('',(-74.64429704479,41.871576501111,5.));
#7953 = SURFACE_CURVE('',#7954,(#7958,#7965),.PCURVE_S1.);
#7954 = LINE('',#7955,#7956);
#7955 = CARTESIAN_POINT('',(-62.88859199894,58.05191638861,5.));
#7956 = VECTOR('',#7957,1.);
#7957 = DIRECTION('',(-0.587785252292,-0.809016994375,0.));
#7958 = PCURVE('',#7926,#7959);
#7959 = DEFINITIONAL_REPRESENTATION('',(#7960),#7964);
#7960 = LINE('',#7961,#7962);
#7961 = CARTESIAN_POINT('',(0.,0.));
#7962 = VECTOR('',#7963,1.);
#7963 = DIRECTION('',(0.,-1.));
#7964 = ( GEOMETRIC_REPRESENTATION_CONTEXT(2) 
PARAMETRIC_REPRESENTATION_CONTEXT() REPRESENTATION_CONTEXT('2D SPACE',''
  ) );
#7965 = PCURVE('',#7966,#7971);
#7966 = PLANE('',#7967);
#7967 = AXIS2_PLACEMENT_3D('',#7968,#7969,#7970);
#7968 = CARTESIAN_POINT('',(-62.88859199894,58.05191638861,5.));
#7969 = DIRECTION('',(0.,0.,1.));
#7970 = DIRECTION('',(-0.809016994375,0.587785252292,0.));
#7971 = DEFINITIONAL_REPRESENTATION('',(#7972),#7976);
#7972 = LINE('',#7973,#7974);
#7973 = CARTESIAN_POINT('',(0.,0.));
#7974 = VECTOR('',#7975,1.);
#7975 = DIRECTION('',(0.,1.));
#7976 = ( GEOMETRIC_REPRESENTATION_CONTEXT(2) 
PARAMETRIC_REPRESENTATION_CONTEXT() REPRESENTATION_CONTEXT('2D SPACE',''
  ) );
#7977 = ORIENTED_EDGE('',*,*,#7978,.T.);
#7978 = EDGE_CURVE('',#7951,#7979,#7981,.T.);
#7979 = VERTEX_POINT('',#7980);
#7980 = CARTESIAN_POINT('',(-74.64429704479,41.871576501111,5.4));
#7981 = SURFACE_CURVE('',#7982,(#7986,#7993),.PCURVE_S1.);
#7982 = LINE('',#7983,#7984);
#7983 = CARTESIAN_POINT('',(-74.64429704479,41.871576501111,5.));
#7984 = VECTOR('',#7985,1.);
#7985 = DIRECTION('',(0.,0.,1.));
#7986 = PCURVE('',#7926,#7987);
#7987 = DEFINITIONAL_REPRESENTATION('',(#7988),#7992);
#7988 = LINE('',#7989,#7990);
#7989 = CARTESIAN_POINT('',(0.,-20.));
#7990 = VECTOR('',#7991,1.);
#7991 = DIRECTION('',(1.,0.));
#7992 = ( GEOMETRIC_REPRESENTATION_CONTEXT(2) 
PARAMETRIC_REPRESENTATION_CONTEXT() REPRESENTATION_CONTEXT('2D SPACE',''
  ) );
#7993 = PCURVE('',#7994,#7999);
#7994 = PLANE('',#7995);
#7995 = AXIS2_PLACEMENT_3D('',#7996,#7997,#7998);
#7996 = CARTESIAN_POINT('',(-74.64429704479,41.871576501111,5.));
#7997 = DIRECTION('',(-0.587785252292,-0.809016994375,0.));
#7998 = DIRECTION('',(0.,0.,1.));
#7999 = DEFINITIONAL_REPRESENTATION('',(#8000),#8004);
#8000 = LINE('',#8001,#8002);
#8001 = CARTESIAN_POINT('',(0.,0.));
#8002 = VECTOR('',#8003,1.);
#8003 = DIRECTION('',(1.,0.));
#8004 = ( GEOMETRIC_REPRESENTATION_CONTEXT(2) 
PARAMETRIC_REPRESENTATION_CONTEXT() REPRESENTATION_CONTEXT('2D SPACE',''
  ) );
#8005 = ORIENTED_EDGE('',*,*,#8006,.F.);
#8006 = EDGE_CURVE('',#7918,#7979,#8007,.T.);
#8007 = SURFACE_CURVE('',#8008,(#8012,#8019),.PCURVE_S1.);
#8008 = LINE('',#8009,#8010);
#8009 = CARTESIAN_POINT('',(-62.88859199894,58.05191638861,5.4));
#8010 = VECTOR('',#8011,1.);
#8011 = DIRECTION('',(-0.587785252292,-0.809016994375,0.));
#8012 = PCURVE('',#7926,#8013);
#8013 = DEFINITIONAL_REPRESENTATION('',(#8014),#8018);
#8014 = LINE('',#8015,#8016);
#8015 = CARTESIAN_POINT('',(0.4,0.));
#8016 = VECTOR('',#8017,1.);
#8017 = DIRECTION('',(0.,-1.));
#8018 = ( GEOMETRIC_REPRESENTATION_CONTEXT(2) 
PARAMETRIC_REPRESENTATION_CONTEXT() REPRESENTATION_CONTEXT('2D SPACE',''
  ) );
#8019 = PCURVE('',#8020,#8025);
#8020 = PLANE('',#8021);
#8021 = AXIS2_PLACEMENT_3D('',#8022,#8023,#8024);
#8022 = CARTESIAN_POINT('',(-62.88859199894,58.05191638861,5.4));
#8023 = DIRECTION('',(0.,0.,1.));
#8024 = DIRECTION('',(-0.809016994375,0.587785252292,0.));
#8025 = DEFINITIONAL_REPRESENTATION('',(#8026),#8030);
#8026 = LINE('',#8027,#8028);
#8027 = CARTESIAN_POINT('',(0.,0.));
#8028 = VECTOR('',#8029,1.);
#8029 = DIRECTION('',(0.,1.));
#8030 = ( GEOMETRIC_REPRESENTATION_CONTEXT(2) 
PARAMETRIC_REPRESENTATION_CONTEXT() REPRESENTATION_CONTEXT('2D SPACE',''
  ) );
#8031 = ADVANCED_FACE('',(#8032),#8046,.T.);
#8032 = FACE_BOUND('',#8033,.T.);
#8033 = EDGE_LOOP('',(#8034,#8064,#8087,#8110));
#8034 = ORIENTED_EDGE('',*,*,#8035,.F.);
#8035 = EDGE_CURVE('',#8036,#8038,#8040,.T.);
#8036 = VERTEX_POINT('',#8037);
#8037 = CARTESIAN_POINT('',(-192.3313110989,152.0975567554,5.));
#8038 = VERTEX_POINT('',#8039);
#8039 = CARTESIAN_POINT('',(-192.3313110989,152.0975567554,5.4));
#8040 = SURFACE_CURVE('',#8041,(#8045,#8057),.PCURVE_S1.);
#8041 = LINE('',#8042,#8043);
#8042 = CARTESIAN_POINT('',(-192.3313110989,152.0975567554,5.));
#8043 = VECTOR('',#8044,1.);
#8044 = DIRECTION('',(0.,0.,1.));
#8045 = PCURVE('',#8046,#8051);
#8046 = PLANE('',#8047);
#8047 = AXIS2_PLACEMENT_3D('',#8048,#8049,#8050);
#8048 = CARTESIAN_POINT('',(-192.3313110989,152.0975567554,5.));
#8049 = DIRECTION('',(-0.809016994375,0.587785252292,0.));
#8050 = DIRECTION('',(0.,0.,1.));
#8051 = DEFINITIONAL_REPRESENTATION('',(#8052),#8056);
#8052 = LINE('',#8053,#8054);
#8053 = CARTESIAN_POINT('',(0.,0.));
#8054 = VECTOR('',#8055,1.);
#8055 = DIRECTION('',(1.,0.));
#8056 = ( GEOMETRIC_REPRESENTATION_CONTEXT(2) 
PARAMETRIC_REPRESENTATION_CONTEXT() REPRESENTATION_CONTEXT('2D SPACE',''
  ) );
#8057 = PCURVE('',#7938,#8058);
#8058 = DEFINITIONAL_REPRESENTATION('',(#8059),#8063);
#8059 = LINE('',#8060,#8061);
#8060 = CARTESIAN_POINT('',(0.,160.));
#8061 = VECTOR('',#8062,1.);
#8062 = DIRECTION('',(1.,0.));
#8063 = ( GEOMETRIC_REPRESENTATION_CONTEXT(2) 
PARAMETRIC_REPRESENTATION_CONTEXT() REPRESENTATION_CONTEXT('2D SPACE',''
  ) );
#8064 = ORIENTED_EDGE('',*,*,#8065,.T.);
#8065 = EDGE_CURVE('',#8036,#8066,#8068,.T.);
#8066 = VERTEX_POINT('',#8067);
#8067 = CARTESIAN_POINT('',(-204.0870161447,135.9172168679,5.));
#8068 = SURFACE_CURVE('',#8069,(#8073,#8080),.PCURVE_S1.);
#8069 = LINE('',#8070,#8071);
#8070 = CARTESIAN_POINT('',(-192.3313110989,152.0975567554,5.));
#8071 = VECTOR('',#8072,1.);
#8072 = DIRECTION('',(-0.587785252292,-0.809016994375,0.));
#8073 = PCURVE('',#8046,#8074);
#8074 = DEFINITIONAL_REPRESENTATION('',(#8075),#8079);
#8075 = LINE('',#8076,#8077);
#8076 = CARTESIAN_POINT('',(0.,0.));
#8077 = VECTOR('',#8078,1.);
#8078 = DIRECTION('',(0.,-1.));
#8079 = ( GEOMETRIC_REPRESENTATION_CONTEXT(2) 
PARAMETRIC_REPRESENTATION_CONTEXT() REPRESENTATION_CONTEXT('2D SPACE',''
  ) );
#8080 = PCURVE('',#7966,#8081);
#8081 = DEFINITIONAL_REPRESENTATION('',(#8082),#8086);
#8082 = LINE('',#8083,#8084);
#8083 = CARTESIAN_POINT('',(160.,-1.42108547152E-14));
#8084 = VECTOR('',#8085,1.);
#8085 = DIRECTION('',(0.,1.));
#8086 = ( GEOMETRIC_REPRESENTATION_CONTEXT(2) 
PARAMETRIC_REPRESENTATION_CONTEXT() REPRESENTATION_CONTEXT('2D SPACE',''
  ) );
#8087 = ORIENTED_EDGE('',*,*,#8088,.T.);
#8088 = EDGE_CURVE('',#8066,#8089,#8091,.T.);
#8089 = VERTEX_POINT('',#8090);
#8090 = CARTESIAN_POINT('',(-204.0870161447,135.9172168679,5.4));
#8091 = SURFACE_CURVE('',#8092,(#8096,#8103),.PCURVE_S1.);
#8092 = LINE('',#8093,#8094);
#8093 = CARTESIAN_POINT('',(-204.0870161447,135.9172168679,5.));
#8094 = VECTOR('',#8095,1.);
#8095 = DIRECTION('',(0.,0.,1.));
#8096 = PCURVE('',#8046,#8097);
#8097 = DEFINITIONAL_REPRESENTATION('',(#8098),#8102);
#8098 = LINE('',#8099,#8100);
#8099 = CARTESIAN_POINT('',(0.,-20.));
#8100 = VECTOR('',#8101,1.);
#8101 = DIRECTION('',(1.,0.));
#8102 = ( GEOMETRIC_REPRESENTATION_CONTEXT(2) 
PARAMETRIC_REPRESENTATION_CONTEXT() REPRESENTATION_CONTEXT('2D SPACE',''
  ) );
#8103 = PCURVE('',#7994,#8104);
#8104 = DEFINITIONAL_REPRESENTATION('',(#8105),#8109);
#8105 = LINE('',#8106,#8107);
#8106 = CARTESIAN_POINT('',(0.,160.));
#8107 = VECTOR('',#8108,1.);
#8108 = DIRECTION('',(1.,0.));
#8109 = ( GEOMETRIC_REPRESENTATION_CONTEXT(2) 
PARAMETRIC_REPRESENTATION_CONTEXT() REPRESENTATION_CONTEXT('2D SPACE',''
  ) );
#8110 = ORIENTED_EDGE('',*,*,#8111,.F.);
#8111 = EDGE_CURVE('',#8038,#8089,#8112,.T.);
#8112 = SURFACE_CURVE('',#8113,(#8117,#8124),.PCURVE_S1.);
#8113 = LINE('',#8114,#8115);
#8114 = CARTESIAN_POINT('',(-192.3313110989,152.0975567554,5.4));
#8115 = VECTOR('',#8116,1.);
#8116 = DIRECTION('',(-0.587785252292,-0.809016994375,0.));
#8117 = PCURVE('',#8046,#8118);
#8118 = DEFINITIONAL_REPRESENTATION('',(#8119),#8123);
#8119 = LINE('',#8120,#8121);
#8120 = CARTESIAN_POINT('',(0.4,0.));
#8121 = VECTOR('',#8122,1.);
#8122 = DIRECTION('',(0.,-1.));
#8123 = ( GEOMETRIC_REPRESENTATION_CONTEXT(2) 
PARAMETRIC_REPRESENTATION_CONTEXT() REPRESENTATION_CONTEXT('2D SPACE',''
  ) );
#8124 = PCURVE('',#8020,#8125);
#8125 = DEFINITIONAL_REPRESENTATION('',(#8126),#8130);
#8126 = LINE('',#8127,#8128);
#8127 = CARTESIAN_POINT('',(160.,-1.42108547152E-14));
#8128 = VECTOR('',#8129,1.);
#8129 = DIRECTION('',(0.,1.));
#8130 = ( GEOMETRIC_REPRESENTATION_CONTEXT(2) 
PARAMETRIC_REPRESENTATION_CONTEXT() REPRESENTATION_CONTEXT('2D SPACE',''
  ) );
#8131 = ADVANCED_FACE('',(#8132),#7938,.F.);
#8132 = FACE_BOUND('',#8133,.F.);
#8133 = EDGE_LOOP('',(#8134,#8155,#8156,#8177));
#8134 = ORIENTED_EDGE('',*,*,#8135,.F.);
#8135 = EDGE_CURVE('',#7916,#8036,#8136,.T.);
#8136 = SURFACE_CURVE('',#8137,(#8141,#8148),.PCURVE_S1.);
#8137 = LINE('',#8138,#8139);
#8138 = CARTESIAN_POINT('',(-62.88859199894,58.05191638861,5.));
#8139 = VECTOR('',#8140,1.);
#8140 = DIRECTION('',(-0.809016994375,0.587785252292,0.));
#8141 = PCURVE('',#7938,#8142);
#8142 = DEFINITIONAL_REPRESENTATION('',(#8143),#8147);
#8143 = LINE('',#8144,#8145);
#8144 = CARTESIAN_POINT('',(0.,0.));
#8145 = VECTOR('',#8146,1.);
#8146 = DIRECTION('',(0.,1.));
#8147 = ( GEOMETRIC_REPRESENTATION_CONTEXT(2) 
PARAMETRIC_REPRESENTATION_CONTEXT() REPRESENTATION_CONTEXT('2D SPACE',''
  ) );
#8148 = PCURVE('',#7966,#8149);
#8149 = DEFINITIONAL_REPRESENTATION('',(#8150),#8154);
#8150 = LINE('',#8151,#8152);
#8151 = CARTESIAN_POINT('',(0.,0.));
#8152 = VECTOR('',#8153,1.);
#8153 = DIRECTION('',(1.,0.));
#8154 = ( GEOMETRIC_REPRESENTATION_CONTEXT(2) 
PARAMETRIC_REPRESENTATION_CONTEXT() REPRESENTATION_CONTEXT('2D SPACE',''
  ) );
#8155 = ORIENTED_EDGE('',*,*,#7915,.T.);
#8156 = ORIENTED_EDGE('',*,*,#8157,.T.);
#8157 = EDGE_CURVE('',#7918,#8038,#8158,.T.);
#8158 = SURFACE_CURVE('',#8159,(#8163,#8170),.PCURVE_S1.);
#8159 = LINE('',#8160,#8161);
#8160 = CARTESIAN_POINT('',(-62.88859199894,58.05191638861,5.4));
#8161 = VECTOR('',#8162,1.);
#8162 = DIRECTION('',(-0.809016994375,0.587785252292,0.));
#8163 = PCURVE('',#7938,#8164);
#8164 = DEFINITIONAL_REPRESENTATION('',(#8165),#8169);
#8165 = LINE('',#8166,#8167);
#8166 = CARTESIAN_POINT('',(0.4,0.));
#8167 = VECTOR('',#8168,1.);
#8168 = DIRECTION('',(0.,1.));
#8169 = ( GEOMETRIC_REPRESENTATION_CONTEXT(2) 
PARAMETRIC_REPRESENTATION_CONTEXT() REPRESENTATION_CONTEXT('2D SPACE',''
  ) );
#8170 = PCURVE('',#8020,#8171);
#8171 = DEFINITIONAL_REPRESENTATION('',(#8172),#8176);
#8172 = LINE('',#8173,#8174);
#8173 = CARTESIAN_POINT('',(0.,0.));
#8174 = VECTOR('',#8175,1.);
#8175 = DIRECTION('',(1.,0.));
#8176 = ( GEOMETRIC_REPRESENTATION_CONTEXT(2) 
PARAMETRIC_REPRESENTATION_CONTEXT() REPRESENTATION_CONTEXT('2D SPACE',''
  ) );
#8177 = ORIENTED_EDGE('',*,*,#8035,.F.);
#8178 = ADVANCED_FACE('',(#8179),#7994,.T.);
#8179 = FACE_BOUND('',#8180,.T.);
#8180 = EDGE_LOOP('',(#8181,#8202,#8203,#8224));
#8181 = ORIENTED_EDGE('',*,*,#8182,.F.);
#8182 = EDGE_CURVE('',#7951,#8066,#8183,.T.);
#8183 = SURFACE_CURVE('',#8184,(#8188,#8195),.PCURVE_S1.);
#8184 = LINE('',#8185,#8186);
#8185 = CARTESIAN_POINT('',(-74.64429704479,41.871576501111,5.));
#8186 = VECTOR('',#8187,1.);
#8187 = DIRECTION('',(-0.809016994375,0.587785252292,0.));
#8188 = PCURVE('',#7994,#8189);
#8189 = DEFINITIONAL_REPRESENTATION('',(#8190),#8194);
#8190 = LINE('',#8191,#8192);
#8191 = CARTESIAN_POINT('',(0.,0.));
#8192 = VECTOR('',#8193,1.);
#8193 = DIRECTION('',(0.,1.));
#8194 = ( GEOMETRIC_REPRESENTATION_CONTEXT(2) 
PARAMETRIC_REPRESENTATION_CONTEXT() REPRESENTATION_CONTEXT('2D SPACE',''
  ) );
#8195 = PCURVE('',#7966,#8196);
#8196 = DEFINITIONAL_REPRESENTATION('',(#8197),#8201);
#8197 = LINE('',#8198,#8199);
#8198 = CARTESIAN_POINT('',(-1.7763568394E-15,20.));
#8199 = VECTOR('',#8200,1.);
#8200 = DIRECTION('',(1.,0.));
#8201 = ( GEOMETRIC_REPRESENTATION_CONTEXT(2) 
PARAMETRIC_REPRESENTATION_CONTEXT() REPRESENTATION_CONTEXT('2D SPACE',''
  ) );
#8202 = ORIENTED_EDGE('',*,*,#7978,.T.);
#8203 = ORIENTED_EDGE('',*,*,#8204,.T.);
#8204 = EDGE_CURVE('',#7979,#8089,#8205,.T.);
#8205 = SURFACE_CURVE('',#8206,(#8210,#8217),.PCURVE_S1.);
#8206 = LINE('',#8207,#8208);
#8207 = CARTESIAN_POINT('',(-74.64429704479,41.871576501111,5.4));
#8208 = VECTOR('',#8209,1.);
#8209 = DIRECTION('',(-0.809016994375,0.587785252292,0.));
#8210 = PCURVE('',#7994,#8211);
#8211 = DEFINITIONAL_REPRESENTATION('',(#8212),#8216);
#8212 = LINE('',#8213,#8214);
#8213 = CARTESIAN_POINT('',(0.4,0.));
#8214 = VECTOR('',#8215,1.);
#8215 = DIRECTION('',(0.,1.));
#8216 = ( GEOMETRIC_REPRESENTATION_CONTEXT(2) 
PARAMETRIC_REPRESENTATION_CONTEXT() REPRESENTATION_CONTEXT('2D SPACE',''
  ) );
#8217 = PCURVE('',#8020,#8218);
#8218 = DEFINITIONAL_REPRESENTATION('',(#8219),#8223);
#8219 = LINE('',#8220,#8221);
#8220 = CARTESIAN_POINT('',(-1.7763568394E-15,20.));
#8221 = VECTOR('',#8222,1.);
#8222 = DIRECTION('',(1.,0.));
#8223 = ( GEOMETRIC_REPRESENTATION_CONTEXT(2) 
PARAMETRIC_REPRESENTATION_CONTEXT() REPRESENTATION_CONTEXT('2D SPACE',''
  ) );
#8224 = ORIENTED_EDGE('',*,*,#8088,.F.);
#8225 = ADVANCED_FACE('',(#8226),#7966,.F.);
#8226 = FACE_BOUND('',#8227,.F.);
#8227 = EDGE_LOOP('',(#8228,#8229,#8230,#8231));
#8228 = ORIENTED_EDGE('',*,*,#7950,.F.);
#8229 = ORIENTED_EDGE('',*,*,#8135,.T.);
#8230 = ORIENTED_EDGE('',*,*,#8065,.T.);
#8231 = ORIENTED_EDGE('',*,*,#8182,.F.);
#8232 = ADVANCED_FACE('',(#8233),#8020,.T.);
#8233 = FACE_BOUND('',#8234,.T.);
#8234 = EDGE_LOOP('',(#8235,#8236,#8237,#8238));
#8235 = ORIENTED_EDGE('',*,*,#8006,.F.);
#8236 = ORIENTED_EDGE('',*,*,#8157,.T.);
#8237 = ORIENTED_EDGE('',*,*,#8111,.T.);
#8238 = ORIENTED_EDGE('',*,*,#8204,.F.);
#8239 = ( GEOMETRIC_REPRESENTATION_CONTEXT(3) 
GLOBAL_UNCERTAINTY_ASSIGNED_CONTEXT((#8243)) 
GLOBAL_UNIT_ASSIGNED_CONTEXT((#8240,#8241,#8242)) REPRESENTATION_CONTEXT
('Context #1','3D Context with UNIT and UNCERTAINTY') );
#8240 = ( LENGTH_UNIT() NAMED_UNIT(*) SI_UNIT(.MILLI.,.METRE.) );
#8241 = ( NAMED_UNIT(*) PLANE_ANGLE_UNIT() SI_UNIT($,.RADIAN.) );
#8242 = ( NAMED_UNIT(*) SI_UNIT($,.STERADIAN.) SOLID_ANGLE_UNIT() );
#8243 = UNCERTAINTY_MEASURE_WITH_UNIT(LENGTH_MEASURE(1.E-07),#8240,
  'distance_accuracy_value','confusion accuracy');
#8244 = CONTEXT_DEPENDENT_SHAPE_REPRESENTATION(#8245,#8247);
#8245 = ( REPRESENTATION_RELATIONSHIP('','',#7908,#709) 
REPRESENTATION_RELATIONSHIP_WITH_TRANSFORMATION(#8246) 
SHAPE_REPRESENTATION_RELATIONSHIP() );
#8246 = ITEM_DEFINED_TRANSFORMATION('','',#11,#790);
#8247 = PRODUCT_DEFINITION_SHAPE('Placement','Placement of an item',
  #8248);
#8248 = NEXT_ASSEMBLY_USAGE_OCCURRENCE('29','','',#704,#7903,$);
#8249 = PRODUCT_RELATED_PRODUCT_CATEGORY('part',$,(#7905));
#8250 = SHAPE_DEFINITION_REPRESENTATION(#8251,#8257);
#8251 = PRODUCT_DEFINITION_SHAPE('','',#8252);
#8252 = PRODUCT_DEFINITION('design','',#8253,#8256);
#8253 = PRODUCT_DEFINITION_FORMATION('','',#8254);
#8254 = PRODUCT('Open CASCADE STEP translator 7.9 2.2.22',
  'Open CASCADE STEP translator 7.9 2.2.22','',(#8255));
#8255 = PRODUCT_CONTEXT('',#2,'mechanical');
#8256 = PRODUCT_DEFINITION_CONTEXT('part definition',#2,'design');
#8257 = ADVANCED_BREP_SHAPE_REPRESENTATION('',(#11,#8258),#8588);
#8258 = MANIFOLD_SOLID_BREP('',#8259);
#8259 = CLOSED_SHELL('',(#8260,#8380,#8480,#8527,#8574,#8581));
#8260 = ADVANCED_FACE('',(#8261),#8275,.F.);
#8261 = FACE_BOUND('',#8262,.F.);
#8262 = EDGE_LOOP('',(#8263,#8298,#8326,#8354));
#8263 = ORIENTED_EDGE('',*,*,#8264,.F.);
#8264 = EDGE_CURVE('',#8265,#8267,#8269,.T.);
#8265 = VERTEX_POINT('',#8266);
#8266 = CARTESIAN_POINT('',(-69.66853106271,49.712129099084,5.));
#8267 = VERTEX_POINT('',#8268);
#8268 = CARTESIAN_POINT('',(-69.66853106271,49.712129099084,5.4));
#8269 = SURFACE_CURVE('',#8270,(#8274,#8286),.PCURVE_S1.);
#8270 = LINE('',#8271,#8272);
#8271 = CARTESIAN_POINT('',(-69.66853106271,49.712129099084,5.));
#8272 = VECTOR('',#8273,1.);
#8273 = DIRECTION('',(0.,0.,1.));
#8274 = PCURVE('',#8275,#8280);
#8275 = PLANE('',#8276);
#8276 = AXIS2_PLACEMENT_3D('',#8277,#8278,#8279);
#8277 = CARTESIAN_POINT('',(-69.66853106271,49.712129099084,5.));
#8278 = DIRECTION('',(-0.876306680044,0.481753674102,0.));
#8279 = DIRECTION('',(0.,0.,1.));
#8280 = DEFINITIONAL_REPRESENTATION('',(#8281),#8285);
#8281 = LINE('',#8282,#8283);
#8282 = CARTESIAN_POINT('',(0.,0.));
#8283 = VECTOR('',#8284,1.);
#8284 = DIRECTION('',(1.,0.));
#8285 = ( GEOMETRIC_REPRESENTATION_CONTEXT(2) 
PARAMETRIC_REPRESENTATION_CONTEXT() REPRESENTATION_CONTEXT('2D SPACE',''
  ) );
#8286 = PCURVE('',#8287,#8292);
#8287 = PLANE('',#8288);
#8288 = AXIS2_PLACEMENT_3D('',#8289,#8290,#8291);
#8289 = CARTESIAN_POINT('',(-69.66853106271,49.712129099084,5.));
#8290 = DIRECTION('',(-0.481753674102,-0.876306680044,0.));
#8291 = DIRECTION('',(0.,0.,1.));
#8292 = DEFINITIONAL_REPRESENTATION('',(#8293),#8297);
#8293 = LINE('',#8294,#8295);
#8294 = CARTESIAN_POINT('',(0.,0.));
#8295 = VECTOR('',#8296,1.);
#8296 = DIRECTION('',(1.,0.));
#8297 = ( GEOMETRIC_REPRESENTATION_CONTEXT(2) 
PARAMETRIC_REPRESENTATION_CONTEXT() REPRESENTATION_CONTEXT('2D SPACE',''
  ) );
#8298 = ORIENTED_EDGE('',*,*,#8299,.T.);
#8299 = EDGE_CURVE('',#8265,#8300,#8302,.T.);
#8300 = VERTEX_POINT('',#8301);
#8301 = CARTESIAN_POINT('',(-79.30360454474,32.185995498207,5.));
#8302 = SURFACE_CURVE('',#8303,(#8307,#8314),.PCURVE_S1.);
#8303 = LINE('',#8304,#8305);
#8304 = CARTESIAN_POINT('',(-69.66853106271,49.712129099084,5.));
#8305 = VECTOR('',#8306,1.);
#8306 = DIRECTION('',(-0.481753674102,-0.876306680044,0.));
#8307 = PCURVE('',#8275,#8308);
#8308 = DEFINITIONAL_REPRESENTATION('',(#8309),#8313);
#8309 = LINE('',#8310,#8311);
#8310 = CARTESIAN_POINT('',(0.,0.));
#8311 = VECTOR('',#8312,1.);
#8312 = DIRECTION('',(0.,-1.));
#8313 = ( GEOMETRIC_REPRESENTATION_CONTEXT(2) 
PARAMETRIC_REPRESENTATION_CONTEXT() REPRESENTATION_CONTEXT('2D SPACE',''
  ) );
#8314 = PCURVE('',#8315,#8320);
#8315 = PLANE('',#8316);
#8316 = AXIS2_PLACEMENT_3D('',#8317,#8318,#8319);
#8317 = CARTESIAN_POINT('',(-69.66853106271,49.712129099084,5.));
#8318 = DIRECTION('',(0.,0.,1.));
#8319 = DIRECTION('',(-0.876306680044,0.481753674102,0.));
#8320 = DEFINITIONAL_REPRESENTATION('',(#8321),#8325);
#8321 = LINE('',#8322,#8323);
#8322 = CARTESIAN_POINT('',(0.,0.));
#8323 = VECTOR('',#8324,1.);
#8324 = DIRECTION('',(0.,1.));
#8325 = ( GEOMETRIC_REPRESENTATION_CONTEXT(2) 
PARAMETRIC_REPRESENTATION_CONTEXT() REPRESENTATION_CONTEXT('2D SPACE',''
  ) );
#8326 = ORIENTED_EDGE('',*,*,#8327,.T.);
#8327 = EDGE_CURVE('',#8300,#8328,#8330,.T.);
#8328 = VERTEX_POINT('',#8329);
#8329 = CARTESIAN_POINT('',(-79.30360454474,32.185995498207,5.4));
#8330 = SURFACE_CURVE('',#8331,(#8335,#8342),.PCURVE_S1.);
#8331 = LINE('',#8332,#8333);
#8332 = CARTESIAN_POINT('',(-79.30360454474,32.185995498207,5.));
#8333 = VECTOR('',#8334,1.);
#8334 = DIRECTION('',(0.,0.,1.));
#8335 = PCURVE('',#8275,#8336);
#8336 = DEFINITIONAL_REPRESENTATION('',(#8337),#8341);
#8337 = LINE('',#8338,#8339);
#8338 = CARTESIAN_POINT('',(0.,-20.));
#8339 = VECTOR('',#8340,1.);
#8340 = DIRECTION('',(1.,0.));
#8341 = ( GEOMETRIC_REPRESENTATION_CONTEXT(2) 
PARAMETRIC_REPRESENTATION_CONTEXT() REPRESENTATION_CONTEXT('2D SPACE',''
  ) );
#8342 = PCURVE('',#8343,#8348);
#8343 = PLANE('',#8344);
#8344 = AXIS2_PLACEMENT_3D('',#8345,#8346,#8347);
#8345 = CARTESIAN_POINT('',(-79.30360454474,32.185995498207,5.));
#8346 = DIRECTION('',(-0.481753674102,-0.876306680044,0.));
#8347 = DIRECTION('',(0.,0.,1.));
#8348 = DEFINITIONAL_REPRESENTATION('',(#8349),#8353);
#8349 = LINE('',#8350,#8351);
#8350 = CARTESIAN_POINT('',(0.,0.));
#8351 = VECTOR('',#8352,1.);
#8352 = DIRECTION('',(1.,0.));
#8353 = ( GEOMETRIC_REPRESENTATION_CONTEXT(2) 
PARAMETRIC_REPRESENTATION_CONTEXT() REPRESENTATION_CONTEXT('2D SPACE',''
  ) );
#8354 = ORIENTED_EDGE('',*,*,#8355,.F.);
#8355 = EDGE_CURVE('',#8267,#8328,#8356,.T.);
#8356 = SURFACE_CURVE('',#8357,(#8361,#8368),.PCURVE_S1.);
#8357 = LINE('',#8358,#8359);
#8358 = CARTESIAN_POINT('',(-69.66853106271,49.712129099084,5.4));
#8359 = VECTOR('',#8360,1.);
#8360 = DIRECTION('',(-0.481753674102,-0.876306680044,0.));
#8361 = PCURVE('',#8275,#8362);
#8362 = DEFINITIONAL_REPRESENTATION('',(#8363),#8367);
#8363 = LINE('',#8364,#8365);
#8364 = CARTESIAN_POINT('',(0.4,0.));
#8365 = VECTOR('',#8366,1.);
#8366 = DIRECTION('',(0.,-1.));
#8367 = ( GEOMETRIC_REPRESENTATION_CONTEXT(2) 
PARAMETRIC_REPRESENTATION_CONTEXT() REPRESENTATION_CONTEXT('2D SPACE',''
  ) );
#8368 = PCURVE('',#8369,#8374);
#8369 = PLANE('',#8370);
#8370 = AXIS2_PLACEMENT_3D('',#8371,#8372,#8373);
#8371 = CARTESIAN_POINT('',(-69.66853106271,49.712129099084,5.4));
#8372 = DIRECTION('',(0.,0.,1.));
#8373 = DIRECTION('',(-0.876306680044,0.481753674102,0.));
#8374 = DEFINITIONAL_REPRESENTATION('',(#8375),#8379);
#8375 = LINE('',#8376,#8377);
#8376 = CARTESIAN_POINT('',(0.,0.));
#8377 = VECTOR('',#8378,1.);
#8378 = DIRECTION('',(0.,1.));
#8379 = ( GEOMETRIC_REPRESENTATION_CONTEXT(2) 
PARAMETRIC_REPRESENTATION_CONTEXT() REPRESENTATION_CONTEXT('2D SPACE',''
  ) );
#8380 = ADVANCED_FACE('',(#8381),#8395,.T.);
#8381 = FACE_BOUND('',#8382,.T.);
#8382 = EDGE_LOOP('',(#8383,#8413,#8436,#8459));
#8383 = ORIENTED_EDGE('',*,*,#8384,.F.);
#8384 = EDGE_CURVE('',#8385,#8387,#8389,.T.);
#8385 = VERTEX_POINT('',#8386);
#8386 = CARTESIAN_POINT('',(-209.8775998697,126.79271695535,5.));
#8387 = VERTEX_POINT('',#8388);
#8388 = CARTESIAN_POINT('',(-209.8775998697,126.79271695535,5.4));
#8389 = SURFACE_CURVE('',#8390,(#8394,#8406),.PCURVE_S1.);
#8390 = LINE('',#8391,#8392);
#8391 = CARTESIAN_POINT('',(-209.8775998697,126.79271695535,5.));
#8392 = VECTOR('',#8393,1.);
#8393 = DIRECTION('',(0.,0.,1.));
#8394 = PCURVE('',#8395,#8400);
#8395 = PLANE('',#8396);
#8396 = AXIS2_PLACEMENT_3D('',#8397,#8398,#8399);
#8397 = CARTESIAN_POINT('',(-209.8775998697,126.79271695535,5.));
#8398 = DIRECTION('',(-0.876306680044,0.481753674102,0.));
#8399 = DIRECTION('',(0.,0.,1.));
#8400 = DEFINITIONAL_REPRESENTATION('',(#8401),#8405);
#8401 = LINE('',#8402,#8403);
#8402 = CARTESIAN_POINT('',(0.,0.));
#8403 = VECTOR('',#8404,1.);
#8404 = DIRECTION('',(1.,0.));
#8405 = ( GEOMETRIC_REPRESENTATION_CONTEXT(2) 
PARAMETRIC_REPRESENTATION_CONTEXT() REPRESENTATION_CONTEXT('2D SPACE',''
  ) );
#8406 = PCURVE('',#8287,#8407);
#8407 = DEFINITIONAL_REPRESENTATION('',(#8408),#8412);
#8408 = LINE('',#8409,#8410);
#8409 = CARTESIAN_POINT('',(0.,160.));
#8410 = VECTOR('',#8411,1.);
#8411 = DIRECTION('',(1.,0.));
#8412 = ( GEOMETRIC_REPRESENTATION_CONTEXT(2) 
PARAMETRIC_REPRESENTATION_CONTEXT() REPRESENTATION_CONTEXT('2D SPACE',''
  ) );
#8413 = ORIENTED_EDGE('',*,*,#8414,.T.);
#8414 = EDGE_CURVE('',#8385,#8415,#8417,.T.);
#8415 = VERTEX_POINT('',#8416);
#8416 = CARTESIAN_POINT('',(-219.5126733517,109.26658335448,5.));
#8417 = SURFACE_CURVE('',#8418,(#8422,#8429),.PCURVE_S1.);
#8418 = LINE('',#8419,#8420);
#8419 = CARTESIAN_POINT('',(-209.8775998697,126.79271695535,5.));
#8420 = VECTOR('',#8421,1.);
#8421 = DIRECTION('',(-0.481753674102,-0.876306680044,0.));
#8422 = PCURVE('',#8395,#8423);
#8423 = DEFINITIONAL_REPRESENTATION('',(#8424),#8428);
#8424 = LINE('',#8425,#8426);
#8425 = CARTESIAN_POINT('',(0.,0.));
#8426 = VECTOR('',#8427,1.);
#8427 = DIRECTION('',(0.,-1.));
#8428 = ( GEOMETRIC_REPRESENTATION_CONTEXT(2) 
PARAMETRIC_REPRESENTATION_CONTEXT() REPRESENTATION_CONTEXT('2D SPACE',''
  ) );
#8429 = PCURVE('',#8315,#8430);
#8430 = DEFINITIONAL_REPRESENTATION('',(#8431),#8435);
#8431 = LINE('',#8432,#8433);
#8432 = CARTESIAN_POINT('',(160.,-1.42108547152E-14));
#8433 = VECTOR('',#8434,1.);
#8434 = DIRECTION('',(0.,1.));
#8435 = ( GEOMETRIC_REPRESENTATION_CONTEXT(2) 
PARAMETRIC_REPRESENTATION_CONTEXT() REPRESENTATION_CONTEXT('2D SPACE',''
  ) );
#8436 = ORIENTED_EDGE('',*,*,#8437,.T.);
#8437 = EDGE_CURVE('',#8415,#8438,#8440,.T.);
#8438 = VERTEX_POINT('',#8439);
#8439 = CARTESIAN_POINT('',(-219.5126733517,109.26658335448,5.4));
#8440 = SURFACE_CURVE('',#8441,(#8445,#8452),.PCURVE_S1.);
#8441 = LINE('',#8442,#8443);
#8442 = CARTESIAN_POINT('',(-219.5126733517,109.26658335448,5.));
#8443 = VECTOR('',#8444,1.);
#8444 = DIRECTION('',(0.,0.,1.));
#8445 = PCURVE('',#8395,#8446);
#8446 = DEFINITIONAL_REPRESENTATION('',(#8447),#8451);
#8447 = LINE('',#8448,#8449);
#8448 = CARTESIAN_POINT('',(0.,-20.));
#8449 = VECTOR('',#8450,1.);
#8450 = DIRECTION('',(1.,0.));
#8451 = ( GEOMETRIC_REPRESENTATION_CONTEXT(2) 
PARAMETRIC_REPRESENTATION_CONTEXT() REPRESENTATION_CONTEXT('2D SPACE',''
  ) );
#8452 = PCURVE('',#8343,#8453);
#8453 = DEFINITIONAL_REPRESENTATION('',(#8454),#8458);
#8454 = LINE('',#8455,#8456);
#8455 = CARTESIAN_POINT('',(0.,160.));
#8456 = VECTOR('',#8457,1.);
#8457 = DIRECTION('',(1.,0.));
#8458 = ( GEOMETRIC_REPRESENTATION_CONTEXT(2) 
PARAMETRIC_REPRESENTATION_CONTEXT() REPRESENTATION_CONTEXT('2D SPACE',''
  ) );
#8459 = ORIENTED_EDGE('',*,*,#8460,.F.);
#8460 = EDGE_CURVE('',#8387,#8438,#8461,.T.);
#8461 = SURFACE_CURVE('',#8462,(#8466,#8473),.PCURVE_S1.);
#8462 = LINE('',#8463,#8464);
#8463 = CARTESIAN_POINT('',(-209.8775998697,126.79271695535,5.4));
#8464 = VECTOR('',#8465,1.);
#8465 = DIRECTION('',(-0.481753674102,-0.876306680044,0.));
#8466 = PCURVE('',#8395,#8467);
#8467 = DEFINITIONAL_REPRESENTATION('',(#8468),#8472);
#8468 = LINE('',#8469,#8470);
#8469 = CARTESIAN_POINT('',(0.4,0.));
#8470 = VECTOR('',#8471,1.);
#8471 = DIRECTION('',(0.,-1.));
#8472 = ( GEOMETRIC_REPRESENTATION_CONTEXT(2) 
PARAMETRIC_REPRESENTATION_CONTEXT() REPRESENTATION_CONTEXT('2D SPACE',''
  ) );
#8473 = PCURVE('',#8369,#8474);
#8474 = DEFINITIONAL_REPRESENTATION('',(#8475),#8479);
#8475 = LINE('',#8476,#8477);
#8476 = CARTESIAN_POINT('',(160.,-1.42108547152E-14));
#8477 = VECTOR('',#8478,1.);
#8478 = DIRECTION('',(0.,1.));
#8479 = ( GEOMETRIC_REPRESENTATION_CONTEXT(2) 
PARAMETRIC_REPRESENTATION_CONTEXT() REPRESENTATION_CONTEXT('2D SPACE',''
  ) );
#8480 = ADVANCED_FACE('',(#8481),#8287,.F.);
#8481 = FACE_BOUND('',#8482,.F.);
#8482 = EDGE_LOOP('',(#8483,#8504,#8505,#8526));
#8483 = ORIENTED_EDGE('',*,*,#8484,.F.);
#8484 = EDGE_CURVE('',#8265,#8385,#8485,.T.);
#8485 = SURFACE_CURVE('',#8486,(#8490,#8497),.PCURVE_S1.);
#8486 = LINE('',#8487,#8488);
#8487 = CARTESIAN_POINT('',(-69.66853106271,49.712129099084,5.));
#8488 = VECTOR('',#8489,1.);
#8489 = DIRECTION('',(-0.876306680044,0.481753674102,0.));
#8490 = PCURVE('',#8287,#8491);
#8491 = DEFINITIONAL_REPRESENTATION('',(#8492),#8496);
#8492 = LINE('',#8493,#8494);
#8493 = CARTESIAN_POINT('',(0.,0.));
#8494 = VECTOR('',#8495,1.);
#8495 = DIRECTION('',(0.,1.));
#8496 = ( GEOMETRIC_REPRESENTATION_CONTEXT(2) 
PARAMETRIC_REPRESENTATION_CONTEXT() REPRESENTATION_CONTEXT('2D SPACE',''
  ) );
#8497 = PCURVE('',#8315,#8498);
#8498 = DEFINITIONAL_REPRESENTATION('',(#8499),#8503);
#8499 = LINE('',#8500,#8501);
#8500 = CARTESIAN_POINT('',(0.,0.));
#8501 = VECTOR('',#8502,1.);
#8502 = DIRECTION('',(1.,0.));
#8503 = ( GEOMETRIC_REPRESENTATION_CONTEXT(2) 
PARAMETRIC_REPRESENTATION_CONTEXT() REPRESENTATION_CONTEXT('2D SPACE',''
  ) );
#8504 = ORIENTED_EDGE('',*,*,#8264,.T.);
#8505 = ORIENTED_EDGE('',*,*,#8506,.T.);
#8506 = EDGE_CURVE('',#8267,#8387,#8507,.T.);
#8507 = SURFACE_CURVE('',#8508,(#8512,#8519),.PCURVE_S1.);
#8508 = LINE('',#8509,#8510);
#8509 = CARTESIAN_POINT('',(-69.66853106271,49.712129099084,5.4));
#8510 = VECTOR('',#8511,1.);
#8511 = DIRECTION('',(-0.876306680044,0.481753674102,0.));
#8512 = PCURVE('',#8287,#8513);
#8513 = DEFINITIONAL_REPRESENTATION('',(#8514),#8518);
#8514 = LINE('',#8515,#8516);
#8515 = CARTESIAN_POINT('',(0.4,0.));
#8516 = VECTOR('',#8517,1.);
#8517 = DIRECTION('',(0.,1.));
#8518 = ( GEOMETRIC_REPRESENTATION_CONTEXT(2) 
PARAMETRIC_REPRESENTATION_CONTEXT() REPRESENTATION_CONTEXT('2D SPACE',''
  ) );
#8519 = PCURVE('',#8369,#8520);
#8520 = DEFINITIONAL_REPRESENTATION('',(#8521),#8525);
#8521 = LINE('',#8522,#8523);
#8522 = CARTESIAN_POINT('',(0.,0.));
#8523 = VECTOR('',#8524,1.);
#8524 = DIRECTION('',(1.,0.));
#8525 = ( GEOMETRIC_REPRESENTATION_CONTEXT(2) 
PARAMETRIC_REPRESENTATION_CONTEXT() REPRESENTATION_CONTEXT('2D SPACE',''
  ) );
#8526 = ORIENTED_EDGE('',*,*,#8384,.F.);
#8527 = ADVANCED_FACE('',(#8528),#8343,.T.);
#8528 = FACE_BOUND('',#8529,.T.);
#8529 = EDGE_LOOP('',(#8530,#8551,#8552,#8573));
#8530 = ORIENTED_EDGE('',*,*,#8531,.F.);
#8531 = EDGE_CURVE('',#8300,#8415,#8532,.T.);
#8532 = SURFACE_CURVE('',#8533,(#8537,#8544),.PCURVE_S1.);
#8533 = LINE('',#8534,#8535);
#8534 = CARTESIAN_POINT('',(-79.30360454474,32.185995498207,5.));
#8535 = VECTOR('',#8536,1.);
#8536 = DIRECTION('',(-0.876306680044,0.481753674102,0.));
#8537 = PCURVE('',#8343,#8538);
#8538 = DEFINITIONAL_REPRESENTATION('',(#8539),#8543);
#8539 = LINE('',#8540,#8541);
#8540 = CARTESIAN_POINT('',(0.,0.));
#8541 = VECTOR('',#8542,1.);
#8542 = DIRECTION('',(0.,1.));
#8543 = ( GEOMETRIC_REPRESENTATION_CONTEXT(2) 
PARAMETRIC_REPRESENTATION_CONTEXT() REPRESENTATION_CONTEXT('2D SPACE',''
  ) );
#8544 = PCURVE('',#8315,#8545);
#8545 = DEFINITIONAL_REPRESENTATION('',(#8546),#8550);
#8546 = LINE('',#8547,#8548);
#8547 = CARTESIAN_POINT('',(-1.06581410364E-14,20.));
#8548 = VECTOR('',#8549,1.);
#8549 = DIRECTION('',(1.,0.));
#8550 = ( GEOMETRIC_REPRESENTATION_CONTEXT(2) 
PARAMETRIC_REPRESENTATION_CONTEXT() REPRESENTATION_CONTEXT('2D SPACE',''
  ) );
#8551 = ORIENTED_EDGE('',*,*,#8327,.T.);
#8552 = ORIENTED_EDGE('',*,*,#8553,.T.);
#8553 = EDGE_CURVE('',#8328,#8438,#8554,.T.);
#8554 = SURFACE_CURVE('',#8555,(#8559,#8566),.PCURVE_S1.);
#8555 = LINE('',#8556,#8557);
#8556 = CARTESIAN_POINT('',(-79.30360454474,32.185995498207,5.4));
#8557 = VECTOR('',#8558,1.);
#8558 = DIRECTION('',(-0.876306680044,0.481753674102,0.));
#8559 = PCURVE('',#8343,#8560);
#8560 = DEFINITIONAL_REPRESENTATION('',(#8561),#8565);
#8561 = LINE('',#8562,#8563);
#8562 = CARTESIAN_POINT('',(0.4,0.));
#8563 = VECTOR('',#8564,1.);
#8564 = DIRECTION('',(0.,1.));
#8565 = ( GEOMETRIC_REPRESENTATION_CONTEXT(2) 
PARAMETRIC_REPRESENTATION_CONTEXT() REPRESENTATION_CONTEXT('2D SPACE',''
  ) );
#8566 = PCURVE('',#8369,#8567);
#8567 = DEFINITIONAL_REPRESENTATION('',(#8568),#8572);
#8568 = LINE('',#8569,#8570);
#8569 = CARTESIAN_POINT('',(-1.06581410364E-14,20.));
#8570 = VECTOR('',#8571,1.);
#8571 = DIRECTION('',(1.,0.));
#8572 = ( GEOMETRIC_REPRESENTATION_CONTEXT(2) 
PARAMETRIC_REPRESENTATION_CONTEXT() REPRESENTATION_CONTEXT('2D SPACE',''
  ) );
#8573 = ORIENTED_EDGE('',*,*,#8437,.F.);
#8574 = ADVANCED_FACE('',(#8575),#8315,.F.);
#8575 = FACE_BOUND('',#8576,.F.);
#8576 = EDGE_LOOP('',(#8577,#8578,#8579,#8580));
#8577 = ORIENTED_EDGE('',*,*,#8299,.F.);
#8578 = ORIENTED_EDGE('',*,*,#8484,.T.);
#8579 = ORIENTED_EDGE('',*,*,#8414,.T.);
#8580 = ORIENTED_EDGE('',*,*,#8531,.F.);
#8581 = ADVANCED_FACE('',(#8582),#8369,.T.);
#8582 = FACE_BOUND('',#8583,.T.);
#8583 = EDGE_LOOP('',(#8584,#8585,#8586,#8587));
#8584 = ORIENTED_EDGE('',*,*,#8355,.F.);
#8585 = ORIENTED_EDGE('',*,*,#8506,.T.);
#8586 = ORIENTED_EDGE('',*,*,#8460,.T.);
#8587 = ORIENTED_EDGE('',*,*,#8553,.F.);
#8588 = ( GEOMETRIC_REPRESENTATION_CONTEXT(3) 
GLOBAL_UNCERTAINTY_ASSIGNED_CONTEXT((#8592)) 
GLOBAL_UNIT_ASSIGNED_CONTEXT((#8589,#8590,#8591)) REPRESENTATION_CONTEXT
('Context #1','3D Context with UNIT and UNCERTAINTY') );
#8589 = ( LENGTH_UNIT() NAMED_UNIT(*) SI_UNIT(.MILLI.,.METRE.) );
#8590 = ( NAMED_UNIT(*) PLANE_ANGLE_UNIT() SI_UNIT($,.RADIAN.) );
#8591 = ( NAMED_UNIT(*) SI_UNIT($,.STERADIAN.) SOLID_ANGLE_UNIT() );
#8592 = UNCERTAINTY_MEASURE_WITH_UNIT(LENGTH_MEASURE(1.E-07),#8589,
  'distance_accuracy_value','confusion accuracy');
#8593 = CONTEXT_DEPENDENT_SHAPE_REPRESENTATION(#8594,#8596);
#8594 = ( REPRESENTATION_RELATIONSHIP('','',#8257,#709) 
REPRESENTATION_RELATIONSHIP_WITH_TRANSFORMATION(#8595) 
SHAPE_REPRESENTATION_RELATIONSHIP() );
#8595 = ITEM_DEFINED_TRANSFORMATION('','',#11,#794);
#8596 = PRODUCT_DEFINITION_SHAPE('Placement','Placement of an item',
  #8597);
#8597 = NEXT_ASSEMBLY_USAGE_OCCURRENCE('30','','',#704,#8252,$);
#8598 = PRODUCT_RELATED_PRODUCT_CATEGORY('part',$,(#8254));
#8599 = SHAPE_DEFINITION_REPRESENTATION(#8600,#8606);
#8600 = PRODUCT_DEFINITION_SHAPE('','',#8601);
#8601 = PRODUCT_DEFINITION('design','',#8602,#8605);
#8602 = PRODUCT_DEFINITION_FORMATION('','',#8603);
#8603 = PRODUCT('Open CASCADE STEP translator 7.9 2.2.23',
  'Open CASCADE STEP translator 7.9 2.2.23','',(#8604));
#8604 = PRODUCT_CONTEXT('',#2,'mechanical');
#8605 = PRODUCT_DEFINITION_CONTEXT('part definition',#2,'design');
#8606 = ADVANCED_BREP_SHAPE_REPRESENTATION('',(#11,#8607),#8937);
#8607 = MANIFOLD_SOLID_BREP('',#8608);
#8608 = CLOSED_SHELL('',(#8609,#8729,#8829,#8876,#8923,#8930));
#8609 = ADVANCED_FACE('',(#8610),#8624,.F.);
#8610 = FACE_BOUND('',#8611,.F.);
#8611 = EDGE_LOOP('',(#8612,#8647,#8675,#8703));
#8612 = ORIENTED_EDGE('',*,*,#8613,.F.);
#8613 = EDGE_CURVE('',#8614,#8616,#8618,.T.);
#8614 = VERTEX_POINT('',#8615);
#8615 = CARTESIAN_POINT('',(-75.34975577365,40.58835183708,5.));
#8616 = VERTEX_POINT('',#8617);
#8617 = CARTESIAN_POINT('',(-75.34975577365,40.58835183708,5.4));
#8618 = SURFACE_CURVE('',#8619,(#8623,#8635),.PCURVE_S1.);
#8619 = LINE('',#8620,#8621);
#8620 = CARTESIAN_POINT('',(-75.34975577365,40.58835183708,5.));
#8621 = VECTOR('',#8622,1.);
#8622 = DIRECTION('',(0.,0.,1.));
#8623 = PCURVE('',#8624,#8629);
#8624 = PLANE('',#8625);
#8625 = AXIS2_PLACEMENT_3D('',#8626,#8627,#8628);
#8626 = CARTESIAN_POINT('',(-75.34975577365,40.58835183708,5.));
#8627 = DIRECTION('',(-0.929776485888,0.368124552685,0.));
#8628 = DIRECTION('',(0.,0.,1.));
#8629 = DEFINITIONAL_REPRESENTATION('',(#8630),#8634);
#8630 = LINE('',#8631,#8632);
#8631 = CARTESIAN_POINT('',(0.,0.));
#8632 = VECTOR('',#8633,1.);
#8633 = DIRECTION('',(1.,0.));
#8634 = ( GEOMETRIC_REPRESENTATION_CONTEXT(2) 
PARAMETRIC_REPRESENTATION_CONTEXT() REPRESENTATION_CONTEXT('2D SPACE',''
  ) );
#8635 = PCURVE('',#8636,#8641);
#8636 = PLANE('',#8637);
#8637 = AXIS2_PLACEMENT_3D('',#8638,#8639,#8640);
#8638 = CARTESIAN_POINT('',(-75.34975577365,40.58835183708,5.));
#8639 = DIRECTION('',(-0.368124552685,-0.929776485888,0.));
#8640 = DIRECTION('',(0.,0.,1.));
#8641 = DEFINITIONAL_REPRESENTATION('',(#8642),#8646);
#8642 = LINE('',#8643,#8644);
#8643 = CARTESIAN_POINT('',(0.,0.));
#8644 = VECTOR('',#8645,1.);
#8645 = DIRECTION('',(1.,0.));
#8646 = ( GEOMETRIC_REPRESENTATION_CONTEXT(2) 
PARAMETRIC_REPRESENTATION_CONTEXT() REPRESENTATION_CONTEXT('2D SPACE',''
  ) );
#8647 = ORIENTED_EDGE('',*,*,#8648,.T.);
#8648 = EDGE_CURVE('',#8614,#8649,#8651,.T.);
#8649 = VERTEX_POINT('',#8650);
#8650 = CARTESIAN_POINT('',(-82.71224682734,21.992822119315,5.));
#8651 = SURFACE_CURVE('',#8652,(#8656,#8663),.PCURVE_S1.);
#8652 = LINE('',#8653,#8654);
#8653 = CARTESIAN_POINT('',(-75.34975577365,40.58835183708,5.));
#8654 = VECTOR('',#8655,1.);
#8655 = DIRECTION('',(-0.368124552685,-0.929776485888,0.));
#8656 = PCURVE('',#8624,#8657);
#8657 = DEFINITIONAL_REPRESENTATION('',(#8658),#8662);
#8658 = LINE('',#8659,#8660);
#8659 = CARTESIAN_POINT('',(0.,0.));
#8660 = VECTOR('',#8661,1.);
#8661 = DIRECTION('',(0.,-1.));
#8662 = ( GEOMETRIC_REPRESENTATION_CONTEXT(2) 
PARAMETRIC_REPRESENTATION_CONTEXT() REPRESENTATION_CONTEXT('2D SPACE',''
  ) );
#8663 = PCURVE('',#8664,#8669);
#8664 = PLANE('',#8665);
#8665 = AXIS2_PLACEMENT_3D('',#8666,#8667,#8668);
#8666 = CARTESIAN_POINT('',(-75.34975577365,40.58835183708,5.));
#8667 = DIRECTION('',(0.,0.,1.));
#8668 = DIRECTION('',(-0.929776485888,0.368124552685,0.));
#8669 = DEFINITIONAL_REPRESENTATION('',(#8670),#8674);
#8670 = LINE('',#8671,#8672);
#8671 = CARTESIAN_POINT('',(0.,0.));
#8672 = VECTOR('',#8673,1.);
#8673 = DIRECTION('',(0.,1.));
#8674 = ( GEOMETRIC_REPRESENTATION_CONTEXT(2) 
PARAMETRIC_REPRESENTATION_CONTEXT() REPRESENTATION_CONTEXT('2D SPACE',''
  ) );
#8675 = ORIENTED_EDGE('',*,*,#8676,.T.);
#8676 = EDGE_CURVE('',#8649,#8677,#8679,.T.);
#8677 = VERTEX_POINT('',#8678);
#8678 = CARTESIAN_POINT('',(-82.71224682734,21.992822119315,5.4));
#8679 = SURFACE_CURVE('',#8680,(#8684,#8691),.PCURVE_S1.);
#8680 = LINE('',#8681,#8682);
#8681 = CARTESIAN_POINT('',(-82.71224682734,21.992822119315,5.));
#8682 = VECTOR('',#8683,1.);
#8683 = DIRECTION('',(0.,0.,1.));
#8684 = PCURVE('',#8624,#8685);
#8685 = DEFINITIONAL_REPRESENTATION('',(#8686),#8690);
#8686 = LINE('',#8687,#8688);
#8687 = CARTESIAN_POINT('',(0.,-20.));
#8688 = VECTOR('',#8689,1.);
#8689 = DIRECTION('',(1.,0.));
#8690 = ( GEOMETRIC_REPRESENTATION_CONTEXT(2) 
PARAMETRIC_REPRESENTATION_CONTEXT() REPRESENTATION_CONTEXT('2D SPACE',''
  ) );
#8691 = PCURVE('',#8692,#8697);
#8692 = PLANE('',#8693);
#8693 = AXIS2_PLACEMENT_3D('',#8694,#8695,#8696);
#8694 = CARTESIAN_POINT('',(-82.71224682734,21.992822119315,5.));
#8695 = DIRECTION('',(-0.368124552685,-0.929776485888,0.));
#8696 = DIRECTION('',(0.,0.,1.));
#8697 = DEFINITIONAL_REPRESENTATION('',(#8698),#8702);
#8698 = LINE('',#8699,#8700);
#8699 = CARTESIAN_POINT('',(0.,0.));
#8700 = VECTOR('',#8701,1.);
#8701 = DIRECTION('',(1.,0.));
#8702 = ( GEOMETRIC_REPRESENTATION_CONTEXT(2) 
PARAMETRIC_REPRESENTATION_CONTEXT() REPRESENTATION_CONTEXT('2D SPACE',''
  ) );
#8703 = ORIENTED_EDGE('',*,*,#8704,.F.);
#8704 = EDGE_CURVE('',#8616,#8677,#8705,.T.);
#8705 = SURFACE_CURVE('',#8706,(#8710,#8717),.PCURVE_S1.);
#8706 = LINE('',#8707,#8708);
#8707 = CARTESIAN_POINT('',(-75.34975577365,40.58835183708,5.4));
#8708 = VECTOR('',#8709,1.);
#8709 = DIRECTION('',(-0.368124552685,-0.929776485888,0.));
#8710 = PCURVE('',#8624,#8711);
#8711 = DEFINITIONAL_REPRESENTATION('',(#8712),#8716);
#8712 = LINE('',#8713,#8714);
#8713 = CARTESIAN_POINT('',(0.4,0.));
#8714 = VECTOR('',#8715,1.);
#8715 = DIRECTION('',(0.,-1.));
#8716 = ( GEOMETRIC_REPRESENTATION_CONTEXT(2) 
PARAMETRIC_REPRESENTATION_CONTEXT() REPRESENTATION_CONTEXT('2D SPACE',''
  ) );
#8717 = PCURVE('',#8718,#8723);
#8718 = PLANE('',#8719);
#8719 = AXIS2_PLACEMENT_3D('',#8720,#8721,#8722);
#8720 = CARTESIAN_POINT('',(-75.34975577365,40.58835183708,5.4));
#8721 = DIRECTION('',(0.,0.,1.));
#8722 = DIRECTION('',(-0.929776485888,0.368124552685,0.));
#8723 = DEFINITIONAL_REPRESENTATION('',(#8724),#8728);
#8724 = LINE('',#8725,#8726);
#8725 = CARTESIAN_POINT('',(0.,0.));
#8726 = VECTOR('',#8727,1.);
#8727 = DIRECTION('',(0.,1.));
#8728 = ( GEOMETRIC_REPRESENTATION_CONTEXT(2) 
PARAMETRIC_REPRESENTATION_CONTEXT() REPRESENTATION_CONTEXT('2D SPACE',''
  ) );
#8729 = ADVANCED_FACE('',(#8730),#8744,.T.);
#8730 = FACE_BOUND('',#8731,.T.);
#8731 = EDGE_LOOP('',(#8732,#8762,#8785,#8808));
#8732 = ORIENTED_EDGE('',*,*,#8733,.F.);
#8733 = EDGE_CURVE('',#8734,#8736,#8738,.T.);
#8734 = VERTEX_POINT('',#8735);
#8735 = CARTESIAN_POINT('',(-224.1139935157,99.488280266629,5.));
#8736 = VERTEX_POINT('',#8737);
#8737 = CARTESIAN_POINT('',(-224.1139935157,99.488280266629,5.4));
#8738 = SURFACE_CURVE('',#8739,(#8743,#8755),.PCURVE_S1.);
#8739 = LINE('',#8740,#8741);
#8740 = CARTESIAN_POINT('',(-224.1139935157,99.488280266629,5.));
#8741 = VECTOR('',#8742,1.);
#8742 = DIRECTION('',(0.,0.,1.));
#8743 = PCURVE('',#8744,#8749);
#8744 = PLANE('',#8745);
#8745 = AXIS2_PLACEMENT_3D('',#8746,#8747,#8748);
#8746 = CARTESIAN_POINT('',(-224.1139935157,99.488280266629,5.));
#8747 = DIRECTION('',(-0.929776485888,0.368124552685,0.));
#8748 = DIRECTION('',(0.,0.,1.));
#8749 = DEFINITIONAL_REPRESENTATION('',(#8750),#8754);
#8750 = LINE('',#8751,#8752);
#8751 = CARTESIAN_POINT('',(0.,0.));
#8752 = VECTOR('',#8753,1.);
#8753 = DIRECTION('',(1.,0.));
#8754 = ( GEOMETRIC_REPRESENTATION_CONTEXT(2) 
PARAMETRIC_REPRESENTATION_CONTEXT() REPRESENTATION_CONTEXT('2D SPACE',''
  ) );
#8755 = PCURVE('',#8636,#8756);
#8756 = DEFINITIONAL_REPRESENTATION('',(#8757),#8761);
#8757 = LINE('',#8758,#8759);
#8758 = CARTESIAN_POINT('',(0.,160.));
#8759 = VECTOR('',#8760,1.);
#8760 = DIRECTION('',(1.,0.));
#8761 = ( GEOMETRIC_REPRESENTATION_CONTEXT(2) 
PARAMETRIC_REPRESENTATION_CONTEXT() REPRESENTATION_CONTEXT('2D SPACE',''
  ) );
#8762 = ORIENTED_EDGE('',*,*,#8763,.T.);
#8763 = EDGE_CURVE('',#8734,#8764,#8766,.T.);
#8764 = VERTEX_POINT('',#8765);
#8765 = CARTESIAN_POINT('',(-231.4764845694,80.892750548864,5.));
#8766 = SURFACE_CURVE('',#8767,(#8771,#8778),.PCURVE_S1.);
#8767 = LINE('',#8768,#8769);
#8768 = CARTESIAN_POINT('',(-224.1139935157,99.488280266629,5.));
#8769 = VECTOR('',#8770,1.);
#8770 = DIRECTION('',(-0.368124552685,-0.929776485888,0.));
#8771 = PCURVE('',#8744,#8772);
#8772 = DEFINITIONAL_REPRESENTATION('',(#8773),#8777);
#8773 = LINE('',#8774,#8775);
#8774 = CARTESIAN_POINT('',(0.,0.));
#8775 = VECTOR('',#8776,1.);
#8776 = DIRECTION('',(0.,-1.));
#8777 = ( GEOMETRIC_REPRESENTATION_CONTEXT(2) 
PARAMETRIC_REPRESENTATION_CONTEXT() REPRESENTATION_CONTEXT('2D SPACE',''
  ) );
#8778 = PCURVE('',#8664,#8779);
#8779 = DEFINITIONAL_REPRESENTATION('',(#8780),#8784);
#8780 = LINE('',#8781,#8782);
#8781 = CARTESIAN_POINT('',(160.,1.42108547152E-14));
#8782 = VECTOR('',#8783,1.);
#8783 = DIRECTION('',(0.,1.));
#8784 = ( GEOMETRIC_REPRESENTATION_CONTEXT(2) 
PARAMETRIC_REPRESENTATION_CONTEXT() REPRESENTATION_CONTEXT('2D SPACE',''
  ) );
#8785 = ORIENTED_EDGE('',*,*,#8786,.T.);
#8786 = EDGE_CURVE('',#8764,#8787,#8789,.T.);
#8787 = VERTEX_POINT('',#8788);
#8788 = CARTESIAN_POINT('',(-231.4764845694,80.892750548864,5.4));
#8789 = SURFACE_CURVE('',#8790,(#8794,#8801),.PCURVE_S1.);
#8790 = LINE('',#8791,#8792);
#8791 = CARTESIAN_POINT('',(-231.4764845694,80.892750548864,5.));
#8792 = VECTOR('',#8793,1.);
#8793 = DIRECTION('',(0.,0.,1.));
#8794 = PCURVE('',#8744,#8795);
#8795 = DEFINITIONAL_REPRESENTATION('',(#8796),#8800);
#8796 = LINE('',#8797,#8798);
#8797 = CARTESIAN_POINT('',(0.,-20.));
#8798 = VECTOR('',#8799,1.);
#8799 = DIRECTION('',(1.,0.));
#8800 = ( GEOMETRIC_REPRESENTATION_CONTEXT(2) 
PARAMETRIC_REPRESENTATION_CONTEXT() REPRESENTATION_CONTEXT('2D SPACE',''
  ) );
#8801 = PCURVE('',#8692,#8802);
#8802 = DEFINITIONAL_REPRESENTATION('',(#8803),#8807);
#8803 = LINE('',#8804,#8805);
#8804 = CARTESIAN_POINT('',(0.,160.));
#8805 = VECTOR('',#8806,1.);
#8806 = DIRECTION('',(1.,0.));
#8807 = ( GEOMETRIC_REPRESENTATION_CONTEXT(2) 
PARAMETRIC_REPRESENTATION_CONTEXT() REPRESENTATION_CONTEXT('2D SPACE',''
  ) );
#8808 = ORIENTED_EDGE('',*,*,#8809,.F.);
#8809 = EDGE_CURVE('',#8736,#8787,#8810,.T.);
#8810 = SURFACE_CURVE('',#8811,(#8815,#8822),.PCURVE_S1.);
#8811 = LINE('',#8812,#8813);
#8812 = CARTESIAN_POINT('',(-224.1139935157,99.488280266629,5.4));
#8813 = VECTOR('',#8814,1.);
#8814 = DIRECTION('',(-0.368124552685,-0.929776485888,0.));
#8815 = PCURVE('',#8744,#8816);
#8816 = DEFINITIONAL_REPRESENTATION('',(#8817),#8821);
#8817 = LINE('',#8818,#8819);
#8818 = CARTESIAN_POINT('',(0.4,0.));
#8819 = VECTOR('',#8820,1.);
#8820 = DIRECTION('',(0.,-1.));
#8821 = ( GEOMETRIC_REPRESENTATION_CONTEXT(2) 
PARAMETRIC_REPRESENTATION_CONTEXT() REPRESENTATION_CONTEXT('2D SPACE',''
  ) );
#8822 = PCURVE('',#8718,#8823);
#8823 = DEFINITIONAL_REPRESENTATION('',(#8824),#8828);
#8824 = LINE('',#8825,#8826);
#8825 = CARTESIAN_POINT('',(160.,1.42108547152E-14));
#8826 = VECTOR('',#8827,1.);
#8827 = DIRECTION('',(0.,1.));
#8828 = ( GEOMETRIC_REPRESENTATION_CONTEXT(2) 
PARAMETRIC_REPRESENTATION_CONTEXT() REPRESENTATION_CONTEXT('2D SPACE',''
  ) );
#8829 = ADVANCED_FACE('',(#8830),#8636,.F.);
#8830 = FACE_BOUND('',#8831,.F.);
#8831 = EDGE_LOOP('',(#8832,#8853,#8854,#8875));
#8832 = ORIENTED_EDGE('',*,*,#8833,.F.);
#8833 = EDGE_CURVE('',#8614,#8734,#8834,.T.);
#8834 = SURFACE_CURVE('',#8835,(#8839,#8846),.PCURVE_S1.);
#8835 = LINE('',#8836,#8837);
#8836 = CARTESIAN_POINT('',(-75.34975577365,40.58835183708,5.));
#8837 = VECTOR('',#8838,1.);
#8838 = DIRECTION('',(-0.929776485888,0.368124552685,0.));
#8839 = PCURVE('',#8636,#8840);
#8840 = DEFINITIONAL_REPRESENTATION('',(#8841),#8845);
#8841 = LINE('',#8842,#8843);
#8842 = CARTESIAN_POINT('',(0.,0.));
#8843 = VECTOR('',#8844,1.);
#8844 = DIRECTION('',(0.,1.));
#8845 = ( GEOMETRIC_REPRESENTATION_CONTEXT(2) 
PARAMETRIC_REPRESENTATION_CONTEXT() REPRESENTATION_CONTEXT('2D SPACE',''
  ) );
#8846 = PCURVE('',#8664,#8847);
#8847 = DEFINITIONAL_REPRESENTATION('',(#8848),#8852);
#8848 = LINE('',#8849,#8850);
#8849 = CARTESIAN_POINT('',(0.,0.));
#8850 = VECTOR('',#8851,1.);
#8851 = DIRECTION('',(1.,0.));
#8852 = ( GEOMETRIC_REPRESENTATION_CONTEXT(2) 
PARAMETRIC_REPRESENTATION_CONTEXT() REPRESENTATION_CONTEXT('2D SPACE',''
  ) );
#8853 = ORIENTED_EDGE('',*,*,#8613,.T.);
#8854 = ORIENTED_EDGE('',*,*,#8855,.T.);
#8855 = EDGE_CURVE('',#8616,#8736,#8856,.T.);
#8856 = SURFACE_CURVE('',#8857,(#8861,#8868),.PCURVE_S1.);
#8857 = LINE('',#8858,#8859);
#8858 = CARTESIAN_POINT('',(-75.34975577365,40.58835183708,5.4));
#8859 = VECTOR('',#8860,1.);
#8860 = DIRECTION('',(-0.929776485888,0.368124552685,0.));
#8861 = PCURVE('',#8636,#8862);
#8862 = DEFINITIONAL_REPRESENTATION('',(#8863),#8867);
#8863 = LINE('',#8864,#8865);
#8864 = CARTESIAN_POINT('',(0.4,0.));
#8865 = VECTOR('',#8866,1.);
#8866 = DIRECTION('',(0.,1.));
#8867 = ( GEOMETRIC_REPRESENTATION_CONTEXT(2) 
PARAMETRIC_REPRESENTATION_CONTEXT() REPRESENTATION_CONTEXT('2D SPACE',''
  ) );
#8868 = PCURVE('',#8718,#8869);
#8869 = DEFINITIONAL_REPRESENTATION('',(#8870),#8874);
#8870 = LINE('',#8871,#8872);
#8871 = CARTESIAN_POINT('',(0.,0.));
#8872 = VECTOR('',#8873,1.);
#8873 = DIRECTION('',(1.,0.));
#8874 = ( GEOMETRIC_REPRESENTATION_CONTEXT(2) 
PARAMETRIC_REPRESENTATION_CONTEXT() REPRESENTATION_CONTEXT('2D SPACE',''
  ) );
#8875 = ORIENTED_EDGE('',*,*,#8733,.F.);
#8876 = ADVANCED_FACE('',(#8877),#8692,.T.);
#8877 = FACE_BOUND('',#8878,.T.);
#8878 = EDGE_LOOP('',(#8879,#8900,#8901,#8922));
#8879 = ORIENTED_EDGE('',*,*,#8880,.F.);
#8880 = EDGE_CURVE('',#8649,#8764,#8881,.T.);
#8881 = SURFACE_CURVE('',#8882,(#8886,#8893),.PCURVE_S1.);
#8882 = LINE('',#8883,#8884);
#8883 = CARTESIAN_POINT('',(-82.71224682734,21.992822119315,5.));
#8884 = VECTOR('',#8885,1.);
#8885 = DIRECTION('',(-0.929776485888,0.368124552685,0.));
#8886 = PCURVE('',#8692,#8887);
#8887 = DEFINITIONAL_REPRESENTATION('',(#8888),#8892);
#8888 = LINE('',#8889,#8890);
#8889 = CARTESIAN_POINT('',(0.,0.));
#8890 = VECTOR('',#8891,1.);
#8891 = DIRECTION('',(0.,1.));
#8892 = ( GEOMETRIC_REPRESENTATION_CONTEXT(2) 
PARAMETRIC_REPRESENTATION_CONTEXT() REPRESENTATION_CONTEXT('2D SPACE',''
  ) );
#8893 = PCURVE('',#8664,#8894);
#8894 = DEFINITIONAL_REPRESENTATION('',(#8895),#8899);
#8895 = LINE('',#8896,#8897);
#8896 = CARTESIAN_POINT('',(3.552713678801E-15,20.));
#8897 = VECTOR('',#8898,1.);
#8898 = DIRECTION('',(1.,0.));
#8899 = ( GEOMETRIC_REPRESENTATION_CONTEXT(2) 
PARAMETRIC_REPRESENTATION_CONTEXT() REPRESENTATION_CONTEXT('2D SPACE',''
  ) );
#8900 = ORIENTED_EDGE('',*,*,#8676,.T.);
#8901 = ORIENTED_EDGE('',*,*,#8902,.T.);
#8902 = EDGE_CURVE('',#8677,#8787,#8903,.T.);
#8903 = SURFACE_CURVE('',#8904,(#8908,#8915),.PCURVE_S1.);
#8904 = LINE('',#8905,#8906);
#8905 = CARTESIAN_POINT('',(-82.71224682734,21.992822119315,5.4));
#8906 = VECTOR('',#8907,1.);
#8907 = DIRECTION('',(-0.929776485888,0.368124552685,0.));
#8908 = PCURVE('',#8692,#8909);
#8909 = DEFINITIONAL_REPRESENTATION('',(#8910),#8914);
#8910 = LINE('',#8911,#8912);
#8911 = CARTESIAN_POINT('',(0.4,0.));
#8912 = VECTOR('',#8913,1.);
#8913 = DIRECTION('',(0.,1.));
#8914 = ( GEOMETRIC_REPRESENTATION_CONTEXT(2) 
PARAMETRIC_REPRESENTATION_CONTEXT() REPRESENTATION_CONTEXT('2D SPACE',''
  ) );
#8915 = PCURVE('',#8718,#8916);
#8916 = DEFINITIONAL_REPRESENTATION('',(#8917),#8921);
#8917 = LINE('',#8918,#8919);
#8918 = CARTESIAN_POINT('',(3.552713678801E-15,20.));
#8919 = VECTOR('',#8920,1.);
#8920 = DIRECTION('',(1.,0.));
#8921 = ( GEOMETRIC_REPRESENTATION_CONTEXT(2) 
PARAMETRIC_REPRESENTATION_CONTEXT() REPRESENTATION_CONTEXT('2D SPACE',''
  ) );
#8922 = ORIENTED_EDGE('',*,*,#8786,.F.);
#8923 = ADVANCED_FACE('',(#8924),#8664,.F.);
#8924 = FACE_BOUND('',#8925,.F.);
#8925 = EDGE_LOOP('',(#8926,#8927,#8928,#8929));
#8926 = ORIENTED_EDGE('',*,*,#8648,.F.);
#8927 = ORIENTED_EDGE('',*,*,#8833,.T.);
#8928 = ORIENTED_EDGE('',*,*,#8763,.T.);
#8929 = ORIENTED_EDGE('',*,*,#8880,.F.);
#8930 = ADVANCED_FACE('',(#8931),#8718,.T.);
#8931 = FACE_BOUND('',#8932,.T.);
#8932 = EDGE_LOOP('',(#8933,#8934,#8935,#8936));
#8933 = ORIENTED_EDGE('',*,*,#8704,.F.);
#8934 = ORIENTED_EDGE('',*,*,#8855,.T.);
#8935 = ORIENTED_EDGE('',*,*,#8809,.T.);
#8936 = ORIENTED_EDGE('',*,*,#8902,.F.);
#8937 = ( GEOMETRIC_REPRESENTATION_CONTEXT(3) 
GLOBAL_UNCERTAINTY_ASSIGNED_CONTEXT((#8941)) 
GLOBAL_UNIT_ASSIGNED_CONTEXT((#8938,#8939,#8940)) REPRESENTATION_CONTEXT
('Context #1','3D Context with UNIT and UNCERTAINTY') );
#8938 = ( LENGTH_UNIT() NAMED_UNIT(*) SI_UNIT(.MILLI.,.METRE.) );
#8939 = ( NAMED_UNIT(*) PLANE_ANGLE_UNIT() SI_UNIT($,.RADIAN.) );
#8940 = ( NAMED_UNIT(*) SI_UNIT($,.STERADIAN.) SOLID_ANGLE_UNIT() );
#8941 = UNCERTAINTY_MEASURE_WITH_UNIT(LENGTH_MEASURE(1.E-07),#8938,
  'distance_accuracy_value','confusion accuracy');
#8942 = CONTEXT_DEPENDENT_SHAPE_REPRESENTATION(#8943,#8945);
#8943 = ( REPRESENTATION_RELATIONSHIP('','',#8606,#709) 
REPRESENTATION_RELATIONSHIP_WITH_TRANSFORMATION(#8944) 
SHAPE_REPRESENTATION_RELATIONSHIP() );
#8944 = ITEM_DEFINED_TRANSFORMATION('','',#11,#798);
#8945 = PRODUCT_DEFINITION_SHAPE('Placement','Placement of an item',
  #8946);
#8946 = NEXT_ASSEMBLY_USAGE_OCCURRENCE('31','','',#704,#8601,$);
#8947 = PRODUCT_RELATED_PRODUCT_CATEGORY('part',$,(#8603));
#8948 = SHAPE_DEFINITION_REPRESENTATION(#8949,#8955);
#8949 = PRODUCT_DEFINITION_SHAPE('','',#8950);
#8950 = PRODUCT_DEFINITION('design','',#8951,#8954);
#8951 = PRODUCT_DEFINITION_FORMATION('','',#8952);
#8952 = PRODUCT('Open CASCADE STEP translator 7.9 2.2.24',
  'Open CASCADE STEP translator 7.9 2.2.24','',(#8953));
#8953 = PRODUCT_CONTEXT('',#2,'mechanical');
#8954 = PRODUCT_DEFINITION_CONTEXT('part definition',#2,'design');
#8955 = ADVANCED_BREP_SHAPE_REPRESENTATION('',(#11,#8956),#9286);
#8956 = MANIFOLD_SOLID_BREP('',#8957);
#8957 = CLOSED_SHELL('',(#8958,#9078,#9178,#9225,#9272,#9279));
#8958 = ADVANCED_FACE('',(#8959),#8973,.F.);
#8959 = FACE_BOUND('',#8960,.F.);
#8960 = EDGE_LOOP('',(#8961,#8996,#9024,#9052));
#8961 = ORIENTED_EDGE('',*,*,#8962,.F.);
#8962 = EDGE_CURVE('',#8963,#8965,#8967,.T.);
#8963 = VERTEX_POINT('',#8964);
#8964 = CARTESIAN_POINT('',(-79.84266982428,30.824472020299,5.));
#8965 = VERTEX_POINT('',#8966);
#8966 = CARTESIAN_POINT('',(-79.84266982428,30.824472020299,5.4));
#8967 = SURFACE_CURVE('',#8968,(#8972,#8984),.PCURVE_S1.);
#8968 = LINE('',#8969,#8970);
#8969 = CARTESIAN_POINT('',(-79.84266982428,30.824472020299,5.));
#8970 = VECTOR('',#8971,1.);
#8971 = DIRECTION('',(0.,0.,1.));
#8972 = PCURVE('',#8973,#8978);
#8973 = PLANE('',#8974);
#8974 = AXIS2_PLACEMENT_3D('',#8975,#8976,#8977);
#8975 = CARTESIAN_POINT('',(-79.84266982428,30.824472020299,5.));
#8976 = DIRECTION('',(-0.968583161129,0.248689887165,0.));
#8977 = DIRECTION('',(0.,0.,1.));
#8978 = DEFINITIONAL_REPRESENTATION('',(#8979),#8983);
#8979 = LINE('',#8980,#8981);
#8980 = CARTESIAN_POINT('',(0.,0.));
#8981 = VECTOR('',#8982,1.);
#8982 = DIRECTION('',(1.,0.));
#8983 = ( GEOMETRIC_REPRESENTATION_CONTEXT(2) 
PARAMETRIC_REPRESENTATION_CONTEXT() REPRESENTATION_CONTEXT('2D SPACE',''
  ) );
#8984 = PCURVE('',#8985,#8990);
#8985 = PLANE('',#8986);
#8986 = AXIS2_PLACEMENT_3D('',#8987,#8988,#8989);
#8987 = CARTESIAN_POINT('',(-79.84266982428,30.824472020299,5.));
#8988 = DIRECTION('',(-0.248689887165,-0.968583161129,0.));
#8989 = DIRECTION('',(0.,0.,1.));
#8990 = DEFINITIONAL_REPRESENTATION('',(#8991),#8995);
#8991 = LINE('',#8992,#8993);
#8992 = CARTESIAN_POINT('',(0.,0.));
#8993 = VECTOR('',#8994,1.);
#8994 = DIRECTION('',(1.,0.));
#8995 = ( GEOMETRIC_REPRESENTATION_CONTEXT(2) 
PARAMETRIC_REPRESENTATION_CONTEXT() REPRESENTATION_CONTEXT('2D SPACE',''
  ) );
#8996 = ORIENTED_EDGE('',*,*,#8997,.T.);
#8997 = EDGE_CURVE('',#8963,#8998,#9000,.T.);
#8998 = VERTEX_POINT('',#8999);
#8999 = CARTESIAN_POINT('',(-84.81646756758,11.452808797726,5.));
#9000 = SURFACE_CURVE('',#9001,(#9005,#9012),.PCURVE_S1.);
#9001 = LINE('',#9002,#9003);
#9002 = CARTESIAN_POINT('',(-79.84266982428,30.824472020299,5.));
#9003 = VECTOR('',#9004,1.);
#9004 = DIRECTION('',(-0.248689887165,-0.968583161129,0.));
#9005 = PCURVE('',#8973,#9006);
#9006 = DEFINITIONAL_REPRESENTATION('',(#9007),#9011);
#9007 = LINE('',#9008,#9009);
#9008 = CARTESIAN_POINT('',(0.,0.));
#9009 = VECTOR('',#9010,1.);
#9010 = DIRECTION('',(0.,-1.));
#9011 = ( GEOMETRIC_REPRESENTATION_CONTEXT(2) 
PARAMETRIC_REPRESENTATION_CONTEXT() REPRESENTATION_CONTEXT('2D SPACE',''
  ) );
#9012 = PCURVE('',#9013,#9018);
#9013 = PLANE('',#9014);
#9014 = AXIS2_PLACEMENT_3D('',#9015,#9016,#9017);
#9015 = CARTESIAN_POINT('',(-79.84266982428,30.824472020299,5.));
#9016 = DIRECTION('',(0.,0.,1.));
#9017 = DIRECTION('',(-0.968583161129,0.248689887165,0.));
#9018 = DEFINITIONAL_REPRESENTATION('',(#9019),#9023);
#9019 = LINE('',#9020,#9021);
#9020 = CARTESIAN_POINT('',(0.,0.));
#9021 = VECTOR('',#9022,1.);
#9022 = DIRECTION('',(0.,1.));
#9023 = ( GEOMETRIC_REPRESENTATION_CONTEXT(2) 
PARAMETRIC_REPRESENTATION_CONTEXT() REPRESENTATION_CONTEXT('2D SPACE',''
  ) );
#9024 = ORIENTED_EDGE('',*,*,#9025,.T.);
#9025 = EDGE_CURVE('',#8998,#9026,#9028,.T.);
#9026 = VERTEX_POINT('',#9027);
#9027 = CARTESIAN_POINT('',(-84.81646756758,11.452808797726,5.4));
#9028 = SURFACE_CURVE('',#9029,(#9033,#9040),.PCURVE_S1.);
#9029 = LINE('',#9030,#9031);
#9030 = CARTESIAN_POINT('',(-84.81646756758,11.452808797726,5.));
#9031 = VECTOR('',#9032,1.);
#9032 = DIRECTION('',(0.,0.,1.));
#9033 = PCURVE('',#8973,#9034);
#9034 = DEFINITIONAL_REPRESENTATION('',(#9035),#9039);
#9035 = LINE('',#9036,#9037);
#9036 = CARTESIAN_POINT('',(0.,-20.));
#9037 = VECTOR('',#9038,1.);
#9038 = DIRECTION('',(1.,0.));
#9039 = ( GEOMETRIC_REPRESENTATION_CONTEXT(2) 
PARAMETRIC_REPRESENTATION_CONTEXT() REPRESENTATION_CONTEXT('2D SPACE',''
  ) );
#9040 = PCURVE('',#9041,#9046);
#9041 = PLANE('',#9042);
#9042 = AXIS2_PLACEMENT_3D('',#9043,#9044,#9045);
#9043 = CARTESIAN_POINT('',(-84.81646756758,11.452808797726,5.));
#9044 = DIRECTION('',(-0.248689887165,-0.968583161129,0.));
#9045 = DIRECTION('',(0.,0.,1.));
#9046 = DEFINITIONAL_REPRESENTATION('',(#9047),#9051);
#9047 = LINE('',#9048,#9049);
#9048 = CARTESIAN_POINT('',(0.,0.));
#9049 = VECTOR('',#9050,1.);
#9050 = DIRECTION('',(1.,0.));
#9051 = ( GEOMETRIC_REPRESENTATION_CONTEXT(2) 
PARAMETRIC_REPRESENTATION_CONTEXT() REPRESENTATION_CONTEXT('2D SPACE',''
  ) );
#9052 = ORIENTED_EDGE('',*,*,#9053,.F.);
#9053 = EDGE_CURVE('',#8965,#9026,#9054,.T.);
#9054 = SURFACE_CURVE('',#9055,(#9059,#9066),.PCURVE_S1.);
#9055 = LINE('',#9056,#9057);
#9056 = CARTESIAN_POINT('',(-79.84266982428,30.824472020299,5.4));
#9057 = VECTOR('',#9058,1.);
#9058 = DIRECTION('',(-0.248689887165,-0.968583161129,0.));
#9059 = PCURVE('',#8973,#9060);
#9060 = DEFINITIONAL_REPRESENTATION('',(#9061),#9065);
#9061 = LINE('',#9062,#9063);
#9062 = CARTESIAN_POINT('',(0.4,0.));
#9063 = VECTOR('',#9064,1.);
#9064 = DIRECTION('',(0.,-1.));
#9065 = ( GEOMETRIC_REPRESENTATION_CONTEXT(2) 
PARAMETRIC_REPRESENTATION_CONTEXT() REPRESENTATION_CONTEXT('2D SPACE',''
  ) );
#9066 = PCURVE('',#9067,#9072);
#9067 = PLANE('',#9068);
#9068 = AXIS2_PLACEMENT_3D('',#9069,#9070,#9071);
#9069 = CARTESIAN_POINT('',(-79.84266982428,30.824472020299,5.4));
#9070 = DIRECTION('',(0.,0.,1.));
#9071 = DIRECTION('',(-0.968583161129,0.248689887165,0.));
#9072 = DEFINITIONAL_REPRESENTATION('',(#9073),#9077);
#9073 = LINE('',#9074,#9075);
#9074 = CARTESIAN_POINT('',(0.,0.));
#9075 = VECTOR('',#9076,1.);
#9076 = DIRECTION('',(0.,1.));
#9077 = ( GEOMETRIC_REPRESENTATION_CONTEXT(2) 
PARAMETRIC_REPRESENTATION_CONTEXT() REPRESENTATION_CONTEXT('2D SPACE',''
  ) );
#9078 = ADVANCED_FACE('',(#9079),#9093,.T.);
#9079 = FACE_BOUND('',#9080,.T.);
#9080 = EDGE_LOOP('',(#9081,#9111,#9134,#9157));
#9081 = ORIENTED_EDGE('',*,*,#9082,.F.);
#9082 = EDGE_CURVE('',#9083,#9085,#9087,.T.);
#9083 = VERTEX_POINT('',#9084);
#9084 = CARTESIAN_POINT('',(-234.8159756048,70.614853966676,5.));
#9085 = VERTEX_POINT('',#9086);
#9086 = CARTESIAN_POINT('',(-234.8159756048,70.614853966676,5.4));
#9087 = SURFACE_CURVE('',#9088,(#9092,#9104),.PCURVE_S1.);
#9088 = LINE('',#9089,#9090);
#9089 = CARTESIAN_POINT('',(-234.8159756048,70.614853966676,5.));
#9090 = VECTOR('',#9091,1.);
#9091 = DIRECTION('',(0.,0.,1.));
#9092 = PCURVE('',#9093,#9098);
#9093 = PLANE('',#9094);
#9094 = AXIS2_PLACEMENT_3D('',#9095,#9096,#9097);
#9095 = CARTESIAN_POINT('',(-234.8159756048,70.614853966676,5.));
#9096 = DIRECTION('',(-0.968583161129,0.248689887165,0.));
#9097 = DIRECTION('',(0.,0.,1.));
#9098 = DEFINITIONAL_REPRESENTATION('',(#9099),#9103);
#9099 = LINE('',#9100,#9101);
#9100 = CARTESIAN_POINT('',(0.,0.));
#9101 = VECTOR('',#9102,1.);
#9102 = DIRECTION('',(1.,0.));
#9103 = ( GEOMETRIC_REPRESENTATION_CONTEXT(2) 
PARAMETRIC_REPRESENTATION_CONTEXT() REPRESENTATION_CONTEXT('2D SPACE',''
  ) );
#9104 = PCURVE('',#8985,#9105);
#9105 = DEFINITIONAL_REPRESENTATION('',(#9106),#9110);
#9106 = LINE('',#9107,#9108);
#9107 = CARTESIAN_POINT('',(0.,160.));
#9108 = VECTOR('',#9109,1.);
#9109 = DIRECTION('',(1.,0.));
#9110 = ( GEOMETRIC_REPRESENTATION_CONTEXT(2) 
PARAMETRIC_REPRESENTATION_CONTEXT() REPRESENTATION_CONTEXT('2D SPACE',''
  ) );
#9111 = ORIENTED_EDGE('',*,*,#9112,.T.);
#9112 = EDGE_CURVE('',#9083,#9113,#9115,.T.);
#9113 = VERTEX_POINT('',#9114);
#9114 = CARTESIAN_POINT('',(-239.7897733481,51.243190744103,5.));
#9115 = SURFACE_CURVE('',#9116,(#9120,#9127),.PCURVE_S1.);
#9116 = LINE('',#9117,#9118);
#9117 = CARTESIAN_POINT('',(-234.8159756048,70.614853966676,5.));
#9118 = VECTOR('',#9119,1.);
#9119 = DIRECTION('',(-0.248689887165,-0.968583161129,0.));
#9120 = PCURVE('',#9093,#9121);
#9121 = DEFINITIONAL_REPRESENTATION('',(#9122),#9126);
#9122 = LINE('',#9123,#9124);
#9123 = CARTESIAN_POINT('',(0.,0.));
#9124 = VECTOR('',#9125,1.);
#9125 = DIRECTION('',(0.,-1.));
#9126 = ( GEOMETRIC_REPRESENTATION_CONTEXT(2) 
PARAMETRIC_REPRESENTATION_CONTEXT() REPRESENTATION_CONTEXT('2D SPACE',''
  ) );
#9127 = PCURVE('',#9013,#9128);
#9128 = DEFINITIONAL_REPRESENTATION('',(#9129),#9133);
#9129 = LINE('',#9130,#9131);
#9130 = CARTESIAN_POINT('',(160.,-1.42108547152E-14));
#9131 = VECTOR('',#9132,1.);
#9132 = DIRECTION('',(0.,1.));
#9133 = ( GEOMETRIC_REPRESENTATION_CONTEXT(2) 
PARAMETRIC_REPRESENTATION_CONTEXT() REPRESENTATION_CONTEXT('2D SPACE',''
  ) );
#9134 = ORIENTED_EDGE('',*,*,#9135,.T.);
#9135 = EDGE_CURVE('',#9113,#9136,#9138,.T.);
#9136 = VERTEX_POINT('',#9137);
#9137 = CARTESIAN_POINT('',(-239.7897733481,51.243190744103,5.4));
#9138 = SURFACE_CURVE('',#9139,(#9143,#9150),.PCURVE_S1.);
#9139 = LINE('',#9140,#9141);
#9140 = CARTESIAN_POINT('',(-239.7897733481,51.243190744103,5.));
#9141 = VECTOR('',#9142,1.);
#9142 = DIRECTION('',(0.,0.,1.));
#9143 = PCURVE('',#9093,#9144);
#9144 = DEFINITIONAL_REPRESENTATION('',(#9145),#9149);
#9145 = LINE('',#9146,#9147);
#9146 = CARTESIAN_POINT('',(0.,-20.));
#9147 = VECTOR('',#9148,1.);
#9148 = DIRECTION('',(1.,0.));
#9149 = ( GEOMETRIC_REPRESENTATION_CONTEXT(2) 
PARAMETRIC_REPRESENTATION_CONTEXT() REPRESENTATION_CONTEXT('2D SPACE',''
  ) );
#9150 = PCURVE('',#9041,#9151);
#9151 = DEFINITIONAL_REPRESENTATION('',(#9152),#9156);
#9152 = LINE('',#9153,#9154);
#9153 = CARTESIAN_POINT('',(0.,160.));
#9154 = VECTOR('',#9155,1.);
#9155 = DIRECTION('',(1.,0.));
#9156 = ( GEOMETRIC_REPRESENTATION_CONTEXT(2) 
PARAMETRIC_REPRESENTATION_CONTEXT() REPRESENTATION_CONTEXT('2D SPACE',''
  ) );
#9157 = ORIENTED_EDGE('',*,*,#9158,.F.);
#9158 = EDGE_CURVE('',#9085,#9136,#9159,.T.);
#9159 = SURFACE_CURVE('',#9160,(#9164,#9171),.PCURVE_S1.);
#9160 = LINE('',#9161,#9162);
#9161 = CARTESIAN_POINT('',(-234.8159756048,70.614853966676,5.4));
#9162 = VECTOR('',#9163,1.);
#9163 = DIRECTION('',(-0.248689887165,-0.968583161129,0.));
#9164 = PCURVE('',#9093,#9165);
#9165 = DEFINITIONAL_REPRESENTATION('',(#9166),#9170);
#9166 = LINE('',#9167,#9168);
#9167 = CARTESIAN_POINT('',(0.4,0.));
#9168 = VECTOR('',#9169,1.);
#9169 = DIRECTION('',(0.,-1.));
#9170 = ( GEOMETRIC_REPRESENTATION_CONTEXT(2) 
PARAMETRIC_REPRESENTATION_CONTEXT() REPRESENTATION_CONTEXT('2D SPACE',''
  ) );
#9171 = PCURVE('',#9067,#9172);
#9172 = DEFINITIONAL_REPRESENTATION('',(#9173),#9177);
#9173 = LINE('',#9174,#9175);
#9174 = CARTESIAN_POINT('',(160.,-1.42108547152E-14));
#9175 = VECTOR('',#9176,1.);
#9176 = DIRECTION('',(0.,1.));
#9177 = ( GEOMETRIC_REPRESENTATION_CONTEXT(2) 
PARAMETRIC_REPRESENTATION_CONTEXT() REPRESENTATION_CONTEXT('2D SPACE',''
  ) );
#9178 = ADVANCED_FACE('',(#9179),#8985,.F.);
#9179 = FACE_BOUND('',#9180,.F.);
#9180 = EDGE_LOOP('',(#9181,#9202,#9203,#9224));
#9181 = ORIENTED_EDGE('',*,*,#9182,.F.);
#9182 = EDGE_CURVE('',#8963,#9083,#9183,.T.);
#9183 = SURFACE_CURVE('',#9184,(#9188,#9195),.PCURVE_S1.);
#9184 = LINE('',#9185,#9186);
#9185 = CARTESIAN_POINT('',(-79.84266982428,30.824472020299,5.));
#9186 = VECTOR('',#9187,1.);
#9187 = DIRECTION('',(-0.968583161129,0.248689887165,0.));
#9188 = PCURVE('',#8985,#9189);
#9189 = DEFINITIONAL_REPRESENTATION('',(#9190),#9194);
#9190 = LINE('',#9191,#9192);
#9191 = CARTESIAN_POINT('',(0.,0.));
#9192 = VECTOR('',#9193,1.);
#9193 = DIRECTION('',(0.,1.));
#9194 = ( GEOMETRIC_REPRESENTATION_CONTEXT(2) 
PARAMETRIC_REPRESENTATION_CONTEXT() REPRESENTATION_CONTEXT('2D SPACE',''
  ) );
#9195 = PCURVE('',#9013,#9196);
#9196 = DEFINITIONAL_REPRESENTATION('',(#9197),#9201);
#9197 = LINE('',#9198,#9199);
#9198 = CARTESIAN_POINT('',(0.,0.));
#9199 = VECTOR('',#9200,1.);
#9200 = DIRECTION('',(1.,0.));
#9201 = ( GEOMETRIC_REPRESENTATION_CONTEXT(2) 
PARAMETRIC_REPRESENTATION_CONTEXT() REPRESENTATION_CONTEXT('2D SPACE',''
  ) );
#9202 = ORIENTED_EDGE('',*,*,#8962,.T.);
#9203 = ORIENTED_EDGE('',*,*,#9204,.T.);
#9204 = EDGE_CURVE('',#8965,#9085,#9205,.T.);
#9205 = SURFACE_CURVE('',#9206,(#9210,#9217),.PCURVE_S1.);
#9206 = LINE('',#9207,#9208);
#9207 = CARTESIAN_POINT('',(-79.84266982428,30.824472020299,5.4));
#9208 = VECTOR('',#9209,1.);
#9209 = DIRECTION('',(-0.968583161129,0.248689887165,0.));
#9210 = PCURVE('',#8985,#9211);
#9211 = DEFINITIONAL_REPRESENTATION('',(#9212),#9216);
#9212 = LINE('',#9213,#9214);
#9213 = CARTESIAN_POINT('',(0.4,0.));
#9214 = VECTOR('',#9215,1.);
#9215 = DIRECTION('',(0.,1.));
#9216 = ( GEOMETRIC_REPRESENTATION_CONTEXT(2) 
PARAMETRIC_REPRESENTATION_CONTEXT() REPRESENTATION_CONTEXT('2D SPACE',''
  ) );
#9217 = PCURVE('',#9067,#9218);
#9218 = DEFINITIONAL_REPRESENTATION('',(#9219),#9223);
#9219 = LINE('',#9220,#9221);
#9220 = CARTESIAN_POINT('',(0.,0.));
#9221 = VECTOR('',#9222,1.);
#9222 = DIRECTION('',(1.,0.));
#9223 = ( GEOMETRIC_REPRESENTATION_CONTEXT(2) 
PARAMETRIC_REPRESENTATION_CONTEXT() REPRESENTATION_CONTEXT('2D SPACE',''
  ) );
#9224 = ORIENTED_EDGE('',*,*,#9082,.F.);
#9225 = ADVANCED_FACE('',(#9226),#9041,.T.);
#9226 = FACE_BOUND('',#9227,.T.);
#9227 = EDGE_LOOP('',(#9228,#9249,#9250,#9271));
#9228 = ORIENTED_EDGE('',*,*,#9229,.F.);
#9229 = EDGE_CURVE('',#8998,#9113,#9230,.T.);
#9230 = SURFACE_CURVE('',#9231,(#9235,#9242),.PCURVE_S1.);
#9231 = LINE('',#9232,#9233);
#9232 = CARTESIAN_POINT('',(-84.81646756758,11.452808797726,5.));
#9233 = VECTOR('',#9234,1.);
#9234 = DIRECTION('',(-0.968583161129,0.248689887165,0.));
#9235 = PCURVE('',#9041,#9236);
#9236 = DEFINITIONAL_REPRESENTATION('',(#9237),#9241);
#9237 = LINE('',#9238,#9239);
#9238 = CARTESIAN_POINT('',(0.,0.));
#9239 = VECTOR('',#9240,1.);
#9240 = DIRECTION('',(0.,1.));
#9241 = ( GEOMETRIC_REPRESENTATION_CONTEXT(2) 
PARAMETRIC_REPRESENTATION_CONTEXT() REPRESENTATION_CONTEXT('2D SPACE',''
  ) );
#9242 = PCURVE('',#9013,#9243);
#9243 = DEFINITIONAL_REPRESENTATION('',(#9244),#9248);
#9244 = LINE('',#9245,#9246);
#9245 = CARTESIAN_POINT('',(1.7763568394E-15,20.));
#9246 = VECTOR('',#9247,1.);
#9247 = DIRECTION('',(1.,0.));
#9248 = ( GEOMETRIC_REPRESENTATION_CONTEXT(2) 
PARAMETRIC_REPRESENTATION_CONTEXT() REPRESENTATION_CONTEXT('2D SPACE',''
  ) );
#9249 = ORIENTED_EDGE('',*,*,#9025,.T.);
#9250 = ORIENTED_EDGE('',*,*,#9251,.T.);
#9251 = EDGE_CURVE('',#9026,#9136,#9252,.T.);
#9252 = SURFACE_CURVE('',#9253,(#9257,#9264),.PCURVE_S1.);
#9253 = LINE('',#9254,#9255);
#9254 = CARTESIAN_POINT('',(-84.81646756758,11.452808797726,5.4));
#9255 = VECTOR('',#9256,1.);
#9256 = DIRECTION('',(-0.968583161129,0.248689887165,0.));
#9257 = PCURVE('',#9041,#9258);
#9258 = DEFINITIONAL_REPRESENTATION('',(#9259),#9263);
#9259 = LINE('',#9260,#9261);
#9260 = CARTESIAN_POINT('',(0.4,0.));
#9261 = VECTOR('',#9262,1.);
#9262 = DIRECTION('',(0.,1.));
#9263 = ( GEOMETRIC_REPRESENTATION_CONTEXT(2) 
PARAMETRIC_REPRESENTATION_CONTEXT() REPRESENTATION_CONTEXT('2D SPACE',''
  ) );
#9264 = PCURVE('',#9067,#9265);
#9265 = DEFINITIONAL_REPRESENTATION('',(#9266),#9270);
#9266 = LINE('',#9267,#9268);
#9267 = CARTESIAN_POINT('',(1.7763568394E-15,20.));
#9268 = VECTOR('',#9269,1.);
#9269 = DIRECTION('',(1.,0.));
#9270 = ( GEOMETRIC_REPRESENTATION_CONTEXT(2) 
PARAMETRIC_REPRESENTATION_CONTEXT() REPRESENTATION_CONTEXT('2D SPACE',''
  ) );
#9271 = ORIENTED_EDGE('',*,*,#9135,.F.);
#9272 = ADVANCED_FACE('',(#9273),#9013,.F.);
#9273 = FACE_BOUND('',#9274,.F.);
#9274 = EDGE_LOOP('',(#9275,#9276,#9277,#9278));
#9275 = ORIENTED_EDGE('',*,*,#8997,.F.);
#9276 = ORIENTED_EDGE('',*,*,#9182,.T.);
#9277 = ORIENTED_EDGE('',*,*,#9112,.T.);
#9278 = ORIENTED_EDGE('',*,*,#9229,.F.);
#9279 = ADVANCED_FACE('',(#9280),#9067,.T.);
#9280 = FACE_BOUND('',#9281,.T.);
#9281 = EDGE_LOOP('',(#9282,#9283,#9284,#9285));
#9282 = ORIENTED_EDGE('',*,*,#9053,.F.);
#9283 = ORIENTED_EDGE('',*,*,#9204,.T.);
#9284 = ORIENTED_EDGE('',*,*,#9158,.T.);
#9285 = ORIENTED_EDGE('',*,*,#9251,.F.);
#9286 = ( GEOMETRIC_REPRESENTATION_CONTEXT(3) 
GLOBAL_UNCERTAINTY_ASSIGNED_CONTEXT((#9290)) 
GLOBAL_UNIT_ASSIGNED_CONTEXT((#9287,#9288,#9289)) REPRESENTATION_CONTEXT
('Context #1','3D Context with UNIT and UNCERTAINTY') );
#9287 = ( LENGTH_UNIT() NAMED_UNIT(*) SI_UNIT(.MILLI.,.METRE.) );
#9288 = ( NAMED_UNIT(*) PLANE_ANGLE_UNIT() SI_UNIT($,.RADIAN.) );
#9289 = ( NAMED_UNIT(*) SI_UNIT($,.STERADIAN.) SOLID_ANGLE_UNIT() );
#9290 = UNCERTAINTY_MEASURE_WITH_UNIT(LENGTH_MEASURE(1.E-07),#9287,
  'distance_accuracy_value','confusion accuracy');
#9291 = CONTEXT_DEPENDENT_SHAPE_REPRESENTATION(#9292,#9294);
#9292 = ( REPRESENTATION_RELATIONSHIP('','',#8955,#709) 
REPRESENTATION_RELATIONSHIP_WITH_TRANSFORMATION(#9293) 
SHAPE_REPRESENTATION_RELATIONSHIP() );
#9293 = ITEM_DEFINED_TRANSFORMATION('','',#11,#802);
#9294 = PRODUCT_DEFINITION_SHAPE('Placement','Placement of an item',
  #9295);
#9295 = NEXT_ASSEMBLY_USAGE_OCCURRENCE('32','','',#704,#8950,$);
#9296 = PRODUCT_RELATED_PRODUCT_CATEGORY('part',$,(#8952));
#9297 = SHAPE_DEFINITION_REPRESENTATION(#9298,#9304);
#9298 = PRODUCT_DEFINITION_SHAPE('','',#9299);
#9299 = PRODUCT_DEFINITION('design','',#9300,#9303);
#9300 = PRODUCT_DEFINITION_FORMATION('','',#9301);
#9301 = PRODUCT('Open CASCADE STEP translator 7.9 2.2.25',
  'Open CASCADE STEP translator 7.9 2.2.25','',(#9302));
#9302 = PRODUCT_CONTEXT('',#2,'mechanical');
#9303 = PRODUCT_DEFINITION_CONTEXT('part definition',#2,'design');
#9304 = ADVANCED_BREP_SHAPE_REPRESENTATION('',(#11,#9305),#9635);
#9305 = MANIFOLD_SOLID_BREP('',#9306);
#9306 = CLOSED_SHELL('',(#9307,#9427,#9527,#9574,#9621,#9628));
#9307 = ADVANCED_FACE('',(#9308),#9322,.F.);
#9308 = FACE_BOUND('',#9309,.F.);
#9309 = EDGE_LOOP('',(#9310,#9345,#9373,#9401));
#9310 = ORIENTED_EDGE('',*,*,#9311,.F.);
#9311 = EDGE_CURVE('',#9312,#9314,#9316,.T.);
#9312 = VERTEX_POINT('',#9313);
#9313 = CARTESIAN_POINT('',(-83.07641727608,20.574471866111,5.));
#9314 = VERTEX_POINT('',#9315);
#9315 = CARTESIAN_POINT('',(-83.07641727608,20.574471866111,5.4));
#9316 = SURFACE_CURVE('',#9317,(#9321,#9333),.PCURVE_S1.);
#9317 = LINE('',#9318,#9319);
#9318 = CARTESIAN_POINT('',(-83.07641727608,20.574471866111,5.));
#9319 = VECTOR('',#9320,1.);
#9320 = DIRECTION('',(0.,0.,1.));
#9321 = PCURVE('',#9322,#9327);
#9322 = PLANE('',#9323);
#9323 = AXIS2_PLACEMENT_3D('',#9324,#9325,#9326);
#9324 = CARTESIAN_POINT('',(-83.07641727608,20.574471866111,5.));
#9325 = DIRECTION('',(-0.992114701314,0.125333233564,0.));
#9326 = DIRECTION('',(0.,0.,1.));
#9327 = DEFINITIONAL_REPRESENTATION('',(#9328),#9332);
#9328 = LINE('',#9329,#9330);
#9329 = CARTESIAN_POINT('',(0.,0.));
#9330 = VECTOR('',#9331,1.);
#9331 = DIRECTION('',(1.,0.));
#9332 = ( GEOMETRIC_REPRESENTATION_CONTEXT(2) 
PARAMETRIC_REPRESENTATION_CONTEXT() REPRESENTATION_CONTEXT('2D SPACE',''
  ) );
#9333 = PCURVE('',#9334,#9339);
#9334 = PLANE('',#9335);
#9335 = AXIS2_PLACEMENT_3D('',#9336,#9337,#9338);
#9336 = CARTESIAN_POINT('',(-83.07641727608,20.574471866111,5.));
#9337 = DIRECTION('',(-0.125333233564,-0.992114701314,0.));
#9338 = DIRECTION('',(0.,0.,1.));
#9339 = DEFINITIONAL_REPRESENTATION('',(#9340),#9344);
#9340 = LINE('',#9341,#9342);
#9341 = CARTESIAN_POINT('',(0.,0.));
#9342 = VECTOR('',#9343,1.);
#9343 = DIRECTION('',(1.,0.));
#9344 = ( GEOMETRIC_REPRESENTATION_CONTEXT(2) 
PARAMETRIC_REPRESENTATION_CONTEXT() REPRESENTATION_CONTEXT('2D SPACE',''
  ) );
#9345 = ORIENTED_EDGE('',*,*,#9346,.T.);
#9346 = EDGE_CURVE('',#9312,#9347,#9349,.T.);
#9347 = VERTEX_POINT('',#9348);
#9348 = CARTESIAN_POINT('',(-85.58308194737,0.732177839821,5.));
#9349 = SURFACE_CURVE('',#9350,(#9354,#9361),.PCURVE_S1.);
#9350 = LINE('',#9351,#9352);
#9351 = CARTESIAN_POINT('',(-83.07641727608,20.574471866111,5.));
#9352 = VECTOR('',#9353,1.);
#9353 = DIRECTION('',(-0.125333233564,-0.992114701314,0.));
#9354 = PCURVE('',#9322,#9355);
#9355 = DEFINITIONAL_REPRESENTATION('',(#9356),#9360);
#9356 = LINE('',#9357,#9358);
#9357 = CARTESIAN_POINT('',(0.,0.));
#9358 = VECTOR('',#9359,1.);
#9359 = DIRECTION('',(0.,-1.));
#9360 = ( GEOMETRIC_REPRESENTATION_CONTEXT(2) 
PARAMETRIC_REPRESENTATION_CONTEXT() REPRESENTATION_CONTEXT('2D SPACE',''
  ) );
#9361 = PCURVE('',#9362,#9367);
#9362 = PLANE('',#9363);
#9363 = AXIS2_PLACEMENT_3D('',#9364,#9365,#9366);
#9364 = CARTESIAN_POINT('',(-83.07641727608,20.574471866111,5.));
#9365 = DIRECTION('',(0.,0.,1.));
#9366 = DIRECTION('',(-0.992114701314,0.125333233564,0.));
#9367 = DEFINITIONAL_REPRESENTATION('',(#9368),#9372);
#9368 = LINE('',#9369,#9370);
#9369 = CARTESIAN_POINT('',(0.,0.));
#9370 = VECTOR('',#9371,1.);
#9371 = DIRECTION('',(0.,1.));
#9372 = ( GEOMETRIC_REPRESENTATION_CONTEXT(2) 
PARAMETRIC_REPRESENTATION_CONTEXT() REPRESENTATION_CONTEXT('2D SPACE',''
  ) );
#9373 = ORIENTED_EDGE('',*,*,#9374,.T.);
#9374 = EDGE_CURVE('',#9347,#9375,#9377,.T.);
#9375 = VERTEX_POINT('',#9376);
#9376 = CARTESIAN_POINT('',(-85.58308194737,0.732177839821,5.4));
#9377 = SURFACE_CURVE('',#9378,(#9382,#9389),.PCURVE_S1.);
#9378 = LINE('',#9379,#9380);
#9379 = CARTESIAN_POINT('',(-85.58308194737,0.732177839821,5.));
#9380 = VECTOR('',#9381,1.);
#9381 = DIRECTION('',(0.,0.,1.));
#9382 = PCURVE('',#9322,#9383);
#9383 = DEFINITIONAL_REPRESENTATION('',(#9384),#9388);
#9384 = LINE('',#9385,#9386);
#9385 = CARTESIAN_POINT('',(0.,-20.));
#9386 = VECTOR('',#9387,1.);
#9387 = DIRECTION('',(1.,0.));
#9388 = ( GEOMETRIC_REPRESENTATION_CONTEXT(2) 
PARAMETRIC_REPRESENTATION_CONTEXT() REPRESENTATION_CONTEXT('2D SPACE',''
  ) );
#9389 = PCURVE('',#9390,#9395);
#9390 = PLANE('',#9391);
#9391 = AXIS2_PLACEMENT_3D('',#9392,#9393,#9394);
#9392 = CARTESIAN_POINT('',(-85.58308194737,0.732177839821,5.));
#9393 = DIRECTION('',(-0.125333233564,-0.992114701314,0.));
#9394 = DIRECTION('',(0.,0.,1.));
#9395 = DEFINITIONAL_REPRESENTATION('',(#9396),#9400);
#9396 = LINE('',#9397,#9398);
#9397 = CARTESIAN_POINT('',(0.,0.));
#9398 = VECTOR('',#9399,1.);
#9399 = DIRECTION('',(1.,0.));
#9400 = ( GEOMETRIC_REPRESENTATION_CONTEXT(2) 
PARAMETRIC_REPRESENTATION_CONTEXT() REPRESENTATION_CONTEXT('2D SPACE',''
  ) );
#9401 = ORIENTED_EDGE('',*,*,#9402,.F.);
#9402 = EDGE_CURVE('',#9314,#9375,#9403,.T.);
#9403 = SURFACE_CURVE('',#9404,(#9408,#9415),.PCURVE_S1.);
#9404 = LINE('',#9405,#9406);
#9405 = CARTESIAN_POINT('',(-83.07641727608,20.574471866111,5.4));
#9406 = VECTOR('',#9407,1.);
#9407 = DIRECTION('',(-0.125333233564,-0.992114701314,0.));
#9408 = PCURVE('',#9322,#9409);
#9409 = DEFINITIONAL_REPRESENTATION('',(#9410),#9414);
#9410 = LINE('',#9411,#9412);
#9411 = CARTESIAN_POINT('',(0.4,0.));
#9412 = VECTOR('',#9413,1.);
#9413 = DIRECTION('',(0.,-1.));
#9414 = ( GEOMETRIC_REPRESENTATION_CONTEXT(2) 
PARAMETRIC_REPRESENTATION_CONTEXT() REPRESENTATION_CONTEXT('2D SPACE',''
  ) );
#9415 = PCURVE('',#9416,#9421);
#9416 = PLANE('',#9417);
#9417 = AXIS2_PLACEMENT_3D('',#9418,#9419,#9420);
#9418 = CARTESIAN_POINT('',(-83.07641727608,20.574471866111,5.4));
#9419 = DIRECTION('',(0.,0.,1.));
#9420 = DIRECTION('',(-0.992114701314,0.125333233564,0.));
#9421 = DEFINITIONAL_REPRESENTATION('',(#9422),#9426);
#9422 = LINE('',#9423,#9424);
#9423 = CARTESIAN_POINT('',(0.,0.));
#9424 = VECTOR('',#9425,1.);
#9425 = DIRECTION('',(0.,1.));
#9426 = ( GEOMETRIC_REPRESENTATION_CONTEXT(2) 
PARAMETRIC_REPRESENTATION_CONTEXT() REPRESENTATION_CONTEXT('2D SPACE',''
  ) );
#9427 = ADVANCED_FACE('',(#9428),#9442,.T.);
#9428 = FACE_BOUND('',#9429,.T.);
#9429 = EDGE_LOOP('',(#9430,#9460,#9483,#9506));
#9430 = ORIENTED_EDGE('',*,*,#9431,.F.);
#9431 = EDGE_CURVE('',#9432,#9434,#9436,.T.);
#9432 = VERTEX_POINT('',#9433);
#9433 = CARTESIAN_POINT('',(-241.8147694864,40.627789236399,5.));
#9434 = VERTEX_POINT('',#9435);
#9435 = CARTESIAN_POINT('',(-241.8147694864,40.627789236399,5.4));
#9436 = SURFACE_CURVE('',#9437,(#9441,#9453),.PCURVE_S1.);
#9437 = LINE('',#9438,#9439);
#9438 = CARTESIAN_POINT('',(-241.8147694864,40.627789236399,5.));
#9439 = VECTOR('',#9440,1.);
#9440 = DIRECTION('',(0.,0.,1.));
#9441 = PCURVE('',#9442,#9447);
#9442 = PLANE('',#9443);
#9443 = AXIS2_PLACEMENT_3D('',#9444,#9445,#9446);
#9444 = CARTESIAN_POINT('',(-241.8147694864,40.627789236399,5.));
#9445 = DIRECTION('',(-0.992114701314,0.125333233564,0.));
#9446 = DIRECTION('',(0.,0.,1.));
#9447 = DEFINITIONAL_REPRESENTATION('',(#9448),#9452);
#9448 = LINE('',#9449,#9450);
#9449 = CARTESIAN_POINT('',(0.,0.));
#9450 = VECTOR('',#9451,1.);
#9451 = DIRECTION('',(1.,0.));
#9452 = ( GEOMETRIC_REPRESENTATION_CONTEXT(2) 
PARAMETRIC_REPRESENTATION_CONTEXT() REPRESENTATION_CONTEXT('2D SPACE',''
  ) );
#9453 = PCURVE('',#9334,#9454);
#9454 = DEFINITIONAL_REPRESENTATION('',(#9455),#9459);
#9455 = LINE('',#9456,#9457);
#9456 = CARTESIAN_POINT('',(0.,160.));
#9457 = VECTOR('',#9458,1.);
#9458 = DIRECTION('',(1.,0.));
#9459 = ( GEOMETRIC_REPRESENTATION_CONTEXT(2) 
PARAMETRIC_REPRESENTATION_CONTEXT() REPRESENTATION_CONTEXT('2D SPACE',''
  ) );
#9460 = ORIENTED_EDGE('',*,*,#9461,.T.);
#9461 = EDGE_CURVE('',#9432,#9462,#9464,.T.);
#9462 = VERTEX_POINT('',#9463);
#9463 = CARTESIAN_POINT('',(-244.3214341576,20.78549521011,5.));
#9464 = SURFACE_CURVE('',#9465,(#9469,#9476),.PCURVE_S1.);
#9465 = LINE('',#9466,#9467);
#9466 = CARTESIAN_POINT('',(-241.8147694864,40.627789236399,5.));
#9467 = VECTOR('',#9468,1.);
#9468 = DIRECTION('',(-0.125333233564,-0.992114701314,0.));
#9469 = PCURVE('',#9442,#9470);
#9470 = DEFINITIONAL_REPRESENTATION('',(#9471),#9475);
#9471 = LINE('',#9472,#9473);
#9472 = CARTESIAN_POINT('',(0.,0.));
#9473 = VECTOR('',#9474,1.);
#9474 = DIRECTION('',(0.,-1.));
#9475 = ( GEOMETRIC_REPRESENTATION_CONTEXT(2) 
PARAMETRIC_REPRESENTATION_CONTEXT() REPRESENTATION_CONTEXT('2D SPACE',''
  ) );
#9476 = PCURVE('',#9362,#9477);
#9477 = DEFINITIONAL_REPRESENTATION('',(#9478),#9482);
#9478 = LINE('',#9479,#9480);
#9479 = CARTESIAN_POINT('',(160.,0.));
#9480 = VECTOR('',#9481,1.);
#9481 = DIRECTION('',(0.,1.));
#9482 = ( GEOMETRIC_REPRESENTATION_CONTEXT(2) 
PARAMETRIC_REPRESENTATION_CONTEXT() REPRESENTATION_CONTEXT('2D SPACE',''
  ) );
#9483 = ORIENTED_EDGE('',*,*,#9484,.T.);
#9484 = EDGE_CURVE('',#9462,#9485,#9487,.T.);
#9485 = VERTEX_POINT('',#9486);
#9486 = CARTESIAN_POINT('',(-244.3214341576,20.78549521011,5.4));
#9487 = SURFACE_CURVE('',#9488,(#9492,#9499),.PCURVE_S1.);
#9488 = LINE('',#9489,#9490);
#9489 = CARTESIAN_POINT('',(-244.3214341576,20.78549521011,5.));
#9490 = VECTOR('',#9491,1.);
#9491 = DIRECTION('',(0.,0.,1.));
#9492 = PCURVE('',#9442,#9493);
#9493 = DEFINITIONAL_REPRESENTATION('',(#9494),#9498);
#9494 = LINE('',#9495,#9496);
#9495 = CARTESIAN_POINT('',(0.,-20.));
#9496 = VECTOR('',#9497,1.);
#9497 = DIRECTION('',(1.,0.));
#9498 = ( GEOMETRIC_REPRESENTATION_CONTEXT(2) 
PARAMETRIC_REPRESENTATION_CONTEXT() REPRESENTATION_CONTEXT('2D SPACE',''
  ) );
#9499 = PCURVE('',#9390,#9500);
#9500 = DEFINITIONAL_REPRESENTATION('',(#9501),#9505);
#9501 = LINE('',#9502,#9503);
#9502 = CARTESIAN_POINT('',(0.,160.));
#9503 = VECTOR('',#9504,1.);
#9504 = DIRECTION('',(1.,0.));
#9505 = ( GEOMETRIC_REPRESENTATION_CONTEXT(2) 
PARAMETRIC_REPRESENTATION_CONTEXT() REPRESENTATION_CONTEXT('2D SPACE',''
  ) );
#9506 = ORIENTED_EDGE('',*,*,#9507,.F.);
#9507 = EDGE_CURVE('',#9434,#9485,#9508,.T.);
#9508 = SURFACE_CURVE('',#9509,(#9513,#9520),.PCURVE_S1.);
#9509 = LINE('',#9510,#9511);
#9510 = CARTESIAN_POINT('',(-241.8147694864,40.627789236399,5.4));
#9511 = VECTOR('',#9512,1.);
#9512 = DIRECTION('',(-0.125333233564,-0.992114701314,0.));
#9513 = PCURVE('',#9442,#9514);
#9514 = DEFINITIONAL_REPRESENTATION('',(#9515),#9519);
#9515 = LINE('',#9516,#9517);
#9516 = CARTESIAN_POINT('',(0.4,0.));
#9517 = VECTOR('',#9518,1.);
#9518 = DIRECTION('',(0.,-1.));
#9519 = ( GEOMETRIC_REPRESENTATION_CONTEXT(2) 
PARAMETRIC_REPRESENTATION_CONTEXT() REPRESENTATION_CONTEXT('2D SPACE',''
  ) );
#9520 = PCURVE('',#9416,#9521);
#9521 = DEFINITIONAL_REPRESENTATION('',(#9522),#9526);
#9522 = LINE('',#9523,#9524);
#9523 = CARTESIAN_POINT('',(160.,0.));
#9524 = VECTOR('',#9525,1.);
#9525 = DIRECTION('',(0.,1.));
#9526 = ( GEOMETRIC_REPRESENTATION_CONTEXT(2) 
PARAMETRIC_REPRESENTATION_CONTEXT() REPRESENTATION_CONTEXT('2D SPACE',''
  ) );
#9527 = ADVANCED_FACE('',(#9528),#9334,.F.);
#9528 = FACE_BOUND('',#9529,.F.);
#9529 = EDGE_LOOP('',(#9530,#9551,#9552,#9573));
#9530 = ORIENTED_EDGE('',*,*,#9531,.F.);
#9531 = EDGE_CURVE('',#9312,#9432,#9532,.T.);
#9532 = SURFACE_CURVE('',#9533,(#9537,#9544),.PCURVE_S1.);
#9533 = LINE('',#9534,#9535);
#9534 = CARTESIAN_POINT('',(-83.07641727608,20.574471866111,5.));
#9535 = VECTOR('',#9536,1.);
#9536 = DIRECTION('',(-0.992114701314,0.125333233564,0.));
#9537 = PCURVE('',#9334,#9538);
#9538 = DEFINITIONAL_REPRESENTATION('',(#9539),#9543);
#9539 = LINE('',#9540,#9541);
#9540 = CARTESIAN_POINT('',(0.,0.));
#9541 = VECTOR('',#9542,1.);
#9542 = DIRECTION('',(0.,1.));
#9543 = ( GEOMETRIC_REPRESENTATION_CONTEXT(2) 
PARAMETRIC_REPRESENTATION_CONTEXT() REPRESENTATION_CONTEXT('2D SPACE',''
  ) );
#9544 = PCURVE('',#9362,#9545);
#9545 = DEFINITIONAL_REPRESENTATION('',(#9546),#9550);
#9546 = LINE('',#9547,#9548);
#9547 = CARTESIAN_POINT('',(0.,0.));
#9548 = VECTOR('',#9549,1.);
#9549 = DIRECTION('',(1.,0.));
#9550 = ( GEOMETRIC_REPRESENTATION_CONTEXT(2) 
PARAMETRIC_REPRESENTATION_CONTEXT() REPRESENTATION_CONTEXT('2D SPACE',''
  ) );
#9551 = ORIENTED_EDGE('',*,*,#9311,.T.);
#9552 = ORIENTED_EDGE('',*,*,#9553,.T.);
#9553 = EDGE_CURVE('',#9314,#9434,#9554,.T.);
#9554 = SURFACE_CURVE('',#9555,(#9559,#9566),.PCURVE_S1.);
#9555 = LINE('',#9556,#9557);
#9556 = CARTESIAN_POINT('',(-83.07641727608,20.574471866111,5.4));
#9557 = VECTOR('',#9558,1.);
#9558 = DIRECTION('',(-0.992114701314,0.125333233564,0.));
#9559 = PCURVE('',#9334,#9560);
#9560 = DEFINITIONAL_REPRESENTATION('',(#9561),#9565);
#9561 = LINE('',#9562,#9563);
#9562 = CARTESIAN_POINT('',(0.4,0.));
#9563 = VECTOR('',#9564,1.);
#9564 = DIRECTION('',(0.,1.));
#9565 = ( GEOMETRIC_REPRESENTATION_CONTEXT(2) 
PARAMETRIC_REPRESENTATION_CONTEXT() REPRESENTATION_CONTEXT('2D SPACE',''
  ) );
#9566 = PCURVE('',#9416,#9567);
#9567 = DEFINITIONAL_REPRESENTATION('',(#9568),#9572);
#9568 = LINE('',#9569,#9570);
#9569 = CARTESIAN_POINT('',(0.,0.));
#9570 = VECTOR('',#9571,1.);
#9571 = DIRECTION('',(1.,0.));
#9572 = ( GEOMETRIC_REPRESENTATION_CONTEXT(2) 
PARAMETRIC_REPRESENTATION_CONTEXT() REPRESENTATION_CONTEXT('2D SPACE',''
  ) );
#9573 = ORIENTED_EDGE('',*,*,#9431,.F.);
#9574 = ADVANCED_FACE('',(#9575),#9390,.T.);
#9575 = FACE_BOUND('',#9576,.T.);
#9576 = EDGE_LOOP('',(#9577,#9598,#9599,#9620));
#9577 = ORIENTED_EDGE('',*,*,#9578,.F.);
#9578 = EDGE_CURVE('',#9347,#9462,#9579,.T.);
#9579 = SURFACE_CURVE('',#9580,(#9584,#9591),.PCURVE_S1.);
#9580 = LINE('',#9581,#9582);
#9581 = CARTESIAN_POINT('',(-85.58308194737,0.732177839821,5.));
#9582 = VECTOR('',#9583,1.);
#9583 = DIRECTION('',(-0.992114701314,0.125333233564,0.));
#9584 = PCURVE('',#9390,#9585);
#9585 = DEFINITIONAL_REPRESENTATION('',(#9586),#9590);
#9586 = LINE('',#9587,#9588);
#9587 = CARTESIAN_POINT('',(0.,0.));
#9588 = VECTOR('',#9589,1.);
#9589 = DIRECTION('',(0.,1.));
#9590 = ( GEOMETRIC_REPRESENTATION_CONTEXT(2) 
PARAMETRIC_REPRESENTATION_CONTEXT() REPRESENTATION_CONTEXT('2D SPACE',''
  ) );
#9591 = PCURVE('',#9362,#9592);
#9592 = DEFINITIONAL_REPRESENTATION('',(#9593),#9597);
#9593 = LINE('',#9594,#9595);
#9594 = CARTESIAN_POINT('',(-7.105427357601E-15,20.));
#9595 = VECTOR('',#9596,1.);
#9596 = DIRECTION('',(1.,0.));
#9597 = ( GEOMETRIC_REPRESENTATION_CONTEXT(2) 
PARAMETRIC_REPRESENTATION_CONTEXT() REPRESENTATION_CONTEXT('2D SPACE',''
  ) );
#9598 = ORIENTED_EDGE('',*,*,#9374,.T.);
#9599 = ORIENTED_EDGE('',*,*,#9600,.T.);
#9600 = EDGE_CURVE('',#9375,#9485,#9601,.T.);
#9601 = SURFACE_CURVE('',#9602,(#9606,#9613),.PCURVE_S1.);
#9602 = LINE('',#9603,#9604);
#9603 = CARTESIAN_POINT('',(-85.58308194737,0.732177839821,5.4));
#9604 = VECTOR('',#9605,1.);
#9605 = DIRECTION('',(-0.992114701314,0.125333233564,0.));
#9606 = PCURVE('',#9390,#9607);
#9607 = DEFINITIONAL_REPRESENTATION('',(#9608),#9612);
#9608 = LINE('',#9609,#9610);
#9609 = CARTESIAN_POINT('',(0.4,0.));
#9610 = VECTOR('',#9611,1.);
#9611 = DIRECTION('',(0.,1.));
#9612 = ( GEOMETRIC_REPRESENTATION_CONTEXT(2) 
PARAMETRIC_REPRESENTATION_CONTEXT() REPRESENTATION_CONTEXT('2D SPACE',''
  ) );
#9613 = PCURVE('',#9416,#9614);
#9614 = DEFINITIONAL_REPRESENTATION('',(#9615),#9619);
#9615 = LINE('',#9616,#9617);
#9616 = CARTESIAN_POINT('',(-7.105427357601E-15,20.));
#9617 = VECTOR('',#9618,1.);
#9618 = DIRECTION('',(1.,0.));
#9619 = ( GEOMETRIC_REPRESENTATION_CONTEXT(2) 
PARAMETRIC_REPRESENTATION_CONTEXT() REPRESENTATION_CONTEXT('2D SPACE',''
  ) );
#9620 = ORIENTED_EDGE('',*,*,#9484,.F.);
#9621 = ADVANCED_FACE('',(#9622),#9362,.F.);
#9622 = FACE_BOUND('',#9623,.F.);
#9623 = EDGE_LOOP('',(#9624,#9625,#9626,#9627));
#9624 = ORIENTED_EDGE('',*,*,#9346,.F.);
#9625 = ORIENTED_EDGE('',*,*,#9531,.T.);
#9626 = ORIENTED_EDGE('',*,*,#9461,.T.);
#9627 = ORIENTED_EDGE('',*,*,#9578,.F.);
#9628 = ADVANCED_FACE('',(#9629),#9416,.T.);
#9629 = FACE_BOUND('',#9630,.T.);
#9630 = EDGE_LOOP('',(#9631,#9632,#9633,#9634));
#9631 = ORIENTED_EDGE('',*,*,#9402,.F.);
#9632 = ORIENTED_EDGE('',*,*,#9553,.T.);
#9633 = ORIENTED_EDGE('',*,*,#9507,.T.);
#9634 = ORIENTED_EDGE('',*,*,#9600,.F.);
#9635 = ( GEOMETRIC_REPRESENTATION_CONTEXT(3) 
GLOBAL_UNCERTAINTY_ASSIGNED_CONTEXT((#9639)) 
GLOBAL_UNIT_ASSIGNED_CONTEXT((#9636,#9637,#9638)) REPRESENTATION_CONTEXT
('Context #1','3D Context with UNIT and UNCERTAINTY') );
#9636 = ( LENGTH_UNIT() NAMED_UNIT(*) SI_UNIT(.MILLI.,.METRE.) );
#9637 = ( NAMED_UNIT(*) PLANE_ANGLE_UNIT() SI_UNIT($,.RADIAN.) );
#9638 = ( NAMED_UNIT(*) SI_UNIT($,.STERADIAN.) SOLID_ANGLE_UNIT() );
#9639 = UNCERTAINTY_MEASURE_WITH_UNIT(LENGTH_MEASURE(1.E-07),#9636,
  'distance_accuracy_value','confusion accuracy');
#9640 = CONTEXT_DEPENDENT_SHAPE_REPRESENTATION(#9641,#9643);
#9641 = ( REPRESENTATION_RELATIONSHIP('','',#9304,#709) 
REPRESENTATION_RELATIONSHIP_WITH_TRANSFORMATION(#9642) 
SHAPE_REPRESENTATION_RELATIONSHIP() );
#9642 = ITEM_DEFINED_TRANSFORMATION('','',#11,#806);
#9643 = PRODUCT_DEFINITION_SHAPE('Placement','Placement of an item',
  #9644);
#9644 = NEXT_ASSEMBLY_USAGE_OCCURRENCE('33','','',#704,#9299,$);
#9645 = PRODUCT_RELATED_PRODUCT_CATEGORY('part',$,(#9301));
#9646 = SHAPE_DEFINITION_REPRESENTATION(#9647,#9653);
#9647 = PRODUCT_DEFINITION_SHAPE('','',#9648);
#9648 = PRODUCT_DEFINITION('design','',#9649,#9652);
#9649 = PRODUCT_DEFINITION_FORMATION('','',#9650);
#9650 = PRODUCT('Open CASCADE STEP translator 7.9 2.2.26',
  'Open CASCADE STEP translator 7.9 2.2.26','',(#9651));
#9651 = PRODUCT_CONTEXT('',#2,'mechanical');
#9652 = PRODUCT_DEFINITION_CONTEXT('part definition',#2,'design');
#9653 = ADVANCED_BREP_SHAPE_REPRESENTATION('',(#11,#9654),#9984);
#9654 = MANIFOLD_SOLID_BREP('',#9655);
#9655 = CLOSED_SHELL('',(#9656,#9776,#9876,#9923,#9970,#9977));
#9656 = ADVANCED_FACE('',(#9657),#9671,.F.);
#9657 = FACE_BOUND('',#9658,.F.);
#9658 = EDGE_LOOP('',(#9659,#9694,#9722,#9750));
#9659 = ORIENTED_EDGE('',*,*,#9660,.F.);
#9660 = EDGE_CURVE('',#9661,#9663,#9665,.T.);
#9661 = VERTEX_POINT('',#9662);
#9662 = CARTESIAN_POINT('',(-85.,10.,5.));
#9663 = VERTEX_POINT('',#9664);
#9664 = CARTESIAN_POINT('',(-85.,10.,5.4));
#9665 = SURFACE_CURVE('',#9666,(#9670,#9682),.PCURVE_S1.);
#9666 = LINE('',#9667,#9668);
#9667 = CARTESIAN_POINT('',(-85.,10.,5.));
#9668 = VECTOR('',#9669,1.);
#9669 = DIRECTION('',(0.,0.,1.));
#9670 = PCURVE('',#9671,#9676);
#9671 = PLANE('',#9672);
#9672 = AXIS2_PLACEMENT_3D('',#9673,#9674,#9675);
#9673 = CARTESIAN_POINT('',(-85.,10.,5.));
#9674 = DIRECTION('',(-1.,1.224646799147E-16,0.));
#9675 = DIRECTION('',(0.,0.,1.));
#9676 = DEFINITIONAL_REPRESENTATION('',(#9677),#9681);
#9677 = LINE('',#9678,#9679);
#9678 = CARTESIAN_POINT('',(0.,0.));
#9679 = VECTOR('',#9680,1.);
#9680 = DIRECTION('',(1.,0.));
#9681 = ( GEOMETRIC_REPRESENTATION_CONTEXT(2) 
PARAMETRIC_REPRESENTATION_CONTEXT() REPRESENTATION_CONTEXT('2D SPACE',''
  ) );
#9682 = PCURVE('',#9683,#9688);
#9683 = PLANE('',#9684);
#9684 = AXIS2_PLACEMENT_3D('',#9685,#9686,#9687);
#9685 = CARTESIAN_POINT('',(-85.,10.,5.));
#9686 = DIRECTION('',(-1.224646799147E-16,-1.,0.));
#9687 = DIRECTION('',(0.,0.,1.));
#9688 = DEFINITIONAL_REPRESENTATION('',(#9689),#9693);
#9689 = LINE('',#9690,#9691);
#9690 = CARTESIAN_POINT('',(0.,0.));
#9691 = VECTOR('',#9692,1.);
#9692 = DIRECTION('',(1.,0.));
#9693 = ( GEOMETRIC_REPRESENTATION_CONTEXT(2) 
PARAMETRIC_REPRESENTATION_CONTEXT() REPRESENTATION_CONTEXT('2D SPACE',''
  ) );
#9694 = ORIENTED_EDGE('',*,*,#9695,.T.);
#9695 = EDGE_CURVE('',#9661,#9696,#9698,.T.);
#9696 = VERTEX_POINT('',#9697);
#9697 = CARTESIAN_POINT('',(-85.,-10.,5.));
#9698 = SURFACE_CURVE('',#9699,(#9703,#9710),.PCURVE_S1.);
#9699 = LINE('',#9700,#9701);
#9700 = CARTESIAN_POINT('',(-85.,10.,5.));
#9701 = VECTOR('',#9702,1.);
#9702 = DIRECTION('',(-1.224646799147E-16,-1.,0.));
#9703 = PCURVE('',#9671,#9704);
#9704 = DEFINITIONAL_REPRESENTATION('',(#9705),#9709);
#9705 = LINE('',#9706,#9707);
#9706 = CARTESIAN_POINT('',(0.,0.));
#9707 = VECTOR('',#9708,1.);
#9708 = DIRECTION('',(0.,-1.));
#9709 = ( GEOMETRIC_REPRESENTATION_CONTEXT(2) 
PARAMETRIC_REPRESENTATION_CONTEXT() REPRESENTATION_CONTEXT('2D SPACE',''
  ) );
#9710 = PCURVE('',#9711,#9716);
#9711 = PLANE('',#9712);
#9712 = AXIS2_PLACEMENT_3D('',#9713,#9714,#9715);
#9713 = CARTESIAN_POINT('',(-85.,10.,5.));
#9714 = DIRECTION('',(0.,0.,1.));
#9715 = DIRECTION('',(-1.,1.224646799147E-16,0.));
#9716 = DEFINITIONAL_REPRESENTATION('',(#9717),#9721);
#9717 = LINE('',#9718,#9719);
#9718 = CARTESIAN_POINT('',(0.,0.));
#9719 = VECTOR('',#9720,1.);
#9720 = DIRECTION('',(0.,1.));
#9721 = ( GEOMETRIC_REPRESENTATION_CONTEXT(2) 
PARAMETRIC_REPRESENTATION_CONTEXT() REPRESENTATION_CONTEXT('2D SPACE',''
  ) );
#9722 = ORIENTED_EDGE('',*,*,#9723,.T.);
#9723 = EDGE_CURVE('',#9696,#9724,#9726,.T.);
#9724 = VERTEX_POINT('',#9725);
#9725 = CARTESIAN_POINT('',(-85.,-10.,5.4));
#9726 = SURFACE_CURVE('',#9727,(#9731,#9738),.PCURVE_S1.);
#9727 = LINE('',#9728,#9729);
#9728 = CARTESIAN_POINT('',(-85.,-10.,5.));
#9729 = VECTOR('',#9730,1.);
#9730 = DIRECTION('',(0.,0.,1.));
#9731 = PCURVE('',#9671,#9732);
#9732 = DEFINITIONAL_REPRESENTATION('',(#9733),#9737);
#9733 = LINE('',#9734,#9735);
#9734 = CARTESIAN_POINT('',(0.,-20.));
#9735 = VECTOR('',#9736,1.);
#9736 = DIRECTION('',(1.,0.));
#9737 = ( GEOMETRIC_REPRESENTATION_CONTEXT(2) 
PARAMETRIC_REPRESENTATION_CONTEXT() REPRESENTATION_CONTEXT('2D SPACE',''
  ) );
#9738 = PCURVE('',#9739,#9744);
#9739 = PLANE('',#9740);
#9740 = AXIS2_PLACEMENT_3D('',#9741,#9742,#9743);
#9741 = CARTESIAN_POINT('',(-85.,-10.,5.));
#9742 = DIRECTION('',(-1.224646799147E-16,-1.,0.));
#9743 = DIRECTION('',(0.,0.,1.));
#9744 = DEFINITIONAL_REPRESENTATION('',(#9745),#9749);
#9745 = LINE('',#9746,#9747);
#9746 = CARTESIAN_POINT('',(0.,0.));
#9747 = VECTOR('',#9748,1.);
#9748 = DIRECTION('',(1.,0.));
#9749 = ( GEOMETRIC_REPRESENTATION_CONTEXT(2) 
PARAMETRIC_REPRESENTATION_CONTEXT() REPRESENTATION_CONTEXT('2D SPACE',''
  ) );
#9750 = ORIENTED_EDGE('',*,*,#9751,.F.);
#9751 = EDGE_CURVE('',#9663,#9724,#9752,.T.);
#9752 = SURFACE_CURVE('',#9753,(#9757,#9764),.PCURVE_S1.);
#9753 = LINE('',#9754,#9755);
#9754 = CARTESIAN_POINT('',(-85.,10.,5.4));
#9755 = VECTOR('',#9756,1.);
#9756 = DIRECTION('',(-1.224646799147E-16,-1.,0.));
#9757 = PCURVE('',#9671,#9758);
#9758 = DEFINITIONAL_REPRESENTATION('',(#9759),#9763);
#9759 = LINE('',#9760,#9761);
#9760 = CARTESIAN_POINT('',(0.4,0.));
#9761 = VECTOR('',#9762,1.);
#9762 = DIRECTION('',(0.,-1.));
#9763 = ( GEOMETRIC_REPRESENTATION_CONTEXT(2) 
PARAMETRIC_REPRESENTATION_CONTEXT() REPRESENTATION_CONTEXT('2D SPACE',''
  ) );
#9764 = PCURVE('',#9765,#9770);
#9765 = PLANE('',#9766);
#9766 = AXIS2_PLACEMENT_3D('',#9767,#9768,#9769);
#9767 = CARTESIAN_POINT('',(-85.,10.,5.4));
#9768 = DIRECTION('',(0.,0.,1.));
#9769 = DIRECTION('',(-1.,1.224646799147E-16,0.));
#9770 = DEFINITIONAL_REPRESENTATION('',(#9771),#9775);
#9771 = LINE('',#9772,#9773);
#9772 = CARTESIAN_POINT('',(0.,0.));
#9773 = VECTOR('',#9774,1.);
#9774 = DIRECTION('',(0.,1.));
#9775 = ( GEOMETRIC_REPRESENTATION_CONTEXT(2) 
PARAMETRIC_REPRESENTATION_CONTEXT() REPRESENTATION_CONTEXT('2D SPACE',''
  ) );
#9776 = ADVANCED_FACE('',(#9777),#9791,.T.);
#9777 = FACE_BOUND('',#9778,.T.);
#9778 = EDGE_LOOP('',(#9779,#9809,#9832,#9855));
#9779 = ORIENTED_EDGE('',*,*,#9780,.F.);
#9780 = EDGE_CURVE('',#9781,#9783,#9785,.T.);
#9781 = VERTEX_POINT('',#9782);
#9782 = CARTESIAN_POINT('',(-245.,10.,5.));
#9783 = VERTEX_POINT('',#9784);
#9784 = CARTESIAN_POINT('',(-245.,10.,5.4));
#9785 = SURFACE_CURVE('',#9786,(#9790,#9802),.PCURVE_S1.);
#9786 = LINE('',#9787,#9788);
#9787 = CARTESIAN_POINT('',(-245.,10.,5.));
#9788 = VECTOR('',#9789,1.);
#9789 = DIRECTION('',(0.,0.,1.));
#9790 = PCURVE('',#9791,#9796);
#9791 = PLANE('',#9792);
#9792 = AXIS2_PLACEMENT_3D('',#9793,#9794,#9795);
#9793 = CARTESIAN_POINT('',(-245.,10.,5.));
#9794 = DIRECTION('',(-1.,1.224646799147E-16,0.));
#9795 = DIRECTION('',(0.,0.,1.));
#9796 = DEFINITIONAL_REPRESENTATION('',(#9797),#9801);
#9797 = LINE('',#9798,#9799);
#9798 = CARTESIAN_POINT('',(0.,0.));
#9799 = VECTOR('',#9800,1.);
#9800 = DIRECTION('',(1.,0.));
#9801 = ( GEOMETRIC_REPRESENTATION_CONTEXT(2) 
PARAMETRIC_REPRESENTATION_CONTEXT() REPRESENTATION_CONTEXT('2D SPACE',''
  ) );
#9802 = PCURVE('',#9683,#9803);
#9803 = DEFINITIONAL_REPRESENTATION('',(#9804),#9808);
#9804 = LINE('',#9805,#9806);
#9805 = CARTESIAN_POINT('',(0.,160.));
#9806 = VECTOR('',#9807,1.);
#9807 = DIRECTION('',(1.,0.));
#9808 = ( GEOMETRIC_REPRESENTATION_CONTEXT(2) 
PARAMETRIC_REPRESENTATION_CONTEXT() REPRESENTATION_CONTEXT('2D SPACE',''
  ) );
#9809 = ORIENTED_EDGE('',*,*,#9810,.T.);
#9810 = EDGE_CURVE('',#9781,#9811,#9813,.T.);
#9811 = VERTEX_POINT('',#9812);
#9812 = CARTESIAN_POINT('',(-245.,-10.,5.));
#9813 = SURFACE_CURVE('',#9814,(#9818,#9825),.PCURVE_S1.);
#9814 = LINE('',#9815,#9816);
#9815 = CARTESIAN_POINT('',(-245.,10.,5.));
#9816 = VECTOR('',#9817,1.);
#9817 = DIRECTION('',(-1.224646799147E-16,-1.,0.));
#9818 = PCURVE('',#9791,#9819);
#9819 = DEFINITIONAL_REPRESENTATION('',(#9820),#9824);
#9820 = LINE('',#9821,#9822);
#9821 = CARTESIAN_POINT('',(0.,0.));
#9822 = VECTOR('',#9823,1.);
#9823 = DIRECTION('',(0.,-1.));
#9824 = ( GEOMETRIC_REPRESENTATION_CONTEXT(2) 
PARAMETRIC_REPRESENTATION_CONTEXT() REPRESENTATION_CONTEXT('2D SPACE',''
  ) );
#9825 = PCURVE('',#9711,#9826);
#9826 = DEFINITIONAL_REPRESENTATION('',(#9827),#9831);
#9827 = LINE('',#9828,#9829);
#9828 = CARTESIAN_POINT('',(160.,5.44235529549E-17));
#9829 = VECTOR('',#9830,1.);
#9830 = DIRECTION('',(0.,1.));
#9831 = ( GEOMETRIC_REPRESENTATION_CONTEXT(2) 
PARAMETRIC_REPRESENTATION_CONTEXT() REPRESENTATION_CONTEXT('2D SPACE',''
  ) );
#9832 = ORIENTED_EDGE('',*,*,#9833,.T.);
#9833 = EDGE_CURVE('',#9811,#9834,#9836,.T.);
#9834 = VERTEX_POINT('',#9835);
#9835 = CARTESIAN_POINT('',(-245.,-10.,5.4));
#9836 = SURFACE_CURVE('',#9837,(#9841,#9848),.PCURVE_S1.);
#9837 = LINE('',#9838,#9839);
#9838 = CARTESIAN_POINT('',(-245.,-10.,5.));
#9839 = VECTOR('',#9840,1.);
#9840 = DIRECTION('',(0.,0.,1.));
#9841 = PCURVE('',#9791,#9842);
#9842 = DEFINITIONAL_REPRESENTATION('',(#9843),#9847);
#9843 = LINE('',#9844,#9845);
#9844 = CARTESIAN_POINT('',(0.,-20.));
#9845 = VECTOR('',#9846,1.);
#9846 = DIRECTION('',(1.,0.));
#9847 = ( GEOMETRIC_REPRESENTATION_CONTEXT(2) 
PARAMETRIC_REPRESENTATION_CONTEXT() REPRESENTATION_CONTEXT('2D SPACE',''
  ) );
#9848 = PCURVE('',#9739,#9849);
#9849 = DEFINITIONAL_REPRESENTATION('',(#9850),#9854);
#9850 = LINE('',#9851,#9852);
#9851 = CARTESIAN_POINT('',(0.,160.));
#9852 = VECTOR('',#9853,1.);
#9853 = DIRECTION('',(1.,0.));
#9854 = ( GEOMETRIC_REPRESENTATION_CONTEXT(2) 
PARAMETRIC_REPRESENTATION_CONTEXT() REPRESENTATION_CONTEXT('2D SPACE',''
  ) );
#9855 = ORIENTED_EDGE('',*,*,#9856,.F.);
#9856 = EDGE_CURVE('',#9783,#9834,#9857,.T.);
#9857 = SURFACE_CURVE('',#9858,(#9862,#9869),.PCURVE_S1.);
#9858 = LINE('',#9859,#9860);
#9859 = CARTESIAN_POINT('',(-245.,10.,5.4));
#9860 = VECTOR('',#9861,1.);
#9861 = DIRECTION('',(-1.224646799147E-16,-1.,0.));
#9862 = PCURVE('',#9791,#9863);
#9863 = DEFINITIONAL_REPRESENTATION('',(#9864),#9868);
#9864 = LINE('',#9865,#9866);
#9865 = CARTESIAN_POINT('',(0.4,0.));
#9866 = VECTOR('',#9867,1.);
#9867 = DIRECTION('',(0.,-1.));
#9868 = ( GEOMETRIC_REPRESENTATION_CONTEXT(2) 
PARAMETRIC_REPRESENTATION_CONTEXT() REPRESENTATION_CONTEXT('2D SPACE',''
  ) );
#9869 = PCURVE('',#9765,#9870);
#9870 = DEFINITIONAL_REPRESENTATION('',(#9871),#9875);
#9871 = LINE('',#9872,#9873);
#9872 = CARTESIAN_POINT('',(160.,5.44235529549E-17));
#9873 = VECTOR('',#9874,1.);
#9874 = DIRECTION('',(0.,1.));
#9875 = ( GEOMETRIC_REPRESENTATION_CONTEXT(2) 
PARAMETRIC_REPRESENTATION_CONTEXT() REPRESENTATION_CONTEXT('2D SPACE',''
  ) );
#9876 = ADVANCED_FACE('',(#9877),#9683,.F.);
#9877 = FACE_BOUND('',#9878,.F.);
#9878 = EDGE_LOOP('',(#9879,#9900,#9901,#9922));
#9879 = ORIENTED_EDGE('',*,*,#9880,.F.);
#9880 = EDGE_CURVE('',#9661,#9781,#9881,.T.);
#9881 = SURFACE_CURVE('',#9882,(#9886,#9893),.PCURVE_S1.);
#9882 = LINE('',#9883,#9884);
#9883 = CARTESIAN_POINT('',(-85.,10.,5.));
#9884 = VECTOR('',#9885,1.);
#9885 = DIRECTION('',(-1.,1.224646799147E-16,0.));
#9886 = PCURVE('',#9683,#9887);
#9887 = DEFINITIONAL_REPRESENTATION('',(#9888),#9892);
#9888 = LINE('',#9889,#9890);
#9889 = CARTESIAN_POINT('',(0.,0.));
#9890 = VECTOR('',#9891,1.);
#9891 = DIRECTION('',(0.,1.));
#9892 = ( GEOMETRIC_REPRESENTATION_CONTEXT(2) 
PARAMETRIC_REPRESENTATION_CONTEXT() REPRESENTATION_CONTEXT('2D SPACE',''
  ) );
#9893 = PCURVE('',#9711,#9894);
#9894 = DEFINITIONAL_REPRESENTATION('',(#9895),#9899);
#9895 = LINE('',#9896,#9897);
#9896 = CARTESIAN_POINT('',(0.,0.));
#9897 = VECTOR('',#9898,1.);
#9898 = DIRECTION('',(1.,0.));
#9899 = ( GEOMETRIC_REPRESENTATION_CONTEXT(2) 
PARAMETRIC_REPRESENTATION_CONTEXT() REPRESENTATION_CONTEXT('2D SPACE',''
  ) );
#9900 = ORIENTED_EDGE('',*,*,#9660,.T.);
#9901 = ORIENTED_EDGE('',*,*,#9902,.T.);
#9902 = EDGE_CURVE('',#9663,#9783,#9903,.T.);
#9903 = SURFACE_CURVE('',#9904,(#9908,#9915),.PCURVE_S1.);
#9904 = LINE('',#9905,#9906);
#9905 = CARTESIAN_POINT('',(-85.,10.,5.4));
#9906 = VECTOR('',#9907,1.);
#9907 = DIRECTION('',(-1.,1.224646799147E-16,0.));
#9908 = PCURVE('',#9683,#9909);
#9909 = DEFINITIONAL_REPRESENTATION('',(#9910),#9914);
#9910 = LINE('',#9911,#9912);
#9911 = CARTESIAN_POINT('',(0.4,0.));
#9912 = VECTOR('',#9913,1.);
#9913 = DIRECTION('',(0.,1.));
#9914 = ( GEOMETRIC_REPRESENTATION_CONTEXT(2) 
PARAMETRIC_REPRESENTATION_CONTEXT() REPRESENTATION_CONTEXT('2D SPACE',''
  ) );
#9915 = PCURVE('',#9765,#9916);
#9916 = DEFINITIONAL_REPRESENTATION('',(#9917),#9921);
#9917 = LINE('',#9918,#9919);
#9918 = CARTESIAN_POINT('',(0.,0.));
#9919 = VECTOR('',#9920,1.);
#9920 = DIRECTION('',(1.,0.));
#9921 = ( GEOMETRIC_REPRESENTATION_CONTEXT(2) 
PARAMETRIC_REPRESENTATION_CONTEXT() REPRESENTATION_CONTEXT('2D SPACE',''
  ) );
#9922 = ORIENTED_EDGE('',*,*,#9780,.F.);
#9923 = ADVANCED_FACE('',(#9924),#9739,.T.);
#9924 = FACE_BOUND('',#9925,.T.);
#9925 = EDGE_LOOP('',(#9926,#9947,#9948,#9969));
#9926 = ORIENTED_EDGE('',*,*,#9927,.F.);
#9927 = EDGE_CURVE('',#9696,#9811,#9928,.T.);
#9928 = SURFACE_CURVE('',#9929,(#9933,#9940),.PCURVE_S1.);
#9929 = LINE('',#9930,#9931);
#9930 = CARTESIAN_POINT('',(-85.,-10.,5.));
#9931 = VECTOR('',#9932,1.);
#9932 = DIRECTION('',(-1.,1.224646799147E-16,0.));
#9933 = PCURVE('',#9739,#9934);
#9934 = DEFINITIONAL_REPRESENTATION('',(#9935),#9939);
#9935 = LINE('',#9936,#9937);
#9936 = CARTESIAN_POINT('',(0.,0.));
#9937 = VECTOR('',#9938,1.);
#9938 = DIRECTION('',(0.,1.));
#9939 = ( GEOMETRIC_REPRESENTATION_CONTEXT(2) 
PARAMETRIC_REPRESENTATION_CONTEXT() REPRESENTATION_CONTEXT('2D SPACE',''
  ) );
#9940 = PCURVE('',#9711,#9941);
#9941 = DEFINITIONAL_REPRESENTATION('',(#9942),#9946);
#9942 = LINE('',#9943,#9944);
#9943 = CARTESIAN_POINT('',(-2.449293598295E-15,20.));
#9944 = VECTOR('',#9945,1.);
#9945 = DIRECTION('',(1.,0.));
#9946 = ( GEOMETRIC_REPRESENTATION_CONTEXT(2) 
PARAMETRIC_REPRESENTATION_CONTEXT() REPRESENTATION_CONTEXT('2D SPACE',''
  ) );
#9947 = ORIENTED_EDGE('',*,*,#9723,.T.);
#9948 = ORIENTED_EDGE('',*,*,#9949,.T.);
#9949 = EDGE_CURVE('',#9724,#9834,#9950,.T.);
#9950 = SURFACE_CURVE('',#9951,(#9955,#9962),.PCURVE_S1.);
#9951 = LINE('',#9952,#9953);
#9952 = CARTESIAN_POINT('',(-85.,-10.,5.4));
#9953 = VECTOR('',#9954,1.);
#9954 = DIRECTION('',(-1.,1.224646799147E-16,0.));
#9955 = PCURVE('',#9739,#9956);
#9956 = DEFINITIONAL_REPRESENTATION('',(#9957),#9961);
#9957 = LINE('',#9958,#9959);
#9958 = CARTESIAN_POINT('',(0.4,0.));
#9959 = VECTOR('',#9960,1.);
#9960 = DIRECTION('',(0.,1.));
#9961 = ( GEOMETRIC_REPRESENTATION_CONTEXT(2) 
PARAMETRIC_REPRESENTATION_CONTEXT() REPRESENTATION_CONTEXT('2D SPACE',''
  ) );
#9962 = PCURVE('',#9765,#9963);
#9963 = DEFINITIONAL_REPRESENTATION('',(#9964),#9968);
#9964 = LINE('',#9965,#9966);
#9965 = CARTESIAN_POINT('',(-2.449293598295E-15,20.));
#9966 = VECTOR('',#9967,1.);
#9967 = DIRECTION('',(1.,0.));
#9968 = ( GEOMETRIC_REPRESENTATION_CONTEXT(2) 
PARAMETRIC_REPRESENTATION_CONTEXT() REPRESENTATION_CONTEXT('2D SPACE',''
  ) );
#9969 = ORIENTED_EDGE('',*,*,#9833,.F.);
#9970 = ADVANCED_FACE('',(#9971),#9711,.F.);
#9971 = FACE_BOUND('',#9972,.F.);
#9972 = EDGE_LOOP('',(#9973,#9974,#9975,#9976));
#9973 = ORIENTED_EDGE('',*,*,#9695,.F.);
#9974 = ORIENTED_EDGE('',*,*,#9880,.T.);
#9975 = ORIENTED_EDGE('',*,*,#9810,.T.);
#9976 = ORIENTED_EDGE('',*,*,#9927,.F.);
#9977 = ADVANCED_FACE('',(#9978),#9765,.T.);
#9978 = FACE_BOUND('',#9979,.T.);
#9979 = EDGE_LOOP('',(#9980,#9981,#9982,#9983));
#9980 = ORIENTED_EDGE('',*,*,#9751,.F.);
#9981 = ORIENTED_EDGE('',*,*,#9902,.T.);
#9982 = ORIENTED_EDGE('',*,*,#9856,.T.);
#9983 = ORIENTED_EDGE('',*,*,#9949,.F.);
#9984 = ( GEOMETRIC_REPRESENTATION_CONTEXT(3) 
GLOBAL_UNCERTAINTY_ASSIGNED_CONTEXT((#9988)) 
GLOBAL_UNIT_ASSIGNED_CONTEXT((#9985,#9986,#9987)) REPRESENTATION_CONTEXT
('Context #1','3D Context with UNIT and UNCERTAINTY') );
#9985 = ( LENGTH_UNIT() NAMED_UNIT(*) SI_UNIT(.MILLI.,.METRE.) );
#9986 = ( NAMED_UNIT(*) PLANE_ANGLE_UNIT() SI_UNIT($,.RADIAN.) );
#9987 = ( NAMED_UNIT(*) SI_UNIT($,.STERADIAN.) SOLID_ANGLE_UNIT() );
#9988 = UNCERTAINTY_MEASURE_WITH_UNIT(LENGTH_MEASURE(1.E-07),#9985,
  'distance_accuracy_value','confusion accuracy');
#9989 = CONTEXT_DEPENDENT_SHAPE_REPRESENTATION(#9990,#9992);
#9990 = ( REPRESENTATION_RELATIONSHIP('','',#9653,#709) 
REPRESENTATION_RELATIONSHIP_WITH_TRANSFORMATION(#9991) 
SHAPE_REPRESENTATION_RELATIONSHIP() );
#9991 = ITEM_DEFINED_TRANSFORMATION('','',#11,#810);
#9992 = PRODUCT_DEFINITION_SHAPE('Placement','Placement of an item',
  #9993);
#9993 = NEXT_ASSEMBLY_USAGE_OCCURRENCE('34','','',#704,#9648,$);
#9994 = PRODUCT_RELATED_PRODUCT_CATEGORY('part',$,(#9650));
#9995 = SHAPE_DEFINITION_REPRESENTATION(#9996,#10002);
#9996 = PRODUCT_DEFINITION_SHAPE('','',#9997);
#9997 = PRODUCT_DEFINITION('design','',#9998,#10001);
#9998 = PRODUCT_DEFINITION_FORMATION('','',#9999);
#9999 = PRODUCT('Open CASCADE STEP translator 7.9 2.2.27',
  'Open CASCADE STEP translator 7.9 2.2.27','',(#10000));
#10000 = PRODUCT_CONTEXT('',#2,'mechanical');
#10001 = PRODUCT_DEFINITION_CONTEXT('part definition',#2,'design');
#10002 = ADVANCED_BREP_SHAPE_REPRESENTATION('',(#11,#10003),#10333);
#10003 = MANIFOLD_SOLID_BREP('',#10004);
#10004 = CLOSED_SHELL('',(#10005,#10125,#10225,#10272,#10319,#10326));
#10005 = ADVANCED_FACE('',(#10006),#10020,.F.);
#10006 = FACE_BOUND('',#10007,.F.);
#10007 = EDGE_LOOP('',(#10008,#10043,#10071,#10099));
#10008 = ORIENTED_EDGE('',*,*,#10009,.F.);
#10009 = EDGE_CURVE('',#10010,#10012,#10014,.T.);
#10010 = VERTEX_POINT('',#10011);
#10011 = CARTESIAN_POINT('',(-85.58308194737,-0.732177839821,5.));
#10012 = VERTEX_POINT('',#10013);
#10013 = CARTESIAN_POINT('',(-85.58308194737,-0.732177839821,5.4));
#10014 = SURFACE_CURVE('',#10015,(#10019,#10031),.PCURVE_S1.);
#10015 = LINE('',#10016,#10017);
#10016 = CARTESIAN_POINT('',(-85.58308194737,-0.732177839821,5.));
#10017 = VECTOR('',#10018,1.);
#10018 = DIRECTION('',(0.,0.,1.));
#10019 = PCURVE('',#10020,#10025);
#10020 = PLANE('',#10021);
#10021 = AXIS2_PLACEMENT_3D('',#10022,#10023,#10024);
#10022 = CARTESIAN_POINT('',(-85.58308194737,-0.732177839821,5.));
#10023 = DIRECTION('',(-0.992114701314,-0.125333233564,0.));
#10024 = DIRECTION('',(0.,0.,1.));
#10025 = DEFINITIONAL_REPRESENTATION('',(#10026),#10030);
#10026 = LINE('',#10027,#10028);
#10027 = CARTESIAN_POINT('',(0.,0.));
#10028 = VECTOR('',#10029,1.);
#10029 = DIRECTION('',(1.,0.));
#10030 = ( GEOMETRIC_REPRESENTATION_CONTEXT(2) 
PARAMETRIC_REPRESENTATION_CONTEXT() REPRESENTATION_CONTEXT('2D SPACE',''
  ) );
#10031 = PCURVE('',#10032,#10037);
#10032 = PLANE('',#10033);
#10033 = AXIS2_PLACEMENT_3D('',#10034,#10035,#10036);
#10034 = CARTESIAN_POINT('',(-85.58308194737,-0.732177839821,5.));
#10035 = DIRECTION('',(0.125333233564,-0.992114701314,0.));
#10036 = DIRECTION('',(0.,0.,1.));
#10037 = DEFINITIONAL_REPRESENTATION('',(#10038),#10042);
#10038 = LINE('',#10039,#10040);
#10039 = CARTESIAN_POINT('',(0.,0.));
#10040 = VECTOR('',#10041,1.);
#10041 = DIRECTION('',(1.,0.));
#10042 = ( GEOMETRIC_REPRESENTATION_CONTEXT(2) 
PARAMETRIC_REPRESENTATION_CONTEXT() REPRESENTATION_CONTEXT('2D SPACE',''
  ) );
#10043 = ORIENTED_EDGE('',*,*,#10044,.T.);
#10044 = EDGE_CURVE('',#10010,#10045,#10047,.T.);
#10045 = VERTEX_POINT('',#10046);
#10046 = CARTESIAN_POINT('',(-83.07641727608,-20.57447186611,5.));
#10047 = SURFACE_CURVE('',#10048,(#10052,#10059),.PCURVE_S1.);
#10048 = LINE('',#10049,#10050);
#10049 = CARTESIAN_POINT('',(-85.58308194737,-0.732177839821,5.));
#10050 = VECTOR('',#10051,1.);
#10051 = DIRECTION('',(0.125333233564,-0.992114701314,0.));
#10052 = PCURVE('',#10020,#10053);
#10053 = DEFINITIONAL_REPRESENTATION('',(#10054),#10058);
#10054 = LINE('',#10055,#10056);
#10055 = CARTESIAN_POINT('',(0.,0.));
#10056 = VECTOR('',#10057,1.);
#10057 = DIRECTION('',(0.,-1.));
#10058 = ( GEOMETRIC_REPRESENTATION_CONTEXT(2) 
PARAMETRIC_REPRESENTATION_CONTEXT() REPRESENTATION_CONTEXT('2D SPACE',''
  ) );
#10059 = PCURVE('',#10060,#10065);
#10060 = PLANE('',#10061);
#10061 = AXIS2_PLACEMENT_3D('',#10062,#10063,#10064);
#10062 = CARTESIAN_POINT('',(-85.58308194737,-0.732177839821,5.));
#10063 = DIRECTION('',(0.,0.,1.));
#10064 = DIRECTION('',(-0.992114701314,-0.125333233564,0.));
#10065 = DEFINITIONAL_REPRESENTATION('',(#10066),#10070);
#10066 = LINE('',#10067,#10068);
#10067 = CARTESIAN_POINT('',(0.,0.));
#10068 = VECTOR('',#10069,1.);
#10069 = DIRECTION('',(0.,1.));
#10070 = ( GEOMETRIC_REPRESENTATION_CONTEXT(2) 
PARAMETRIC_REPRESENTATION_CONTEXT() REPRESENTATION_CONTEXT('2D SPACE',''
  ) );
#10071 = ORIENTED_EDGE('',*,*,#10072,.T.);
#10072 = EDGE_CURVE('',#10045,#10073,#10075,.T.);
#10073 = VERTEX_POINT('',#10074);
#10074 = CARTESIAN_POINT('',(-83.07641727608,-20.57447186611,5.4));
#10075 = SURFACE_CURVE('',#10076,(#10080,#10087),.PCURVE_S1.);
#10076 = LINE('',#10077,#10078);
#10077 = CARTESIAN_POINT('',(-83.07641727608,-20.57447186611,5.));
#10078 = VECTOR('',#10079,1.);
#10079 = DIRECTION('',(0.,0.,1.));
#10080 = PCURVE('',#10020,#10081);
#10081 = DEFINITIONAL_REPRESENTATION('',(#10082),#10086);
#10082 = LINE('',#10083,#10084);
#10083 = CARTESIAN_POINT('',(0.,-20.));
#10084 = VECTOR('',#10085,1.);
#10085 = DIRECTION('',(1.,0.));
#10086 = ( GEOMETRIC_REPRESENTATION_CONTEXT(2) 
PARAMETRIC_REPRESENTATION_CONTEXT() REPRESENTATION_CONTEXT('2D SPACE',''
  ) );
#10087 = PCURVE('',#10088,#10093);
#10088 = PLANE('',#10089);
#10089 = AXIS2_PLACEMENT_3D('',#10090,#10091,#10092);
#10090 = CARTESIAN_POINT('',(-83.07641727608,-20.57447186611,5.));
#10091 = DIRECTION('',(0.125333233564,-0.992114701314,0.));
#10092 = DIRECTION('',(0.,0.,1.));
#10093 = DEFINITIONAL_REPRESENTATION('',(#10094),#10098);
#10094 = LINE('',#10095,#10096);
#10095 = CARTESIAN_POINT('',(0.,0.));
#10096 = VECTOR('',#10097,1.);
#10097 = DIRECTION('',(1.,0.));
#10098 = ( GEOMETRIC_REPRESENTATION_CONTEXT(2) 
PARAMETRIC_REPRESENTATION_CONTEXT() REPRESENTATION_CONTEXT('2D SPACE',''
  ) );
#10099 = ORIENTED_EDGE('',*,*,#10100,.F.);
#10100 = EDGE_CURVE('',#10012,#10073,#10101,.T.);
#10101 = SURFACE_CURVE('',#10102,(#10106,#10113),.PCURVE_S1.);
#10102 = LINE('',#10103,#10104);
#10103 = CARTESIAN_POINT('',(-85.58308194737,-0.732177839821,5.4));
#10104 = VECTOR('',#10105,1.);
#10105 = DIRECTION('',(0.125333233564,-0.992114701314,0.));
#10106 = PCURVE('',#10020,#10107);
#10107 = DEFINITIONAL_REPRESENTATION('',(#10108),#10112);
#10108 = LINE('',#10109,#10110);
#10109 = CARTESIAN_POINT('',(0.4,0.));
#10110 = VECTOR('',#10111,1.);
#10111 = DIRECTION('',(0.,-1.));
#10112 = ( GEOMETRIC_REPRESENTATION_CONTEXT(2) 
PARAMETRIC_REPRESENTATION_CONTEXT() REPRESENTATION_CONTEXT('2D SPACE',''
  ) );
#10113 = PCURVE('',#10114,#10119);
#10114 = PLANE('',#10115);
#10115 = AXIS2_PLACEMENT_3D('',#10116,#10117,#10118);
#10116 = CARTESIAN_POINT('',(-85.58308194737,-0.732177839821,5.4));
#10117 = DIRECTION('',(0.,0.,1.));
#10118 = DIRECTION('',(-0.992114701314,-0.125333233564,0.));
#10119 = DEFINITIONAL_REPRESENTATION('',(#10120),#10124);
#10120 = LINE('',#10121,#10122);
#10121 = CARTESIAN_POINT('',(0.,0.));
#10122 = VECTOR('',#10123,1.);
#10123 = DIRECTION('',(0.,1.));
#10124 = ( GEOMETRIC_REPRESENTATION_CONTEXT(2) 
PARAMETRIC_REPRESENTATION_CONTEXT() REPRESENTATION_CONTEXT('2D SPACE',''
  ) );
#10125 = ADVANCED_FACE('',(#10126),#10140,.T.);
#10126 = FACE_BOUND('',#10127,.T.);
#10127 = EDGE_LOOP('',(#10128,#10158,#10181,#10204));
#10128 = ORIENTED_EDGE('',*,*,#10129,.F.);
#10129 = EDGE_CURVE('',#10130,#10132,#10134,.T.);
#10130 = VERTEX_POINT('',#10131);
#10131 = CARTESIAN_POINT('',(-244.3214341576,-20.78549521011,5.));
#10132 = VERTEX_POINT('',#10133);
#10133 = CARTESIAN_POINT('',(-244.3214341576,-20.78549521011,5.4));
#10134 = SURFACE_CURVE('',#10135,(#10139,#10151),.PCURVE_S1.);
#10135 = LINE('',#10136,#10137);
#10136 = CARTESIAN_POINT('',(-244.3214341576,-20.78549521011,5.));
#10137 = VECTOR('',#10138,1.);
#10138 = DIRECTION('',(0.,0.,1.));
#10139 = PCURVE('',#10140,#10145);
#10140 = PLANE('',#10141);
#10141 = AXIS2_PLACEMENT_3D('',#10142,#10143,#10144);
#10142 = CARTESIAN_POINT('',(-244.3214341576,-20.78549521011,5.));
#10143 = DIRECTION('',(-0.992114701314,-0.125333233564,0.));
#10144 = DIRECTION('',(0.,0.,1.));
#10145 = DEFINITIONAL_REPRESENTATION('',(#10146),#10150);
#10146 = LINE('',#10147,#10148);
#10147 = CARTESIAN_POINT('',(0.,0.));
#10148 = VECTOR('',#10149,1.);
#10149 = DIRECTION('',(1.,0.));
#10150 = ( GEOMETRIC_REPRESENTATION_CONTEXT(2) 
PARAMETRIC_REPRESENTATION_CONTEXT() REPRESENTATION_CONTEXT('2D SPACE',''
  ) );
#10151 = PCURVE('',#10032,#10152);
#10152 = DEFINITIONAL_REPRESENTATION('',(#10153),#10157);
#10153 = LINE('',#10154,#10155);
#10154 = CARTESIAN_POINT('',(0.,160.));
#10155 = VECTOR('',#10156,1.);
#10156 = DIRECTION('',(1.,0.));
#10157 = ( GEOMETRIC_REPRESENTATION_CONTEXT(2) 
PARAMETRIC_REPRESENTATION_CONTEXT() REPRESENTATION_CONTEXT('2D SPACE',''
  ) );
#10158 = ORIENTED_EDGE('',*,*,#10159,.T.);
#10159 = EDGE_CURVE('',#10130,#10160,#10162,.T.);
#10160 = VERTEX_POINT('',#10161);
#10161 = CARTESIAN_POINT('',(-241.8147694864,-40.62778923639,5.));
#10162 = SURFACE_CURVE('',#10163,(#10167,#10174),.PCURVE_S1.);
#10163 = LINE('',#10164,#10165);
#10164 = CARTESIAN_POINT('',(-244.3214341576,-20.78549521011,5.));
#10165 = VECTOR('',#10166,1.);
#10166 = DIRECTION('',(0.125333233564,-0.992114701314,0.));
#10167 = PCURVE('',#10140,#10168);
#10168 = DEFINITIONAL_REPRESENTATION('',(#10169),#10173);
#10169 = LINE('',#10170,#10171);
#10170 = CARTESIAN_POINT('',(0.,0.));
#10171 = VECTOR('',#10172,1.);
#10172 = DIRECTION('',(0.,-1.));
#10173 = ( GEOMETRIC_REPRESENTATION_CONTEXT(2) 
PARAMETRIC_REPRESENTATION_CONTEXT() REPRESENTATION_CONTEXT('2D SPACE',''
  ) );
#10174 = PCURVE('',#10060,#10175);
#10175 = DEFINITIONAL_REPRESENTATION('',(#10176),#10180);
#10176 = LINE('',#10177,#10178);
#10177 = CARTESIAN_POINT('',(160.,-3.552713678801E-15));
#10178 = VECTOR('',#10179,1.);
#10179 = DIRECTION('',(0.,1.));
#10180 = ( GEOMETRIC_REPRESENTATION_CONTEXT(2) 
PARAMETRIC_REPRESENTATION_CONTEXT() REPRESENTATION_CONTEXT('2D SPACE',''
  ) );
#10181 = ORIENTED_EDGE('',*,*,#10182,.T.);
#10182 = EDGE_CURVE('',#10160,#10183,#10185,.T.);
#10183 = VERTEX_POINT('',#10184);
#10184 = CARTESIAN_POINT('',(-241.8147694864,-40.62778923639,5.4));
#10185 = SURFACE_CURVE('',#10186,(#10190,#10197),.PCURVE_S1.);
#10186 = LINE('',#10187,#10188);
#10187 = CARTESIAN_POINT('',(-241.8147694864,-40.62778923639,5.));
#10188 = VECTOR('',#10189,1.);
#10189 = DIRECTION('',(0.,0.,1.));
#10190 = PCURVE('',#10140,#10191);
#10191 = DEFINITIONAL_REPRESENTATION('',(#10192),#10196);
#10192 = LINE('',#10193,#10194);
#10193 = CARTESIAN_POINT('',(0.,-20.));
#10194 = VECTOR('',#10195,1.);
#10195 = DIRECTION('',(1.,0.));
#10196 = ( GEOMETRIC_REPRESENTATION_CONTEXT(2) 
PARAMETRIC_REPRESENTATION_CONTEXT() REPRESENTATION_CONTEXT('2D SPACE',''
  ) );
#10197 = PCURVE('',#10088,#10198);
#10198 = DEFINITIONAL_REPRESENTATION('',(#10199),#10203);
#10199 = LINE('',#10200,#10201);
#10200 = CARTESIAN_POINT('',(0.,160.));
#10201 = VECTOR('',#10202,1.);
#10202 = DIRECTION('',(1.,0.));
#10203 = ( GEOMETRIC_REPRESENTATION_CONTEXT(2) 
PARAMETRIC_REPRESENTATION_CONTEXT() REPRESENTATION_CONTEXT('2D SPACE',''
  ) );
#10204 = ORIENTED_EDGE('',*,*,#10205,.F.);
#10205 = EDGE_CURVE('',#10132,#10183,#10206,.T.);
#10206 = SURFACE_CURVE('',#10207,(#10211,#10218),.PCURVE_S1.);
#10207 = LINE('',#10208,#10209);
#10208 = CARTESIAN_POINT('',(-244.3214341576,-20.78549521011,5.4));
#10209 = VECTOR('',#10210,1.);
#10210 = DIRECTION('',(0.125333233564,-0.992114701314,0.));
#10211 = PCURVE('',#10140,#10212);
#10212 = DEFINITIONAL_REPRESENTATION('',(#10213),#10217);
#10213 = LINE('',#10214,#10215);
#10214 = CARTESIAN_POINT('',(0.4,0.));
#10215 = VECTOR('',#10216,1.);
#10216 = DIRECTION('',(0.,-1.));
#10217 = ( GEOMETRIC_REPRESENTATION_CONTEXT(2) 
PARAMETRIC_REPRESENTATION_CONTEXT() REPRESENTATION_CONTEXT('2D SPACE',''
  ) );
#10218 = PCURVE('',#10114,#10219);
#10219 = DEFINITIONAL_REPRESENTATION('',(#10220),#10224);
#10220 = LINE('',#10221,#10222);
#10221 = CARTESIAN_POINT('',(160.,-3.552713678801E-15));
#10222 = VECTOR('',#10223,1.);
#10223 = DIRECTION('',(0.,1.));
#10224 = ( GEOMETRIC_REPRESENTATION_CONTEXT(2) 
PARAMETRIC_REPRESENTATION_CONTEXT() REPRESENTATION_CONTEXT('2D SPACE',''
  ) );
#10225 = ADVANCED_FACE('',(#10226),#10032,.F.);
#10226 = FACE_BOUND('',#10227,.F.);
#10227 = EDGE_LOOP('',(#10228,#10249,#10250,#10271));
#10228 = ORIENTED_EDGE('',*,*,#10229,.F.);
#10229 = EDGE_CURVE('',#10010,#10130,#10230,.T.);
#10230 = SURFACE_CURVE('',#10231,(#10235,#10242),.PCURVE_S1.);
#10231 = LINE('',#10232,#10233);
#10232 = CARTESIAN_POINT('',(-85.58308194737,-0.732177839821,5.));
#10233 = VECTOR('',#10234,1.);
#10234 = DIRECTION('',(-0.992114701314,-0.125333233564,0.));
#10235 = PCURVE('',#10032,#10236);
#10236 = DEFINITIONAL_REPRESENTATION('',(#10237),#10241);
#10237 = LINE('',#10238,#10239);
#10238 = CARTESIAN_POINT('',(0.,0.));
#10239 = VECTOR('',#10240,1.);
#10240 = DIRECTION('',(0.,1.));
#10241 = ( GEOMETRIC_REPRESENTATION_CONTEXT(2) 
PARAMETRIC_REPRESENTATION_CONTEXT() REPRESENTATION_CONTEXT('2D SPACE',''
  ) );
#10242 = PCURVE('',#10060,#10243);
#10243 = DEFINITIONAL_REPRESENTATION('',(#10244),#10248);
#10244 = LINE('',#10245,#10246);
#10245 = CARTESIAN_POINT('',(0.,0.));
#10246 = VECTOR('',#10247,1.);
#10247 = DIRECTION('',(1.,0.));
#10248 = ( GEOMETRIC_REPRESENTATION_CONTEXT(2) 
PARAMETRIC_REPRESENTATION_CONTEXT() REPRESENTATION_CONTEXT('2D SPACE',''
  ) );
#10249 = ORIENTED_EDGE('',*,*,#10009,.T.);
#10250 = ORIENTED_EDGE('',*,*,#10251,.T.);
#10251 = EDGE_CURVE('',#10012,#10132,#10252,.T.);
#10252 = SURFACE_CURVE('',#10253,(#10257,#10264),.PCURVE_S1.);
#10253 = LINE('',#10254,#10255);
#10254 = CARTESIAN_POINT('',(-85.58308194737,-0.732177839821,5.4));
#10255 = VECTOR('',#10256,1.);
#10256 = DIRECTION('',(-0.992114701314,-0.125333233564,0.));
#10257 = PCURVE('',#10032,#10258);
#10258 = DEFINITIONAL_REPRESENTATION('',(#10259),#10263);
#10259 = LINE('',#10260,#10261);
#10260 = CARTESIAN_POINT('',(0.4,0.));
#10261 = VECTOR('',#10262,1.);
#10262 = DIRECTION('',(0.,1.));
#10263 = ( GEOMETRIC_REPRESENTATION_CONTEXT(2) 
PARAMETRIC_REPRESENTATION_CONTEXT() REPRESENTATION_CONTEXT('2D SPACE',''
  ) );
#10264 = PCURVE('',#10114,#10265);
#10265 = DEFINITIONAL_REPRESENTATION('',(#10266),#10270);
#10266 = LINE('',#10267,#10268);
#10267 = CARTESIAN_POINT('',(0.,0.));
#10268 = VECTOR('',#10269,1.);
#10269 = DIRECTION('',(1.,0.));
#10270 = ( GEOMETRIC_REPRESENTATION_CONTEXT(2) 
PARAMETRIC_REPRESENTATION_CONTEXT() REPRESENTATION_CONTEXT('2D SPACE',''
  ) );
#10271 = ORIENTED_EDGE('',*,*,#10129,.F.);
#10272 = ADVANCED_FACE('',(#10273),#10088,.T.);
#10273 = FACE_BOUND('',#10274,.T.);
#10274 = EDGE_LOOP('',(#10275,#10296,#10297,#10318));
#10275 = ORIENTED_EDGE('',*,*,#10276,.F.);
#10276 = EDGE_CURVE('',#10045,#10160,#10277,.T.);
#10277 = SURFACE_CURVE('',#10278,(#10282,#10289),.PCURVE_S1.);
#10278 = LINE('',#10279,#10280);
#10279 = CARTESIAN_POINT('',(-83.07641727608,-20.57447186611,5.));
#10280 = VECTOR('',#10281,1.);
#10281 = DIRECTION('',(-0.992114701314,-0.125333233564,0.));
#10282 = PCURVE('',#10088,#10283);
#10283 = DEFINITIONAL_REPRESENTATION('',(#10284),#10288);
#10284 = LINE('',#10285,#10286);
#10285 = CARTESIAN_POINT('',(0.,0.));
#10286 = VECTOR('',#10287,1.);
#10287 = DIRECTION('',(0.,1.));
#10288 = ( GEOMETRIC_REPRESENTATION_CONTEXT(2) 
PARAMETRIC_REPRESENTATION_CONTEXT() REPRESENTATION_CONTEXT('2D SPACE',''
  ) );
#10289 = PCURVE('',#10060,#10290);
#10290 = DEFINITIONAL_REPRESENTATION('',(#10291),#10295);
#10291 = LINE('',#10292,#10293);
#10292 = CARTESIAN_POINT('',(2.22044604925E-15,20.));
#10293 = VECTOR('',#10294,1.);
#10294 = DIRECTION('',(1.,0.));
#10295 = ( GEOMETRIC_REPRESENTATION_CONTEXT(2) 
PARAMETRIC_REPRESENTATION_CONTEXT() REPRESENTATION_CONTEXT('2D SPACE',''
  ) );
#10296 = ORIENTED_EDGE('',*,*,#10072,.T.);
#10297 = ORIENTED_EDGE('',*,*,#10298,.T.);
#10298 = EDGE_CURVE('',#10073,#10183,#10299,.T.);
#10299 = SURFACE_CURVE('',#10300,(#10304,#10311),.PCURVE_S1.);
#10300 = LINE('',#10301,#10302);
#10301 = CARTESIAN_POINT('',(-83.07641727608,-20.57447186611,5.4));
#10302 = VECTOR('',#10303,1.);
#10303 = DIRECTION('',(-0.992114701314,-0.125333233564,0.));
#10304 = PCURVE('',#10088,#10305);
#10305 = DEFINITIONAL_REPRESENTATION('',(#10306),#10310);
#10306 = LINE('',#10307,#10308);
#10307 = CARTESIAN_POINT('',(0.4,0.));
#10308 = VECTOR('',#10309,1.);
#10309 = DIRECTION('',(0.,1.));
#10310 = ( GEOMETRIC_REPRESENTATION_CONTEXT(2) 
PARAMETRIC_REPRESENTATION_CONTEXT() REPRESENTATION_CONTEXT('2D SPACE',''
  ) );
#10311 = PCURVE('',#10114,#10312);
#10312 = DEFINITIONAL_REPRESENTATION('',(#10313),#10317);
#10313 = LINE('',#10314,#10315);
#10314 = CARTESIAN_POINT('',(2.22044604925E-15,20.));
#10315 = VECTOR('',#10316,1.);
#10316 = DIRECTION('',(1.,0.));
#10317 = ( GEOMETRIC_REPRESENTATION_CONTEXT(2) 
PARAMETRIC_REPRESENTATION_CONTEXT() REPRESENTATION_CONTEXT('2D SPACE',''
  ) );
#10318 = ORIENTED_EDGE('',*,*,#10182,.F.);
#10319 = ADVANCED_FACE('',(#10320),#10060,.F.);
#10320 = FACE_BOUND('',#10321,.F.);
#10321 = EDGE_LOOP('',(#10322,#10323,#10324,#10325));
#10322 = ORIENTED_EDGE('',*,*,#10044,.F.);
#10323 = ORIENTED_EDGE('',*,*,#10229,.T.);
#10324 = ORIENTED_EDGE('',*,*,#10159,.T.);
#10325 = ORIENTED_EDGE('',*,*,#10276,.F.);
#10326 = ADVANCED_FACE('',(#10327),#10114,.T.);
#10327 = FACE_BOUND('',#10328,.T.);
#10328 = EDGE_LOOP('',(#10329,#10330,#10331,#10332));
#10329 = ORIENTED_EDGE('',*,*,#10100,.F.);
#10330 = ORIENTED_EDGE('',*,*,#10251,.T.);
#10331 = ORIENTED_EDGE('',*,*,#10205,.T.);
#10332 = ORIENTED_EDGE('',*,*,#10298,.F.);
#10333 = ( GEOMETRIC_REPRESENTATION_CONTEXT(3) 
GLOBAL_UNCERTAINTY_ASSIGNED_CONTEXT((#10337)) 
GLOBAL_UNIT_ASSIGNED_CONTEXT((#10334,#10335,#10336)) 
REPRESENTATION_CONTEXT('Context #1',
  '3D Context with UNIT and UNCERTAINTY') );
#10334 = ( LENGTH_UNIT() NAMED_UNIT(*) SI_UNIT(.MILLI.,.METRE.) );
#10335 = ( NAMED_UNIT(*) PLANE_ANGLE_UNIT() SI_UNIT($,.RADIAN.) );
#10336 = ( NAMED_UNIT(*) SI_UNIT($,.STERADIAN.) SOLID_ANGLE_UNIT() );
#10337 = UNCERTAINTY_MEASURE_WITH_UNIT(LENGTH_MEASURE(1.E-07),#10334,
  'distance_accuracy_value','confusion accuracy');
#10338 = CONTEXT_DEPENDENT_SHAPE_REPRESENTATION(#10339,#10341);
#10339 = ( REPRESENTATION_RELATIONSHIP('','',#10002,#709) 
REPRESENTATION_RELATIONSHIP_WITH_TRANSFORMATION(#10340) 
SHAPE_REPRESENTATION_RELATIONSHIP() );
#10340 = ITEM_DEFINED_TRANSFORMATION('','',#11,#814);
#10341 = PRODUCT_DEFINITION_SHAPE('Placement','Placement of an item',
  #10342);
#10342 = NEXT_ASSEMBLY_USAGE_OCCURRENCE('35','','',#704,#9997,$);
#10343 = PRODUCT_RELATED_PRODUCT_CATEGORY('part',$,(#9999));
#10344 = SHAPE_DEFINITION_REPRESENTATION(#10345,#10351);
#10345 = PRODUCT_DEFINITION_SHAPE('','',#10346);
#10346 = PRODUCT_DEFINITION('design','',#10347,#10350);
#10347 = PRODUCT_DEFINITION_FORMATION('','',#10348);
#10348 = PRODUCT('Open CASCADE STEP translator 7.9 2.2.28',
  'Open CASCADE STEP translator 7.9 2.2.28','',(#10349));
#10349 = PRODUCT_CONTEXT('',#2,'mechanical');
#10350 = PRODUCT_DEFINITION_CONTEXT('part definition',#2,'design');
#10351 = ADVANCED_BREP_SHAPE_REPRESENTATION('',(#11,#10352),#10682);
#10352 = MANIFOLD_SOLID_BREP('',#10353);
#10353 = CLOSED_SHELL('',(#10354,#10474,#10574,#10621,#10668,#10675));
#10354 = ADVANCED_FACE('',(#10355),#10369,.F.);
#10355 = FACE_BOUND('',#10356,.F.);
#10356 = EDGE_LOOP('',(#10357,#10392,#10420,#10448));
#10357 = ORIENTED_EDGE('',*,*,#10358,.F.);
#10358 = EDGE_CURVE('',#10359,#10361,#10363,.T.);
#10359 = VERTEX_POINT('',#10360);
#10360 = CARTESIAN_POINT('',(-84.81646756758,-11.45280879772,5.));
#10361 = VERTEX_POINT('',#10362);
#10362 = CARTESIAN_POINT('',(-84.81646756758,-11.45280879772,5.4));
#10363 = SURFACE_CURVE('',#10364,(#10368,#10380),.PCURVE_S1.);
#10364 = LINE('',#10365,#10366);
#10365 = CARTESIAN_POINT('',(-84.81646756758,-11.45280879772,5.));
#10366 = VECTOR('',#10367,1.);
#10367 = DIRECTION('',(0.,0.,1.));
#10368 = PCURVE('',#10369,#10374);
#10369 = PLANE('',#10370);
#10370 = AXIS2_PLACEMENT_3D('',#10371,#10372,#10373);
#10371 = CARTESIAN_POINT('',(-84.81646756758,-11.45280879772,5.));
#10372 = DIRECTION('',(-0.968583161129,-0.248689887165,0.));
#10373 = DIRECTION('',(0.,0.,1.));
#10374 = DEFINITIONAL_REPRESENTATION('',(#10375),#10379);
#10375 = LINE('',#10376,#10377);
#10376 = CARTESIAN_POINT('',(0.,0.));
#10377 = VECTOR('',#10378,1.);
#10378 = DIRECTION('',(1.,0.));
#10379 = ( GEOMETRIC_REPRESENTATION_CONTEXT(2) 
PARAMETRIC_REPRESENTATION_CONTEXT() REPRESENTATION_CONTEXT('2D SPACE',''
  ) );
#10380 = PCURVE('',#10381,#10386);
#10381 = PLANE('',#10382);
#10382 = AXIS2_PLACEMENT_3D('',#10383,#10384,#10385);
#10383 = CARTESIAN_POINT('',(-84.81646756758,-11.45280879772,5.));
#10384 = DIRECTION('',(0.248689887165,-0.968583161129,0.));
#10385 = DIRECTION('',(0.,0.,1.));
#10386 = DEFINITIONAL_REPRESENTATION('',(#10387),#10391);
#10387 = LINE('',#10388,#10389);
#10388 = CARTESIAN_POINT('',(0.,0.));
#10389 = VECTOR('',#10390,1.);
#10390 = DIRECTION('',(1.,0.));
#10391 = ( GEOMETRIC_REPRESENTATION_CONTEXT(2) 
PARAMETRIC_REPRESENTATION_CONTEXT() REPRESENTATION_CONTEXT('2D SPACE',''
  ) );
#10392 = ORIENTED_EDGE('',*,*,#10393,.T.);
#10393 = EDGE_CURVE('',#10359,#10394,#10396,.T.);
#10394 = VERTEX_POINT('',#10395);
#10395 = CARTESIAN_POINT('',(-79.84266982428,-30.82447202029,5.));
#10396 = SURFACE_CURVE('',#10397,(#10401,#10408),.PCURVE_S1.);
#10397 = LINE('',#10398,#10399);
#10398 = CARTESIAN_POINT('',(-84.81646756758,-11.45280879772,5.));
#10399 = VECTOR('',#10400,1.);
#10400 = DIRECTION('',(0.248689887165,-0.968583161129,0.));
#10401 = PCURVE('',#10369,#10402);
#10402 = DEFINITIONAL_REPRESENTATION('',(#10403),#10407);
#10403 = LINE('',#10404,#10405);
#10404 = CARTESIAN_POINT('',(0.,0.));
#10405 = VECTOR('',#10406,1.);
#10406 = DIRECTION('',(0.,-1.));
#10407 = ( GEOMETRIC_REPRESENTATION_CONTEXT(2) 
PARAMETRIC_REPRESENTATION_CONTEXT() REPRESENTATION_CONTEXT('2D SPACE',''
  ) );
#10408 = PCURVE('',#10409,#10414);
#10409 = PLANE('',#10410);
#10410 = AXIS2_PLACEMENT_3D('',#10411,#10412,#10413);
#10411 = CARTESIAN_POINT('',(-84.81646756758,-11.45280879772,5.));
#10412 = DIRECTION('',(0.,0.,1.));
#10413 = DIRECTION('',(-0.968583161129,-0.248689887165,0.));
#10414 = DEFINITIONAL_REPRESENTATION('',(#10415),#10419);
#10415 = LINE('',#10416,#10417);
#10416 = CARTESIAN_POINT('',(0.,0.));
#10417 = VECTOR('',#10418,1.);
#10418 = DIRECTION('',(0.,1.));
#10419 = ( GEOMETRIC_REPRESENTATION_CONTEXT(2) 
PARAMETRIC_REPRESENTATION_CONTEXT() REPRESENTATION_CONTEXT('2D SPACE',''
  ) );
#10420 = ORIENTED_EDGE('',*,*,#10421,.T.);
#10421 = EDGE_CURVE('',#10394,#10422,#10424,.T.);
#10422 = VERTEX_POINT('',#10423);
#10423 = CARTESIAN_POINT('',(-79.84266982428,-30.82447202029,5.4));
#10424 = SURFACE_CURVE('',#10425,(#10429,#10436),.PCURVE_S1.);
#10425 = LINE('',#10426,#10427);
#10426 = CARTESIAN_POINT('',(-79.84266982428,-30.82447202029,5.));
#10427 = VECTOR('',#10428,1.);
#10428 = DIRECTION('',(0.,0.,1.));
#10429 = PCURVE('',#10369,#10430);
#10430 = DEFINITIONAL_REPRESENTATION('',(#10431),#10435);
#10431 = LINE('',#10432,#10433);
#10432 = CARTESIAN_POINT('',(0.,-20.));
#10433 = VECTOR('',#10434,1.);
#10434 = DIRECTION('',(1.,0.));
#10435 = ( GEOMETRIC_REPRESENTATION_CONTEXT(2) 
PARAMETRIC_REPRESENTATION_CONTEXT() REPRESENTATION_CONTEXT('2D SPACE',''
  ) );
#10436 = PCURVE('',#10437,#10442);
#10437 = PLANE('',#10438);
#10438 = AXIS2_PLACEMENT_3D('',#10439,#10440,#10441);
#10439 = CARTESIAN_POINT('',(-79.84266982428,-30.82447202029,5.));
#10440 = DIRECTION('',(0.248689887165,-0.968583161129,0.));
#10441 = DIRECTION('',(0.,0.,1.));
#10442 = DEFINITIONAL_REPRESENTATION('',(#10443),#10447);
#10443 = LINE('',#10444,#10445);
#10444 = CARTESIAN_POINT('',(0.,0.));
#10445 = VECTOR('',#10446,1.);
#10446 = DIRECTION('',(1.,0.));
#10447 = ( GEOMETRIC_REPRESENTATION_CONTEXT(2) 
PARAMETRIC_REPRESENTATION_CONTEXT() REPRESENTATION_CONTEXT('2D SPACE',''
  ) );
#10448 = ORIENTED_EDGE('',*,*,#10449,.F.);
#10449 = EDGE_CURVE('',#10361,#10422,#10450,.T.);
#10450 = SURFACE_CURVE('',#10451,(#10455,#10462),.PCURVE_S1.);
#10451 = LINE('',#10452,#10453);
#10452 = CARTESIAN_POINT('',(-84.81646756758,-11.45280879772,5.4));
#10453 = VECTOR('',#10454,1.);
#10454 = DIRECTION('',(0.248689887165,-0.968583161129,0.));
#10455 = PCURVE('',#10369,#10456);
#10456 = DEFINITIONAL_REPRESENTATION('',(#10457),#10461);
#10457 = LINE('',#10458,#10459);
#10458 = CARTESIAN_POINT('',(0.4,0.));
#10459 = VECTOR('',#10460,1.);
#10460 = DIRECTION('',(0.,-1.));
#10461 = ( GEOMETRIC_REPRESENTATION_CONTEXT(2) 
PARAMETRIC_REPRESENTATION_CONTEXT() REPRESENTATION_CONTEXT('2D SPACE',''
  ) );
#10462 = PCURVE('',#10463,#10468);
#10463 = PLANE('',#10464);
#10464 = AXIS2_PLACEMENT_3D('',#10465,#10466,#10467);
#10465 = CARTESIAN_POINT('',(-84.81646756758,-11.45280879772,5.4));
#10466 = DIRECTION('',(0.,0.,1.));
#10467 = DIRECTION('',(-0.968583161129,-0.248689887165,0.));
#10468 = DEFINITIONAL_REPRESENTATION('',(#10469),#10473);
#10469 = LINE('',#10470,#10471);
#10470 = CARTESIAN_POINT('',(0.,0.));
#10471 = VECTOR('',#10472,1.);
#10472 = DIRECTION('',(0.,1.));
#10473 = ( GEOMETRIC_REPRESENTATION_CONTEXT(2) 
PARAMETRIC_REPRESENTATION_CONTEXT() REPRESENTATION_CONTEXT('2D SPACE',''
  ) );
#10474 = ADVANCED_FACE('',(#10475),#10489,.T.);
#10475 = FACE_BOUND('',#10476,.T.);
#10476 = EDGE_LOOP('',(#10477,#10507,#10530,#10553));
#10477 = ORIENTED_EDGE('',*,*,#10478,.F.);
#10478 = EDGE_CURVE('',#10479,#10481,#10483,.T.);
#10479 = VERTEX_POINT('',#10480);
#10480 = CARTESIAN_POINT('',(-239.7897733481,-51.2431907441,5.));
#10481 = VERTEX_POINT('',#10482);
#10482 = CARTESIAN_POINT('',(-239.7897733481,-51.2431907441,5.4));
#10483 = SURFACE_CURVE('',#10484,(#10488,#10500),.PCURVE_S1.);
#10484 = LINE('',#10485,#10486);
#10485 = CARTESIAN_POINT('',(-239.7897733481,-51.2431907441,5.));
#10486 = VECTOR('',#10487,1.);
#10487 = DIRECTION('',(0.,0.,1.));
#10488 = PCURVE('',#10489,#10494);
#10489 = PLANE('',#10490);
#10490 = AXIS2_PLACEMENT_3D('',#10491,#10492,#10493);
#10491 = CARTESIAN_POINT('',(-239.7897733481,-51.2431907441,5.));
#10492 = DIRECTION('',(-0.968583161129,-0.248689887165,0.));
#10493 = DIRECTION('',(0.,0.,1.));
#10494 = DEFINITIONAL_REPRESENTATION('',(#10495),#10499);
#10495 = LINE('',#10496,#10497);
#10496 = CARTESIAN_POINT('',(0.,0.));
#10497 = VECTOR('',#10498,1.);
#10498 = DIRECTION('',(1.,0.));
#10499 = ( GEOMETRIC_REPRESENTATION_CONTEXT(2) 
PARAMETRIC_REPRESENTATION_CONTEXT() REPRESENTATION_CONTEXT('2D SPACE',''
  ) );
#10500 = PCURVE('',#10381,#10501);
#10501 = DEFINITIONAL_REPRESENTATION('',(#10502),#10506);
#10502 = LINE('',#10503,#10504);
#10503 = CARTESIAN_POINT('',(0.,160.));
#10504 = VECTOR('',#10505,1.);
#10505 = DIRECTION('',(1.,0.));
#10506 = ( GEOMETRIC_REPRESENTATION_CONTEXT(2) 
PARAMETRIC_REPRESENTATION_CONTEXT() REPRESENTATION_CONTEXT('2D SPACE',''
  ) );
#10507 = ORIENTED_EDGE('',*,*,#10508,.T.);
#10508 = EDGE_CURVE('',#10479,#10509,#10511,.T.);
#10509 = VERTEX_POINT('',#10510);
#10510 = CARTESIAN_POINT('',(-234.8159756048,-70.61485396667,5.));
#10511 = SURFACE_CURVE('',#10512,(#10516,#10523),.PCURVE_S1.);
#10512 = LINE('',#10513,#10514);
#10513 = CARTESIAN_POINT('',(-239.7897733481,-51.2431907441,5.));
#10514 = VECTOR('',#10515,1.);
#10515 = DIRECTION('',(0.248689887165,-0.968583161129,0.));
#10516 = PCURVE('',#10489,#10517);
#10517 = DEFINITIONAL_REPRESENTATION('',(#10518),#10522);
#10518 = LINE('',#10519,#10520);
#10519 = CARTESIAN_POINT('',(0.,0.));
#10520 = VECTOR('',#10521,1.);
#10521 = DIRECTION('',(0.,-1.));
#10522 = ( GEOMETRIC_REPRESENTATION_CONTEXT(2) 
PARAMETRIC_REPRESENTATION_CONTEXT() REPRESENTATION_CONTEXT('2D SPACE',''
  ) );
#10523 = PCURVE('',#10409,#10524);
#10524 = DEFINITIONAL_REPRESENTATION('',(#10525),#10529);
#10525 = LINE('',#10526,#10527);
#10526 = CARTESIAN_POINT('',(160.,0.));
#10527 = VECTOR('',#10528,1.);
#10528 = DIRECTION('',(0.,1.));
#10529 = ( GEOMETRIC_REPRESENTATION_CONTEXT(2) 
PARAMETRIC_REPRESENTATION_CONTEXT() REPRESENTATION_CONTEXT('2D SPACE',''
  ) );
#10530 = ORIENTED_EDGE('',*,*,#10531,.T.);
#10531 = EDGE_CURVE('',#10509,#10532,#10534,.T.);
#10532 = VERTEX_POINT('',#10533);
#10533 = CARTESIAN_POINT('',(-234.8159756048,-70.61485396667,5.4));
#10534 = SURFACE_CURVE('',#10535,(#10539,#10546),.PCURVE_S1.);
#10535 = LINE('',#10536,#10537);
#10536 = CARTESIAN_POINT('',(-234.8159756048,-70.61485396667,5.));
#10537 = VECTOR('',#10538,1.);
#10538 = DIRECTION('',(0.,0.,1.));
#10539 = PCURVE('',#10489,#10540);
#10540 = DEFINITIONAL_REPRESENTATION('',(#10541),#10545);
#10541 = LINE('',#10542,#10543);
#10542 = CARTESIAN_POINT('',(0.,-20.));
#10543 = VECTOR('',#10544,1.);
#10544 = DIRECTION('',(1.,0.));
#10545 = ( GEOMETRIC_REPRESENTATION_CONTEXT(2) 
PARAMETRIC_REPRESENTATION_CONTEXT() REPRESENTATION_CONTEXT('2D SPACE',''
  ) );
#10546 = PCURVE('',#10437,#10547);
#10547 = DEFINITIONAL_REPRESENTATION('',(#10548),#10552);
#10548 = LINE('',#10549,#10550);
#10549 = CARTESIAN_POINT('',(0.,160.));
#10550 = VECTOR('',#10551,1.);
#10551 = DIRECTION('',(1.,0.));
#10552 = ( GEOMETRIC_REPRESENTATION_CONTEXT(2) 
PARAMETRIC_REPRESENTATION_CONTEXT() REPRESENTATION_CONTEXT('2D SPACE',''
  ) );
#10553 = ORIENTED_EDGE('',*,*,#10554,.F.);
#10554 = EDGE_CURVE('',#10481,#10532,#10555,.T.);
#10555 = SURFACE_CURVE('',#10556,(#10560,#10567),.PCURVE_S1.);
#10556 = LINE('',#10557,#10558);
#10557 = CARTESIAN_POINT('',(-239.7897733481,-51.2431907441,5.4));
#10558 = VECTOR('',#10559,1.);
#10559 = DIRECTION('',(0.248689887165,-0.968583161129,0.));
#10560 = PCURVE('',#10489,#10561);
#10561 = DEFINITIONAL_REPRESENTATION('',(#10562),#10566);
#10562 = LINE('',#10563,#10564);
#10563 = CARTESIAN_POINT('',(0.4,0.));
#10564 = VECTOR('',#10565,1.);
#10565 = DIRECTION('',(0.,-1.));
#10566 = ( GEOMETRIC_REPRESENTATION_CONTEXT(2) 
PARAMETRIC_REPRESENTATION_CONTEXT() REPRESENTATION_CONTEXT('2D SPACE',''
  ) );
#10567 = PCURVE('',#10463,#10568);
#10568 = DEFINITIONAL_REPRESENTATION('',(#10569),#10573);
#10569 = LINE('',#10570,#10571);
#10570 = CARTESIAN_POINT('',(160.,0.));
#10571 = VECTOR('',#10572,1.);
#10572 = DIRECTION('',(0.,1.));
#10573 = ( GEOMETRIC_REPRESENTATION_CONTEXT(2) 
PARAMETRIC_REPRESENTATION_CONTEXT() REPRESENTATION_CONTEXT('2D SPACE',''
  ) );
#10574 = ADVANCED_FACE('',(#10575),#10381,.F.);
#10575 = FACE_BOUND('',#10576,.F.);
#10576 = EDGE_LOOP('',(#10577,#10598,#10599,#10620));
#10577 = ORIENTED_EDGE('',*,*,#10578,.F.);
#10578 = EDGE_CURVE('',#10359,#10479,#10579,.T.);
#10579 = SURFACE_CURVE('',#10580,(#10584,#10591),.PCURVE_S1.);
#10580 = LINE('',#10581,#10582);
#10581 = CARTESIAN_POINT('',(-84.81646756758,-11.45280879772,5.));
#10582 = VECTOR('',#10583,1.);
#10583 = DIRECTION('',(-0.968583161129,-0.248689887165,0.));
#10584 = PCURVE('',#10381,#10585);
#10585 = DEFINITIONAL_REPRESENTATION('',(#10586),#10590);
#10586 = LINE('',#10587,#10588);
#10587 = CARTESIAN_POINT('',(0.,0.));
#10588 = VECTOR('',#10589,1.);
#10589 = DIRECTION('',(0.,1.));
#10590 = ( GEOMETRIC_REPRESENTATION_CONTEXT(2) 
PARAMETRIC_REPRESENTATION_CONTEXT() REPRESENTATION_CONTEXT('2D SPACE',''
  ) );
#10591 = PCURVE('',#10409,#10592);
#10592 = DEFINITIONAL_REPRESENTATION('',(#10593),#10597);
#10593 = LINE('',#10594,#10595);
#10594 = CARTESIAN_POINT('',(0.,0.));
#10595 = VECTOR('',#10596,1.);
#10596 = DIRECTION('',(1.,0.));
#10597 = ( GEOMETRIC_REPRESENTATION_CONTEXT(2) 
PARAMETRIC_REPRESENTATION_CONTEXT() REPRESENTATION_CONTEXT('2D SPACE',''
  ) );
#10598 = ORIENTED_EDGE('',*,*,#10358,.T.);
#10599 = ORIENTED_EDGE('',*,*,#10600,.T.);
#10600 = EDGE_CURVE('',#10361,#10481,#10601,.T.);
#10601 = SURFACE_CURVE('',#10602,(#10606,#10613),.PCURVE_S1.);
#10602 = LINE('',#10603,#10604);
#10603 = CARTESIAN_POINT('',(-84.81646756758,-11.45280879772,5.4));
#10604 = VECTOR('',#10605,1.);
#10605 = DIRECTION('',(-0.968583161129,-0.248689887165,0.));
#10606 = PCURVE('',#10381,#10607);
#10607 = DEFINITIONAL_REPRESENTATION('',(#10608),#10612);
#10608 = LINE('',#10609,#10610);
#10609 = CARTESIAN_POINT('',(0.4,0.));
#10610 = VECTOR('',#10611,1.);
#10611 = DIRECTION('',(0.,1.));
#10612 = ( GEOMETRIC_REPRESENTATION_CONTEXT(2) 
PARAMETRIC_REPRESENTATION_CONTEXT() REPRESENTATION_CONTEXT('2D SPACE',''
  ) );
#10613 = PCURVE('',#10463,#10614);
#10614 = DEFINITIONAL_REPRESENTATION('',(#10615),#10619);
#10615 = LINE('',#10616,#10617);
#10616 = CARTESIAN_POINT('',(0.,0.));
#10617 = VECTOR('',#10618,1.);
#10618 = DIRECTION('',(1.,0.));
#10619 = ( GEOMETRIC_REPRESENTATION_CONTEXT(2) 
PARAMETRIC_REPRESENTATION_CONTEXT() REPRESENTATION_CONTEXT('2D SPACE',''
  ) );
#10620 = ORIENTED_EDGE('',*,*,#10478,.F.);
#10621 = ADVANCED_FACE('',(#10622),#10437,.T.);
#10622 = FACE_BOUND('',#10623,.T.);
#10623 = EDGE_LOOP('',(#10624,#10645,#10646,#10667));
#10624 = ORIENTED_EDGE('',*,*,#10625,.F.);
#10625 = EDGE_CURVE('',#10394,#10509,#10626,.T.);
#10626 = SURFACE_CURVE('',#10627,(#10631,#10638),.PCURVE_S1.);
#10627 = LINE('',#10628,#10629);
#10628 = CARTESIAN_POINT('',(-79.84266982428,-30.82447202029,5.));
#10629 = VECTOR('',#10630,1.);
#10630 = DIRECTION('',(-0.968583161129,-0.248689887165,0.));
#10631 = PCURVE('',#10437,#10632);
#10632 = DEFINITIONAL_REPRESENTATION('',(#10633),#10637);
#10633 = LINE('',#10634,#10635);
#10634 = CARTESIAN_POINT('',(0.,0.));
#10635 = VECTOR('',#10636,1.);
#10636 = DIRECTION('',(0.,1.));
#10637 = ( GEOMETRIC_REPRESENTATION_CONTEXT(2) 
PARAMETRIC_REPRESENTATION_CONTEXT() REPRESENTATION_CONTEXT('2D SPACE',''
  ) );
#10638 = PCURVE('',#10409,#10639);
#10639 = DEFINITIONAL_REPRESENTATION('',(#10640),#10644);
#10640 = LINE('',#10641,#10642);
#10641 = CARTESIAN_POINT('',(1.7763568394E-15,20.));
#10642 = VECTOR('',#10643,1.);
#10643 = DIRECTION('',(1.,0.));
#10644 = ( GEOMETRIC_REPRESENTATION_CONTEXT(2) 
PARAMETRIC_REPRESENTATION_CONTEXT() REPRESENTATION_CONTEXT('2D SPACE',''
  ) );
#10645 = ORIENTED_EDGE('',*,*,#10421,.T.);
#10646 = ORIENTED_EDGE('',*,*,#10647,.T.);
#10647 = EDGE_CURVE('',#10422,#10532,#10648,.T.);
#10648 = SURFACE_CURVE('',#10649,(#10653,#10660),.PCURVE_S1.);
#10649 = LINE('',#10650,#10651);
#10650 = CARTESIAN_POINT('',(-79.84266982428,-30.82447202029,5.4));
#10651 = VECTOR('',#10652,1.);
#10652 = DIRECTION('',(-0.968583161129,-0.248689887165,0.));
#10653 = PCURVE('',#10437,#10654);
#10654 = DEFINITIONAL_REPRESENTATION('',(#10655),#10659);
#10655 = LINE('',#10656,#10657);
#10656 = CARTESIAN_POINT('',(0.4,0.));
#10657 = VECTOR('',#10658,1.);
#10658 = DIRECTION('',(0.,1.));
#10659 = ( GEOMETRIC_REPRESENTATION_CONTEXT(2) 
PARAMETRIC_REPRESENTATION_CONTEXT() REPRESENTATION_CONTEXT('2D SPACE',''
  ) );
#10660 = PCURVE('',#10463,#10661);
#10661 = DEFINITIONAL_REPRESENTATION('',(#10662),#10666);
#10662 = LINE('',#10663,#10664);
#10663 = CARTESIAN_POINT('',(1.7763568394E-15,20.));
#10664 = VECTOR('',#10665,1.);
#10665 = DIRECTION('',(1.,0.));
#10666 = ( GEOMETRIC_REPRESENTATION_CONTEXT(2) 
PARAMETRIC_REPRESENTATION_CONTEXT() REPRESENTATION_CONTEXT('2D SPACE',''
  ) );
#10667 = ORIENTED_EDGE('',*,*,#10531,.F.);
#10668 = ADVANCED_FACE('',(#10669),#10409,.F.);
#10669 = FACE_BOUND('',#10670,.F.);
#10670 = EDGE_LOOP('',(#10671,#10672,#10673,#10674));
#10671 = ORIENTED_EDGE('',*,*,#10393,.F.);
#10672 = ORIENTED_EDGE('',*,*,#10578,.T.);
#10673 = ORIENTED_EDGE('',*,*,#10508,.T.);
#10674 = ORIENTED_EDGE('',*,*,#10625,.F.);
#10675 = ADVANCED_FACE('',(#10676),#10463,.T.);
#10676 = FACE_BOUND('',#10677,.T.);
#10677 = EDGE_LOOP('',(#10678,#10679,#10680,#10681));
#10678 = ORIENTED_EDGE('',*,*,#10449,.F.);
#10679 = ORIENTED_EDGE('',*,*,#10600,.T.);
#10680 = ORIENTED_EDGE('',*,*,#10554,.T.);
#10681 = ORIENTED_EDGE('',*,*,#10647,.F.);
#10682 = ( GEOMETRIC_REPRESENTATION_CONTEXT(3) 
GLOBAL_UNCERTAINTY_ASSIGNED_CONTEXT((#10686)) 
GLOBAL_UNIT_ASSIGNED_CONTEXT((#10683,#10684,#10685)) 
REPRESENTATION_CONTEXT('Context #1',
  '3D Context with UNIT and UNCERTAINTY') );
#10683 = ( LENGTH_UNIT() NAMED_UNIT(*) SI_UNIT(.MILLI.,.METRE.) );
#10684 = ( NAMED_UNIT(*) PLANE_ANGLE_UNIT() SI_UNIT($,.RADIAN.) );
#10685 = ( NAMED_UNIT(*) SI_UNIT($,.STERADIAN.) SOLID_ANGLE_UNIT() );
#10686 = UNCERTAINTY_MEASURE_WITH_UNIT(LENGTH_MEASURE(1.E-07),#10683,
  'distance_accuracy_value','confusion accuracy');
#10687 = CONTEXT_DEPENDENT_SHAPE_REPRESENTATION(#10688,#10690);
#10688 = ( REPRESENTATION_RELATIONSHIP('','',#10351,#709) 
REPRESENTATION_RELATIONSHIP_WITH_TRANSFORMATION(#10689) 
SHAPE_REPRESENTATION_RELATIONSHIP() );
#10689 = ITEM_DEFINED_TRANSFORMATION('','',#11,#818);
#10690 = PRODUCT_DEFINITION_SHAPE('Placement','Placement of an item',
  #10691);
#10691 = NEXT_ASSEMBLY_USAGE_OCCURRENCE('36','','',#704,#10346,$);
#10692 = PRODUCT_RELATED_PRODUCT_CATEGORY('part',$,(#10348));
#10693 = SHAPE_DEFINITION_REPRESENTATION(#10694,#10700);
#10694 = PRODUCT_DEFINITION_SHAPE('','',#10695);
#10695 = PRODUCT_DEFINITION('design','',#10696,#10699);
#10696 = PRODUCT_DEFINITION_FORMATION('','',#10697);
#10697 = PRODUCT('Open CASCADE STEP translator 7.9 2.2.29',
  'Open CASCADE STEP translator 7.9 2.2.29','',(#10698));
#10698 = PRODUCT_CONTEXT('',#2,'mechanical');
#10699 = PRODUCT_DEFINITION_CONTEXT('part definition',#2,'design');
#10700 = ADVANCED_BREP_SHAPE_REPRESENTATION('',(#11,#10701),#11031);
#10701 = MANIFOLD_SOLID_BREP('',#10702);
#10702 = CLOSED_SHELL('',(#10703,#10823,#10923,#10970,#11017,#11024));
#10703 = ADVANCED_FACE('',(#10704),#10718,.F.);
#10704 = FACE_BOUND('',#10705,.F.);
#10705 = EDGE_LOOP('',(#10706,#10741,#10769,#10797));
#10706 = ORIENTED_EDGE('',*,*,#10707,.F.);
#10707 = EDGE_CURVE('',#10708,#10710,#10712,.T.);
#10708 = VERTEX_POINT('',#10709);
#10709 = CARTESIAN_POINT('',(-82.71224682734,-21.99282211931,5.));
#10710 = VERTEX_POINT('',#10711);
#10711 = CARTESIAN_POINT('',(-82.71224682734,-21.99282211931,5.4));
#10712 = SURFACE_CURVE('',#10713,(#10717,#10729),.PCURVE_S1.);
#10713 = LINE('',#10714,#10715);
#10714 = CARTESIAN_POINT('',(-82.71224682734,-21.99282211931,5.));
#10715 = VECTOR('',#10716,1.);
#10716 = DIRECTION('',(0.,0.,1.));
#10717 = PCURVE('',#10718,#10723);
#10718 = PLANE('',#10719);
#10719 = AXIS2_PLACEMENT_3D('',#10720,#10721,#10722);
#10720 = CARTESIAN_POINT('',(-82.71224682734,-21.99282211931,5.));
#10721 = DIRECTION('',(-0.929776485888,-0.368124552685,0.));
#10722 = DIRECTION('',(0.,0.,1.));
#10723 = DEFINITIONAL_REPRESENTATION('',(#10724),#10728);
#10724 = LINE('',#10725,#10726);
#10725 = CARTESIAN_POINT('',(0.,0.));
#10726 = VECTOR('',#10727,1.);
#10727 = DIRECTION('',(1.,0.));
#10728 = ( GEOMETRIC_REPRESENTATION_CONTEXT(2) 
PARAMETRIC_REPRESENTATION_CONTEXT() REPRESENTATION_CONTEXT('2D SPACE',''
  ) );
#10729 = PCURVE('',#10730,#10735);
#10730 = PLANE('',#10731);
#10731 = AXIS2_PLACEMENT_3D('',#10732,#10733,#10734);
#10732 = CARTESIAN_POINT('',(-82.71224682734,-21.99282211931,5.));
#10733 = DIRECTION('',(0.368124552685,-0.929776485888,0.));
#10734 = DIRECTION('',(0.,0.,1.));
#10735 = DEFINITIONAL_REPRESENTATION('',(#10736),#10740);
#10736 = LINE('',#10737,#10738);
#10737 = CARTESIAN_POINT('',(0.,0.));
#10738 = VECTOR('',#10739,1.);
#10739 = DIRECTION('',(1.,0.));
#10740 = ( GEOMETRIC_REPRESENTATION_CONTEXT(2) 
PARAMETRIC_REPRESENTATION_CONTEXT() REPRESENTATION_CONTEXT('2D SPACE',''
  ) );
#10741 = ORIENTED_EDGE('',*,*,#10742,.T.);
#10742 = EDGE_CURVE('',#10708,#10743,#10745,.T.);
#10743 = VERTEX_POINT('',#10744);
#10744 = CARTESIAN_POINT('',(-75.34975577365,-40.58835183708,5.));
#10745 = SURFACE_CURVE('',#10746,(#10750,#10757),.PCURVE_S1.);
#10746 = LINE('',#10747,#10748);
#10747 = CARTESIAN_POINT('',(-82.71224682734,-21.99282211931,5.));
#10748 = VECTOR('',#10749,1.);
#10749 = DIRECTION('',(0.368124552685,-0.929776485888,0.));
#10750 = PCURVE('',#10718,#10751);
#10751 = DEFINITIONAL_REPRESENTATION('',(#10752),#10756);
#10752 = LINE('',#10753,#10754);
#10753 = CARTESIAN_POINT('',(0.,0.));
#10754 = VECTOR('',#10755,1.);
#10755 = DIRECTION('',(0.,-1.));
#10756 = ( GEOMETRIC_REPRESENTATION_CONTEXT(2) 
PARAMETRIC_REPRESENTATION_CONTEXT() REPRESENTATION_CONTEXT('2D SPACE',''
  ) );
#10757 = PCURVE('',#10758,#10763);
#10758 = PLANE('',#10759);
#10759 = AXIS2_PLACEMENT_3D('',#10760,#10761,#10762);
#10760 = CARTESIAN_POINT('',(-82.71224682734,-21.99282211931,5.));
#10761 = DIRECTION('',(0.,0.,1.));
#10762 = DIRECTION('',(-0.929776485888,-0.368124552685,0.));
#10763 = DEFINITIONAL_REPRESENTATION('',(#10764),#10768);
#10764 = LINE('',#10765,#10766);
#10765 = CARTESIAN_POINT('',(0.,0.));
#10766 = VECTOR('',#10767,1.);
#10767 = DIRECTION('',(0.,1.));
#10768 = ( GEOMETRIC_REPRESENTATION_CONTEXT(2) 
PARAMETRIC_REPRESENTATION_CONTEXT() REPRESENTATION_CONTEXT('2D SPACE',''
  ) );
#10769 = ORIENTED_EDGE('',*,*,#10770,.T.);
#10770 = EDGE_CURVE('',#10743,#10771,#10773,.T.);
#10771 = VERTEX_POINT('',#10772);
#10772 = CARTESIAN_POINT('',(-75.34975577365,-40.58835183708,5.4));
#10773 = SURFACE_CURVE('',#10774,(#10778,#10785),.PCURVE_S1.);
#10774 = LINE('',#10775,#10776);
#10775 = CARTESIAN_POINT('',(-75.34975577365,-40.58835183708,5.));
#10776 = VECTOR('',#10777,1.);
#10777 = DIRECTION('',(0.,0.,1.));
#10778 = PCURVE('',#10718,#10779);
#10779 = DEFINITIONAL_REPRESENTATION('',(#10780),#10784);
#10780 = LINE('',#10781,#10782);
#10781 = CARTESIAN_POINT('',(0.,-20.));
#10782 = VECTOR('',#10783,1.);
#10783 = DIRECTION('',(1.,0.));
#10784 = ( GEOMETRIC_REPRESENTATION_CONTEXT(2) 
PARAMETRIC_REPRESENTATION_CONTEXT() REPRESENTATION_CONTEXT('2D SPACE',''
  ) );
#10785 = PCURVE('',#10786,#10791);
#10786 = PLANE('',#10787);
#10787 = AXIS2_PLACEMENT_3D('',#10788,#10789,#10790);
#10788 = CARTESIAN_POINT('',(-75.34975577365,-40.58835183708,5.));
#10789 = DIRECTION('',(0.368124552685,-0.929776485888,0.));
#10790 = DIRECTION('',(0.,0.,1.));
#10791 = DEFINITIONAL_REPRESENTATION('',(#10792),#10796);
#10792 = LINE('',#10793,#10794);
#10793 = CARTESIAN_POINT('',(0.,0.));
#10794 = VECTOR('',#10795,1.);
#10795 = DIRECTION('',(1.,0.));
#10796 = ( GEOMETRIC_REPRESENTATION_CONTEXT(2) 
PARAMETRIC_REPRESENTATION_CONTEXT() REPRESENTATION_CONTEXT('2D SPACE',''
  ) );
#10797 = ORIENTED_EDGE('',*,*,#10798,.F.);
#10798 = EDGE_CURVE('',#10710,#10771,#10799,.T.);
#10799 = SURFACE_CURVE('',#10800,(#10804,#10811),.PCURVE_S1.);
#10800 = LINE('',#10801,#10802);
#10801 = CARTESIAN_POINT('',(-82.71224682734,-21.99282211931,5.4));
#10802 = VECTOR('',#10803,1.);
#10803 = DIRECTION('',(0.368124552685,-0.929776485888,0.));
#10804 = PCURVE('',#10718,#10805);
#10805 = DEFINITIONAL_REPRESENTATION('',(#10806),#10810);
#10806 = LINE('',#10807,#10808);
#10807 = CARTESIAN_POINT('',(0.4,0.));
#10808 = VECTOR('',#10809,1.);
#10809 = DIRECTION('',(0.,-1.));
#10810 = ( GEOMETRIC_REPRESENTATION_CONTEXT(2) 
PARAMETRIC_REPRESENTATION_CONTEXT() REPRESENTATION_CONTEXT('2D SPACE',''
  ) );
#10811 = PCURVE('',#10812,#10817);
#10812 = PLANE('',#10813);
#10813 = AXIS2_PLACEMENT_3D('',#10814,#10815,#10816);
#10814 = CARTESIAN_POINT('',(-82.71224682734,-21.99282211931,5.4));
#10815 = DIRECTION('',(0.,0.,1.));
#10816 = DIRECTION('',(-0.929776485888,-0.368124552685,0.));
#10817 = DEFINITIONAL_REPRESENTATION('',(#10818),#10822);
#10818 = LINE('',#10819,#10820);
#10819 = CARTESIAN_POINT('',(0.,0.));
#10820 = VECTOR('',#10821,1.);
#10821 = DIRECTION('',(0.,1.));
#10822 = ( GEOMETRIC_REPRESENTATION_CONTEXT(2) 
PARAMETRIC_REPRESENTATION_CONTEXT() REPRESENTATION_CONTEXT('2D SPACE',''
  ) );
#10823 = ADVANCED_FACE('',(#10824),#10838,.T.);
#10824 = FACE_BOUND('',#10825,.T.);
#10825 = EDGE_LOOP('',(#10826,#10856,#10879,#10902));
#10826 = ORIENTED_EDGE('',*,*,#10827,.F.);
#10827 = EDGE_CURVE('',#10828,#10830,#10832,.T.);
#10828 = VERTEX_POINT('',#10829);
#10829 = CARTESIAN_POINT('',(-231.4764845694,-80.89275054886,5.));
#10830 = VERTEX_POINT('',#10831);
#10831 = CARTESIAN_POINT('',(-231.4764845694,-80.89275054886,5.4));
#10832 = SURFACE_CURVE('',#10833,(#10837,#10849),.PCURVE_S1.);
#10833 = LINE('',#10834,#10835);
#10834 = CARTESIAN_POINT('',(-231.4764845694,-80.89275054886,5.));
#10835 = VECTOR('',#10836,1.);
#10836 = DIRECTION('',(0.,0.,1.));
#10837 = PCURVE('',#10838,#10843);
#10838 = PLANE('',#10839);
#10839 = AXIS2_PLACEMENT_3D('',#10840,#10841,#10842);
#10840 = CARTESIAN_POINT('',(-231.4764845694,-80.89275054886,5.));
#10841 = DIRECTION('',(-0.929776485888,-0.368124552685,0.));
#10842 = DIRECTION('',(0.,0.,1.));
#10843 = DEFINITIONAL_REPRESENTATION('',(#10844),#10848);
#10844 = LINE('',#10845,#10846);
#10845 = CARTESIAN_POINT('',(0.,0.));
#10846 = VECTOR('',#10847,1.);
#10847 = DIRECTION('',(1.,0.));
#10848 = ( GEOMETRIC_REPRESENTATION_CONTEXT(2) 
PARAMETRIC_REPRESENTATION_CONTEXT() REPRESENTATION_CONTEXT('2D SPACE',''
  ) );
#10849 = PCURVE('',#10730,#10850);
#10850 = DEFINITIONAL_REPRESENTATION('',(#10851),#10855);
#10851 = LINE('',#10852,#10853);
#10852 = CARTESIAN_POINT('',(0.,160.));
#10853 = VECTOR('',#10854,1.);
#10854 = DIRECTION('',(1.,0.));
#10855 = ( GEOMETRIC_REPRESENTATION_CONTEXT(2) 
PARAMETRIC_REPRESENTATION_CONTEXT() REPRESENTATION_CONTEXT('2D SPACE',''
  ) );
#10856 = ORIENTED_EDGE('',*,*,#10857,.T.);
#10857 = EDGE_CURVE('',#10828,#10858,#10860,.T.);
#10858 = VERTEX_POINT('',#10859);
#10859 = CARTESIAN_POINT('',(-224.1139935157,-99.48828026662,5.));
#10860 = SURFACE_CURVE('',#10861,(#10865,#10872),.PCURVE_S1.);
#10861 = LINE('',#10862,#10863);
#10862 = CARTESIAN_POINT('',(-231.4764845694,-80.89275054886,5.));
#10863 = VECTOR('',#10864,1.);
#10864 = DIRECTION('',(0.368124552685,-0.929776485888,0.));
#10865 = PCURVE('',#10838,#10866);
#10866 = DEFINITIONAL_REPRESENTATION('',(#10867),#10871);
#10867 = LINE('',#10868,#10869);
#10868 = CARTESIAN_POINT('',(0.,0.));
#10869 = VECTOR('',#10870,1.);
#10870 = DIRECTION('',(0.,-1.));
#10871 = ( GEOMETRIC_REPRESENTATION_CONTEXT(2) 
PARAMETRIC_REPRESENTATION_CONTEXT() REPRESENTATION_CONTEXT('2D SPACE',''
  ) );
#10872 = PCURVE('',#10758,#10873);
#10873 = DEFINITIONAL_REPRESENTATION('',(#10874),#10878);
#10874 = LINE('',#10875,#10876);
#10875 = CARTESIAN_POINT('',(160.,0.));
#10876 = VECTOR('',#10877,1.);
#10877 = DIRECTION('',(0.,1.));
#10878 = ( GEOMETRIC_REPRESENTATION_CONTEXT(2) 
PARAMETRIC_REPRESENTATION_CONTEXT() REPRESENTATION_CONTEXT('2D SPACE',''
  ) );
#10879 = ORIENTED_EDGE('',*,*,#10880,.T.);
#10880 = EDGE_CURVE('',#10858,#10881,#10883,.T.);
#10881 = VERTEX_POINT('',#10882);
#10882 = CARTESIAN_POINT('',(-224.1139935157,-99.48828026662,5.4));
#10883 = SURFACE_CURVE('',#10884,(#10888,#10895),.PCURVE_S1.);
#10884 = LINE('',#10885,#10886);
#10885 = CARTESIAN_POINT('',(-224.1139935157,-99.48828026662,5.));
#10886 = VECTOR('',#10887,1.);
#10887 = DIRECTION('',(0.,0.,1.));
#10888 = PCURVE('',#10838,#10889);
#10889 = DEFINITIONAL_REPRESENTATION('',(#10890),#10894);
#10890 = LINE('',#10891,#10892);
#10891 = CARTESIAN_POINT('',(0.,-20.));
#10892 = VECTOR('',#10893,1.);
#10893 = DIRECTION('',(1.,0.));
#10894 = ( GEOMETRIC_REPRESENTATION_CONTEXT(2) 
PARAMETRIC_REPRESENTATION_CONTEXT() REPRESENTATION_CONTEXT('2D SPACE',''
  ) );
#10895 = PCURVE('',#10786,#10896);
#10896 = DEFINITIONAL_REPRESENTATION('',(#10897),#10901);
#10897 = LINE('',#10898,#10899);
#10898 = CARTESIAN_POINT('',(0.,160.));
#10899 = VECTOR('',#10900,1.);
#10900 = DIRECTION('',(1.,0.));
#10901 = ( GEOMETRIC_REPRESENTATION_CONTEXT(2) 
PARAMETRIC_REPRESENTATION_CONTEXT() REPRESENTATION_CONTEXT('2D SPACE',''
  ) );
#10902 = ORIENTED_EDGE('',*,*,#10903,.F.);
#10903 = EDGE_CURVE('',#10830,#10881,#10904,.T.);
#10904 = SURFACE_CURVE('',#10905,(#10909,#10916),.PCURVE_S1.);
#10905 = LINE('',#10906,#10907);
#10906 = CARTESIAN_POINT('',(-231.4764845694,-80.89275054886,5.4));
#10907 = VECTOR('',#10908,1.);
#10908 = DIRECTION('',(0.368124552685,-0.929776485888,0.));
#10909 = PCURVE('',#10838,#10910);
#10910 = DEFINITIONAL_REPRESENTATION('',(#10911),#10915);
#10911 = LINE('',#10912,#10913);
#10912 = CARTESIAN_POINT('',(0.4,0.));
#10913 = VECTOR('',#10914,1.);
#10914 = DIRECTION('',(0.,-1.));
#10915 = ( GEOMETRIC_REPRESENTATION_CONTEXT(2) 
PARAMETRIC_REPRESENTATION_CONTEXT() REPRESENTATION_CONTEXT('2D SPACE',''
  ) );
#10916 = PCURVE('',#10812,#10917);
#10917 = DEFINITIONAL_REPRESENTATION('',(#10918),#10922);
#10918 = LINE('',#10919,#10920);
#10919 = CARTESIAN_POINT('',(160.,0.));
#10920 = VECTOR('',#10921,1.);
#10921 = DIRECTION('',(0.,1.));
#10922 = ( GEOMETRIC_REPRESENTATION_CONTEXT(2) 
PARAMETRIC_REPRESENTATION_CONTEXT() REPRESENTATION_CONTEXT('2D SPACE',''
  ) );
#10923 = ADVANCED_FACE('',(#10924),#10730,.F.);
#10924 = FACE_BOUND('',#10925,.F.);
#10925 = EDGE_LOOP('',(#10926,#10947,#10948,#10969));
#10926 = ORIENTED_EDGE('',*,*,#10927,.F.);
#10927 = EDGE_CURVE('',#10708,#10828,#10928,.T.);
#10928 = SURFACE_CURVE('',#10929,(#10933,#10940),.PCURVE_S1.);
#10929 = LINE('',#10930,#10931);
#10930 = CARTESIAN_POINT('',(-82.71224682734,-21.99282211931,5.));
#10931 = VECTOR('',#10932,1.);
#10932 = DIRECTION('',(-0.929776485888,-0.368124552685,0.));
#10933 = PCURVE('',#10730,#10934);
#10934 = DEFINITIONAL_REPRESENTATION('',(#10935),#10939);
#10935 = LINE('',#10936,#10937);
#10936 = CARTESIAN_POINT('',(0.,0.));
#10937 = VECTOR('',#10938,1.);
#10938 = DIRECTION('',(0.,1.));
#10939 = ( GEOMETRIC_REPRESENTATION_CONTEXT(2) 
PARAMETRIC_REPRESENTATION_CONTEXT() REPRESENTATION_CONTEXT('2D SPACE',''
  ) );
#10940 = PCURVE('',#10758,#10941);
#10941 = DEFINITIONAL_REPRESENTATION('',(#10942),#10946);
#10942 = LINE('',#10943,#10944);
#10943 = CARTESIAN_POINT('',(0.,0.));
#10944 = VECTOR('',#10945,1.);
#10945 = DIRECTION('',(1.,0.));
#10946 = ( GEOMETRIC_REPRESENTATION_CONTEXT(2) 
PARAMETRIC_REPRESENTATION_CONTEXT() REPRESENTATION_CONTEXT('2D SPACE',''
  ) );
#10947 = ORIENTED_EDGE('',*,*,#10707,.T.);
#10948 = ORIENTED_EDGE('',*,*,#10949,.T.);
#10949 = EDGE_CURVE('',#10710,#10830,#10950,.T.);
#10950 = SURFACE_CURVE('',#10951,(#10955,#10962),.PCURVE_S1.);
#10951 = LINE('',#10952,#10953);
#10952 = CARTESIAN_POINT('',(-82.71224682734,-21.99282211931,5.4));
#10953 = VECTOR('',#10954,1.);
#10954 = DIRECTION('',(-0.929776485888,-0.368124552685,0.));
#10955 = PCURVE('',#10730,#10956);
#10956 = DEFINITIONAL_REPRESENTATION('',(#10957),#10961);
#10957 = LINE('',#10958,#10959);
#10958 = CARTESIAN_POINT('',(0.4,0.));
#10959 = VECTOR('',#10960,1.);
#10960 = DIRECTION('',(0.,1.));
#10961 = ( GEOMETRIC_REPRESENTATION_CONTEXT(2) 
PARAMETRIC_REPRESENTATION_CONTEXT() REPRESENTATION_CONTEXT('2D SPACE',''
  ) );
#10962 = PCURVE('',#10812,#10963);
#10963 = DEFINITIONAL_REPRESENTATION('',(#10964),#10968);
#10964 = LINE('',#10965,#10966);
#10965 = CARTESIAN_POINT('',(0.,0.));
#10966 = VECTOR('',#10967,1.);
#10967 = DIRECTION('',(1.,0.));
#10968 = ( GEOMETRIC_REPRESENTATION_CONTEXT(2) 
PARAMETRIC_REPRESENTATION_CONTEXT() REPRESENTATION_CONTEXT('2D SPACE',''
  ) );
#10969 = ORIENTED_EDGE('',*,*,#10827,.F.);
#10970 = ADVANCED_FACE('',(#10971),#10786,.T.);
#10971 = FACE_BOUND('',#10972,.T.);
#10972 = EDGE_LOOP('',(#10973,#10994,#10995,#11016));
#10973 = ORIENTED_EDGE('',*,*,#10974,.F.);
#10974 = EDGE_CURVE('',#10743,#10858,#10975,.T.);
#10975 = SURFACE_CURVE('',#10976,(#10980,#10987),.PCURVE_S1.);
#10976 = LINE('',#10977,#10978);
#10977 = CARTESIAN_POINT('',(-75.34975577365,-40.58835183708,5.));
#10978 = VECTOR('',#10979,1.);
#10979 = DIRECTION('',(-0.929776485888,-0.368124552685,0.));
#10980 = PCURVE('',#10786,#10981);
#10981 = DEFINITIONAL_REPRESENTATION('',(#10982),#10986);
#10982 = LINE('',#10983,#10984);
#10983 = CARTESIAN_POINT('',(0.,0.));
#10984 = VECTOR('',#10985,1.);
#10985 = DIRECTION('',(0.,1.));
#10986 = ( GEOMETRIC_REPRESENTATION_CONTEXT(2) 
PARAMETRIC_REPRESENTATION_CONTEXT() REPRESENTATION_CONTEXT('2D SPACE',''
  ) );
#10987 = PCURVE('',#10758,#10988);
#10988 = DEFINITIONAL_REPRESENTATION('',(#10989),#10993);
#10989 = LINE('',#10990,#10991);
#10990 = CARTESIAN_POINT('',(-8.881784197001E-16,20.));
#10991 = VECTOR('',#10992,1.);
#10992 = DIRECTION('',(1.,0.));
#10993 = ( GEOMETRIC_REPRESENTATION_CONTEXT(2) 
PARAMETRIC_REPRESENTATION_CONTEXT() REPRESENTATION_CONTEXT('2D SPACE',''
  ) );
#10994 = ORIENTED_EDGE('',*,*,#10770,.T.);
#10995 = ORIENTED_EDGE('',*,*,#10996,.T.);
#10996 = EDGE_CURVE('',#10771,#10881,#10997,.T.);
#10997 = SURFACE_CURVE('',#10998,(#11002,#11009),.PCURVE_S1.);
#10998 = LINE('',#10999,#11000);
#10999 = CARTESIAN_POINT('',(-75.34975577365,-40.58835183708,5.4));
#11000 = VECTOR('',#11001,1.);
#11001 = DIRECTION('',(-0.929776485888,-0.368124552685,0.));
#11002 = PCURVE('',#10786,#11003);
#11003 = DEFINITIONAL_REPRESENTATION('',(#11004),#11008);
#11004 = LINE('',#11005,#11006);
#11005 = CARTESIAN_POINT('',(0.4,0.));
#11006 = VECTOR('',#11007,1.);
#11007 = DIRECTION('',(0.,1.));
#11008 = ( GEOMETRIC_REPRESENTATION_CONTEXT(2) 
PARAMETRIC_REPRESENTATION_CONTEXT() REPRESENTATION_CONTEXT('2D SPACE',''
  ) );
#11009 = PCURVE('',#10812,#11010);
#11010 = DEFINITIONAL_REPRESENTATION('',(#11011),#11015);
#11011 = LINE('',#11012,#11013);
#11012 = CARTESIAN_POINT('',(-8.881784197001E-16,20.));
#11013 = VECTOR('',#11014,1.);
#11014 = DIRECTION('',(1.,0.));
#11015 = ( GEOMETRIC_REPRESENTATION_CONTEXT(2) 
PARAMETRIC_REPRESENTATION_CONTEXT() REPRESENTATION_CONTEXT('2D SPACE',''
  ) );
#11016 = ORIENTED_EDGE('',*,*,#10880,.F.);
#11017 = ADVANCED_FACE('',(#11018),#10758,.F.);
#11018 = FACE_BOUND('',#11019,.F.);
#11019 = EDGE_LOOP('',(#11020,#11021,#11022,#11023));
#11020 = ORIENTED_EDGE('',*,*,#10742,.F.);
#11021 = ORIENTED_EDGE('',*,*,#10927,.T.);
#11022 = ORIENTED_EDGE('',*,*,#10857,.T.);
#11023 = ORIENTED_EDGE('',*,*,#10974,.F.);
#11024 = ADVANCED_FACE('',(#11025),#10812,.T.);
#11025 = FACE_BOUND('',#11026,.T.);
#11026 = EDGE_LOOP('',(#11027,#11028,#11029,#11030));
#11027 = ORIENTED_EDGE('',*,*,#10798,.F.);
#11028 = ORIENTED_EDGE('',*,*,#10949,.T.);
#11029 = ORIENTED_EDGE('',*,*,#10903,.T.);
#11030 = ORIENTED_EDGE('',*,*,#10996,.F.);
#11031 = ( GEOMETRIC_REPRESENTATION_CONTEXT(3) 
GLOBAL_UNCERTAINTY_ASSIGNED_CONTEXT((#11035)) 
GLOBAL_UNIT_ASSIGNED_CONTEXT((#11032,#11033,#11034)) 
REPRESENTATION_CONTEXT('Context #1',
  '3D Context with UNIT and UNCERTAINTY') );
#11032 = ( LENGTH_UNIT() NAMED_UNIT(*) SI_UNIT(.MILLI.,.METRE.) );
#11033 = ( NAMED_UNIT(*) PLANE_ANGLE_UNIT() SI_UNIT($,.RADIAN.) );
#11034 = ( NAMED_UNIT(*) SI_UNIT($,.STERADIAN.) SOLID_ANGLE_UNIT() );
#11035 = UNCERTAINTY_MEASURE_WITH_UNIT(LENGTH_MEASURE(1.E-07),#11032,
  'distance_accuracy_value','confusion accuracy');
#11036 = CONTEXT_DEPENDENT_SHAPE_REPRESENTATION(#11037,#11039);
#11037 = ( REPRESENTATION_RELATIONSHIP('','',#10700,#709) 
REPRESENTATION_RELATIONSHIP_WITH_TRANSFORMATION(#11038) 
SHAPE_REPRESENTATION_RELATIONSHIP() );
#11038 = ITEM_DEFINED_TRANSFORMATION('','',#11,#822);
#11039 = PRODUCT_DEFINITION_SHAPE('Placement','Placement of an item',
  #11040);
#11040 = NEXT_ASSEMBLY_USAGE_OCCURRENCE('37','','',#704,#10695,$);
#11041 = PRODUCT_RELATED_PRODUCT_CATEGORY('part',$,(#10697));
#11042 = SHAPE_DEFINITION_REPRESENTATION(#11043,#11049);
#11043 = PRODUCT_DEFINITION_SHAPE('','',#11044);
#11044 = PRODUCT_DEFINITION('design','',#11045,#11048);
#11045 = PRODUCT_DEFINITION_FORMATION('','',#11046);
#11046 = PRODUCT('Open CASCADE STEP translator 7.9 2.2.30',
  'Open CASCADE STEP translator 7.9 2.2.30','',(#11047));
#11047 = PRODUCT_CONTEXT('',#2,'mechanical');
#11048 = PRODUCT_DEFINITION_CONTEXT('part definition',#2,'design');
#11049 = ADVANCED_BREP_SHAPE_REPRESENTATION('',(#11,#11050),#11380);
#11050 = MANIFOLD_SOLID_BREP('',#11051);
#11051 = CLOSED_SHELL('',(#11052,#11172,#11272,#11319,#11366,#11373));
#11052 = ADVANCED_FACE('',(#11053),#11067,.F.);
#11053 = FACE_BOUND('',#11054,.F.);
#11054 = EDGE_LOOP('',(#11055,#11090,#11118,#11146));
#11055 = ORIENTED_EDGE('',*,*,#11056,.F.);
#11056 = EDGE_CURVE('',#11057,#11059,#11061,.T.);
#11057 = VERTEX_POINT('',#11058);
#11058 = CARTESIAN_POINT('',(-79.30360454474,-32.1859954982,5.));
#11059 = VERTEX_POINT('',#11060);
#11060 = CARTESIAN_POINT('',(-79.30360454474,-32.1859954982,5.4));
#11061 = SURFACE_CURVE('',#11062,(#11066,#11078),.PCURVE_S1.);
#11062 = LINE('',#11063,#11064);
#11063 = CARTESIAN_POINT('',(-79.30360454474,-32.1859954982,5.));
#11064 = VECTOR('',#11065,1.);
#11065 = DIRECTION('',(0.,0.,1.));
#11066 = PCURVE('',#11067,#11072);
#11067 = PLANE('',#11068);
#11068 = AXIS2_PLACEMENT_3D('',#11069,#11070,#11071);
#11069 = CARTESIAN_POINT('',(-79.30360454474,-32.1859954982,5.));
#11070 = DIRECTION('',(-0.876306680044,-0.481753674102,0.));
#11071 = DIRECTION('',(0.,0.,1.));
#11072 = DEFINITIONAL_REPRESENTATION('',(#11073),#11077);
#11073 = LINE('',#11074,#11075);
#11074 = CARTESIAN_POINT('',(0.,0.));
#11075 = VECTOR('',#11076,1.);
#11076 = DIRECTION('',(1.,0.));
#11077 = ( GEOMETRIC_REPRESENTATION_CONTEXT(2) 
PARAMETRIC_REPRESENTATION_CONTEXT() REPRESENTATION_CONTEXT('2D SPACE',''
  ) );
#11078 = PCURVE('',#11079,#11084);
#11079 = PLANE('',#11080);
#11080 = AXIS2_PLACEMENT_3D('',#11081,#11082,#11083);
#11081 = CARTESIAN_POINT('',(-79.30360454474,-32.1859954982,5.));
#11082 = DIRECTION('',(0.481753674102,-0.876306680044,0.));
#11083 = DIRECTION('',(0.,0.,1.));
#11084 = DEFINITIONAL_REPRESENTATION('',(#11085),#11089);
#11085 = LINE('',#11086,#11087);
#11086 = CARTESIAN_POINT('',(0.,0.));
#11087 = VECTOR('',#11088,1.);
#11088 = DIRECTION('',(1.,0.));
#11089 = ( GEOMETRIC_REPRESENTATION_CONTEXT(2) 
PARAMETRIC_REPRESENTATION_CONTEXT() REPRESENTATION_CONTEXT('2D SPACE',''
  ) );
#11090 = ORIENTED_EDGE('',*,*,#11091,.T.);
#11091 = EDGE_CURVE('',#11057,#11092,#11094,.T.);
#11092 = VERTEX_POINT('',#11093);
#11093 = CARTESIAN_POINT('',(-69.66853106271,-49.71212909908,5.));
#11094 = SURFACE_CURVE('',#11095,(#11099,#11106),.PCURVE_S1.);
#11095 = LINE('',#11096,#11097);
#11096 = CARTESIAN_POINT('',(-79.30360454474,-32.1859954982,5.));
#11097 = VECTOR('',#11098,1.);
#11098 = DIRECTION('',(0.481753674102,-0.876306680044,0.));
#11099 = PCURVE('',#11067,#11100);
#11100 = DEFINITIONAL_REPRESENTATION('',(#11101),#11105);
#11101 = LINE('',#11102,#11103);
#11102 = CARTESIAN_POINT('',(0.,0.));
#11103 = VECTOR('',#11104,1.);
#11104 = DIRECTION('',(0.,-1.));
#11105 = ( GEOMETRIC_REPRESENTATION_CONTEXT(2) 
PARAMETRIC_REPRESENTATION_CONTEXT() REPRESENTATION_CONTEXT('2D SPACE',''
  ) );
#11106 = PCURVE('',#11107,#11112);
#11107 = PLANE('',#11108);
#11108 = AXIS2_PLACEMENT_3D('',#11109,#11110,#11111);
#11109 = CARTESIAN_POINT('',(-79.30360454474,-32.1859954982,5.));
#11110 = DIRECTION('',(0.,0.,1.));
#11111 = DIRECTION('',(-0.876306680044,-0.481753674102,0.));
#11112 = DEFINITIONAL_REPRESENTATION('',(#11113),#11117);
#11113 = LINE('',#11114,#11115);
#11114 = CARTESIAN_POINT('',(0.,0.));
#11115 = VECTOR('',#11116,1.);
#11116 = DIRECTION('',(0.,1.));
#11117 = ( GEOMETRIC_REPRESENTATION_CONTEXT(2) 
PARAMETRIC_REPRESENTATION_CONTEXT() REPRESENTATION_CONTEXT('2D SPACE',''
  ) );
#11118 = ORIENTED_EDGE('',*,*,#11119,.T.);
#11119 = EDGE_CURVE('',#11092,#11120,#11122,.T.);
#11120 = VERTEX_POINT('',#11121);
#11121 = CARTESIAN_POINT('',(-69.66853106271,-49.71212909908,5.4));
#11122 = SURFACE_CURVE('',#11123,(#11127,#11134),.PCURVE_S1.);
#11123 = LINE('',#11124,#11125);
#11124 = CARTESIAN_POINT('',(-69.66853106271,-49.71212909908,5.));
#11125 = VECTOR('',#11126,1.);
#11126 = DIRECTION('',(0.,0.,1.));
#11127 = PCURVE('',#11067,#11128);
#11128 = DEFINITIONAL_REPRESENTATION('',(#11129),#11133);
#11129 = LINE('',#11130,#11131);
#11130 = CARTESIAN_POINT('',(0.,-20.));
#11131 = VECTOR('',#11132,1.);
#11132 = DIRECTION('',(1.,0.));
#11133 = ( GEOMETRIC_REPRESENTATION_CONTEXT(2) 
PARAMETRIC_REPRESENTATION_CONTEXT() REPRESENTATION_CONTEXT('2D SPACE',''
  ) );
#11134 = PCURVE('',#11135,#11140);
#11135 = PLANE('',#11136);
#11136 = AXIS2_PLACEMENT_3D('',#11137,#11138,#11139);
#11137 = CARTESIAN_POINT('',(-69.66853106271,-49.71212909908,5.));
#11138 = DIRECTION('',(0.481753674102,-0.876306680044,0.));
#11139 = DIRECTION('',(0.,0.,1.));
#11140 = DEFINITIONAL_REPRESENTATION('',(#11141),#11145);
#11141 = LINE('',#11142,#11143);
#11142 = CARTESIAN_POINT('',(0.,0.));
#11143 = VECTOR('',#11144,1.);
#11144 = DIRECTION('',(1.,0.));
#11145 = ( GEOMETRIC_REPRESENTATION_CONTEXT(2) 
PARAMETRIC_REPRESENTATION_CONTEXT() REPRESENTATION_CONTEXT('2D SPACE',''
  ) );
#11146 = ORIENTED_EDGE('',*,*,#11147,.F.);
#11147 = EDGE_CURVE('',#11059,#11120,#11148,.T.);
#11148 = SURFACE_CURVE('',#11149,(#11153,#11160),.PCURVE_S1.);
#11149 = LINE('',#11150,#11151);
#11150 = CARTESIAN_POINT('',(-79.30360454474,-32.1859954982,5.4));
#11151 = VECTOR('',#11152,1.);
#11152 = DIRECTION('',(0.481753674102,-0.876306680044,0.));
#11153 = PCURVE('',#11067,#11154);
#11154 = DEFINITIONAL_REPRESENTATION('',(#11155),#11159);
#11155 = LINE('',#11156,#11157);
#11156 = CARTESIAN_POINT('',(0.4,0.));
#11157 = VECTOR('',#11158,1.);
#11158 = DIRECTION('',(0.,-1.));
#11159 = ( GEOMETRIC_REPRESENTATION_CONTEXT(2) 
PARAMETRIC_REPRESENTATION_CONTEXT() REPRESENTATION_CONTEXT('2D SPACE',''
  ) );
#11160 = PCURVE('',#11161,#11166);
#11161 = PLANE('',#11162);
#11162 = AXIS2_PLACEMENT_3D('',#11163,#11164,#11165);
#11163 = CARTESIAN_POINT('',(-79.30360454474,-32.1859954982,5.4));
#11164 = DIRECTION('',(0.,0.,1.));
#11165 = DIRECTION('',(-0.876306680044,-0.481753674102,0.));
#11166 = DEFINITIONAL_REPRESENTATION('',(#11167),#11171);
#11167 = LINE('',#11168,#11169);
#11168 = CARTESIAN_POINT('',(0.,0.));
#11169 = VECTOR('',#11170,1.);
#11170 = DIRECTION('',(0.,1.));
#11171 = ( GEOMETRIC_REPRESENTATION_CONTEXT(2) 
PARAMETRIC_REPRESENTATION_CONTEXT() REPRESENTATION_CONTEXT('2D SPACE',''
  ) );
#11172 = ADVANCED_FACE('',(#11173),#11187,.T.);
#11173 = FACE_BOUND('',#11174,.T.);
#11174 = EDGE_LOOP('',(#11175,#11205,#11228,#11251));
#11175 = ORIENTED_EDGE('',*,*,#11176,.F.);
#11176 = EDGE_CURVE('',#11177,#11179,#11181,.T.);
#11177 = VERTEX_POINT('',#11178);
#11178 = CARTESIAN_POINT('',(-219.5126733517,-109.2665833544,5.));
#11179 = VERTEX_POINT('',#11180);
#11180 = CARTESIAN_POINT('',(-219.5126733517,-109.2665833544,5.4));
#11181 = SURFACE_CURVE('',#11182,(#11186,#11198),.PCURVE_S1.);
#11182 = LINE('',#11183,#11184);
#11183 = CARTESIAN_POINT('',(-219.5126733517,-109.2665833544,5.));
#11184 = VECTOR('',#11185,1.);
#11185 = DIRECTION('',(0.,0.,1.));
#11186 = PCURVE('',#11187,#11192);
#11187 = PLANE('',#11188);
#11188 = AXIS2_PLACEMENT_3D('',#11189,#11190,#11191);
#11189 = CARTESIAN_POINT('',(-219.5126733517,-109.2665833544,5.));
#11190 = DIRECTION('',(-0.876306680044,-0.481753674102,0.));
#11191 = DIRECTION('',(0.,0.,1.));
#11192 = DEFINITIONAL_REPRESENTATION('',(#11193),#11197);
#11193 = LINE('',#11194,#11195);
#11194 = CARTESIAN_POINT('',(0.,0.));
#11195 = VECTOR('',#11196,1.);
#11196 = DIRECTION('',(1.,0.));
#11197 = ( GEOMETRIC_REPRESENTATION_CONTEXT(2) 
PARAMETRIC_REPRESENTATION_CONTEXT() REPRESENTATION_CONTEXT('2D SPACE',''
  ) );
#11198 = PCURVE('',#11079,#11199);
#11199 = DEFINITIONAL_REPRESENTATION('',(#11200),#11204);
#11200 = LINE('',#11201,#11202);
#11201 = CARTESIAN_POINT('',(0.,160.));
#11202 = VECTOR('',#11203,1.);
#11203 = DIRECTION('',(1.,0.));
#11204 = ( GEOMETRIC_REPRESENTATION_CONTEXT(2) 
PARAMETRIC_REPRESENTATION_CONTEXT() REPRESENTATION_CONTEXT('2D SPACE',''
  ) );
#11205 = ORIENTED_EDGE('',*,*,#11206,.T.);
#11206 = EDGE_CURVE('',#11177,#11207,#11209,.T.);
#11207 = VERTEX_POINT('',#11208);
#11208 = CARTESIAN_POINT('',(-209.8775998697,-126.7927169553,5.));
#11209 = SURFACE_CURVE('',#11210,(#11214,#11221),.PCURVE_S1.);
#11210 = LINE('',#11211,#11212);
#11211 = CARTESIAN_POINT('',(-219.5126733517,-109.2665833544,5.));
#11212 = VECTOR('',#11213,1.);
#11213 = DIRECTION('',(0.481753674102,-0.876306680044,0.));
#11214 = PCURVE('',#11187,#11215);
#11215 = DEFINITIONAL_REPRESENTATION('',(#11216),#11220);
#11216 = LINE('',#11217,#11218);
#11217 = CARTESIAN_POINT('',(0.,0.));
#11218 = VECTOR('',#11219,1.);
#11219 = DIRECTION('',(0.,-1.));
#11220 = ( GEOMETRIC_REPRESENTATION_CONTEXT(2) 
PARAMETRIC_REPRESENTATION_CONTEXT() REPRESENTATION_CONTEXT('2D SPACE',''
  ) );
#11221 = PCURVE('',#11107,#11222);
#11222 = DEFINITIONAL_REPRESENTATION('',(#11223),#11227);
#11223 = LINE('',#11224,#11225);
#11224 = CARTESIAN_POINT('',(160.,-1.42108547152E-14));
#11225 = VECTOR('',#11226,1.);
#11226 = DIRECTION('',(0.,1.));
#11227 = ( GEOMETRIC_REPRESENTATION_CONTEXT(2) 
PARAMETRIC_REPRESENTATION_CONTEXT() REPRESENTATION_CONTEXT('2D SPACE',''
  ) );
#11228 = ORIENTED_EDGE('',*,*,#11229,.T.);
#11229 = EDGE_CURVE('',#11207,#11230,#11232,.T.);
#11230 = VERTEX_POINT('',#11231);
#11231 = CARTESIAN_POINT('',(-209.8775998697,-126.7927169553,5.4));
#11232 = SURFACE_CURVE('',#11233,(#11237,#11244),.PCURVE_S1.);
#11233 = LINE('',#11234,#11235);
#11234 = CARTESIAN_POINT('',(-209.8775998697,-126.7927169553,5.));
#11235 = VECTOR('',#11236,1.);
#11236 = DIRECTION('',(0.,0.,1.));
#11237 = PCURVE('',#11187,#11238);
#11238 = DEFINITIONAL_REPRESENTATION('',(#11239),#11243);
#11239 = LINE('',#11240,#11241);
#11240 = CARTESIAN_POINT('',(0.,-20.));
#11241 = VECTOR('',#11242,1.);
#11242 = DIRECTION('',(1.,0.));
#11243 = ( GEOMETRIC_REPRESENTATION_CONTEXT(2) 
PARAMETRIC_REPRESENTATION_CONTEXT() REPRESENTATION_CONTEXT('2D SPACE',''
  ) );
#11244 = PCURVE('',#11135,#11245);
#11245 = DEFINITIONAL_REPRESENTATION('',(#11246),#11250);
#11246 = LINE('',#11247,#11248);
#11247 = CARTESIAN_POINT('',(0.,160.));
#11248 = VECTOR('',#11249,1.);
#11249 = DIRECTION('',(1.,0.));
#11250 = ( GEOMETRIC_REPRESENTATION_CONTEXT(2) 
PARAMETRIC_REPRESENTATION_CONTEXT() REPRESENTATION_CONTEXT('2D SPACE',''
  ) );
#11251 = ORIENTED_EDGE('',*,*,#11252,.F.);
#11252 = EDGE_CURVE('',#11179,#11230,#11253,.T.);
#11253 = SURFACE_CURVE('',#11254,(#11258,#11265),.PCURVE_S1.);
#11254 = LINE('',#11255,#11256);
#11255 = CARTESIAN_POINT('',(-219.5126733517,-109.2665833544,5.4));
#11256 = VECTOR('',#11257,1.);
#11257 = DIRECTION('',(0.481753674102,-0.876306680044,0.));
#11258 = PCURVE('',#11187,#11259);
#11259 = DEFINITIONAL_REPRESENTATION('',(#11260),#11264);
#11260 = LINE('',#11261,#11262);
#11261 = CARTESIAN_POINT('',(0.4,0.));
#11262 = VECTOR('',#11263,1.);
#11263 = DIRECTION('',(0.,-1.));
#11264 = ( GEOMETRIC_REPRESENTATION_CONTEXT(2) 
PARAMETRIC_REPRESENTATION_CONTEXT() REPRESENTATION_CONTEXT('2D SPACE',''
  ) );
#11265 = PCURVE('',#11161,#11266);
#11266 = DEFINITIONAL_REPRESENTATION('',(#11267),#11271);
#11267 = LINE('',#11268,#11269);
#11268 = CARTESIAN_POINT('',(160.,-1.42108547152E-14));
#11269 = VECTOR('',#11270,1.);
#11270 = DIRECTION('',(0.,1.));
#11271 = ( GEOMETRIC_REPRESENTATION_CONTEXT(2) 
PARAMETRIC_REPRESENTATION_CONTEXT() REPRESENTATION_CONTEXT('2D SPACE',''
  ) );
#11272 = ADVANCED_FACE('',(#11273),#11079,.F.);
#11273 = FACE_BOUND('',#11274,.F.);
#11274 = EDGE_LOOP('',(#11275,#11296,#11297,#11318));
#11275 = ORIENTED_EDGE('',*,*,#11276,.F.);
#11276 = EDGE_CURVE('',#11057,#11177,#11277,.T.);
#11277 = SURFACE_CURVE('',#11278,(#11282,#11289),.PCURVE_S1.);
#11278 = LINE('',#11279,#11280);
#11279 = CARTESIAN_POINT('',(-79.30360454474,-32.1859954982,5.));
#11280 = VECTOR('',#11281,1.);
#11281 = DIRECTION('',(-0.876306680044,-0.481753674102,0.));
#11282 = PCURVE('',#11079,#11283);
#11283 = DEFINITIONAL_REPRESENTATION('',(#11284),#11288);
#11284 = LINE('',#11285,#11286);
#11285 = CARTESIAN_POINT('',(0.,0.));
#11286 = VECTOR('',#11287,1.);
#11287 = DIRECTION('',(0.,1.));
#11288 = ( GEOMETRIC_REPRESENTATION_CONTEXT(2) 
PARAMETRIC_REPRESENTATION_CONTEXT() REPRESENTATION_CONTEXT('2D SPACE',''
  ) );
#11289 = PCURVE('',#11107,#11290);
#11290 = DEFINITIONAL_REPRESENTATION('',(#11291),#11295);
#11291 = LINE('',#11292,#11293);
#11292 = CARTESIAN_POINT('',(0.,0.));
#11293 = VECTOR('',#11294,1.);
#11294 = DIRECTION('',(1.,0.));
#11295 = ( GEOMETRIC_REPRESENTATION_CONTEXT(2) 
PARAMETRIC_REPRESENTATION_CONTEXT() REPRESENTATION_CONTEXT('2D SPACE',''
  ) );
#11296 = ORIENTED_EDGE('',*,*,#11056,.T.);
#11297 = ORIENTED_EDGE('',*,*,#11298,.T.);
#11298 = EDGE_CURVE('',#11059,#11179,#11299,.T.);
#11299 = SURFACE_CURVE('',#11300,(#11304,#11311),.PCURVE_S1.);
#11300 = LINE('',#11301,#11302);
#11301 = CARTESIAN_POINT('',(-79.30360454474,-32.1859954982,5.4));
#11302 = VECTOR('',#11303,1.);
#11303 = DIRECTION('',(-0.876306680044,-0.481753674102,0.));
#11304 = PCURVE('',#11079,#11305);
#11305 = DEFINITIONAL_REPRESENTATION('',(#11306),#11310);
#11306 = LINE('',#11307,#11308);
#11307 = CARTESIAN_POINT('',(0.4,0.));
#11308 = VECTOR('',#11309,1.);
#11309 = DIRECTION('',(0.,1.));
#11310 = ( GEOMETRIC_REPRESENTATION_CONTEXT(2) 
PARAMETRIC_REPRESENTATION_CONTEXT() REPRESENTATION_CONTEXT('2D SPACE',''
  ) );
#11311 = PCURVE('',#11161,#11312);
#11312 = DEFINITIONAL_REPRESENTATION('',(#11313),#11317);
#11313 = LINE('',#11314,#11315);
#11314 = CARTESIAN_POINT('',(0.,0.));
#11315 = VECTOR('',#11316,1.);
#11316 = DIRECTION('',(1.,0.));
#11317 = ( GEOMETRIC_REPRESENTATION_CONTEXT(2) 
PARAMETRIC_REPRESENTATION_CONTEXT() REPRESENTATION_CONTEXT('2D SPACE',''
  ) );
#11318 = ORIENTED_EDGE('',*,*,#11176,.F.);
#11319 = ADVANCED_FACE('',(#11320),#11135,.T.);
#11320 = FACE_BOUND('',#11321,.T.);
#11321 = EDGE_LOOP('',(#11322,#11343,#11344,#11365));
#11322 = ORIENTED_EDGE('',*,*,#11323,.F.);
#11323 = EDGE_CURVE('',#11092,#11207,#11324,.T.);
#11324 = SURFACE_CURVE('',#11325,(#11329,#11336),.PCURVE_S1.);
#11325 = LINE('',#11326,#11327);
#11326 = CARTESIAN_POINT('',(-69.66853106271,-49.71212909908,5.));
#11327 = VECTOR('',#11328,1.);
#11328 = DIRECTION('',(-0.876306680044,-0.481753674102,0.));
#11329 = PCURVE('',#11135,#11330);
#11330 = DEFINITIONAL_REPRESENTATION('',(#11331),#11335);
#11331 = LINE('',#11332,#11333);
#11332 = CARTESIAN_POINT('',(0.,0.));
#11333 = VECTOR('',#11334,1.);
#11334 = DIRECTION('',(0.,1.));
#11335 = ( GEOMETRIC_REPRESENTATION_CONTEXT(2) 
PARAMETRIC_REPRESENTATION_CONTEXT() REPRESENTATION_CONTEXT('2D SPACE',''
  ) );
#11336 = PCURVE('',#11107,#11337);
#11337 = DEFINITIONAL_REPRESENTATION('',(#11338),#11342);
#11338 = LINE('',#11339,#11340);
#11339 = CARTESIAN_POINT('',(7.105427357601E-15,20.));
#11340 = VECTOR('',#11341,1.);
#11341 = DIRECTION('',(1.,0.));
#11342 = ( GEOMETRIC_REPRESENTATION_CONTEXT(2) 
PARAMETRIC_REPRESENTATION_CONTEXT() REPRESENTATION_CONTEXT('2D SPACE',''
  ) );
#11343 = ORIENTED_EDGE('',*,*,#11119,.T.);
#11344 = ORIENTED_EDGE('',*,*,#11345,.T.);
#11345 = EDGE_CURVE('',#11120,#11230,#11346,.T.);
#11346 = SURFACE_CURVE('',#11347,(#11351,#11358),.PCURVE_S1.);
#11347 = LINE('',#11348,#11349);
#11348 = CARTESIAN_POINT('',(-69.66853106271,-49.71212909908,5.4));
#11349 = VECTOR('',#11350,1.);
#11350 = DIRECTION('',(-0.876306680044,-0.481753674102,0.));
#11351 = PCURVE('',#11135,#11352);
#11352 = DEFINITIONAL_REPRESENTATION('',(#11353),#11357);
#11353 = LINE('',#11354,#11355);
#11354 = CARTESIAN_POINT('',(0.4,0.));
#11355 = VECTOR('',#11356,1.);
#11356 = DIRECTION('',(0.,1.));
#11357 = ( GEOMETRIC_REPRESENTATION_CONTEXT(2) 
PARAMETRIC_REPRESENTATION_CONTEXT() REPRESENTATION_CONTEXT('2D SPACE',''
  ) );
#11358 = PCURVE('',#11161,#11359);
#11359 = DEFINITIONAL_REPRESENTATION('',(#11360),#11364);
#11360 = LINE('',#11361,#11362);
#11361 = CARTESIAN_POINT('',(7.105427357601E-15,20.));
#11362 = VECTOR('',#11363,1.);
#11363 = DIRECTION('',(1.,0.));
#11364 = ( GEOMETRIC_REPRESENTATION_CONTEXT(2) 
PARAMETRIC_REPRESENTATION_CONTEXT() REPRESENTATION_CONTEXT('2D SPACE',''
  ) );
#11365 = ORIENTED_EDGE('',*,*,#11229,.F.);
#11366 = ADVANCED_FACE('',(#11367),#11107,.F.);
#11367 = FACE_BOUND('',#11368,.F.);
#11368 = EDGE_LOOP('',(#11369,#11370,#11371,#11372));
#11369 = ORIENTED_EDGE('',*,*,#11091,.F.);
#11370 = ORIENTED_EDGE('',*,*,#11276,.T.);
#11371 = ORIENTED_EDGE('',*,*,#11206,.T.);
#11372 = ORIENTED_EDGE('',*,*,#11323,.F.);
#11373 = ADVANCED_FACE('',(#11374),#11161,.T.);
#11374 = FACE_BOUND('',#11375,.T.);
#11375 = EDGE_LOOP('',(#11376,#11377,#11378,#11379));
#11376 = ORIENTED_EDGE('',*,*,#11147,.F.);
#11377 = ORIENTED_EDGE('',*,*,#11298,.T.);
#11378 = ORIENTED_EDGE('',*,*,#11252,.T.);
#11379 = ORIENTED_EDGE('',*,*,#11345,.F.);
#11380 = ( GEOMETRIC_REPRESENTATION_CONTEXT(3) 
GLOBAL_UNCERTAINTY_ASSIGNED_CONTEXT((#11384)) 
GLOBAL_UNIT_ASSIGNED_CONTEXT((#11381,#11382,#11383)) 
REPRESENTATION_CONTEXT('Context #1',
  '3D Context with UNIT and UNCERTAINTY') );
#11381 = ( LENGTH_UNIT() NAMED_UNIT(*) SI_UNIT(.MILLI.,.METRE.) );
#11382 = ( NAMED_UNIT(*) PLANE_ANGLE_UNIT() SI_UNIT($,.RADIAN.) );
#11383 = ( NAMED_UNIT(*) SI_UNIT($,.STERADIAN.) SOLID_ANGLE_UNIT() );
#11384 = UNCERTAINTY_MEASURE_WITH_UNIT(LENGTH_MEASURE(1.E-07),#11381,
  'distance_accuracy_value','confusion accuracy');
#11385 = CONTEXT_DEPENDENT_SHAPE_REPRESENTATION(#11386,#11388);
#11386 = ( REPRESENTATION_RELATIONSHIP('','',#11049,#709) 
REPRESENTATION_RELATIONSHIP_WITH_TRANSFORMATION(#11387) 
SHAPE_REPRESENTATION_RELATIONSHIP() );
#11387 = ITEM_DEFINED_TRANSFORMATION('','',#11,#826);
#11388 = PRODUCT_DEFINITION_SHAPE('Placement','Placement of an item',
  #11389);
#11389 = NEXT_ASSEMBLY_USAGE_OCCURRENCE('38','','',#704,#11044,$);
#11390 = PRODUCT_RELATED_PRODUCT_CATEGORY('part',$,(#11046));
#11391 = SHAPE_DEFINITION_REPRESENTATION(#11392,#11398);
#11392 = PRODUCT_DEFINITION_SHAPE('','',#11393);
#11393 = PRODUCT_DEFINITION('design','',#11394,#11397);
#11394 = PRODUCT_DEFINITION_FORMATION('','',#11395);
#11395 = PRODUCT('Open CASCADE STEP translator 7.9 2.2.31',
  'Open CASCADE STEP translator 7.9 2.2.31','',(#11396));
#11396 = PRODUCT_CONTEXT('',#2,'mechanical');
#11397 = PRODUCT_DEFINITION_CONTEXT('part definition',#2,'design');
#11398 = ADVANCED_BREP_SHAPE_REPRESENTATION('',(#11,#11399),#11729);
#11399 = MANIFOLD_SOLID_BREP('',#11400);
#11400 = CLOSED_SHELL('',(#11401,#11521,#11621,#11668,#11715,#11722));
#11401 = ADVANCED_FACE('',(#11402),#11416,.F.);
#11402 = FACE_BOUND('',#11403,.F.);
#11403 = EDGE_LOOP('',(#11404,#11439,#11467,#11495));
#11404 = ORIENTED_EDGE('',*,*,#11405,.F.);
#11405 = EDGE_CURVE('',#11406,#11408,#11410,.T.);
#11406 = VERTEX_POINT('',#11407);
#11407 = CARTESIAN_POINT('',(-74.64429704479,-41.87157650111,5.));
#11408 = VERTEX_POINT('',#11409);
#11409 = CARTESIAN_POINT('',(-74.64429704479,-41.87157650111,5.4));
#11410 = SURFACE_CURVE('',#11411,(#11415,#11427),.PCURVE_S1.);
#11411 = LINE('',#11412,#11413);
#11412 = CARTESIAN_POINT('',(-74.64429704479,-41.87157650111,5.));
#11413 = VECTOR('',#11414,1.);
#11414 = DIRECTION('',(0.,0.,1.));
#11415 = PCURVE('',#11416,#11421);
#11416 = PLANE('',#11417);
#11417 = AXIS2_PLACEMENT_3D('',#11418,#11419,#11420);
#11418 = CARTESIAN_POINT('',(-74.64429704479,-41.87157650111,5.));
#11419 = DIRECTION('',(-0.809016994375,-0.587785252292,0.));
#11420 = DIRECTION('',(0.,0.,1.));
#11421 = DEFINITIONAL_REPRESENTATION('',(#11422),#11426);
#11422 = LINE('',#11423,#11424);
#11423 = CARTESIAN_POINT('',(0.,0.));
#11424 = VECTOR('',#11425,1.);
#11425 = DIRECTION('',(1.,0.));
#11426 = ( GEOMETRIC_REPRESENTATION_CONTEXT(2) 
PARAMETRIC_REPRESENTATION_CONTEXT() REPRESENTATION_CONTEXT('2D SPACE',''
  ) );
#11427 = PCURVE('',#11428,#11433);
#11428 = PLANE('',#11429);
#11429 = AXIS2_PLACEMENT_3D('',#11430,#11431,#11432);
#11430 = CARTESIAN_POINT('',(-74.64429704479,-41.87157650111,5.));
#11431 = DIRECTION('',(0.587785252292,-0.809016994375,0.));
#11432 = DIRECTION('',(0.,0.,1.));
#11433 = DEFINITIONAL_REPRESENTATION('',(#11434),#11438);
#11434 = LINE('',#11435,#11436);
#11435 = CARTESIAN_POINT('',(0.,0.));
#11436 = VECTOR('',#11437,1.);
#11437 = DIRECTION('',(1.,0.));
#11438 = ( GEOMETRIC_REPRESENTATION_CONTEXT(2) 
PARAMETRIC_REPRESENTATION_CONTEXT() REPRESENTATION_CONTEXT('2D SPACE',''
  ) );
#11439 = ORIENTED_EDGE('',*,*,#11440,.T.);
#11440 = EDGE_CURVE('',#11406,#11441,#11443,.T.);
#11441 = VERTEX_POINT('',#11442);
#11442 = CARTESIAN_POINT('',(-62.88859199894,-58.05191638861,5.));
#11443 = SURFACE_CURVE('',#11444,(#11448,#11455),.PCURVE_S1.);
#11444 = LINE('',#11445,#11446);
#11445 = CARTESIAN_POINT('',(-74.64429704479,-41.87157650111,5.));
#11446 = VECTOR('',#11447,1.);
#11447 = DIRECTION('',(0.587785252292,-0.809016994375,0.));
#11448 = PCURVE('',#11416,#11449);
#11449 = DEFINITIONAL_REPRESENTATION('',(#11450),#11454);
#11450 = LINE('',#11451,#11452);
#11451 = CARTESIAN_POINT('',(0.,0.));
#11452 = VECTOR('',#11453,1.);
#11453 = DIRECTION('',(0.,-1.));
#11454 = ( GEOMETRIC_REPRESENTATION_CONTEXT(2) 
PARAMETRIC_REPRESENTATION_CONTEXT() REPRESENTATION_CONTEXT('2D SPACE',''
  ) );
#11455 = PCURVE('',#11456,#11461);
#11456 = PLANE('',#11457);
#11457 = AXIS2_PLACEMENT_3D('',#11458,#11459,#11460);
#11458 = CARTESIAN_POINT('',(-74.64429704479,-41.87157650111,5.));
#11459 = DIRECTION('',(0.,0.,1.));
#11460 = DIRECTION('',(-0.809016994375,-0.587785252292,0.));
#11461 = DEFINITIONAL_REPRESENTATION('',(#11462),#11466);
#11462 = LINE('',#11463,#11464);
#11463 = CARTESIAN_POINT('',(0.,0.));
#11464 = VECTOR('',#11465,1.);
#11465 = DIRECTION('',(0.,1.));
#11466 = ( GEOMETRIC_REPRESENTATION_CONTEXT(2) 
PARAMETRIC_REPRESENTATION_CONTEXT() REPRESENTATION_CONTEXT('2D SPACE',''
  ) );
#11467 = ORIENTED_EDGE('',*,*,#11468,.T.);
#11468 = EDGE_CURVE('',#11441,#11469,#11471,.T.);
#11469 = VERTEX_POINT('',#11470);
#11470 = CARTESIAN_POINT('',(-62.88859199894,-58.05191638861,5.4));
#11471 = SURFACE_CURVE('',#11472,(#11476,#11483),.PCURVE_S1.);
#11472 = LINE('',#11473,#11474);
#11473 = CARTESIAN_POINT('',(-62.88859199894,-58.05191638861,5.));
#11474 = VECTOR('',#11475,1.);
#11475 = DIRECTION('',(0.,0.,1.));
#11476 = PCURVE('',#11416,#11477);
#11477 = DEFINITIONAL_REPRESENTATION('',(#11478),#11482);
#11478 = LINE('',#11479,#11480);
#11479 = CARTESIAN_POINT('',(0.,-20.));
#11480 = VECTOR('',#11481,1.);
#11481 = DIRECTION('',(1.,0.));
#11482 = ( GEOMETRIC_REPRESENTATION_CONTEXT(2) 
PARAMETRIC_REPRESENTATION_CONTEXT() REPRESENTATION_CONTEXT('2D SPACE',''
  ) );
#11483 = PCURVE('',#11484,#11489);
#11484 = PLANE('',#11485);
#11485 = AXIS2_PLACEMENT_3D('',#11486,#11487,#11488);
#11486 = CARTESIAN_POINT('',(-62.88859199894,-58.05191638861,5.));
#11487 = DIRECTION('',(0.587785252292,-0.809016994375,0.));
#11488 = DIRECTION('',(0.,0.,1.));
#11489 = DEFINITIONAL_REPRESENTATION('',(#11490),#11494);
#11490 = LINE('',#11491,#11492);
#11491 = CARTESIAN_POINT('',(0.,0.));
#11492 = VECTOR('',#11493,1.);
#11493 = DIRECTION('',(1.,0.));
#11494 = ( GEOMETRIC_REPRESENTATION_CONTEXT(2) 
PARAMETRIC_REPRESENTATION_CONTEXT() REPRESENTATION_CONTEXT('2D SPACE',''
  ) );
#11495 = ORIENTED_EDGE('',*,*,#11496,.F.);
#11496 = EDGE_CURVE('',#11408,#11469,#11497,.T.);
#11497 = SURFACE_CURVE('',#11498,(#11502,#11509),.PCURVE_S1.);
#11498 = LINE('',#11499,#11500);
#11499 = CARTESIAN_POINT('',(-74.64429704479,-41.87157650111,5.4));
#11500 = VECTOR('',#11501,1.);
#11501 = DIRECTION('',(0.587785252292,-0.809016994375,0.));
#11502 = PCURVE('',#11416,#11503);
#11503 = DEFINITIONAL_REPRESENTATION('',(#11504),#11508);
#11504 = LINE('',#11505,#11506);
#11505 = CARTESIAN_POINT('',(0.4,0.));
#11506 = VECTOR('',#11507,1.);
#11507 = DIRECTION('',(0.,-1.));
#11508 = ( GEOMETRIC_REPRESENTATION_CONTEXT(2) 
PARAMETRIC_REPRESENTATION_CONTEXT() REPRESENTATION_CONTEXT('2D SPACE',''
  ) );
#11509 = PCURVE('',#11510,#11515);
#11510 = PLANE('',#11511);
#11511 = AXIS2_PLACEMENT_3D('',#11512,#11513,#11514);
#11512 = CARTESIAN_POINT('',(-74.64429704479,-41.87157650111,5.4));
#11513 = DIRECTION('',(0.,0.,1.));
#11514 = DIRECTION('',(-0.809016994375,-0.587785252292,0.));
#11515 = DEFINITIONAL_REPRESENTATION('',(#11516),#11520);
#11516 = LINE('',#11517,#11518);
#11517 = CARTESIAN_POINT('',(0.,0.));
#11518 = VECTOR('',#11519,1.);
#11519 = DIRECTION('',(0.,1.));
#11520 = ( GEOMETRIC_REPRESENTATION_CONTEXT(2) 
PARAMETRIC_REPRESENTATION_CONTEXT() REPRESENTATION_CONTEXT('2D SPACE',''
  ) );
#11521 = ADVANCED_FACE('',(#11522),#11536,.T.);
#11522 = FACE_BOUND('',#11523,.T.);
#11523 = EDGE_LOOP('',(#11524,#11554,#11577,#11600));
#11524 = ORIENTED_EDGE('',*,*,#11525,.F.);
#11525 = EDGE_CURVE('',#11526,#11528,#11530,.T.);
#11526 = VERTEX_POINT('',#11527);
#11527 = CARTESIAN_POINT('',(-204.0870161447,-135.9172168679,5.));
#11528 = VERTEX_POINT('',#11529);
#11529 = CARTESIAN_POINT('',(-204.0870161447,-135.9172168679,5.4));
#11530 = SURFACE_CURVE('',#11531,(#11535,#11547),.PCURVE_S1.);
#11531 = LINE('',#11532,#11533);
#11532 = CARTESIAN_POINT('',(-204.0870161447,-135.9172168679,5.));
#11533 = VECTOR('',#11534,1.);
#11534 = DIRECTION('',(0.,0.,1.));
#11535 = PCURVE('',#11536,#11541);
#11536 = PLANE('',#11537);
#11537 = AXIS2_PLACEMENT_3D('',#11538,#11539,#11540);
#11538 = CARTESIAN_POINT('',(-204.0870161447,-135.9172168679,5.));
#11539 = DIRECTION('',(-0.809016994375,-0.587785252292,0.));
#11540 = DIRECTION('',(0.,0.,1.));
#11541 = DEFINITIONAL_REPRESENTATION('',(#11542),#11546);
#11542 = LINE('',#11543,#11544);
#11543 = CARTESIAN_POINT('',(0.,0.));
#11544 = VECTOR('',#11545,1.);
#11545 = DIRECTION('',(1.,0.));
#11546 = ( GEOMETRIC_REPRESENTATION_CONTEXT(2) 
PARAMETRIC_REPRESENTATION_CONTEXT() REPRESENTATION_CONTEXT('2D SPACE',''
  ) );
#11547 = PCURVE('',#11428,#11548);
#11548 = DEFINITIONAL_REPRESENTATION('',(#11549),#11553);
#11549 = LINE('',#11550,#11551);
#11550 = CARTESIAN_POINT('',(0.,160.));
#11551 = VECTOR('',#11552,1.);
#11552 = DIRECTION('',(1.,0.));
#11553 = ( GEOMETRIC_REPRESENTATION_CONTEXT(2) 
PARAMETRIC_REPRESENTATION_CONTEXT() REPRESENTATION_CONTEXT('2D SPACE',''
  ) );
#11554 = ORIENTED_EDGE('',*,*,#11555,.T.);
#11555 = EDGE_CURVE('',#11526,#11556,#11558,.T.);
#11556 = VERTEX_POINT('',#11557);
#11557 = CARTESIAN_POINT('',(-192.3313110989,-152.0975567554,5.));
#11558 = SURFACE_CURVE('',#11559,(#11563,#11570),.PCURVE_S1.);
#11559 = LINE('',#11560,#11561);
#11560 = CARTESIAN_POINT('',(-204.0870161447,-135.9172168679,5.));
#11561 = VECTOR('',#11562,1.);
#11562 = DIRECTION('',(0.587785252292,-0.809016994375,0.));
#11563 = PCURVE('',#11536,#11564);
#11564 = DEFINITIONAL_REPRESENTATION('',(#11565),#11569);
#11565 = LINE('',#11566,#11567);
#11566 = CARTESIAN_POINT('',(0.,0.));
#11567 = VECTOR('',#11568,1.);
#11568 = DIRECTION('',(0.,-1.));
#11569 = ( GEOMETRIC_REPRESENTATION_CONTEXT(2) 
PARAMETRIC_REPRESENTATION_CONTEXT() REPRESENTATION_CONTEXT('2D SPACE',''
  ) );
#11570 = PCURVE('',#11456,#11571);
#11571 = DEFINITIONAL_REPRESENTATION('',(#11572),#11576);
#11572 = LINE('',#11573,#11574);
#11573 = CARTESIAN_POINT('',(160.,-2.84217094304E-14));
#11574 = VECTOR('',#11575,1.);
#11575 = DIRECTION('',(0.,1.));
#11576 = ( GEOMETRIC_REPRESENTATION_CONTEXT(2) 
PARAMETRIC_REPRESENTATION_CONTEXT() REPRESENTATION_CONTEXT('2D SPACE',''
  ) );
#11577 = ORIENTED_EDGE('',*,*,#11578,.T.);
#11578 = EDGE_CURVE('',#11556,#11579,#11581,.T.);
#11579 = VERTEX_POINT('',#11580);
#11580 = CARTESIAN_POINT('',(-192.3313110989,-152.0975567554,5.4));
#11581 = SURFACE_CURVE('',#11582,(#11586,#11593),.PCURVE_S1.);
#11582 = LINE('',#11583,#11584);
#11583 = CARTESIAN_POINT('',(-192.3313110989,-152.0975567554,5.));
#11584 = VECTOR('',#11585,1.);
#11585 = DIRECTION('',(0.,0.,1.));
#11586 = PCURVE('',#11536,#11587);
#11587 = DEFINITIONAL_REPRESENTATION('',(#11588),#11592);
#11588 = LINE('',#11589,#11590);
#11589 = CARTESIAN_POINT('',(0.,-20.));
#11590 = VECTOR('',#11591,1.);
#11591 = DIRECTION('',(1.,0.));
#11592 = ( GEOMETRIC_REPRESENTATION_CONTEXT(2) 
PARAMETRIC_REPRESENTATION_CONTEXT() REPRESENTATION_CONTEXT('2D SPACE',''
  ) );
#11593 = PCURVE('',#11484,#11594);
#11594 = DEFINITIONAL_REPRESENTATION('',(#11595),#11599);
#11595 = LINE('',#11596,#11597);
#11596 = CARTESIAN_POINT('',(0.,160.));
#11597 = VECTOR('',#11598,1.);
#11598 = DIRECTION('',(1.,0.));
#11599 = ( GEOMETRIC_REPRESENTATION_CONTEXT(2) 
PARAMETRIC_REPRESENTATION_CONTEXT() REPRESENTATION_CONTEXT('2D SPACE',''
  ) );
#11600 = ORIENTED_EDGE('',*,*,#11601,.F.);
#11601 = EDGE_CURVE('',#11528,#11579,#11602,.T.);
#11602 = SURFACE_CURVE('',#11603,(#11607,#11614),.PCURVE_S1.);
#11603 = LINE('',#11604,#11605);
#11604 = CARTESIAN_POINT('',(-204.0870161447,-135.9172168679,5.4));
#11605 = VECTOR('',#11606,1.);
#11606 = DIRECTION('',(0.587785252292,-0.809016994375,0.));
#11607 = PCURVE('',#11536,#11608);
#11608 = DEFINITIONAL_REPRESENTATION('',(#11609),#11613);
#11609 = LINE('',#11610,#11611);
#11610 = CARTESIAN_POINT('',(0.4,0.));
#11611 = VECTOR('',#11612,1.);
#11612 = DIRECTION('',(0.,-1.));
#11613 = ( GEOMETRIC_REPRESENTATION_CONTEXT(2) 
PARAMETRIC_REPRESENTATION_CONTEXT() REPRESENTATION_CONTEXT('2D SPACE',''
  ) );
#11614 = PCURVE('',#11510,#11615);
#11615 = DEFINITIONAL_REPRESENTATION('',(#11616),#11620);
#11616 = LINE('',#11617,#11618);
#11617 = CARTESIAN_POINT('',(160.,-2.84217094304E-14));
#11618 = VECTOR('',#11619,1.);
#11619 = DIRECTION('',(0.,1.));
#11620 = ( GEOMETRIC_REPRESENTATION_CONTEXT(2) 
PARAMETRIC_REPRESENTATION_CONTEXT() REPRESENTATION_CONTEXT('2D SPACE',''
  ) );
#11621 = ADVANCED_FACE('',(#11622),#11428,.F.);
#11622 = FACE_BOUND('',#11623,.F.);
#11623 = EDGE_LOOP('',(#11624,#11645,#11646,#11667));
#11624 = ORIENTED_EDGE('',*,*,#11625,.F.);
#11625 = EDGE_CURVE('',#11406,#11526,#11626,.T.);
#11626 = SURFACE_CURVE('',#11627,(#11631,#11638),.PCURVE_S1.);
#11627 = LINE('',#11628,#11629);
#11628 = CARTESIAN_POINT('',(-74.64429704479,-41.87157650111,5.));
#11629 = VECTOR('',#11630,1.);
#11630 = DIRECTION('',(-0.809016994375,-0.587785252292,0.));
#11631 = PCURVE('',#11428,#11632);
#11632 = DEFINITIONAL_REPRESENTATION('',(#11633),#11637);
#11633 = LINE('',#11634,#11635);
#11634 = CARTESIAN_POINT('',(0.,0.));
#11635 = VECTOR('',#11636,1.);
#11636 = DIRECTION('',(0.,1.));
#11637 = ( GEOMETRIC_REPRESENTATION_CONTEXT(2) 
PARAMETRIC_REPRESENTATION_CONTEXT() REPRESENTATION_CONTEXT('2D SPACE',''
  ) );
#11638 = PCURVE('',#11456,#11639);
#11639 = DEFINITIONAL_REPRESENTATION('',(#11640),#11644);
#11640 = LINE('',#11641,#11642);
#11641 = CARTESIAN_POINT('',(0.,0.));
#11642 = VECTOR('',#11643,1.);
#11643 = DIRECTION('',(1.,0.));
#11644 = ( GEOMETRIC_REPRESENTATION_CONTEXT(2) 
PARAMETRIC_REPRESENTATION_CONTEXT() REPRESENTATION_CONTEXT('2D SPACE',''
  ) );
#11645 = ORIENTED_EDGE('',*,*,#11405,.T.);
#11646 = ORIENTED_EDGE('',*,*,#11647,.T.);
#11647 = EDGE_CURVE('',#11408,#11528,#11648,.T.);
#11648 = SURFACE_CURVE('',#11649,(#11653,#11660),.PCURVE_S1.);
#11649 = LINE('',#11650,#11651);
#11650 = CARTESIAN_POINT('',(-74.64429704479,-41.87157650111,5.4));
#11651 = VECTOR('',#11652,1.);
#11652 = DIRECTION('',(-0.809016994375,-0.587785252292,0.));
#11653 = PCURVE('',#11428,#11654);
#11654 = DEFINITIONAL_REPRESENTATION('',(#11655),#11659);
#11655 = LINE('',#11656,#11657);
#11656 = CARTESIAN_POINT('',(0.4,0.));
#11657 = VECTOR('',#11658,1.);
#11658 = DIRECTION('',(0.,1.));
#11659 = ( GEOMETRIC_REPRESENTATION_CONTEXT(2) 
PARAMETRIC_REPRESENTATION_CONTEXT() REPRESENTATION_CONTEXT('2D SPACE',''
  ) );
#11660 = PCURVE('',#11510,#11661);
#11661 = DEFINITIONAL_REPRESENTATION('',(#11662),#11666);
#11662 = LINE('',#11663,#11664);
#11663 = CARTESIAN_POINT('',(0.,0.));
#11664 = VECTOR('',#11665,1.);
#11665 = DIRECTION('',(1.,0.));
#11666 = ( GEOMETRIC_REPRESENTATION_CONTEXT(2) 
PARAMETRIC_REPRESENTATION_CONTEXT() REPRESENTATION_CONTEXT('2D SPACE',''
  ) );
#11667 = ORIENTED_EDGE('',*,*,#11525,.F.);
#11668 = ADVANCED_FACE('',(#11669),#11484,.T.);
#11669 = FACE_BOUND('',#11670,.T.);
#11670 = EDGE_LOOP('',(#11671,#11692,#11693,#11714));
#11671 = ORIENTED_EDGE('',*,*,#11672,.F.);
#11672 = EDGE_CURVE('',#11441,#11556,#11673,.T.);
#11673 = SURFACE_CURVE('',#11674,(#11678,#11685),.PCURVE_S1.);
#11674 = LINE('',#11675,#11676);
#11675 = CARTESIAN_POINT('',(-62.88859199894,-58.05191638861,5.));
#11676 = VECTOR('',#11677,1.);
#11677 = DIRECTION('',(-0.809016994375,-0.587785252292,0.));
#11678 = PCURVE('',#11484,#11679);
#11679 = DEFINITIONAL_REPRESENTATION('',(#11680),#11684);
#11680 = LINE('',#11681,#11682);
#11681 = CARTESIAN_POINT('',(0.,0.));
#11682 = VECTOR('',#11683,1.);
#11683 = DIRECTION('',(0.,1.));
#11684 = ( GEOMETRIC_REPRESENTATION_CONTEXT(2) 
PARAMETRIC_REPRESENTATION_CONTEXT() REPRESENTATION_CONTEXT('2D SPACE',''
  ) );
#11685 = PCURVE('',#11456,#11686);
#11686 = DEFINITIONAL_REPRESENTATION('',(#11687),#11691);
#11687 = LINE('',#11688,#11689);
#11688 = CARTESIAN_POINT('',(5.329070518201E-15,20.));
#11689 = VECTOR('',#11690,1.);
#11690 = DIRECTION('',(1.,0.));
#11691 = ( GEOMETRIC_REPRESENTATION_CONTEXT(2) 
PARAMETRIC_REPRESENTATION_CONTEXT() REPRESENTATION_CONTEXT('2D SPACE',''
  ) );
#11692 = ORIENTED_EDGE('',*,*,#11468,.T.);
#11693 = ORIENTED_EDGE('',*,*,#11694,.T.);
#11694 = EDGE_CURVE('',#11469,#11579,#11695,.T.);
#11695 = SURFACE_CURVE('',#11696,(#11700,#11707),.PCURVE_S1.);
#11696 = LINE('',#11697,#11698);
#11697 = CARTESIAN_POINT('',(-62.88859199894,-58.05191638861,5.4));
#11698 = VECTOR('',#11699,1.);
#11699 = DIRECTION('',(-0.809016994375,-0.587785252292,0.));
#11700 = PCURVE('',#11484,#11701);
#11701 = DEFINITIONAL_REPRESENTATION('',(#11702),#11706);
#11702 = LINE('',#11703,#11704);
#11703 = CARTESIAN_POINT('',(0.4,0.));
#11704 = VECTOR('',#11705,1.);
#11705 = DIRECTION('',(0.,1.));
#11706 = ( GEOMETRIC_REPRESENTATION_CONTEXT(2) 
PARAMETRIC_REPRESENTATION_CONTEXT() REPRESENTATION_CONTEXT('2D SPACE',''
  ) );
#11707 = PCURVE('',#11510,#11708);
#11708 = DEFINITIONAL_REPRESENTATION('',(#11709),#11713);
#11709 = LINE('',#11710,#11711);
#11710 = CARTESIAN_POINT('',(5.329070518201E-15,20.));
#11711 = VECTOR('',#11712,1.);
#11712 = DIRECTION('',(1.,0.));
#11713 = ( GEOMETRIC_REPRESENTATION_CONTEXT(2) 
PARAMETRIC_REPRESENTATION_CONTEXT() REPRESENTATION_CONTEXT('2D SPACE',''
  ) );
#11714 = ORIENTED_EDGE('',*,*,#11578,.F.);
#11715 = ADVANCED_FACE('',(#11716),#11456,.F.);
#11716 = FACE_BOUND('',#11717,.F.);
#11717 = EDGE_LOOP('',(#11718,#11719,#11720,#11721));
#11718 = ORIENTED_EDGE('',*,*,#11440,.F.);
#11719 = ORIENTED_EDGE('',*,*,#11625,.T.);
#11720 = ORIENTED_EDGE('',*,*,#11555,.T.);
#11721 = ORIENTED_EDGE('',*,*,#11672,.F.);
#11722 = ADVANCED_FACE('',(#11723),#11510,.T.);
#11723 = FACE_BOUND('',#11724,.T.);
#11724 = EDGE_LOOP('',(#11725,#11726,#11727,#11728));
#11725 = ORIENTED_EDGE('',*,*,#11496,.F.);
#11726 = ORIENTED_EDGE('',*,*,#11647,.T.);
#11727 = ORIENTED_EDGE('',*,*,#11601,.T.);
#11728 = ORIENTED_EDGE('',*,*,#11694,.F.);
#11729 = ( GEOMETRIC_REPRESENTATION_CONTEXT(3) 
GLOBAL_UNCERTAINTY_ASSIGNED_CONTEXT((#11733)) 
GLOBAL_UNIT_ASSIGNED_CONTEXT((#11730,#11731,#11732)) 
REPRESENTATION_CONTEXT('Context #1',
  '3D Context with UNIT and UNCERTAINTY') );
#11730 = ( LENGTH_UNIT() NAMED_UNIT(*) SI_UNIT(.MILLI.,.METRE.) );
#11731 = ( NAMED_UNIT(*) PLANE_ANGLE_UNIT() SI_UNIT($,.RADIAN.) );
#11732 = ( NAMED_UNIT(*) SI_UNIT($,.STERADIAN.) SOLID_ANGLE_UNIT() );
#11733 = UNCERTAINTY_MEASURE_WITH_UNIT(LENGTH_MEASURE(1.E-07),#11730,
  'distance_accuracy_value','confusion accuracy');
#11734 = CONTEXT_DEPENDENT_SHAPE_REPRESENTATION(#11735,#11737);
#11735 = ( REPRESENTATION_RELATIONSHIP('','',#11398,#709) 
REPRESENTATION_RELATIONSHIP_WITH_TRANSFORMATION(#11736) 
SHAPE_REPRESENTATION_RELATIONSHIP() );
#11736 = ITEM_DEFINED_TRANSFORMATION('','',#11,#830);
#11737 = PRODUCT_DEFINITION_SHAPE('Placement','Placement of an item',
  #11738);
#11738 = NEXT_ASSEMBLY_USAGE_OCCURRENCE('39','','',#704,#11393,$);
#11739 = PRODUCT_RELATED_PRODUCT_CATEGORY('part',$,(#11395));
#11740 = SHAPE_DEFINITION_REPRESENTATION(#11741,#11747);
#11741 = PRODUCT_DEFINITION_SHAPE('','',#11742);
#11742 = PRODUCT_DEFINITION('design','',#11743,#11746);
#11743 = PRODUCT_DEFINITION_FORMATION('','',#11744);
#11744 = PRODUCT('Open CASCADE STEP translator 7.9 2.2.32',
  'Open CASCADE STEP translator 7.9 2.2.32','',(#11745));
#11745 = PRODUCT_CONTEXT('',#2,'mechanical');
#11746 = PRODUCT_DEFINITION_CONTEXT('part definition',#2,'design');
#11747 = ADVANCED_BREP_SHAPE_REPRESENTATION('',(#11,#11748),#12078);
#11748 = MANIFOLD_SOLID_BREP('',#11749);
#11749 = CLOSED_SHELL('',(#11750,#11870,#11970,#12017,#12064,#12071));
#11750 = ADVANCED_FACE('',(#11751),#11765,.F.);
#11751 = FACE_BOUND('',#11752,.F.);
#11752 = EDGE_LOOP('',(#11753,#11788,#11816,#11844));
#11753 = ORIENTED_EDGE('',*,*,#11754,.F.);
#11754 = EDGE_CURVE('',#11755,#11757,#11759,.T.);
#11755 = VERTEX_POINT('',#11756);
#11756 = CARTESIAN_POINT('',(-68.8078043901,-50.89681772972,5.));
#11757 = VERTEX_POINT('',#11758);
#11758 = CARTESIAN_POINT('',(-68.8078043901,-50.89681772972,5.4));
#11759 = SURFACE_CURVE('',#11760,(#11764,#11776),.PCURVE_S1.);
#11760 = LINE('',#11761,#11762);
#11761 = CARTESIAN_POINT('',(-68.8078043901,-50.89681772972,5.));
#11762 = VECTOR('',#11763,1.);
#11763 = DIRECTION('',(0.,0.,1.));
#11764 = PCURVE('',#11765,#11770);
#11765 = PLANE('',#11766);
#11766 = AXIS2_PLACEMENT_3D('',#11767,#11768,#11769);
#11767 = CARTESIAN_POINT('',(-68.8078043901,-50.89681772972,5.));
#11768 = DIRECTION('',(-0.728968627421,-0.684547105929,0.));
#11769 = DIRECTION('',(0.,0.,1.));
#11770 = DEFINITIONAL_REPRESENTATION('',(#11771),#11775);
#11771 = LINE('',#11772,#11773);
#11772 = CARTESIAN_POINT('',(0.,0.));
#11773 = VECTOR('',#11774,1.);
#11774 = DIRECTION('',(1.,0.));
#11775 = ( GEOMETRIC_REPRESENTATION_CONTEXT(2) 
PARAMETRIC_REPRESENTATION_CONTEXT() REPRESENTATION_CONTEXT('2D SPACE',''
  ) );
#11776 = PCURVE('',#11777,#11782);
#11777 = PLANE('',#11778);
#11778 = AXIS2_PLACEMENT_3D('',#11779,#11780,#11781);
#11779 = CARTESIAN_POINT('',(-68.8078043901,-50.89681772972,5.));
#11780 = DIRECTION('',(0.684547105929,-0.728968627421,0.));
#11781 = DIRECTION('',(0.,0.,1.));
#11782 = DEFINITIONAL_REPRESENTATION('',(#11783),#11787);
#11783 = LINE('',#11784,#11785);
#11784 = CARTESIAN_POINT('',(0.,0.));
#11785 = VECTOR('',#11786,1.);
#11786 = DIRECTION('',(1.,0.));
#11787 = ( GEOMETRIC_REPRESENTATION_CONTEXT(2) 
PARAMETRIC_REPRESENTATION_CONTEXT() REPRESENTATION_CONTEXT('2D SPACE',''
  ) );
#11788 = ORIENTED_EDGE('',*,*,#11789,.T.);
#11789 = EDGE_CURVE('',#11755,#11790,#11792,.T.);
#11790 = VERTEX_POINT('',#11791);
#11791 = CARTESIAN_POINT('',(-55.11686227153,-65.47619027815,5.));
#11792 = SURFACE_CURVE('',#11793,(#11797,#11804),.PCURVE_S1.);
#11793 = LINE('',#11794,#11795);
#11794 = CARTESIAN_POINT('',(-68.8078043901,-50.89681772972,5.));
#11795 = VECTOR('',#11796,1.);
#11796 = DIRECTION('',(0.684547105929,-0.728968627421,0.));
#11797 = PCURVE('',#11765,#11798);
#11798 = DEFINITIONAL_REPRESENTATION('',(#11799),#11803);
#11799 = LINE('',#11800,#11801);
#11800 = CARTESIAN_POINT('',(0.,0.));
#11801 = VECTOR('',#11802,1.);
#11802 = DIRECTION('',(0.,-1.));
#11803 = ( GEOMETRIC_REPRESENTATION_CONTEXT(2) 
PARAMETRIC_REPRESENTATION_CONTEXT() REPRESENTATION_CONTEXT('2D SPACE',''
  ) );
#11804 = PCURVE('',#11805,#11810);
#11805 = PLANE('',#11806);
#11806 = AXIS2_PLACEMENT_3D('',#11807,#11808,#11809);
#11807 = CARTESIAN_POINT('',(-68.8078043901,-50.89681772972,5.));
#11808 = DIRECTION('',(0.,0.,1.));
#11809 = DIRECTION('',(-0.728968627421,-0.684547105929,0.));
#11810 = DEFINITIONAL_REPRESENTATION('',(#11811),#11815);
#11811 = LINE('',#11812,#11813);
#11812 = CARTESIAN_POINT('',(0.,0.));
#11813 = VECTOR('',#11814,1.);
#11814 = DIRECTION('',(0.,1.));
#11815 = ( GEOMETRIC_REPRESENTATION_CONTEXT(2) 
PARAMETRIC_REPRESENTATION_CONTEXT() REPRESENTATION_CONTEXT('2D SPACE',''
  ) );
#11816 = ORIENTED_EDGE('',*,*,#11817,.T.);
#11817 = EDGE_CURVE('',#11790,#11818,#11820,.T.);
#11818 = VERTEX_POINT('',#11819);
#11819 = CARTESIAN_POINT('',(-55.11686227153,-65.47619027815,5.4));
#11820 = SURFACE_CURVE('',#11821,(#11825,#11832),.PCURVE_S1.);
#11821 = LINE('',#11822,#11823);
#11822 = CARTESIAN_POINT('',(-55.11686227153,-65.47619027815,5.));
#11823 = VECTOR('',#11824,1.);
#11824 = DIRECTION('',(0.,0.,1.));
#11825 = PCURVE('',#11765,#11826);
#11826 = DEFINITIONAL_REPRESENTATION('',(#11827),#11831);
#11827 = LINE('',#11828,#11829);
#11828 = CARTESIAN_POINT('',(0.,-20.));
#11829 = VECTOR('',#11830,1.);
#11830 = DIRECTION('',(1.,0.));
#11831 = ( GEOMETRIC_REPRESENTATION_CONTEXT(2) 
PARAMETRIC_REPRESENTATION_CONTEXT() REPRESENTATION_CONTEXT('2D SPACE',''
  ) );
#11832 = PCURVE('',#11833,#11838);
#11833 = PLANE('',#11834);
#11834 = AXIS2_PLACEMENT_3D('',#11835,#11836,#11837);
#11835 = CARTESIAN_POINT('',(-55.11686227153,-65.47619027815,5.));
#11836 = DIRECTION('',(0.684547105929,-0.728968627421,0.));
#11837 = DIRECTION('',(0.,0.,1.));
#11838 = DEFINITIONAL_REPRESENTATION('',(#11839),#11843);
#11839 = LINE('',#11840,#11841);
#11840 = CARTESIAN_POINT('',(0.,0.));
#11841 = VECTOR('',#11842,1.);
#11842 = DIRECTION('',(1.,0.));
#11843 = ( GEOMETRIC_REPRESENTATION_CONTEXT(2) 
PARAMETRIC_REPRESENTATION_CONTEXT() REPRESENTATION_CONTEXT('2D SPACE',''
  ) );
#11844 = ORIENTED_EDGE('',*,*,#11845,.F.);
#11845 = EDGE_CURVE('',#11757,#11818,#11846,.T.);
#11846 = SURFACE_CURVE('',#11847,(#11851,#11858),.PCURVE_S1.);
#11847 = LINE('',#11848,#11849);
#11848 = CARTESIAN_POINT('',(-68.8078043901,-50.89681772972,5.4));
#11849 = VECTOR('',#11850,1.);
#11850 = DIRECTION('',(0.684547105929,-0.728968627421,0.));
#11851 = PCURVE('',#11765,#11852);
#11852 = DEFINITIONAL_REPRESENTATION('',(#11853),#11857);
#11853 = LINE('',#11854,#11855);
#11854 = CARTESIAN_POINT('',(0.4,0.));
#11855 = VECTOR('',#11856,1.);
#11856 = DIRECTION('',(0.,-1.));
#11857 = ( GEOMETRIC_REPRESENTATION_CONTEXT(2) 
PARAMETRIC_REPRESENTATION_CONTEXT() REPRESENTATION_CONTEXT('2D SPACE',''
  ) );
#11858 = PCURVE('',#11859,#11864);
#11859 = PLANE('',#11860);
#11860 = AXIS2_PLACEMENT_3D('',#11861,#11862,#11863);
#11861 = CARTESIAN_POINT('',(-68.8078043901,-50.89681772972,5.4));
#11862 = DIRECTION('',(0.,0.,1.));
#11863 = DIRECTION('',(-0.728968627421,-0.684547105929,0.));
#11864 = DEFINITIONAL_REPRESENTATION('',(#11865),#11869);
#11865 = LINE('',#11866,#11867);
#11866 = CARTESIAN_POINT('',(0.,0.));
#11867 = VECTOR('',#11868,1.);
#11868 = DIRECTION('',(0.,1.));
#11869 = ( GEOMETRIC_REPRESENTATION_CONTEXT(2) 
PARAMETRIC_REPRESENTATION_CONTEXT() REPRESENTATION_CONTEXT('2D SPACE',''
  ) );
#11870 = ADVANCED_FACE('',(#11871),#11885,.T.);
#11871 = FACE_BOUND('',#11872,.T.);
#11872 = EDGE_LOOP('',(#11873,#11903,#11926,#11949));
#11873 = ORIENTED_EDGE('',*,*,#11874,.F.);
#11874 = EDGE_CURVE('',#11875,#11877,#11879,.T.);
#11875 = VERTEX_POINT('',#11876);
#11876 = CARTESIAN_POINT('',(-185.4427847775,-160.4243546783,5.));
#11877 = VERTEX_POINT('',#11878);
#11878 = CARTESIAN_POINT('',(-185.4427847775,-160.4243546783,5.4));
#11879 = SURFACE_CURVE('',#11880,(#11884,#11896),.PCURVE_S1.);
#11880 = LINE('',#11881,#11882);
#11881 = CARTESIAN_POINT('',(-185.4427847775,-160.4243546783,5.));
#11882 = VECTOR('',#11883,1.);
#11883 = DIRECTION('',(0.,0.,1.));
#11884 = PCURVE('',#11885,#11890);
#11885 = PLANE('',#11886);
#11886 = AXIS2_PLACEMENT_3D('',#11887,#11888,#11889);
#11887 = CARTESIAN_POINT('',(-185.4427847775,-160.4243546783,5.));
#11888 = DIRECTION('',(-0.728968627421,-0.684547105929,0.));
#11889 = DIRECTION('',(0.,0.,1.));
#11890 = DEFINITIONAL_REPRESENTATION('',(#11891),#11895);
#11891 = LINE('',#11892,#11893);
#11892 = CARTESIAN_POINT('',(0.,0.));
#11893 = VECTOR('',#11894,1.);
#11894 = DIRECTION('',(1.,0.));
#11895 = ( GEOMETRIC_REPRESENTATION_CONTEXT(2) 
PARAMETRIC_REPRESENTATION_CONTEXT() REPRESENTATION_CONTEXT('2D SPACE',''
  ) );
#11896 = PCURVE('',#11777,#11897);
#11897 = DEFINITIONAL_REPRESENTATION('',(#11898),#11902);
#11898 = LINE('',#11899,#11900);
#11899 = CARTESIAN_POINT('',(0.,160.));
#11900 = VECTOR('',#11901,1.);
#11901 = DIRECTION('',(1.,0.));
#11902 = ( GEOMETRIC_REPRESENTATION_CONTEXT(2) 
PARAMETRIC_REPRESENTATION_CONTEXT() REPRESENTATION_CONTEXT('2D SPACE',''
  ) );
#11903 = ORIENTED_EDGE('',*,*,#11904,.T.);
#11904 = EDGE_CURVE('',#11875,#11905,#11907,.T.);
#11905 = VERTEX_POINT('',#11906);
#11906 = CARTESIAN_POINT('',(-171.7518426589,-175.0037272267,5.));
#11907 = SURFACE_CURVE('',#11908,(#11912,#11919),.PCURVE_S1.);
#11908 = LINE('',#11909,#11910);
#11909 = CARTESIAN_POINT('',(-185.4427847775,-160.4243546783,5.));
#11910 = VECTOR('',#11911,1.);
#11911 = DIRECTION('',(0.684547105929,-0.728968627421,0.));
#11912 = PCURVE('',#11885,#11913);
#11913 = DEFINITIONAL_REPRESENTATION('',(#11914),#11918);
#11914 = LINE('',#11915,#11916);
#11915 = CARTESIAN_POINT('',(0.,0.));
#11916 = VECTOR('',#11917,1.);
#11917 = DIRECTION('',(0.,-1.));
#11918 = ( GEOMETRIC_REPRESENTATION_CONTEXT(2) 
PARAMETRIC_REPRESENTATION_CONTEXT() REPRESENTATION_CONTEXT('2D SPACE',''
  ) );
#11919 = PCURVE('',#11805,#11920);
#11920 = DEFINITIONAL_REPRESENTATION('',(#11921),#11925);
#11921 = LINE('',#11922,#11923);
#11922 = CARTESIAN_POINT('',(160.,-2.84217094304E-14));
#11923 = VECTOR('',#11924,1.);
#11924 = DIRECTION('',(0.,1.));
#11925 = ( GEOMETRIC_REPRESENTATION_CONTEXT(2) 
PARAMETRIC_REPRESENTATION_CONTEXT() REPRESENTATION_CONTEXT('2D SPACE',''
  ) );
#11926 = ORIENTED_EDGE('',*,*,#11927,.T.);
#11927 = EDGE_CURVE('',#11905,#11928,#11930,.T.);
#11928 = VERTEX_POINT('',#11929);
#11929 = CARTESIAN_POINT('',(-171.7518426589,-175.0037272267,5.4));
#11930 = SURFACE_CURVE('',#11931,(#11935,#11942),.PCURVE_S1.);
#11931 = LINE('',#11932,#11933);
#11932 = CARTESIAN_POINT('',(-171.7518426589,-175.0037272267,5.));
#11933 = VECTOR('',#11934,1.);
#11934 = DIRECTION('',(0.,0.,1.));
#11935 = PCURVE('',#11885,#11936);
#11936 = DEFINITIONAL_REPRESENTATION('',(#11937),#11941);
#11937 = LINE('',#11938,#11939);
#11938 = CARTESIAN_POINT('',(0.,-20.));
#11939 = VECTOR('',#11940,1.);
#11940 = DIRECTION('',(1.,0.));
#11941 = ( GEOMETRIC_REPRESENTATION_CONTEXT(2) 
PARAMETRIC_REPRESENTATION_CONTEXT() REPRESENTATION_CONTEXT('2D SPACE',''
  ) );
#11942 = PCURVE('',#11833,#11943);
#11943 = DEFINITIONAL_REPRESENTATION('',(#11944),#11948);
#11944 = LINE('',#11945,#11946);
#11945 = CARTESIAN_POINT('',(0.,160.));
#11946 = VECTOR('',#11947,1.);
#11947 = DIRECTION('',(1.,0.));
#11948 = ( GEOMETRIC_REPRESENTATION_CONTEXT(2) 
PARAMETRIC_REPRESENTATION_CONTEXT() REPRESENTATION_CONTEXT('2D SPACE',''
  ) );
#11949 = ORIENTED_EDGE('',*,*,#11950,.F.);
#11950 = EDGE_CURVE('',#11877,#11928,#11951,.T.);
#11951 = SURFACE_CURVE('',#11952,(#11956,#11963),.PCURVE_S1.);
#11952 = LINE('',#11953,#11954);
#11953 = CARTESIAN_POINT('',(-185.4427847775,-160.4243546783,5.4));
#11954 = VECTOR('',#11955,1.);
#11955 = DIRECTION('',(0.684547105929,-0.728968627421,0.));
#11956 = PCURVE('',#11885,#11957);
#11957 = DEFINITIONAL_REPRESENTATION('',(#11958),#11962);
#11958 = LINE('',#11959,#11960);
#11959 = CARTESIAN_POINT('',(0.4,0.));
#11960 = VECTOR('',#11961,1.);
#11961 = DIRECTION('',(0.,-1.));
#11962 = ( GEOMETRIC_REPRESENTATION_CONTEXT(2) 
PARAMETRIC_REPRESENTATION_CONTEXT() REPRESENTATION_CONTEXT('2D SPACE',''
  ) );
#11963 = PCURVE('',#11859,#11964);
#11964 = DEFINITIONAL_REPRESENTATION('',(#11965),#11969);
#11965 = LINE('',#11966,#11967);
#11966 = CARTESIAN_POINT('',(160.,-2.84217094304E-14));
#11967 = VECTOR('',#11968,1.);
#11968 = DIRECTION('',(0.,1.));
#11969 = ( GEOMETRIC_REPRESENTATION_CONTEXT(2) 
PARAMETRIC_REPRESENTATION_CONTEXT() REPRESENTATION_CONTEXT('2D SPACE',''
  ) );
#11970 = ADVANCED_FACE('',(#11971),#11777,.F.);
#11971 = FACE_BOUND('',#11972,.F.);
#11972 = EDGE_LOOP('',(#11973,#11994,#11995,#12016));
#11973 = ORIENTED_EDGE('',*,*,#11974,.F.);
#11974 = EDGE_CURVE('',#11755,#11875,#11975,.T.);
#11975 = SURFACE_CURVE('',#11976,(#11980,#11987),.PCURVE_S1.);
#11976 = LINE('',#11977,#11978);
#11977 = CARTESIAN_POINT('',(-68.8078043901,-50.89681772972,5.));
#11978 = VECTOR('',#11979,1.);
#11979 = DIRECTION('',(-0.728968627421,-0.684547105929,0.));
#11980 = PCURVE('',#11777,#11981);
#11981 = DEFINITIONAL_REPRESENTATION('',(#11982),#11986);
#11982 = LINE('',#11983,#11984);
#11983 = CARTESIAN_POINT('',(0.,0.));
#11984 = VECTOR('',#11985,1.);
#11985 = DIRECTION('',(0.,1.));
#11986 = ( GEOMETRIC_REPRESENTATION_CONTEXT(2) 
PARAMETRIC_REPRESENTATION_CONTEXT() REPRESENTATION_CONTEXT('2D SPACE',''
  ) );
#11987 = PCURVE('',#11805,#11988);
#11988 = DEFINITIONAL_REPRESENTATION('',(#11989),#11993);
#11989 = LINE('',#11990,#11991);
#11990 = CARTESIAN_POINT('',(0.,0.));
#11991 = VECTOR('',#11992,1.);
#11992 = DIRECTION('',(1.,0.));
#11993 = ( GEOMETRIC_REPRESENTATION_CONTEXT(2) 
PARAMETRIC_REPRESENTATION_CONTEXT() REPRESENTATION_CONTEXT('2D SPACE',''
  ) );
#11994 = ORIENTED_EDGE('',*,*,#11754,.T.);
#11995 = ORIENTED_EDGE('',*,*,#11996,.T.);
#11996 = EDGE_CURVE('',#11757,#11877,#11997,.T.);
#11997 = SURFACE_CURVE('',#11998,(#12002,#12009),.PCURVE_S1.);
#11998 = LINE('',#11999,#12000);
#11999 = CARTESIAN_POINT('',(-68.8078043901,-50.89681772972,5.4));
#12000 = VECTOR('',#12001,1.);
#12001 = DIRECTION('',(-0.728968627421,-0.684547105929,0.));
#12002 = PCURVE('',#11777,#12003);
#12003 = DEFINITIONAL_REPRESENTATION('',(#12004),#12008);
#12004 = LINE('',#12005,#12006);
#12005 = CARTESIAN_POINT('',(0.4,0.));
#12006 = VECTOR('',#12007,1.);
#12007 = DIRECTION('',(0.,1.));
#12008 = ( GEOMETRIC_REPRESENTATION_CONTEXT(2) 
PARAMETRIC_REPRESENTATION_CONTEXT() REPRESENTATION_CONTEXT('2D SPACE',''
  ) );
#12009 = PCURVE('',#11859,#12010);
#12010 = DEFINITIONAL_REPRESENTATION('',(#12011),#12015);
#12011 = LINE('',#12012,#12013);
#12012 = CARTESIAN_POINT('',(0.,0.));
#12013 = VECTOR('',#12014,1.);
#12014 = DIRECTION('',(1.,0.));
#12015 = ( GEOMETRIC_REPRESENTATION_CONTEXT(2) 
PARAMETRIC_REPRESENTATION_CONTEXT() REPRESENTATION_CONTEXT('2D SPACE',''
  ) );
#12016 = ORIENTED_EDGE('',*,*,#11874,.F.);
#12017 = ADVANCED_FACE('',(#12018),#11833,.T.);
#12018 = FACE_BOUND('',#12019,.T.);
#12019 = EDGE_LOOP('',(#12020,#12041,#12042,#12063));
#12020 = ORIENTED_EDGE('',*,*,#12021,.F.);
#12021 = EDGE_CURVE('',#11790,#11905,#12022,.T.);
#12022 = SURFACE_CURVE('',#12023,(#12027,#12034),.PCURVE_S1.);
#12023 = LINE('',#12024,#12025);
#12024 = CARTESIAN_POINT('',(-55.11686227153,-65.47619027815,5.));
#12025 = VECTOR('',#12026,1.);
#12026 = DIRECTION('',(-0.728968627421,-0.684547105929,0.));
#12027 = PCURVE('',#11833,#12028);
#12028 = DEFINITIONAL_REPRESENTATION('',(#12029),#12033);
#12029 = LINE('',#12030,#12031);
#12030 = CARTESIAN_POINT('',(0.,0.));
#12031 = VECTOR('',#12032,1.);
#12032 = DIRECTION('',(0.,1.));
#12033 = ( GEOMETRIC_REPRESENTATION_CONTEXT(2) 
PARAMETRIC_REPRESENTATION_CONTEXT() REPRESENTATION_CONTEXT('2D SPACE',''
  ) );
#12034 = PCURVE('',#11805,#12035);
#12035 = DEFINITIONAL_REPRESENTATION('',(#12036),#12040);
#12036 = LINE('',#12037,#12038);
#12037 = CARTESIAN_POINT('',(0.,20.));
#12038 = VECTOR('',#12039,1.);
#12039 = DIRECTION('',(1.,0.));
#12040 = ( GEOMETRIC_REPRESENTATION_CONTEXT(2) 
PARAMETRIC_REPRESENTATION_CONTEXT() REPRESENTATION_CONTEXT('2D SPACE',''
  ) );
#12041 = ORIENTED_EDGE('',*,*,#11817,.T.);
#12042 = ORIENTED_EDGE('',*,*,#12043,.T.);
#12043 = EDGE_CURVE('',#11818,#11928,#12044,.T.);
#12044 = SURFACE_CURVE('',#12045,(#12049,#12056),.PCURVE_S1.);
#12045 = LINE('',#12046,#12047);
#12046 = CARTESIAN_POINT('',(-55.11686227153,-65.47619027815,5.4));
#12047 = VECTOR('',#12048,1.);
#12048 = DIRECTION('',(-0.728968627421,-0.684547105929,0.));
#12049 = PCURVE('',#11833,#12050);
#12050 = DEFINITIONAL_REPRESENTATION('',(#12051),#12055);
#12051 = LINE('',#12052,#12053);
#12052 = CARTESIAN_POINT('',(0.4,0.));
#12053 = VECTOR('',#12054,1.);
#12054 = DIRECTION('',(0.,1.));
#12055 = ( GEOMETRIC_REPRESENTATION_CONTEXT(2) 
PARAMETRIC_REPRESENTATION_CONTEXT() REPRESENTATION_CONTEXT('2D SPACE',''
  ) );
#12056 = PCURVE('',#11859,#12057);
#12057 = DEFINITIONAL_REPRESENTATION('',(#12058),#12062);
#12058 = LINE('',#12059,#12060);
#12059 = CARTESIAN_POINT('',(0.,20.));
#12060 = VECTOR('',#12061,1.);
#12061 = DIRECTION('',(1.,0.));
#12062 = ( GEOMETRIC_REPRESENTATION_CONTEXT(2) 
PARAMETRIC_REPRESENTATION_CONTEXT() REPRESENTATION_CONTEXT('2D SPACE',''
  ) );
#12063 = ORIENTED_EDGE('',*,*,#11927,.F.);
#12064 = ADVANCED_FACE('',(#12065),#11805,.F.);
#12065 = FACE_BOUND('',#12066,.F.);
#12066 = EDGE_LOOP('',(#12067,#12068,#12069,#12070));
#12067 = ORIENTED_EDGE('',*,*,#11789,.F.);
#12068 = ORIENTED_EDGE('',*,*,#11974,.T.);
#12069 = ORIENTED_EDGE('',*,*,#11904,.T.);
#12070 = ORIENTED_EDGE('',*,*,#12021,.F.);
#12071 = ADVANCED_FACE('',(#12072),#11859,.T.);
#12072 = FACE_BOUND('',#12073,.T.);
#12073 = EDGE_LOOP('',(#12074,#12075,#12076,#12077));
#12074 = ORIENTED_EDGE('',*,*,#11845,.F.);
#12075 = ORIENTED_EDGE('',*,*,#11996,.T.);
#12076 = ORIENTED_EDGE('',*,*,#11950,.T.);
#12077 = ORIENTED_EDGE('',*,*,#12043,.F.);
#12078 = ( GEOMETRIC_REPRESENTATION_CONTEXT(3) 
GLOBAL_UNCERTAINTY_ASSIGNED_CONTEXT((#12082)) 
GLOBAL_UNIT_ASSIGNED_CONTEXT((#12079,#12080,#12081)) 
REPRESENTATION_CONTEXT('Context #1',
  '3D Context with UNIT and UNCERTAINTY') );
#12079 = ( LENGTH_UNIT() NAMED_UNIT(*) SI_UNIT(.MILLI.,.METRE.) );
#12080 = ( NAMED_UNIT(*) PLANE_ANGLE_UNIT() SI_UNIT($,.RADIAN.) );
#12081 = ( NAMED_UNIT(*) SI_UNIT($,.STERADIAN.) SOLID_ANGLE_UNIT() );
#12082 = UNCERTAINTY_MEASURE_WITH_UNIT(LENGTH_MEASURE(1.E-07),#12079,
  'distance_accuracy_value','confusion accuracy');
#12083 = CONTEXT_DEPENDENT_SHAPE_REPRESENTATION(#12084,#12086);
#12084 = ( REPRESENTATION_RELATIONSHIP('','',#11747,#709) 
REPRESENTATION_RELATIONSHIP_WITH_TRANSFORMATION(#12085) 
SHAPE_REPRESENTATION_RELATIONSHIP() );
#12085 = ITEM_DEFINED_TRANSFORMATION('','',#11,#834);
#12086 = PRODUCT_DEFINITION_SHAPE('Placement','Placement of an item',
  #12087);
#12087 = NEXT_ASSEMBLY_USAGE_OCCURRENCE('40','','',#704,#11742,$);
#12088 = PRODUCT_RELATED_PRODUCT_CATEGORY('part',$,(#11744));
#12089 = SHAPE_DEFINITION_REPRESENTATION(#12090,#12096);
#12090 = PRODUCT_DEFINITION_SHAPE('','',#12091);
#12091 = PRODUCT_DEFINITION('design','',#12092,#12095);
#12092 = PRODUCT_DEFINITION_FORMATION('','',#12093);
#12093 = PRODUCT('Open CASCADE STEP translator 7.9 2.2.33',
  'Open CASCADE STEP translator 7.9 2.2.33','',(#12094));
#12094 = PRODUCT_CONTEXT('',#2,'mechanical');
#12095 = PRODUCT_DEFINITION_CONTEXT('part definition',#2,'design');
#12096 = ADVANCED_BREP_SHAPE_REPRESENTATION('',(#11,#12097),#12427);
#12097 = MANIFOLD_SOLID_BREP('',#12098);
#12098 = CLOSED_SHELL('',(#12099,#12219,#12319,#12366,#12413,#12420));
#12099 = ADVANCED_FACE('',(#12100),#12114,.F.);
#12100 = FACE_BOUND('',#12101,.F.);
#12101 = EDGE_LOOP('',(#12102,#12137,#12165,#12193));
#12102 = ORIENTED_EDGE('',*,*,#12103,.F.);
#12103 = EDGE_CURVE('',#12104,#12106,#12108,.T.);
#12104 = VERTEX_POINT('',#12105);
#12105 = CARTESIAN_POINT('',(-61.88617155639,-59.11938573845,5.));
#12106 = VERTEX_POINT('',#12107);
#12107 = CARTESIAN_POINT('',(-61.88617155639,-59.11938573845,5.4));
#12108 = SURFACE_CURVE('',#12109,(#12113,#12125),.PCURVE_S1.);
#12109 = LINE('',#12110,#12111);
#12110 = CARTESIAN_POINT('',(-61.88617155639,-59.11938573845,5.));
#12111 = VECTOR('',#12112,1.);
#12112 = DIRECTION('',(0.,0.,1.));
#12113 = PCURVE('',#12114,#12119);
#12114 = PLANE('',#12115);
#12115 = AXIS2_PLACEMENT_3D('',#12116,#12117,#12118);
#12116 = CARTESIAN_POINT('',(-61.88617155639,-59.11938573845,5.));
#12117 = DIRECTION('',(-0.637423989749,-0.770513242776,0.));
#12118 = DIRECTION('',(0.,0.,1.));
#12119 = DEFINITIONAL_REPRESENTATION('',(#12120),#12124);
#12120 = LINE('',#12121,#12122);
#12121 = CARTESIAN_POINT('',(0.,0.));
#12122 = VECTOR('',#12123,1.);
#12123 = DIRECTION('',(1.,0.));
#12124 = ( GEOMETRIC_REPRESENTATION_CONTEXT(2) 
PARAMETRIC_REPRESENTATION_CONTEXT() REPRESENTATION_CONTEXT('2D SPACE',''
  ) );
#12125 = PCURVE('',#12126,#12131);
#12126 = PLANE('',#12127);
#12127 = AXIS2_PLACEMENT_3D('',#12128,#12129,#12130);
#12128 = CARTESIAN_POINT('',(-61.88617155639,-59.11938573845,5.));
#12129 = DIRECTION('',(0.770513242776,-0.637423989749,0.));
#12130 = DIRECTION('',(0.,0.,1.));
#12131 = DEFINITIONAL_REPRESENTATION('',(#12132),#12136);
#12132 = LINE('',#12133,#12134);
#12133 = CARTESIAN_POINT('',(0.,0.));
#12134 = VECTOR('',#12135,1.);
#12135 = DIRECTION('',(1.,0.));
#12136 = ( GEOMETRIC_REPRESENTATION_CONTEXT(2) 
PARAMETRIC_REPRESENTATION_CONTEXT() REPRESENTATION_CONTEXT('2D SPACE',''
  ) );
#12137 = ORIENTED_EDGE('',*,*,#12138,.T.);
#12138 = EDGE_CURVE('',#12104,#12139,#12141,.T.);
#12139 = VERTEX_POINT('',#12140);
#12140 = CARTESIAN_POINT('',(-46.47590670088,-71.86786553342,5.));
#12141 = SURFACE_CURVE('',#12142,(#12146,#12153),.PCURVE_S1.);
#12142 = LINE('',#12143,#12144);
#12143 = CARTESIAN_POINT('',(-61.88617155639,-59.11938573845,5.));
#12144 = VECTOR('',#12145,1.);
#12145 = DIRECTION('',(0.770513242776,-0.637423989749,0.));
#12146 = PCURVE('',#12114,#12147);
#12147 = DEFINITIONAL_REPRESENTATION('',(#12148),#12152);
#12148 = LINE('',#12149,#12150);
#12149 = CARTESIAN_POINT('',(0.,0.));
#12150 = VECTOR('',#12151,1.);
#12151 = DIRECTION('',(0.,-1.));
#12152 = ( GEOMETRIC_REPRESENTATION_CONTEXT(2) 
PARAMETRIC_REPRESENTATION_CONTEXT() REPRESENTATION_CONTEXT('2D SPACE',''
  ) );
#12153 = PCURVE('',#12154,#12159);
#12154 = PLANE('',#12155);
#12155 = AXIS2_PLACEMENT_3D('',#12156,#12157,#12158);
#12156 = CARTESIAN_POINT('',(-61.88617155639,-59.11938573845,5.));
#12157 = DIRECTION('',(0.,0.,1.));
#12158 = DIRECTION('',(-0.637423989749,-0.770513242776,0.));
#12159 = DEFINITIONAL_REPRESENTATION('',(#12160),#12164);
#12160 = LINE('',#12161,#12162);
#12161 = CARTESIAN_POINT('',(0.,0.));
#12162 = VECTOR('',#12163,1.);
#12163 = DIRECTION('',(0.,1.));
#12164 = ( GEOMETRIC_REPRESENTATION_CONTEXT(2) 
PARAMETRIC_REPRESENTATION_CONTEXT() REPRESENTATION_CONTEXT('2D SPACE',''
  ) );
#12165 = ORIENTED_EDGE('',*,*,#12166,.T.);
#12166 = EDGE_CURVE('',#12139,#12167,#12169,.T.);
#12167 = VERTEX_POINT('',#12168);
#12168 = CARTESIAN_POINT('',(-46.47590670088,-71.86786553342,5.4));
#12169 = SURFACE_CURVE('',#12170,(#12174,#12181),.PCURVE_S1.);
#12170 = LINE('',#12171,#12172);
#12171 = CARTESIAN_POINT('',(-46.47590670088,-71.86786553342,5.));
#12172 = VECTOR('',#12173,1.);
#12173 = DIRECTION('',(0.,0.,1.));
#12174 = PCURVE('',#12114,#12175);
#12175 = DEFINITIONAL_REPRESENTATION('',(#12176),#12180);
#12176 = LINE('',#12177,#12178);
#12177 = CARTESIAN_POINT('',(0.,-20.));
#12178 = VECTOR('',#12179,1.);
#12179 = DIRECTION('',(1.,0.));
#12180 = ( GEOMETRIC_REPRESENTATION_CONTEXT(2) 
PARAMETRIC_REPRESENTATION_CONTEXT() REPRESENTATION_CONTEXT('2D SPACE',''
  ) );
#12181 = PCURVE('',#12182,#12187);
#12182 = PLANE('',#12183);
#12183 = AXIS2_PLACEMENT_3D('',#12184,#12185,#12186);
#12184 = CARTESIAN_POINT('',(-46.47590670088,-71.86786553342,5.));
#12185 = DIRECTION('',(0.770513242776,-0.637423989749,0.));
#12186 = DIRECTION('',(0.,0.,1.));
#12187 = DEFINITIONAL_REPRESENTATION('',(#12188),#12192);
#12188 = LINE('',#12189,#12190);
#12189 = CARTESIAN_POINT('',(0.,0.));
#12190 = VECTOR('',#12191,1.);
#12191 = DIRECTION('',(1.,0.));
#12192 = ( GEOMETRIC_REPRESENTATION_CONTEXT(2) 
PARAMETRIC_REPRESENTATION_CONTEXT() REPRESENTATION_CONTEXT('2D SPACE',''
  ) );
#12193 = ORIENTED_EDGE('',*,*,#12194,.F.);
#12194 = EDGE_CURVE('',#12106,#12167,#12195,.T.);
#12195 = SURFACE_CURVE('',#12196,(#12200,#12207),.PCURVE_S1.);
#12196 = LINE('',#12197,#12198);
#12197 = CARTESIAN_POINT('',(-61.88617155639,-59.11938573845,5.4));
#12198 = VECTOR('',#12199,1.);
#12199 = DIRECTION('',(0.770513242776,-0.637423989749,0.));
#12200 = PCURVE('',#12114,#12201);
#12201 = DEFINITIONAL_REPRESENTATION('',(#12202),#12206);
#12202 = LINE('',#12203,#12204);
#12203 = CARTESIAN_POINT('',(0.4,0.));
#12204 = VECTOR('',#12205,1.);
#12205 = DIRECTION('',(0.,-1.));
#12206 = ( GEOMETRIC_REPRESENTATION_CONTEXT(2) 
PARAMETRIC_REPRESENTATION_CONTEXT() REPRESENTATION_CONTEXT('2D SPACE',''
  ) );
#12207 = PCURVE('',#12208,#12213);
#12208 = PLANE('',#12209);
#12209 = AXIS2_PLACEMENT_3D('',#12210,#12211,#12212);
#12210 = CARTESIAN_POINT('',(-61.88617155639,-59.11938573845,5.4));
#12211 = DIRECTION('',(0.,0.,1.));
#12212 = DIRECTION('',(-0.637423989749,-0.770513242776,0.));
#12213 = DEFINITIONAL_REPRESENTATION('',(#12214),#12218);
#12214 = LINE('',#12215,#12216);
#12215 = CARTESIAN_POINT('',(0.,0.));
#12216 = VECTOR('',#12217,1.);
#12217 = DIRECTION('',(0.,1.));
#12218 = ( GEOMETRIC_REPRESENTATION_CONTEXT(2) 
PARAMETRIC_REPRESENTATION_CONTEXT() REPRESENTATION_CONTEXT('2D SPACE',''
  ) );
#12219 = ADVANCED_FACE('',(#12220),#12234,.T.);
#12220 = FACE_BOUND('',#12221,.T.);
#12221 = EDGE_LOOP('',(#12222,#12252,#12275,#12298));
#12222 = ORIENTED_EDGE('',*,*,#12223,.F.);
#12223 = EDGE_CURVE('',#12224,#12226,#12228,.T.);
#12224 = VERTEX_POINT('',#12225);
#12225 = CARTESIAN_POINT('',(-163.8740099161,-182.4015045825,5.));
#12226 = VERTEX_POINT('',#12227);
#12227 = CARTESIAN_POINT('',(-163.8740099161,-182.4015045825,5.4));
#12228 = SURFACE_CURVE('',#12229,(#12233,#12245),.PCURVE_S1.);
#12229 = LINE('',#12230,#12231);
#12230 = CARTESIAN_POINT('',(-163.8740099161,-182.4015045825,5.));
#12231 = VECTOR('',#12232,1.);
#12232 = DIRECTION('',(0.,0.,1.));
#12233 = PCURVE('',#12234,#12239);
#12234 = PLANE('',#12235);
#12235 = AXIS2_PLACEMENT_3D('',#12236,#12237,#12238);
#12236 = CARTESIAN_POINT('',(-163.8740099161,-182.4015045825,5.));
#12237 = DIRECTION('',(-0.637423989749,-0.770513242776,0.));
#12238 = DIRECTION('',(0.,0.,1.));
#12239 = DEFINITIONAL_REPRESENTATION('',(#12240),#12244);
#12240 = LINE('',#12241,#12242);
#12241 = CARTESIAN_POINT('',(0.,0.));
#12242 = VECTOR('',#12243,1.);
#12243 = DIRECTION('',(1.,0.));
#12244 = ( GEOMETRIC_REPRESENTATION_CONTEXT(2) 
PARAMETRIC_REPRESENTATION_CONTEXT() REPRESENTATION_CONTEXT('2D SPACE',''
  ) );
#12245 = PCURVE('',#12126,#12246);
#12246 = DEFINITIONAL_REPRESENTATION('',(#12247),#12251);
#12247 = LINE('',#12248,#12249);
#12248 = CARTESIAN_POINT('',(0.,160.));
#12249 = VECTOR('',#12250,1.);
#12250 = DIRECTION('',(1.,0.));
#12251 = ( GEOMETRIC_REPRESENTATION_CONTEXT(2) 
PARAMETRIC_REPRESENTATION_CONTEXT() REPRESENTATION_CONTEXT('2D SPACE',''
  ) );
#12252 = ORIENTED_EDGE('',*,*,#12253,.T.);
#12253 = EDGE_CURVE('',#12224,#12254,#12256,.T.);
#12254 = VERTEX_POINT('',#12255);
#12255 = CARTESIAN_POINT('',(-148.4637450606,-195.1499843775,5.));
#12256 = SURFACE_CURVE('',#12257,(#12261,#12268),.PCURVE_S1.);
#12257 = LINE('',#12258,#12259);
#12258 = CARTESIAN_POINT('',(-163.8740099161,-182.4015045825,5.));
#12259 = VECTOR('',#12260,1.);
#12260 = DIRECTION('',(0.770513242776,-0.637423989749,0.));
#12261 = PCURVE('',#12234,#12262);
#12262 = DEFINITIONAL_REPRESENTATION('',(#12263),#12267);
#12263 = LINE('',#12264,#12265);
#12264 = CARTESIAN_POINT('',(0.,0.));
#12265 = VECTOR('',#12266,1.);
#12266 = DIRECTION('',(0.,-1.));
#12267 = ( GEOMETRIC_REPRESENTATION_CONTEXT(2) 
PARAMETRIC_REPRESENTATION_CONTEXT() REPRESENTATION_CONTEXT('2D SPACE',''
  ) );
#12268 = PCURVE('',#12154,#12269);
#12269 = DEFINITIONAL_REPRESENTATION('',(#12270),#12274);
#12270 = LINE('',#12271,#12272);
#12271 = CARTESIAN_POINT('',(160.,1.42108547152E-14));
#12272 = VECTOR('',#12273,1.);
#12273 = DIRECTION('',(0.,1.));
#12274 = ( GEOMETRIC_REPRESENTATION_CONTEXT(2) 
PARAMETRIC_REPRESENTATION_CONTEXT() REPRESENTATION_CONTEXT('2D SPACE',''
  ) );
#12275 = ORIENTED_EDGE('',*,*,#12276,.T.);
#12276 = EDGE_CURVE('',#12254,#12277,#12279,.T.);
#12277 = VERTEX_POINT('',#12278);
#12278 = CARTESIAN_POINT('',(-148.4637450606,-195.1499843775,5.4));
#12279 = SURFACE_CURVE('',#12280,(#12284,#12291),.PCURVE_S1.);
#12280 = LINE('',#12281,#12282);
#12281 = CARTESIAN_POINT('',(-148.4637450606,-195.1499843775,5.));
#12282 = VECTOR('',#12283,1.);
#12283 = DIRECTION('',(0.,0.,1.));
#12284 = PCURVE('',#12234,#12285);
#12285 = DEFINITIONAL_REPRESENTATION('',(#12286),#12290);
#12286 = LINE('',#12287,#12288);
#12287 = CARTESIAN_POINT('',(0.,-20.));
#12288 = VECTOR('',#12289,1.);
#12289 = DIRECTION('',(1.,0.));
#12290 = ( GEOMETRIC_REPRESENTATION_CONTEXT(2) 
PARAMETRIC_REPRESENTATION_CONTEXT() REPRESENTATION_CONTEXT('2D SPACE',''
  ) );
#12291 = PCURVE('',#12182,#12292);
#12292 = DEFINITIONAL_REPRESENTATION('',(#12293),#12297);
#12293 = LINE('',#12294,#12295);
#12294 = CARTESIAN_POINT('',(0.,160.));
#12295 = VECTOR('',#12296,1.);
#12296 = DIRECTION('',(1.,0.));
#12297 = ( GEOMETRIC_REPRESENTATION_CONTEXT(2) 
PARAMETRIC_REPRESENTATION_CONTEXT() REPRESENTATION_CONTEXT('2D SPACE',''
  ) );
#12298 = ORIENTED_EDGE('',*,*,#12299,.F.);
#12299 = EDGE_CURVE('',#12226,#12277,#12300,.T.);
#12300 = SURFACE_CURVE('',#12301,(#12305,#12312),.PCURVE_S1.);
#12301 = LINE('',#12302,#12303);
#12302 = CARTESIAN_POINT('',(-163.8740099161,-182.4015045825,5.4));
#12303 = VECTOR('',#12304,1.);
#12304 = DIRECTION('',(0.770513242776,-0.637423989749,0.));
#12305 = PCURVE('',#12234,#12306);
#12306 = DEFINITIONAL_REPRESENTATION('',(#12307),#12311);
#12307 = LINE('',#12308,#12309);
#12308 = CARTESIAN_POINT('',(0.4,0.));
#12309 = VECTOR('',#12310,1.);
#12310 = DIRECTION('',(0.,-1.));
#12311 = ( GEOMETRIC_REPRESENTATION_CONTEXT(2) 
PARAMETRIC_REPRESENTATION_CONTEXT() REPRESENTATION_CONTEXT('2D SPACE',''
  ) );
#12312 = PCURVE('',#12208,#12313);
#12313 = DEFINITIONAL_REPRESENTATION('',(#12314),#12318);
#12314 = LINE('',#12315,#12316);
#12315 = CARTESIAN_POINT('',(160.,1.42108547152E-14));
#12316 = VECTOR('',#12317,1.);
#12317 = DIRECTION('',(0.,1.));
#12318 = ( GEOMETRIC_REPRESENTATION_CONTEXT(2) 
PARAMETRIC_REPRESENTATION_CONTEXT() REPRESENTATION_CONTEXT('2D SPACE',''
  ) );
#12319 = ADVANCED_FACE('',(#12320),#12126,.F.);
#12320 = FACE_BOUND('',#12321,.F.);
#12321 = EDGE_LOOP('',(#12322,#12343,#12344,#12365));
#12322 = ORIENTED_EDGE('',*,*,#12323,.F.);
#12323 = EDGE_CURVE('',#12104,#12224,#12324,.T.);
#12324 = SURFACE_CURVE('',#12325,(#12329,#12336),.PCURVE_S1.);
#12325 = LINE('',#12326,#12327);
#12326 = CARTESIAN_POINT('',(-61.88617155639,-59.11938573845,5.));
#12327 = VECTOR('',#12328,1.);
#12328 = DIRECTION('',(-0.637423989749,-0.770513242776,0.));
#12329 = PCURVE('',#12126,#12330);
#12330 = DEFINITIONAL_REPRESENTATION('',(#12331),#12335);
#12331 = LINE('',#12332,#12333);
#12332 = CARTESIAN_POINT('',(0.,0.));
#12333 = VECTOR('',#12334,1.);
#12334 = DIRECTION('',(0.,1.));
#12335 = ( GEOMETRIC_REPRESENTATION_CONTEXT(2) 
PARAMETRIC_REPRESENTATION_CONTEXT() REPRESENTATION_CONTEXT('2D SPACE',''
  ) );
#12336 = PCURVE('',#12154,#12337);
#12337 = DEFINITIONAL_REPRESENTATION('',(#12338),#12342);
#12338 = LINE('',#12339,#12340);
#12339 = CARTESIAN_POINT('',(0.,0.));
#12340 = VECTOR('',#12341,1.);
#12341 = DIRECTION('',(1.,0.));
#12342 = ( GEOMETRIC_REPRESENTATION_CONTEXT(2) 
PARAMETRIC_REPRESENTATION_CONTEXT() REPRESENTATION_CONTEXT('2D SPACE',''
  ) );
#12343 = ORIENTED_EDGE('',*,*,#12103,.T.);
#12344 = ORIENTED_EDGE('',*,*,#12345,.T.);
#12345 = EDGE_CURVE('',#12106,#12226,#12346,.T.);
#12346 = SURFACE_CURVE('',#12347,(#12351,#12358),.PCURVE_S1.);
#12347 = LINE('',#12348,#12349);
#12348 = CARTESIAN_POINT('',(-61.88617155639,-59.11938573845,5.4));
#12349 = VECTOR('',#12350,1.);
#12350 = DIRECTION('',(-0.637423989749,-0.770513242776,0.));
#12351 = PCURVE('',#12126,#12352);
#12352 = DEFINITIONAL_REPRESENTATION('',(#12353),#12357);
#12353 = LINE('',#12354,#12355);
#12354 = CARTESIAN_POINT('',(0.4,0.));
#12355 = VECTOR('',#12356,1.);
#12356 = DIRECTION('',(0.,1.));
#12357 = ( GEOMETRIC_REPRESENTATION_CONTEXT(2) 
PARAMETRIC_REPRESENTATION_CONTEXT() REPRESENTATION_CONTEXT('2D SPACE',''
  ) );
#12358 = PCURVE('',#12208,#12359);
#12359 = DEFINITIONAL_REPRESENTATION('',(#12360),#12364);
#12360 = LINE('',#12361,#12362);
#12361 = CARTESIAN_POINT('',(0.,0.));
#12362 = VECTOR('',#12363,1.);
#12363 = DIRECTION('',(1.,0.));
#12364 = ( GEOMETRIC_REPRESENTATION_CONTEXT(2) 
PARAMETRIC_REPRESENTATION_CONTEXT() REPRESENTATION_CONTEXT('2D SPACE',''
  ) );
#12365 = ORIENTED_EDGE('',*,*,#12223,.F.);
#12366 = ADVANCED_FACE('',(#12367),#12182,.T.);
#12367 = FACE_BOUND('',#12368,.T.);
#12368 = EDGE_LOOP('',(#12369,#12390,#12391,#12412));
#12369 = ORIENTED_EDGE('',*,*,#12370,.F.);
#12370 = EDGE_CURVE('',#12139,#12254,#12371,.T.);
#12371 = SURFACE_CURVE('',#12372,(#12376,#12383),.PCURVE_S1.);
#12372 = LINE('',#12373,#12374);
#12373 = CARTESIAN_POINT('',(-46.47590670088,-71.86786553342,5.));
#12374 = VECTOR('',#12375,1.);
#12375 = DIRECTION('',(-0.637423989749,-0.770513242776,0.));
#12376 = PCURVE('',#12182,#12377);
#12377 = DEFINITIONAL_REPRESENTATION('',(#12378),#12382);
#12378 = LINE('',#12379,#12380);
#12379 = CARTESIAN_POINT('',(0.,0.));
#12380 = VECTOR('',#12381,1.);
#12381 = DIRECTION('',(0.,1.));
#12382 = ( GEOMETRIC_REPRESENTATION_CONTEXT(2) 
PARAMETRIC_REPRESENTATION_CONTEXT() REPRESENTATION_CONTEXT('2D SPACE',''
  ) );
#12383 = PCURVE('',#12154,#12384);
#12384 = DEFINITIONAL_REPRESENTATION('',(#12385),#12389);
#12385 = LINE('',#12386,#12387);
#12386 = CARTESIAN_POINT('',(-8.881784197001E-15,20.));
#12387 = VECTOR('',#12388,1.);
#12388 = DIRECTION('',(1.,0.));
#12389 = ( GEOMETRIC_REPRESENTATION_CONTEXT(2) 
PARAMETRIC_REPRESENTATION_CONTEXT() REPRESENTATION_CONTEXT('2D SPACE',''
  ) );
#12390 = ORIENTED_EDGE('',*,*,#12166,.T.);
#12391 = ORIENTED_EDGE('',*,*,#12392,.T.);
#12392 = EDGE_CURVE('',#12167,#12277,#12393,.T.);
#12393 = SURFACE_CURVE('',#12394,(#12398,#12405),.PCURVE_S1.);
#12394 = LINE('',#12395,#12396);
#12395 = CARTESIAN_POINT('',(-46.47590670088,-71.86786553342,5.4));
#12396 = VECTOR('',#12397,1.);
#12397 = DIRECTION('',(-0.637423989749,-0.770513242776,0.));
#12398 = PCURVE('',#12182,#12399);
#12399 = DEFINITIONAL_REPRESENTATION('',(#12400),#12404);
#12400 = LINE('',#12401,#12402);
#12401 = CARTESIAN_POINT('',(0.4,0.));
#12402 = VECTOR('',#12403,1.);
#12403 = DIRECTION('',(0.,1.));
#12404 = ( GEOMETRIC_REPRESENTATION_CONTEXT(2) 
PARAMETRIC_REPRESENTATION_CONTEXT() REPRESENTATION_CONTEXT('2D SPACE',''
  ) );
#12405 = PCURVE('',#12208,#12406);
#12406 = DEFINITIONAL_REPRESENTATION('',(#12407),#12411);
#12407 = LINE('',#12408,#12409);
#12408 = CARTESIAN_POINT('',(-8.881784197001E-15,20.));
#12409 = VECTOR('',#12410,1.);
#12410 = DIRECTION('',(1.,0.));
#12411 = ( GEOMETRIC_REPRESENTATION_CONTEXT(2) 
PARAMETRIC_REPRESENTATION_CONTEXT() REPRESENTATION_CONTEXT('2D SPACE',''
  ) );
#12412 = ORIENTED_EDGE('',*,*,#12276,.F.);
#12413 = ADVANCED_FACE('',(#12414),#12154,.F.);
#12414 = FACE_BOUND('',#12415,.F.);
#12415 = EDGE_LOOP('',(#12416,#12417,#12418,#12419));
#12416 = ORIENTED_EDGE('',*,*,#12138,.F.);
#12417 = ORIENTED_EDGE('',*,*,#12323,.T.);
#12418 = ORIENTED_EDGE('',*,*,#12253,.T.);
#12419 = ORIENTED_EDGE('',*,*,#12370,.F.);
#12420 = ADVANCED_FACE('',(#12421),#12208,.T.);
#12421 = FACE_BOUND('',#12422,.T.);
#12422 = EDGE_LOOP('',(#12423,#12424,#12425,#12426));
#12423 = ORIENTED_EDGE('',*,*,#12194,.F.);
#12424 = ORIENTED_EDGE('',*,*,#12345,.T.);
#12425 = ORIENTED_EDGE('',*,*,#12299,.T.);
#12426 = ORIENTED_EDGE('',*,*,#12392,.F.);
#12427 = ( GEOMETRIC_REPRESENTATION_CONTEXT(3) 
GLOBAL_UNCERTAINTY_ASSIGNED_CONTEXT((#12431)) 
GLOBAL_UNIT_ASSIGNED_CONTEXT((#12428,#12429,#12430)) 
REPRESENTATION_CONTEXT('Context #1',
  '3D Context with UNIT and UNCERTAINTY') );
#12428 = ( LENGTH_UNIT() NAMED_UNIT(*) SI_UNIT(.MILLI.,.METRE.) );
#12429 = ( NAMED_UNIT(*) PLANE_ANGLE_UNIT() SI_UNIT($,.RADIAN.) );
#12430 = ( NAMED_UNIT(*) SI_UNIT($,.STERADIAN.) SOLID_ANGLE_UNIT() );
#12431 = UNCERTAINTY_MEASURE_WITH_UNIT(LENGTH_MEASURE(1.E-07),#12428,
  'distance_accuracy_value','confusion accuracy');
#12432 = CONTEXT_DEPENDENT_SHAPE_REPRESENTATION(#12433,#12435);
#12433 = ( REPRESENTATION_RELATIONSHIP('','',#12096,#709) 
REPRESENTATION_RELATIONSHIP_WITH_TRANSFORMATION(#12434) 
SHAPE_REPRESENTATION_RELATIONSHIP() );
#12434 = ITEM_DEFINED_TRANSFORMATION('','',#11,#838);
#12435 = PRODUCT_DEFINITION_SHAPE('Placement','Placement of an item',
  #12436);
#12436 = NEXT_ASSEMBLY_USAGE_OCCURRENCE('41','','',#704,#12091,$);
#12437 = PRODUCT_RELATED_PRODUCT_CATEGORY('part',$,(#12093));
#12438 = SHAPE_DEFINITION_REPRESENTATION(#12439,#12445);
#12439 = PRODUCT_DEFINITION_SHAPE('','',#12440);
#12440 = PRODUCT_DEFINITION('design','',#12441,#12444);
#12441 = PRODUCT_DEFINITION_FORMATION('','',#12442);
#12442 = PRODUCT('Open CASCADE STEP translator 7.9 2.2.34',
  'Open CASCADE STEP translator 7.9 2.2.34','',(#12443));
#12443 = PRODUCT_CONTEXT('',#2,'mechanical');
#12444 = PRODUCT_DEFINITION_CONTEXT('part definition',#2,'design');
#12445 = ADVANCED_BREP_SHAPE_REPRESENTATION('',(#11,#12446),#12776);
#12446 = MANIFOLD_SOLID_BREP('',#12447);
#12447 = CLOSED_SHELL('',(#12448,#12568,#12668,#12715,#12762,#12769));
#12448 = ADVANCED_FACE('',(#12449),#12463,.F.);
#12449 = FACE_BOUND('',#12450,.F.);
#12450 = EDGE_LOOP('',(#12451,#12486,#12514,#12542));
#12451 = ORIENTED_EDGE('',*,*,#12452,.F.);
#12452 = EDGE_CURVE('',#12453,#12455,#12457,.T.);
#12453 = VERTEX_POINT('',#12454);
#12454 = CARTESIAN_POINT('',(-53.98855682823,-66.40960571788,5.));
#12455 = VERTEX_POINT('',#12456);
#12456 = CARTESIAN_POINT('',(-53.98855682823,-66.40960571788,5.4));
#12457 = SURFACE_CURVE('',#12458,(#12462,#12474),.PCURVE_S1.);
#12458 = LINE('',#12459,#12460);
#12459 = CARTESIAN_POINT('',(-53.98855682823,-66.40960571788,5.));
#12460 = VECTOR('',#12461,1.);
#12461 = DIRECTION('',(0.,0.,1.));
#12462 = PCURVE('',#12463,#12468);
#12463 = PLANE('',#12464);
#12464 = AXIS2_PLACEMENT_3D('',#12465,#12466,#12467);
#12465 = CARTESIAN_POINT('',(-53.98855682823,-66.40960571788,5.));
#12466 = DIRECTION('',(-0.535826794979,-0.844327925502,0.));
#12467 = DIRECTION('',(0.,0.,1.));
#12468 = DEFINITIONAL_REPRESENTATION('',(#12469),#12473);
#12469 = LINE('',#12470,#12471);
#12470 = CARTESIAN_POINT('',(0.,0.));
#12471 = VECTOR('',#12472,1.);
#12472 = DIRECTION('',(1.,0.));
#12473 = ( GEOMETRIC_REPRESENTATION_CONTEXT(2) 
PARAMETRIC_REPRESENTATION_CONTEXT() REPRESENTATION_CONTEXT('2D SPACE',''
  ) );
#12474 = PCURVE('',#12475,#12480);
#12475 = PLANE('',#12476);
#12476 = AXIS2_PLACEMENT_3D('',#12477,#12478,#12479);
#12477 = CARTESIAN_POINT('',(-53.98855682823,-66.40960571788,5.));
#12478 = DIRECTION('',(0.844327925502,-0.535826794979,0.));
#12479 = DIRECTION('',(0.,0.,1.));
#12480 = DEFINITIONAL_REPRESENTATION('',(#12481),#12485);
#12481 = LINE('',#12482,#12483);
#12482 = CARTESIAN_POINT('',(0.,0.));
#12483 = VECTOR('',#12484,1.);
#12484 = DIRECTION('',(1.,0.));
#12485 = ( GEOMETRIC_REPRESENTATION_CONTEXT(2) 
PARAMETRIC_REPRESENTATION_CONTEXT() REPRESENTATION_CONTEXT('2D SPACE',''
  ) );
#12486 = ORIENTED_EDGE('',*,*,#12487,.T.);
#12487 = EDGE_CURVE('',#12453,#12488,#12490,.T.);
#12488 = VERTEX_POINT('',#12489);
#12489 = CARTESIAN_POINT('',(-37.10199831819,-77.12614161746,5.));
#12490 = SURFACE_CURVE('',#12491,(#12495,#12502),.PCURVE_S1.);
#12491 = LINE('',#12492,#12493);
#12492 = CARTESIAN_POINT('',(-53.98855682823,-66.40960571788,5.));
#12493 = VECTOR('',#12494,1.);
#12494 = DIRECTION('',(0.844327925502,-0.535826794979,0.));
#12495 = PCURVE('',#12463,#12496);
#12496 = DEFINITIONAL_REPRESENTATION('',(#12497),#12501);
#12497 = LINE('',#12498,#12499);
#12498 = CARTESIAN_POINT('',(0.,0.));
#12499 = VECTOR('',#12500,1.);
#12500 = DIRECTION('',(0.,-1.));
#12501 = ( GEOMETRIC_REPRESENTATION_CONTEXT(2) 
PARAMETRIC_REPRESENTATION_CONTEXT() REPRESENTATION_CONTEXT('2D SPACE',''
  ) );
#12502 = PCURVE('',#12503,#12508);
#12503 = PLANE('',#12504);
#12504 = AXIS2_PLACEMENT_3D('',#12505,#12506,#12507);
#12505 = CARTESIAN_POINT('',(-53.98855682823,-66.40960571788,5.));
#12506 = DIRECTION('',(0.,0.,1.));
#12507 = DIRECTION('',(-0.535826794979,-0.844327925502,0.));
#12508 = DEFINITIONAL_REPRESENTATION('',(#12509),#12513);
#12509 = LINE('',#12510,#12511);
#12510 = CARTESIAN_POINT('',(0.,0.));
#12511 = VECTOR('',#12512,1.);
#12512 = DIRECTION('',(0.,1.));
#12513 = ( GEOMETRIC_REPRESENTATION_CONTEXT(2) 
PARAMETRIC_REPRESENTATION_CONTEXT() REPRESENTATION_CONTEXT('2D SPACE',''
  ) );
#12514 = ORIENTED_EDGE('',*,*,#12515,.T.);
#12515 = EDGE_CURVE('',#12488,#12516,#12518,.T.);
#12516 = VERTEX_POINT('',#12517);
#12517 = CARTESIAN_POINT('',(-37.10199831819,-77.12614161746,5.4));
#12518 = SURFACE_CURVE('',#12519,(#12523,#12530),.PCURVE_S1.);
#12519 = LINE('',#12520,#12521);
#12520 = CARTESIAN_POINT('',(-37.10199831819,-77.12614161746,5.));
#12521 = VECTOR('',#12522,1.);
#12522 = DIRECTION('',(0.,0.,1.));
#12523 = PCURVE('',#12463,#12524);
#12524 = DEFINITIONAL_REPRESENTATION('',(#12525),#12529);
#12525 = LINE('',#12526,#12527);
#12526 = CARTESIAN_POINT('',(0.,-20.));
#12527 = VECTOR('',#12528,1.);
#12528 = DIRECTION('',(1.,0.));
#12529 = ( GEOMETRIC_REPRESENTATION_CONTEXT(2) 
PARAMETRIC_REPRESENTATION_CONTEXT() REPRESENTATION_CONTEXT('2D SPACE',''
  ) );
#12530 = PCURVE('',#12531,#12536);
#12531 = PLANE('',#12532);
#12532 = AXIS2_PLACEMENT_3D('',#12533,#12534,#12535);
#12533 = CARTESIAN_POINT('',(-37.10199831819,-77.12614161746,5.));
#12534 = DIRECTION('',(0.844327925502,-0.535826794979,0.));
#12535 = DIRECTION('',(0.,0.,1.));
#12536 = DEFINITIONAL_REPRESENTATION('',(#12537),#12541);
#12537 = LINE('',#12538,#12539);
#12538 = CARTESIAN_POINT('',(0.,0.));
#12539 = VECTOR('',#12540,1.);
#12540 = DIRECTION('',(1.,0.));
#12541 = ( GEOMETRIC_REPRESENTATION_CONTEXT(2) 
PARAMETRIC_REPRESENTATION_CONTEXT() REPRESENTATION_CONTEXT('2D SPACE',''
  ) );
#12542 = ORIENTED_EDGE('',*,*,#12543,.F.);
#12543 = EDGE_CURVE('',#12455,#12516,#12544,.T.);
#12544 = SURFACE_CURVE('',#12545,(#12549,#12556),.PCURVE_S1.);
#12545 = LINE('',#12546,#12547);
#12546 = CARTESIAN_POINT('',(-53.98855682823,-66.40960571788,5.4));
#12547 = VECTOR('',#12548,1.);
#12548 = DIRECTION('',(0.844327925502,-0.535826794979,0.));
#12549 = PCURVE('',#12463,#12550);
#12550 = DEFINITIONAL_REPRESENTATION('',(#12551),#12555);
#12551 = LINE('',#12552,#12553);
#12552 = CARTESIAN_POINT('',(0.4,0.));
#12553 = VECTOR('',#12554,1.);
#12554 = DIRECTION('',(0.,-1.));
#12555 = ( GEOMETRIC_REPRESENTATION_CONTEXT(2) 
PARAMETRIC_REPRESENTATION_CONTEXT() REPRESENTATION_CONTEXT('2D SPACE',''
  ) );
#12556 = PCURVE('',#12557,#12562);
#12557 = PLANE('',#12558);
#12558 = AXIS2_PLACEMENT_3D('',#12559,#12560,#12561);
#12559 = CARTESIAN_POINT('',(-53.98855682823,-66.40960571788,5.4));
#12560 = DIRECTION('',(0.,0.,1.));
#12561 = DIRECTION('',(-0.535826794979,-0.844327925502,0.));
#12562 = DEFINITIONAL_REPRESENTATION('',(#12563),#12567);
#12563 = LINE('',#12564,#12565);
#12564 = CARTESIAN_POINT('',(0.,0.));
#12565 = VECTOR('',#12566,1.);
#12566 = DIRECTION('',(0.,1.));
#12567 = ( GEOMETRIC_REPRESENTATION_CONTEXT(2) 
PARAMETRIC_REPRESENTATION_CONTEXT() REPRESENTATION_CONTEXT('2D SPACE',''
  ) );
#12568 = ADVANCED_FACE('',(#12569),#12583,.T.);
#12569 = FACE_BOUND('',#12570,.T.);
#12570 = EDGE_LOOP('',(#12571,#12601,#12624,#12647));
#12571 = ORIENTED_EDGE('',*,*,#12572,.F.);
#12572 = EDGE_CURVE('',#12573,#12575,#12577,.T.);
#12573 = VERTEX_POINT('',#12574);
#12574 = CARTESIAN_POINT('',(-139.7208440248,-201.5020737982,5.));
#12575 = VERTEX_POINT('',#12576);
#12576 = CARTESIAN_POINT('',(-139.7208440248,-201.5020737982,5.4));
#12577 = SURFACE_CURVE('',#12578,(#12582,#12594),.PCURVE_S1.);
#12578 = LINE('',#12579,#12580);
#12579 = CARTESIAN_POINT('',(-139.7208440248,-201.5020737982,5.));
#12580 = VECTOR('',#12581,1.);
#12581 = DIRECTION('',(0.,0.,1.));
#12582 = PCURVE('',#12583,#12588);
#12583 = PLANE('',#12584);
#12584 = AXIS2_PLACEMENT_3D('',#12585,#12586,#12587);
#12585 = CARTESIAN_POINT('',(-139.7208440248,-201.5020737982,5.));
#12586 = DIRECTION('',(-0.535826794979,-0.844327925502,0.));
#12587 = DIRECTION('',(0.,0.,1.));
#12588 = DEFINITIONAL_REPRESENTATION('',(#12589),#12593);
#12589 = LINE('',#12590,#12591);
#12590 = CARTESIAN_POINT('',(0.,0.));
#12591 = VECTOR('',#12592,1.);
#12592 = DIRECTION('',(1.,0.));
#12593 = ( GEOMETRIC_REPRESENTATION_CONTEXT(2) 
PARAMETRIC_REPRESENTATION_CONTEXT() REPRESENTATION_CONTEXT('2D SPACE',''
  ) );
#12594 = PCURVE('',#12475,#12595);
#12595 = DEFINITIONAL_REPRESENTATION('',(#12596),#12600);
#12596 = LINE('',#12597,#12598);
#12597 = CARTESIAN_POINT('',(0.,160.));
#12598 = VECTOR('',#12599,1.);
#12599 = DIRECTION('',(1.,0.));
#12600 = ( GEOMETRIC_REPRESENTATION_CONTEXT(2) 
PARAMETRIC_REPRESENTATION_CONTEXT() REPRESENTATION_CONTEXT('2D SPACE',''
  ) );
#12601 = ORIENTED_EDGE('',*,*,#12602,.T.);
#12602 = EDGE_CURVE('',#12573,#12603,#12605,.T.);
#12603 = VERTEX_POINT('',#12604);
#12604 = CARTESIAN_POINT('',(-122.8342855148,-212.2186096977,5.));
#12605 = SURFACE_CURVE('',#12606,(#12610,#12617),.PCURVE_S1.);
#12606 = LINE('',#12607,#12608);
#12607 = CARTESIAN_POINT('',(-139.7208440248,-201.5020737982,5.));
#12608 = VECTOR('',#12609,1.);
#12609 = DIRECTION('',(0.844327925502,-0.535826794979,0.));
#12610 = PCURVE('',#12583,#12611);
#12611 = DEFINITIONAL_REPRESENTATION('',(#12612),#12616);
#12612 = LINE('',#12613,#12614);
#12613 = CARTESIAN_POINT('',(0.,0.));
#12614 = VECTOR('',#12615,1.);
#12615 = DIRECTION('',(0.,-1.));
#12616 = ( GEOMETRIC_REPRESENTATION_CONTEXT(2) 
PARAMETRIC_REPRESENTATION_CONTEXT() REPRESENTATION_CONTEXT('2D SPACE',''
  ) );
#12617 = PCURVE('',#12503,#12618);
#12618 = DEFINITIONAL_REPRESENTATION('',(#12619),#12623);
#12619 = LINE('',#12620,#12621);
#12620 = CARTESIAN_POINT('',(160.,0.));
#12621 = VECTOR('',#12622,1.);
#12622 = DIRECTION('',(0.,1.));
#12623 = ( GEOMETRIC_REPRESENTATION_CONTEXT(2) 
PARAMETRIC_REPRESENTATION_CONTEXT() REPRESENTATION_CONTEXT('2D SPACE',''
  ) );
#12624 = ORIENTED_EDGE('',*,*,#12625,.T.);
#12625 = EDGE_CURVE('',#12603,#12626,#12628,.T.);
#12626 = VERTEX_POINT('',#12627);
#12627 = CARTESIAN_POINT('',(-122.8342855148,-212.2186096977,5.4));
#12628 = SURFACE_CURVE('',#12629,(#12633,#12640),.PCURVE_S1.);
#12629 = LINE('',#12630,#12631);
#12630 = CARTESIAN_POINT('',(-122.8342855148,-212.2186096977,5.));
#12631 = VECTOR('',#12632,1.);
#12632 = DIRECTION('',(0.,0.,1.));
#12633 = PCURVE('',#12583,#12634);
#12634 = DEFINITIONAL_REPRESENTATION('',(#12635),#12639);
#12635 = LINE('',#12636,#12637);
#12636 = CARTESIAN_POINT('',(0.,-20.));
#12637 = VECTOR('',#12638,1.);
#12638 = DIRECTION('',(1.,0.));
#12639 = ( GEOMETRIC_REPRESENTATION_CONTEXT(2) 
PARAMETRIC_REPRESENTATION_CONTEXT() REPRESENTATION_CONTEXT('2D SPACE',''
  ) );
#12640 = PCURVE('',#12531,#12641);
#12641 = DEFINITIONAL_REPRESENTATION('',(#12642),#12646);
#12642 = LINE('',#12643,#12644);
#12643 = CARTESIAN_POINT('',(0.,160.));
#12644 = VECTOR('',#12645,1.);
#12645 = DIRECTION('',(1.,0.));
#12646 = ( GEOMETRIC_REPRESENTATION_CONTEXT(2) 
PARAMETRIC_REPRESENTATION_CONTEXT() REPRESENTATION_CONTEXT('2D SPACE',''
  ) );
#12647 = ORIENTED_EDGE('',*,*,#12648,.F.);
#12648 = EDGE_CURVE('',#12575,#12626,#12649,.T.);
#12649 = SURFACE_CURVE('',#12650,(#12654,#12661),.PCURVE_S1.);
#12650 = LINE('',#12651,#12652);
#12651 = CARTESIAN_POINT('',(-139.7208440248,-201.5020737982,5.4));
#12652 = VECTOR('',#12653,1.);
#12653 = DIRECTION('',(0.844327925502,-0.535826794979,0.));
#12654 = PCURVE('',#12583,#12655);
#12655 = DEFINITIONAL_REPRESENTATION('',(#12656),#12660);
#12656 = LINE('',#12657,#12658);
#12657 = CARTESIAN_POINT('',(0.4,0.));
#12658 = VECTOR('',#12659,1.);
#12659 = DIRECTION('',(0.,-1.));
#12660 = ( GEOMETRIC_REPRESENTATION_CONTEXT(2) 
PARAMETRIC_REPRESENTATION_CONTEXT() REPRESENTATION_CONTEXT('2D SPACE',''
  ) );
#12661 = PCURVE('',#12557,#12662);
#12662 = DEFINITIONAL_REPRESENTATION('',(#12663),#12667);
#12663 = LINE('',#12664,#12665);
#12664 = CARTESIAN_POINT('',(160.,0.));
#12665 = VECTOR('',#12666,1.);
#12666 = DIRECTION('',(0.,1.));
#12667 = ( GEOMETRIC_REPRESENTATION_CONTEXT(2) 
PARAMETRIC_REPRESENTATION_CONTEXT() REPRESENTATION_CONTEXT('2D SPACE',''
  ) );
#12668 = ADVANCED_FACE('',(#12669),#12475,.F.);
#12669 = FACE_BOUND('',#12670,.F.);
#12670 = EDGE_LOOP('',(#12671,#12692,#12693,#12714));
#12671 = ORIENTED_EDGE('',*,*,#12672,.F.);
#12672 = EDGE_CURVE('',#12453,#12573,#12673,.T.);
#12673 = SURFACE_CURVE('',#12674,(#12678,#12685),.PCURVE_S1.);
#12674 = LINE('',#12675,#12676);
#12675 = CARTESIAN_POINT('',(-53.98855682823,-66.40960571788,5.));
#12676 = VECTOR('',#12677,1.);
#12677 = DIRECTION('',(-0.535826794979,-0.844327925502,0.));
#12678 = PCURVE('',#12475,#12679);
#12679 = DEFINITIONAL_REPRESENTATION('',(#12680),#12684);
#12680 = LINE('',#12681,#12682);
#12681 = CARTESIAN_POINT('',(0.,0.));
#12682 = VECTOR('',#12683,1.);
#12683 = DIRECTION('',(0.,1.));
#12684 = ( GEOMETRIC_REPRESENTATION_CONTEXT(2) 
PARAMETRIC_REPRESENTATION_CONTEXT() REPRESENTATION_CONTEXT('2D SPACE',''
  ) );
#12685 = PCURVE('',#12503,#12686);
#12686 = DEFINITIONAL_REPRESENTATION('',(#12687),#12691);
#12687 = LINE('',#12688,#12689);
#12688 = CARTESIAN_POINT('',(0.,0.));
#12689 = VECTOR('',#12690,1.);
#12690 = DIRECTION('',(1.,0.));
#12691 = ( GEOMETRIC_REPRESENTATION_CONTEXT(2) 
PARAMETRIC_REPRESENTATION_CONTEXT() REPRESENTATION_CONTEXT('2D SPACE',''
  ) );
#12692 = ORIENTED_EDGE('',*,*,#12452,.T.);
#12693 = ORIENTED_EDGE('',*,*,#12694,.T.);
#12694 = EDGE_CURVE('',#12455,#12575,#12695,.T.);
#12695 = SURFACE_CURVE('',#12696,(#12700,#12707),.PCURVE_S1.);
#12696 = LINE('',#12697,#12698);
#12697 = CARTESIAN_POINT('',(-53.98855682823,-66.40960571788,5.4));
#12698 = VECTOR('',#12699,1.);
#12699 = DIRECTION('',(-0.535826794979,-0.844327925502,0.));
#12700 = PCURVE('',#12475,#12701);
#12701 = DEFINITIONAL_REPRESENTATION('',(#12702),#12706);
#12702 = LINE('',#12703,#12704);
#12703 = CARTESIAN_POINT('',(0.4,0.));
#12704 = VECTOR('',#12705,1.);
#12705 = DIRECTION('',(0.,1.));
#12706 = ( GEOMETRIC_REPRESENTATION_CONTEXT(2) 
PARAMETRIC_REPRESENTATION_CONTEXT() REPRESENTATION_CONTEXT('2D SPACE',''
  ) );
#12707 = PCURVE('',#12557,#12708);
#12708 = DEFINITIONAL_REPRESENTATION('',(#12709),#12713);
#12709 = LINE('',#12710,#12711);
#12710 = CARTESIAN_POINT('',(0.,0.));
#12711 = VECTOR('',#12712,1.);
#12712 = DIRECTION('',(1.,0.));
#12713 = ( GEOMETRIC_REPRESENTATION_CONTEXT(2) 
PARAMETRIC_REPRESENTATION_CONTEXT() REPRESENTATION_CONTEXT('2D SPACE',''
  ) );
#12714 = ORIENTED_EDGE('',*,*,#12572,.F.);
#12715 = ADVANCED_FACE('',(#12716),#12531,.T.);
#12716 = FACE_BOUND('',#12717,.T.);
#12717 = EDGE_LOOP('',(#12718,#12739,#12740,#12761));
#12718 = ORIENTED_EDGE('',*,*,#12719,.F.);
#12719 = EDGE_CURVE('',#12488,#12603,#12720,.T.);
#12720 = SURFACE_CURVE('',#12721,(#12725,#12732),.PCURVE_S1.);
#12721 = LINE('',#12722,#12723);
#12722 = CARTESIAN_POINT('',(-37.10199831819,-77.12614161746,5.));
#12723 = VECTOR('',#12724,1.);
#12724 = DIRECTION('',(-0.535826794979,-0.844327925502,0.));
#12725 = PCURVE('',#12531,#12726);
#12726 = DEFINITIONAL_REPRESENTATION('',(#12727),#12731);
#12727 = LINE('',#12728,#12729);
#12728 = CARTESIAN_POINT('',(0.,0.));
#12729 = VECTOR('',#12730,1.);
#12730 = DIRECTION('',(0.,1.));
#12731 = ( GEOMETRIC_REPRESENTATION_CONTEXT(2) 
PARAMETRIC_REPRESENTATION_CONTEXT() REPRESENTATION_CONTEXT('2D SPACE',''
  ) );
#12732 = PCURVE('',#12503,#12733);
#12733 = DEFINITIONAL_REPRESENTATION('',(#12734),#12738);
#12734 = LINE('',#12735,#12736);
#12735 = CARTESIAN_POINT('',(1.42108547152E-14,20.));
#12736 = VECTOR('',#12737,1.);
#12737 = DIRECTION('',(1.,0.));
#12738 = ( GEOMETRIC_REPRESENTATION_CONTEXT(2) 
PARAMETRIC_REPRESENTATION_CONTEXT() REPRESENTATION_CONTEXT('2D SPACE',''
  ) );
#12739 = ORIENTED_EDGE('',*,*,#12515,.T.);
#12740 = ORIENTED_EDGE('',*,*,#12741,.T.);
#12741 = EDGE_CURVE('',#12516,#12626,#12742,.T.);
#12742 = SURFACE_CURVE('',#12743,(#12747,#12754),.PCURVE_S1.);
#12743 = LINE('',#12744,#12745);
#12744 = CARTESIAN_POINT('',(-37.10199831819,-77.12614161746,5.4));
#12745 = VECTOR('',#12746,1.);
#12746 = DIRECTION('',(-0.535826794979,-0.844327925502,0.));
#12747 = PCURVE('',#12531,#12748);
#12748 = DEFINITIONAL_REPRESENTATION('',(#12749),#12753);
#12749 = LINE('',#12750,#12751);
#12750 = CARTESIAN_POINT('',(0.4,0.));
#12751 = VECTOR('',#12752,1.);
#12752 = DIRECTION('',(0.,1.));
#12753 = ( GEOMETRIC_REPRESENTATION_CONTEXT(2) 
PARAMETRIC_REPRESENTATION_CONTEXT() REPRESENTATION_CONTEXT('2D SPACE',''
  ) );
#12754 = PCURVE('',#12557,#12755);
#12755 = DEFINITIONAL_REPRESENTATION('',(#12756),#12760);
#12756 = LINE('',#12757,#12758);
#12757 = CARTESIAN_POINT('',(1.42108547152E-14,20.));
#12758 = VECTOR('',#12759,1.);
#12759 = DIRECTION('',(1.,0.));
#12760 = ( GEOMETRIC_REPRESENTATION_CONTEXT(2) 
PARAMETRIC_REPRESENTATION_CONTEXT() REPRESENTATION_CONTEXT('2D SPACE',''
  ) );
#12761 = ORIENTED_EDGE('',*,*,#12625,.F.);
#12762 = ADVANCED_FACE('',(#12763),#12503,.F.);
#12763 = FACE_BOUND('',#12764,.F.);
#12764 = EDGE_LOOP('',(#12765,#12766,#12767,#12768));
#12765 = ORIENTED_EDGE('',*,*,#12487,.F.);
#12766 = ORIENTED_EDGE('',*,*,#12672,.T.);
#12767 = ORIENTED_EDGE('',*,*,#12602,.T.);
#12768 = ORIENTED_EDGE('',*,*,#12719,.F.);
#12769 = ADVANCED_FACE('',(#12770),#12557,.T.);
#12770 = FACE_BOUND('',#12771,.T.);
#12771 = EDGE_LOOP('',(#12772,#12773,#12774,#12775));
#12772 = ORIENTED_EDGE('',*,*,#12543,.F.);
#12773 = ORIENTED_EDGE('',*,*,#12694,.T.);
#12774 = ORIENTED_EDGE('',*,*,#12648,.T.);
#12775 = ORIENTED_EDGE('',*,*,#12741,.F.);
#12776 = ( GEOMETRIC_REPRESENTATION_CONTEXT(3) 
GLOBAL_UNCERTAINTY_ASSIGNED_CONTEXT((#12780)) 
GLOBAL_UNIT_ASSIGNED_CONTEXT((#12777,#12778,#12779)) 
REPRESENTATION_CONTEXT('Context #1',
  '3D Context with UNIT and UNCERTAINTY') );
#12777 = ( LENGTH_UNIT() NAMED_UNIT(*) SI_UNIT(.MILLI.,.METRE.) );
#12778 = ( NAMED_UNIT(*) PLANE_ANGLE_UNIT() SI_UNIT($,.RADIAN.) );
#12779 = ( NAMED_UNIT(*) SI_UNIT($,.STERADIAN.) SOLID_ANGLE_UNIT() );
#12780 = UNCERTAINTY_MEASURE_WITH_UNIT(LENGTH_MEASURE(1.E-07),#12777,
  'distance_accuracy_value','confusion accuracy');
#12781 = CONTEXT_DEPENDENT_SHAPE_REPRESENTATION(#12782,#12784);
#12782 = ( REPRESENTATION_RELATIONSHIP('','',#12445,#709) 
REPRESENTATION_RELATIONSHIP_WITH_TRANSFORMATION(#12783) 
SHAPE_REPRESENTATION_RELATIONSHIP() );
#12783 = ITEM_DEFINED_TRANSFORMATION('','',#11,#842);
#12784 = PRODUCT_DEFINITION_SHAPE('Placement','Placement of an item',
  #12785);
#12785 = NEXT_ASSEMBLY_USAGE_OCCURRENCE('42','','',#704,#12440,$);
#12786 = PRODUCT_RELATED_PRODUCT_CATEGORY('part',$,(#12442));
#12787 = SHAPE_DEFINITION_REPRESENTATION(#12788,#12794);
#12788 = PRODUCT_DEFINITION_SHAPE('','',#12789);
#12789 = PRODUCT_DEFINITION('design','',#12790,#12793);
#12790 = PRODUCT_DEFINITION_FORMATION('','',#12791);
#12791 = PRODUCT('Open CASCADE STEP translator 7.9 2.2.35',
  'Open CASCADE STEP translator 7.9 2.2.35','',(#12792));
#12792 = PRODUCT_CONTEXT('',#2,'mechanical');
#12793 = PRODUCT_DEFINITION_CONTEXT('part definition',#2,'design');
#12794 = ADVANCED_BREP_SHAPE_REPRESENTATION('',(#11,#12795),#13125);
#12795 = MANIFOLD_SOLID_BREP('',#12796);
#12796 = CLOSED_SHELL('',(#12797,#12917,#13017,#13064,#13111,#13118));
#12797 = ADVANCED_FACE('',(#12798),#12812,.F.);
#12798 = FACE_BOUND('',#12799,.F.);
#12799 = EDGE_LOOP('',(#12800,#12835,#12863,#12891));
#12800 = ORIENTED_EDGE('',*,*,#12801,.F.);
#12801 = EDGE_CURVE('',#12802,#12804,#12806,.T.);
#12802 = VERTEX_POINT('',#12803);
#12803 = CARTESIAN_POINT('',(-45.23951030769,-72.65250654396,5.));
#12804 = VERTEX_POINT('',#12805);
#12805 = CARTESIAN_POINT('',(-45.23951030769,-72.65250654396,5.4));
#12806 = SURFACE_CURVE('',#12807,(#12811,#12823),.PCURVE_S1.);
#12807 = LINE('',#12808,#12809);
#12808 = CARTESIAN_POINT('',(-45.23951030769,-72.65250654396,5.));
#12809 = VECTOR('',#12810,1.);
#12810 = DIRECTION('',(0.,0.,1.));
#12811 = PCURVE('',#12812,#12817);
#12812 = PLANE('',#12813);
#12813 = AXIS2_PLACEMENT_3D('',#12814,#12815,#12816);
#12814 = CARTESIAN_POINT('',(-45.23951030769,-72.65250654396,5.));
#12815 = DIRECTION('',(-0.425779291565,-0.904827052466,0.));
#12816 = DIRECTION('',(0.,0.,1.));
#12817 = DEFINITIONAL_REPRESENTATION('',(#12818),#12822);
#12818 = LINE('',#12819,#12820);
#12819 = CARTESIAN_POINT('',(0.,0.));
#12820 = VECTOR('',#12821,1.);
#12821 = DIRECTION('',(1.,0.));
#12822 = ( GEOMETRIC_REPRESENTATION_CONTEXT(2) 
PARAMETRIC_REPRESENTATION_CONTEXT() REPRESENTATION_CONTEXT('2D SPACE',''
  ) );
#12823 = PCURVE('',#12824,#12829);
#12824 = PLANE('',#12825);
#12825 = AXIS2_PLACEMENT_3D('',#12826,#12827,#12828);
#12826 = CARTESIAN_POINT('',(-45.23951030769,-72.65250654396,5.));
#12827 = DIRECTION('',(0.904827052466,-0.425779291565,0.));
#12828 = DIRECTION('',(0.,0.,1.));
#12829 = DEFINITIONAL_REPRESENTATION('',(#12830),#12834);
#12830 = LINE('',#12831,#12832);
#12831 = CARTESIAN_POINT('',(0.,0.));
#12832 = VECTOR('',#12833,1.);
#12833 = DIRECTION('',(1.,0.));
#12834 = ( GEOMETRIC_REPRESENTATION_CONTEXT(2) 
PARAMETRIC_REPRESENTATION_CONTEXT() REPRESENTATION_CONTEXT('2D SPACE',''
  ) );
#12835 = ORIENTED_EDGE('',*,*,#12836,.T.);
#12836 = EDGE_CURVE('',#12802,#12837,#12839,.T.);
#12837 = VERTEX_POINT('',#12838);
#12838 = CARTESIAN_POINT('',(-27.14296925837,-81.16809237526,5.));
#12839 = SURFACE_CURVE('',#12840,(#12844,#12851),.PCURVE_S1.);
#12840 = LINE('',#12841,#12842);
#12841 = CARTESIAN_POINT('',(-45.23951030769,-72.65250654396,5.));
#12842 = VECTOR('',#12843,1.);
#12843 = DIRECTION('',(0.904827052466,-0.425779291565,0.));
#12844 = PCURVE('',#12812,#12845);
#12845 = DEFINITIONAL_REPRESENTATION('',(#12846),#12850);
#12846 = LINE('',#12847,#12848);
#12847 = CARTESIAN_POINT('',(0.,0.));
#12848 = VECTOR('',#12849,1.);
#12849 = DIRECTION('',(0.,-1.));
#12850 = ( GEOMETRIC_REPRESENTATION_CONTEXT(2) 
PARAMETRIC_REPRESENTATION_CONTEXT() REPRESENTATION_CONTEXT('2D SPACE',''
  ) );
#12851 = PCURVE('',#12852,#12857);
#12852 = PLANE('',#12853);
#12853 = AXIS2_PLACEMENT_3D('',#12854,#12855,#12856);
#12854 = CARTESIAN_POINT('',(-45.23951030769,-72.65250654396,5.));
#12855 = DIRECTION('',(0.,0.,1.));
#12856 = DIRECTION('',(-0.425779291565,-0.904827052466,0.));
#12857 = DEFINITIONAL_REPRESENTATION('',(#12858),#12862);
#12858 = LINE('',#12859,#12860);
#12859 = CARTESIAN_POINT('',(0.,0.));
#12860 = VECTOR('',#12861,1.);
#12861 = DIRECTION('',(0.,1.));
#12862 = ( GEOMETRIC_REPRESENTATION_CONTEXT(2) 
PARAMETRIC_REPRESENTATION_CONTEXT() REPRESENTATION_CONTEXT('2D SPACE',''
  ) );
#12863 = ORIENTED_EDGE('',*,*,#12864,.T.);
#12864 = EDGE_CURVE('',#12837,#12865,#12867,.T.);
#12865 = VERTEX_POINT('',#12866);
#12866 = CARTESIAN_POINT('',(-27.14296925837,-81.16809237526,5.4));
#12867 = SURFACE_CURVE('',#12868,(#12872,#12879),.PCURVE_S1.);
#12868 = LINE('',#12869,#12870);
#12869 = CARTESIAN_POINT('',(-27.14296925837,-81.16809237526,5.));
#12870 = VECTOR('',#12871,1.);
#12871 = DIRECTION('',(0.,0.,1.));
#12872 = PCURVE('',#12812,#12873);
#12873 = DEFINITIONAL_REPRESENTATION('',(#12874),#12878);
#12874 = LINE('',#12875,#12876);
#12875 = CARTESIAN_POINT('',(0.,-20.));
#12876 = VECTOR('',#12877,1.);
#12877 = DIRECTION('',(1.,0.));
#12878 = ( GEOMETRIC_REPRESENTATION_CONTEXT(2) 
PARAMETRIC_REPRESENTATION_CONTEXT() REPRESENTATION_CONTEXT('2D SPACE',''
  ) );
#12879 = PCURVE('',#12880,#12885);
#12880 = PLANE('',#12881);
#12881 = AXIS2_PLACEMENT_3D('',#12882,#12883,#12884);
#12882 = CARTESIAN_POINT('',(-27.14296925837,-81.16809237526,5.));
#12883 = DIRECTION('',(0.904827052466,-0.425779291565,0.));
#12884 = DIRECTION('',(0.,0.,1.));
#12885 = DEFINITIONAL_REPRESENTATION('',(#12886),#12890);
#12886 = LINE('',#12887,#12888);
#12887 = CARTESIAN_POINT('',(0.,0.));
#12888 = VECTOR('',#12889,1.);
#12889 = DIRECTION('',(1.,0.));
#12890 = ( GEOMETRIC_REPRESENTATION_CONTEXT(2) 
PARAMETRIC_REPRESENTATION_CONTEXT() REPRESENTATION_CONTEXT('2D SPACE',''
  ) );
#12891 = ORIENTED_EDGE('',*,*,#12892,.F.);
#12892 = EDGE_CURVE('',#12804,#12865,#12893,.T.);
#12893 = SURFACE_CURVE('',#12894,(#12898,#12905),.PCURVE_S1.);
#12894 = LINE('',#12895,#12896);
#12895 = CARTESIAN_POINT('',(-45.23951030769,-72.65250654396,5.4));
#12896 = VECTOR('',#12897,1.);
#12897 = DIRECTION('',(0.904827052466,-0.425779291565,0.));
#12898 = PCURVE('',#12812,#12899);
#12899 = DEFINITIONAL_REPRESENTATION('',(#12900),#12904);
#12900 = LINE('',#12901,#12902);
#12901 = CARTESIAN_POINT('',(0.4,0.));
#12902 = VECTOR('',#12903,1.);
#12903 = DIRECTION('',(0.,-1.));
#12904 = ( GEOMETRIC_REPRESENTATION_CONTEXT(2) 
PARAMETRIC_REPRESENTATION_CONTEXT() REPRESENTATION_CONTEXT('2D SPACE',''
  ) );
#12905 = PCURVE('',#12906,#12911);
#12906 = PLANE('',#12907);
#12907 = AXIS2_PLACEMENT_3D('',#12908,#12909,#12910);
#12908 = CARTESIAN_POINT('',(-45.23951030769,-72.65250654396,5.4));
#12909 = DIRECTION('',(0.,0.,1.));
#12910 = DIRECTION('',(-0.425779291565,-0.904827052466,0.));
#12911 = DEFINITIONAL_REPRESENTATION('',(#12912),#12916);
#12912 = LINE('',#12913,#12914);
#12913 = CARTESIAN_POINT('',(0.,0.));
#12914 = VECTOR('',#12915,1.);
#12915 = DIRECTION('',(0.,1.));
#12916 = ( GEOMETRIC_REPRESENTATION_CONTEXT(2) 
PARAMETRIC_REPRESENTATION_CONTEXT() REPRESENTATION_CONTEXT('2D SPACE',''
  ) );
#12917 = ADVANCED_FACE('',(#12918),#12932,.T.);
#12918 = FACE_BOUND('',#12919,.T.);
#12919 = EDGE_LOOP('',(#12920,#12950,#12973,#12996));
#12920 = ORIENTED_EDGE('',*,*,#12921,.F.);
#12921 = EDGE_CURVE('',#12922,#12924,#12926,.T.);
#12922 = VERTEX_POINT('',#12923);
#12923 = CARTESIAN_POINT('',(-113.3641969581,-217.4248349385,5.));
#12924 = VERTEX_POINT('',#12925);
#12925 = CARTESIAN_POINT('',(-113.3641969581,-217.4248349385,5.4));
#12926 = SURFACE_CURVE('',#12927,(#12931,#12943),.PCURVE_S1.);
#12927 = LINE('',#12928,#12929);
#12928 = CARTESIAN_POINT('',(-113.3641969581,-217.4248349385,5.));
#12929 = VECTOR('',#12930,1.);
#12930 = DIRECTION('',(0.,0.,1.));
#12931 = PCURVE('',#12932,#12937);
#12932 = PLANE('',#12933);
#12933 = AXIS2_PLACEMENT_3D('',#12934,#12935,#12936);
#12934 = CARTESIAN_POINT('',(-113.3641969581,-217.4248349385,5.));
#12935 = DIRECTION('',(-0.425779291565,-0.904827052466,0.));
#12936 = DIRECTION('',(0.,0.,1.));
#12937 = DEFINITIONAL_REPRESENTATION('',(#12938),#12942);
#12938 = LINE('',#12939,#12940);
#12939 = CARTESIAN_POINT('',(0.,0.));
#12940 = VECTOR('',#12941,1.);
#12941 = DIRECTION('',(1.,0.));
#12942 = ( GEOMETRIC_REPRESENTATION_CONTEXT(2) 
PARAMETRIC_REPRESENTATION_CONTEXT() REPRESENTATION_CONTEXT('2D SPACE',''
  ) );
#12943 = PCURVE('',#12824,#12944);
#12944 = DEFINITIONAL_REPRESENTATION('',(#12945),#12949);
#12945 = LINE('',#12946,#12947);
#12946 = CARTESIAN_POINT('',(0.,160.));
#12947 = VECTOR('',#12948,1.);
#12948 = DIRECTION('',(1.,0.));
#12949 = ( GEOMETRIC_REPRESENTATION_CONTEXT(2) 
PARAMETRIC_REPRESENTATION_CONTEXT() REPRESENTATION_CONTEXT('2D SPACE',''
  ) );
#12950 = ORIENTED_EDGE('',*,*,#12951,.T.);
#12951 = EDGE_CURVE('',#12922,#12952,#12954,.T.);
#12952 = VERTEX_POINT('',#12953);
#12953 = CARTESIAN_POINT('',(-95.26765590878,-225.9404207698,5.));
#12954 = SURFACE_CURVE('',#12955,(#12959,#12966),.PCURVE_S1.);
#12955 = LINE('',#12956,#12957);
#12956 = CARTESIAN_POINT('',(-113.3641969581,-217.4248349385,5.));
#12957 = VECTOR('',#12958,1.);
#12958 = DIRECTION('',(0.904827052466,-0.425779291565,0.));
#12959 = PCURVE('',#12932,#12960);
#12960 = DEFINITIONAL_REPRESENTATION('',(#12961),#12965);
#12961 = LINE('',#12962,#12963);
#12962 = CARTESIAN_POINT('',(0.,0.));
#12963 = VECTOR('',#12964,1.);
#12964 = DIRECTION('',(0.,-1.));
#12965 = ( GEOMETRIC_REPRESENTATION_CONTEXT(2) 
PARAMETRIC_REPRESENTATION_CONTEXT() REPRESENTATION_CONTEXT('2D SPACE',''
  ) );
#12966 = PCURVE('',#12852,#12967);
#12967 = DEFINITIONAL_REPRESENTATION('',(#12968),#12972);
#12968 = LINE('',#12969,#12970);
#12969 = CARTESIAN_POINT('',(160.,-7.105427357601E-15));
#12970 = VECTOR('',#12971,1.);
#12971 = DIRECTION('',(0.,1.));
#12972 = ( GEOMETRIC_REPRESENTATION_CONTEXT(2) 
PARAMETRIC_REPRESENTATION_CONTEXT() REPRESENTATION_CONTEXT('2D SPACE',''
  ) );
#12973 = ORIENTED_EDGE('',*,*,#12974,.T.);
#12974 = EDGE_CURVE('',#12952,#12975,#12977,.T.);
#12975 = VERTEX_POINT('',#12976);
#12976 = CARTESIAN_POINT('',(-95.26765590878,-225.9404207698,5.4));
#12977 = SURFACE_CURVE('',#12978,(#12982,#12989),.PCURVE_S1.);
#12978 = LINE('',#12979,#12980);
#12979 = CARTESIAN_POINT('',(-95.26765590878,-225.9404207698,5.));
#12980 = VECTOR('',#12981,1.);
#12981 = DIRECTION('',(0.,0.,1.));
#12982 = PCURVE('',#12932,#12983);
#12983 = DEFINITIONAL_REPRESENTATION('',(#12984),#12988);
#12984 = LINE('',#12985,#12986);
#12985 = CARTESIAN_POINT('',(0.,-20.));
#12986 = VECTOR('',#12987,1.);
#12987 = DIRECTION('',(1.,0.));
#12988 = ( GEOMETRIC_REPRESENTATION_CONTEXT(2) 
PARAMETRIC_REPRESENTATION_CONTEXT() REPRESENTATION_CONTEXT('2D SPACE',''
  ) );
#12989 = PCURVE('',#12880,#12990);
#12990 = DEFINITIONAL_REPRESENTATION('',(#12991),#12995);
#12991 = LINE('',#12992,#12993);
#12992 = CARTESIAN_POINT('',(0.,160.));
#12993 = VECTOR('',#12994,1.);
#12994 = DIRECTION('',(1.,0.));
#12995 = ( GEOMETRIC_REPRESENTATION_CONTEXT(2) 
PARAMETRIC_REPRESENTATION_CONTEXT() REPRESENTATION_CONTEXT('2D SPACE',''
  ) );
#12996 = ORIENTED_EDGE('',*,*,#12997,.F.);
#12997 = EDGE_CURVE('',#12924,#12975,#12998,.T.);
#12998 = SURFACE_CURVE('',#12999,(#13003,#13010),.PCURVE_S1.);
#12999 = LINE('',#13000,#13001);
#13000 = CARTESIAN_POINT('',(-113.3641969581,-217.4248349385,5.4));
#13001 = VECTOR('',#13002,1.);
#13002 = DIRECTION('',(0.904827052466,-0.425779291565,0.));
#13003 = PCURVE('',#12932,#13004);
#13004 = DEFINITIONAL_REPRESENTATION('',(#13005),#13009);
#13005 = LINE('',#13006,#13007);
#13006 = CARTESIAN_POINT('',(0.4,0.));
#13007 = VECTOR('',#13008,1.);
#13008 = DIRECTION('',(0.,-1.));
#13009 = ( GEOMETRIC_REPRESENTATION_CONTEXT(2) 
PARAMETRIC_REPRESENTATION_CONTEXT() REPRESENTATION_CONTEXT('2D SPACE',''
  ) );
#13010 = PCURVE('',#12906,#13011);
#13011 = DEFINITIONAL_REPRESENTATION('',(#13012),#13016);
#13012 = LINE('',#13013,#13014);
#13013 = CARTESIAN_POINT('',(160.,-7.105427357601E-15));
#13014 = VECTOR('',#13015,1.);
#13015 = DIRECTION('',(0.,1.));
#13016 = ( GEOMETRIC_REPRESENTATION_CONTEXT(2) 
PARAMETRIC_REPRESENTATION_CONTEXT() REPRESENTATION_CONTEXT('2D SPACE',''
  ) );
#13017 = ADVANCED_FACE('',(#13018),#12824,.F.);
#13018 = FACE_BOUND('',#13019,.F.);
#13019 = EDGE_LOOP('',(#13020,#13041,#13042,#13063));
#13020 = ORIENTED_EDGE('',*,*,#13021,.F.);
#13021 = EDGE_CURVE('',#12802,#12922,#13022,.T.);
#13022 = SURFACE_CURVE('',#13023,(#13027,#13034),.PCURVE_S1.);
#13023 = LINE('',#13024,#13025);
#13024 = CARTESIAN_POINT('',(-45.23951030769,-72.65250654396,5.));
#13025 = VECTOR('',#13026,1.);
#13026 = DIRECTION('',(-0.425779291565,-0.904827052466,0.));
#13027 = PCURVE('',#12824,#13028);
#13028 = DEFINITIONAL_REPRESENTATION('',(#13029),#13033);
#13029 = LINE('',#13030,#13031);
#13030 = CARTESIAN_POINT('',(0.,0.));
#13031 = VECTOR('',#13032,1.);
#13032 = DIRECTION('',(0.,1.));
#13033 = ( GEOMETRIC_REPRESENTATION_CONTEXT(2) 
PARAMETRIC_REPRESENTATION_CONTEXT() REPRESENTATION_CONTEXT('2D SPACE',''
  ) );
#13034 = PCURVE('',#12852,#13035);
#13035 = DEFINITIONAL_REPRESENTATION('',(#13036),#13040);
#13036 = LINE('',#13037,#13038);
#13037 = CARTESIAN_POINT('',(0.,0.));
#13038 = VECTOR('',#13039,1.);
#13039 = DIRECTION('',(1.,0.));
#13040 = ( GEOMETRIC_REPRESENTATION_CONTEXT(2) 
PARAMETRIC_REPRESENTATION_CONTEXT() REPRESENTATION_CONTEXT('2D SPACE',''
  ) );
#13041 = ORIENTED_EDGE('',*,*,#12801,.T.);
#13042 = ORIENTED_EDGE('',*,*,#13043,.T.);
#13043 = EDGE_CURVE('',#12804,#12924,#13044,.T.);
#13044 = SURFACE_CURVE('',#13045,(#13049,#13056),.PCURVE_S1.);
#13045 = LINE('',#13046,#13047);
#13046 = CARTESIAN_POINT('',(-45.23951030769,-72.65250654396,5.4));
#13047 = VECTOR('',#13048,1.);
#13048 = DIRECTION('',(-0.425779291565,-0.904827052466,0.));
#13049 = PCURVE('',#12824,#13050);
#13050 = DEFINITIONAL_REPRESENTATION('',(#13051),#13055);
#13051 = LINE('',#13052,#13053);
#13052 = CARTESIAN_POINT('',(0.4,0.));
#13053 = VECTOR('',#13054,1.);
#13054 = DIRECTION('',(0.,1.));
#13055 = ( GEOMETRIC_REPRESENTATION_CONTEXT(2) 
PARAMETRIC_REPRESENTATION_CONTEXT() REPRESENTATION_CONTEXT('2D SPACE',''
  ) );
#13056 = PCURVE('',#12906,#13057);
#13057 = DEFINITIONAL_REPRESENTATION('',(#13058),#13062);
#13058 = LINE('',#13059,#13060);
#13059 = CARTESIAN_POINT('',(0.,0.));
#13060 = VECTOR('',#13061,1.);
#13061 = DIRECTION('',(1.,0.));
#13062 = ( GEOMETRIC_REPRESENTATION_CONTEXT(2) 
PARAMETRIC_REPRESENTATION_CONTEXT() REPRESENTATION_CONTEXT('2D SPACE',''
  ) );
#13063 = ORIENTED_EDGE('',*,*,#12921,.F.);
#13064 = ADVANCED_FACE('',(#13065),#12880,.T.);
#13065 = FACE_BOUND('',#13066,.T.);
#13066 = EDGE_LOOP('',(#13067,#13088,#13089,#13110));
#13067 = ORIENTED_EDGE('',*,*,#13068,.F.);
#13068 = EDGE_CURVE('',#12837,#12952,#13069,.T.);
#13069 = SURFACE_CURVE('',#13070,(#13074,#13081),.PCURVE_S1.);
#13070 = LINE('',#13071,#13072);
#13071 = CARTESIAN_POINT('',(-27.14296925837,-81.16809237526,5.));
#13072 = VECTOR('',#13073,1.);
#13073 = DIRECTION('',(-0.425779291565,-0.904827052466,0.));
#13074 = PCURVE('',#12880,#13075);
#13075 = DEFINITIONAL_REPRESENTATION('',(#13076),#13080);
#13076 = LINE('',#13077,#13078);
#13077 = CARTESIAN_POINT('',(0.,0.));
#13078 = VECTOR('',#13079,1.);
#13079 = DIRECTION('',(0.,1.));
#13080 = ( GEOMETRIC_REPRESENTATION_CONTEXT(2) 
PARAMETRIC_REPRESENTATION_CONTEXT() REPRESENTATION_CONTEXT('2D SPACE',''
  ) );
#13081 = PCURVE('',#12852,#13082);
#13082 = DEFINITIONAL_REPRESENTATION('',(#13083),#13087);
#13083 = LINE('',#13084,#13085);
#13084 = CARTESIAN_POINT('',(6.217248937901E-15,20.));
#13085 = VECTOR('',#13086,1.);
#13086 = DIRECTION('',(1.,0.));
#13087 = ( GEOMETRIC_REPRESENTATION_CONTEXT(2) 
PARAMETRIC_REPRESENTATION_CONTEXT() REPRESENTATION_CONTEXT('2D SPACE',''
  ) );
#13088 = ORIENTED_EDGE('',*,*,#12864,.T.);
#13089 = ORIENTED_EDGE('',*,*,#13090,.T.);
#13090 = EDGE_CURVE('',#12865,#12975,#13091,.T.);
#13091 = SURFACE_CURVE('',#13092,(#13096,#13103),.PCURVE_S1.);
#13092 = LINE('',#13093,#13094);
#13093 = CARTESIAN_POINT('',(-27.14296925837,-81.16809237526,5.4));
#13094 = VECTOR('',#13095,1.);
#13095 = DIRECTION('',(-0.425779291565,-0.904827052466,0.));
#13096 = PCURVE('',#12880,#13097);
#13097 = DEFINITIONAL_REPRESENTATION('',(#13098),#13102);
#13098 = LINE('',#13099,#13100);
#13099 = CARTESIAN_POINT('',(0.4,0.));
#13100 = VECTOR('',#13101,1.);
#13101 = DIRECTION('',(0.,1.));
#13102 = ( GEOMETRIC_REPRESENTATION_CONTEXT(2) 
PARAMETRIC_REPRESENTATION_CONTEXT() REPRESENTATION_CONTEXT('2D SPACE',''
  ) );
#13103 = PCURVE('',#12906,#13104);
#13104 = DEFINITIONAL_REPRESENTATION('',(#13105),#13109);
#13105 = LINE('',#13106,#13107);
#13106 = CARTESIAN_POINT('',(6.217248937901E-15,20.));
#13107 = VECTOR('',#13108,1.);
#13108 = DIRECTION('',(1.,0.));
#13109 = ( GEOMETRIC_REPRESENTATION_CONTEXT(2) 
PARAMETRIC_REPRESENTATION_CONTEXT() REPRESENTATION_CONTEXT('2D SPACE',''
  ) );
#13110 = ORIENTED_EDGE('',*,*,#12974,.F.);
#13111 = ADVANCED_FACE('',(#13112),#12852,.F.);
#13112 = FACE_BOUND('',#13113,.F.);
#13113 = EDGE_LOOP('',(#13114,#13115,#13116,#13117));
#13114 = ORIENTED_EDGE('',*,*,#12836,.F.);
#13115 = ORIENTED_EDGE('',*,*,#13021,.T.);
#13116 = ORIENTED_EDGE('',*,*,#12951,.T.);
#13117 = ORIENTED_EDGE('',*,*,#13068,.F.);
#13118 = ADVANCED_FACE('',(#13119),#12906,.T.);
#13119 = FACE_BOUND('',#13120,.T.);
#13120 = EDGE_LOOP('',(#13121,#13122,#13123,#13124));
#13121 = ORIENTED_EDGE('',*,*,#12892,.F.);
#13122 = ORIENTED_EDGE('',*,*,#13043,.T.);
#13123 = ORIENTED_EDGE('',*,*,#12997,.T.);
#13124 = ORIENTED_EDGE('',*,*,#13090,.F.);
#13125 = ( GEOMETRIC_REPRESENTATION_CONTEXT(3) 
GLOBAL_UNCERTAINTY_ASSIGNED_CONTEXT((#13129)) 
GLOBAL_UNIT_ASSIGNED_CONTEXT((#13126,#13127,#13128)) 
REPRESENTATION_CONTEXT('Context #1',
  '3D Context with UNIT and UNCERTAINTY') );
#13126 = ( LENGTH_UNIT() NAMED_UNIT(*) SI_UNIT(.MILLI.,.METRE.) );
#13127 = ( NAMED_UNIT(*) PLANE_ANGLE_UNIT() SI_UNIT($,.RADIAN.) );
#13128 = ( NAMED_UNIT(*) SI_UNIT($,.STERADIAN.) SOLID_ANGLE_UNIT() );
#13129 = UNCERTAINTY_MEASURE_WITH_UNIT(LENGTH_MEASURE(1.E-07),#13126,
  'distance_accuracy_value','confusion accuracy');
#13130 = CONTEXT_DEPENDENT_SHAPE_REPRESENTATION(#13131,#13133);
#13131 = ( REPRESENTATION_RELATIONSHIP('','',#12794,#709) 
REPRESENTATION_RELATIONSHIP_WITH_TRANSFORMATION(#13132) 
SHAPE_REPRESENTATION_RELATIONSHIP() );
#13132 = ITEM_DEFINED_TRANSFORMATION('','',#11,#846);
#13133 = PRODUCT_DEFINITION_SHAPE('Placement','Placement of an item',
  #13134);
#13134 = NEXT_ASSEMBLY_USAGE_OCCURRENCE('43','','',#704,#12789,$);
#13135 = PRODUCT_RELATED_PRODUCT_CATEGORY('part',$,(#12791));
#13136 = SHAPE_DEFINITION_REPRESENTATION(#13137,#13143);
#13137 = PRODUCT_DEFINITION_SHAPE('','',#13138);
#13138 = PRODUCT_DEFINITION('design','',#13139,#13142);
#13139 = PRODUCT_DEFINITION_FORMATION('','',#13140);
#13140 = PRODUCT('Open CASCADE STEP translator 7.9 2.2.36',
  'Open CASCADE STEP translator 7.9 2.2.36','',(#13141));
#13141 = PRODUCT_CONTEXT('',#2,'mechanical');
#13142 = PRODUCT_DEFINITION_CONTEXT('part definition',#2,'design');
#13143 = ADVANCED_BREP_SHAPE_REPRESENTATION('',(#11,#13144),#13474);
#13144 = MANIFOLD_SOLID_BREP('',#13145);
#13145 = CLOSED_SHELL('',(#13146,#13266,#13366,#13413,#13460,#13467));
#13146 = ADVANCED_FACE('',(#13147),#13161,.F.);
#13147 = FACE_BOUND('',#13148,.F.);
#13148 = EDGE_LOOP('',(#13149,#13184,#13212,#13240));
#13149 = ORIENTED_EDGE('',*,*,#13150,.F.);
#13150 = EDGE_CURVE('',#13151,#13153,#13155,.T.);
#13151 = VERTEX_POINT('',#13152);
#13152 = CARTESIAN_POINT('',(-35.77700968482,-77.74963394133,5.));
#13153 = VERTEX_POINT('',#13154);
#13154 = CARTESIAN_POINT('',(-35.77700968482,-77.74963394133,5.4));
#13155 = SURFACE_CURVE('',#13156,(#13160,#13172),.PCURVE_S1.);
#13156 = LINE('',#13157,#13158);
#13157 = CARTESIAN_POINT('',(-35.77700968482,-77.74963394133,5.));
#13158 = VECTOR('',#13159,1.);
#13159 = DIRECTION('',(0.,0.,1.));
#13160 = PCURVE('',#13161,#13166);
#13161 = PLANE('',#13162);
#13162 = AXIS2_PLACEMENT_3D('',#13163,#13164,#13165);
#13163 = CARTESIAN_POINT('',(-35.77700968482,-77.74963394133,5.));
#13164 = DIRECTION('',(-0.309016994375,-0.951056516295,0.));
#13165 = DIRECTION('',(0.,0.,1.));
#13166 = DEFINITIONAL_REPRESENTATION('',(#13167),#13171);
#13167 = LINE('',#13168,#13169);
#13168 = CARTESIAN_POINT('',(0.,0.));
#13169 = VECTOR('',#13170,1.);
#13170 = DIRECTION('',(1.,0.));
#13171 = ( GEOMETRIC_REPRESENTATION_CONTEXT(2) 
PARAMETRIC_REPRESENTATION_CONTEXT() REPRESENTATION_CONTEXT('2D SPACE',''
  ) );
#13172 = PCURVE('',#13173,#13178);
#13173 = PLANE('',#13174);
#13174 = AXIS2_PLACEMENT_3D('',#13175,#13176,#13177);
#13175 = CARTESIAN_POINT('',(-35.77700968482,-77.74963394133,5.));
#13176 = DIRECTION('',(0.951056516295,-0.309016994375,0.));
#13177 = DIRECTION('',(0.,0.,1.));
#13178 = DEFINITIONAL_REPRESENTATION('',(#13179),#13183);
#13179 = LINE('',#13180,#13181);
#13180 = CARTESIAN_POINT('',(0.,0.));
#13181 = VECTOR('',#13182,1.);
#13182 = DIRECTION('',(1.,0.));
#13183 = ( GEOMETRIC_REPRESENTATION_CONTEXT(2) 
PARAMETRIC_REPRESENTATION_CONTEXT() REPRESENTATION_CONTEXT('2D SPACE',''
  ) );
#13184 = ORIENTED_EDGE('',*,*,#13185,.T.);
#13185 = EDGE_CURVE('',#13151,#13186,#13188,.T.);
#13186 = VERTEX_POINT('',#13187);
#13187 = CARTESIAN_POINT('',(-16.75587935891,-83.92997382883,5.));
#13188 = SURFACE_CURVE('',#13189,(#13193,#13200),.PCURVE_S1.);
#13189 = LINE('',#13190,#13191);
#13190 = CARTESIAN_POINT('',(-35.77700968482,-77.74963394133,5.));
#13191 = VECTOR('',#13192,1.);
#13192 = DIRECTION('',(0.951056516295,-0.309016994375,0.));
#13193 = PCURVE('',#13161,#13194);
#13194 = DEFINITIONAL_REPRESENTATION('',(#13195),#13199);
#13195 = LINE('',#13196,#13197);
#13196 = CARTESIAN_POINT('',(0.,0.));
#13197 = VECTOR('',#13198,1.);
#13198 = DIRECTION('',(0.,-1.));
#13199 = ( GEOMETRIC_REPRESENTATION_CONTEXT(2) 
PARAMETRIC_REPRESENTATION_CONTEXT() REPRESENTATION_CONTEXT('2D SPACE',''
  ) );
#13200 = PCURVE('',#13201,#13206);
#13201 = PLANE('',#13202);
#13202 = AXIS2_PLACEMENT_3D('',#13203,#13204,#13205);
#13203 = CARTESIAN_POINT('',(-35.77700968482,-77.74963394133,5.));
#13204 = DIRECTION('',(0.,0.,1.));
#13205 = DIRECTION('',(-0.309016994375,-0.951056516295,0.));
#13206 = DEFINITIONAL_REPRESENTATION('',(#13207),#13211);
#13207 = LINE('',#13208,#13209);
#13208 = CARTESIAN_POINT('',(0.,0.));
#13209 = VECTOR('',#13210,1.);
#13210 = DIRECTION('',(0.,1.));
#13211 = ( GEOMETRIC_REPRESENTATION_CONTEXT(2) 
PARAMETRIC_REPRESENTATION_CONTEXT() REPRESENTATION_CONTEXT('2D SPACE',''
  ) );
#13212 = ORIENTED_EDGE('',*,*,#13213,.T.);
#13213 = EDGE_CURVE('',#13186,#13214,#13216,.T.);
#13214 = VERTEX_POINT('',#13215);
#13215 = CARTESIAN_POINT('',(-16.75587935891,-83.92997382883,5.4));
#13216 = SURFACE_CURVE('',#13217,(#13221,#13228),.PCURVE_S1.);
#13217 = LINE('',#13218,#13219);
#13218 = CARTESIAN_POINT('',(-16.75587935891,-83.92997382883,5.));
#13219 = VECTOR('',#13220,1.);
#13220 = DIRECTION('',(0.,0.,1.));
#13221 = PCURVE('',#13161,#13222);
#13222 = DEFINITIONAL_REPRESENTATION('',(#13223),#13227);
#13223 = LINE('',#13224,#13225);
#13224 = CARTESIAN_POINT('',(0.,-20.));
#13225 = VECTOR('',#13226,1.);
#13226 = DIRECTION('',(1.,0.));
#13227 = ( GEOMETRIC_REPRESENTATION_CONTEXT(2) 
PARAMETRIC_REPRESENTATION_CONTEXT() REPRESENTATION_CONTEXT('2D SPACE',''
  ) );
#13228 = PCURVE('',#13229,#13234);
#13229 = PLANE('',#13230);
#13230 = AXIS2_PLACEMENT_3D('',#13231,#13232,#13233);
#13231 = CARTESIAN_POINT('',(-16.75587935891,-83.92997382883,5.));
#13232 = DIRECTION('',(0.951056516295,-0.309016994375,0.));
#13233 = DIRECTION('',(0.,0.,1.));
#13234 = DEFINITIONAL_REPRESENTATION('',(#13235),#13239);
#13235 = LINE('',#13236,#13237);
#13236 = CARTESIAN_POINT('',(0.,0.));
#13237 = VECTOR('',#13238,1.);
#13238 = DIRECTION('',(1.,0.));
#13239 = ( GEOMETRIC_REPRESENTATION_CONTEXT(2) 
PARAMETRIC_REPRESENTATION_CONTEXT() REPRESENTATION_CONTEXT('2D SPACE',''
  ) );
#13240 = ORIENTED_EDGE('',*,*,#13241,.F.);
#13241 = EDGE_CURVE('',#13153,#13214,#13242,.T.);
#13242 = SURFACE_CURVE('',#13243,(#13247,#13254),.PCURVE_S1.);
#13243 = LINE('',#13244,#13245);
#13244 = CARTESIAN_POINT('',(-35.77700968482,-77.74963394133,5.4));
#13245 = VECTOR('',#13246,1.);
#13246 = DIRECTION('',(0.951056516295,-0.309016994375,0.));
#13247 = PCURVE('',#13161,#13248);
#13248 = DEFINITIONAL_REPRESENTATION('',(#13249),#13253);
#13249 = LINE('',#13250,#13251);
#13250 = CARTESIAN_POINT('',(0.4,0.));
#13251 = VECTOR('',#13252,1.);
#13252 = DIRECTION('',(0.,-1.));
#13253 = ( GEOMETRIC_REPRESENTATION_CONTEXT(2) 
PARAMETRIC_REPRESENTATION_CONTEXT() REPRESENTATION_CONTEXT('2D SPACE',''
  ) );
#13254 = PCURVE('',#13255,#13260);
#13255 = PLANE('',#13256);
#13256 = AXIS2_PLACEMENT_3D('',#13257,#13258,#13259);
#13257 = CARTESIAN_POINT('',(-35.77700968482,-77.74963394133,5.4));
#13258 = DIRECTION('',(0.,0.,1.));
#13259 = DIRECTION('',(-0.309016994375,-0.951056516295,0.));
#13260 = DEFINITIONAL_REPRESENTATION('',(#13261),#13265);
#13261 = LINE('',#13262,#13263);
#13262 = CARTESIAN_POINT('',(0.,0.));
#13263 = VECTOR('',#13264,1.);
#13264 = DIRECTION('',(0.,1.));
#13265 = ( GEOMETRIC_REPRESENTATION_CONTEXT(2) 
PARAMETRIC_REPRESENTATION_CONTEXT() REPRESENTATION_CONTEXT('2D SPACE',''
  ) );
#13266 = ADVANCED_FACE('',(#13267),#13281,.T.);
#13267 = FACE_BOUND('',#13268,.T.);
#13268 = EDGE_LOOP('',(#13269,#13299,#13322,#13345));
#13269 = ORIENTED_EDGE('',*,*,#13270,.F.);
#13270 = EDGE_CURVE('',#13271,#13273,#13275,.T.);
#13271 = VERTEX_POINT('',#13272);
#13272 = CARTESIAN_POINT('',(-85.21972878481,-229.9186765485,5.));
#13273 = VERTEX_POINT('',#13274);
#13274 = CARTESIAN_POINT('',(-85.21972878481,-229.9186765485,5.4));
#13275 = SURFACE_CURVE('',#13276,(#13280,#13292),.PCURVE_S1.);
#13276 = LINE('',#13277,#13278);
#13277 = CARTESIAN_POINT('',(-85.21972878481,-229.9186765485,5.));
#13278 = VECTOR('',#13279,1.);
#13279 = DIRECTION('',(0.,0.,1.));
#13280 = PCURVE('',#13281,#13286);
#13281 = PLANE('',#13282);
#13282 = AXIS2_PLACEMENT_3D('',#13283,#13284,#13285);
#13283 = CARTESIAN_POINT('',(-85.21972878481,-229.9186765485,5.));
#13284 = DIRECTION('',(-0.309016994375,-0.951056516295,0.));
#13285 = DIRECTION('',(0.,0.,1.));
#13286 = DEFINITIONAL_REPRESENTATION('',(#13287),#13291);
#13287 = LINE('',#13288,#13289);
#13288 = CARTESIAN_POINT('',(0.,0.));
#13289 = VECTOR('',#13290,1.);
#13290 = DIRECTION('',(1.,0.));
#13291 = ( GEOMETRIC_REPRESENTATION_CONTEXT(2) 
PARAMETRIC_REPRESENTATION_CONTEXT() REPRESENTATION_CONTEXT('2D SPACE',''
  ) );
#13292 = PCURVE('',#13173,#13293);
#13293 = DEFINITIONAL_REPRESENTATION('',(#13294),#13298);
#13294 = LINE('',#13295,#13296);
#13295 = CARTESIAN_POINT('',(0.,160.));
#13296 = VECTOR('',#13297,1.);
#13297 = DIRECTION('',(1.,0.));
#13298 = ( GEOMETRIC_REPRESENTATION_CONTEXT(2) 
PARAMETRIC_REPRESENTATION_CONTEXT() REPRESENTATION_CONTEXT('2D SPACE',''
  ) );
#13299 = ORIENTED_EDGE('',*,*,#13300,.T.);
#13300 = EDGE_CURVE('',#13271,#13301,#13303,.T.);
#13301 = VERTEX_POINT('',#13302);
#13302 = CARTESIAN_POINT('',(-66.19859845891,-236.099016436,5.));
#13303 = SURFACE_CURVE('',#13304,(#13308,#13315),.PCURVE_S1.);
#13304 = LINE('',#13305,#13306);
#13305 = CARTESIAN_POINT('',(-85.21972878481,-229.9186765485,5.));
#13306 = VECTOR('',#13307,1.);
#13307 = DIRECTION('',(0.951056516295,-0.309016994375,0.));
#13308 = PCURVE('',#13281,#13309);
#13309 = DEFINITIONAL_REPRESENTATION('',(#13310),#13314);
#13310 = LINE('',#13311,#13312);
#13311 = CARTESIAN_POINT('',(0.,0.));
#13312 = VECTOR('',#13313,1.);
#13313 = DIRECTION('',(0.,-1.));
#13314 = ( GEOMETRIC_REPRESENTATION_CONTEXT(2) 
PARAMETRIC_REPRESENTATION_CONTEXT() REPRESENTATION_CONTEXT('2D SPACE',''
  ) );
#13315 = PCURVE('',#13201,#13316);
#13316 = DEFINITIONAL_REPRESENTATION('',(#13317),#13321);
#13317 = LINE('',#13318,#13319);
#13318 = CARTESIAN_POINT('',(160.,-7.105427357601E-15));
#13319 = VECTOR('',#13320,1.);
#13320 = DIRECTION('',(0.,1.));
#13321 = ( GEOMETRIC_REPRESENTATION_CONTEXT(2) 
PARAMETRIC_REPRESENTATION_CONTEXT() REPRESENTATION_CONTEXT('2D SPACE',''
  ) );
#13322 = ORIENTED_EDGE('',*,*,#13323,.T.);
#13323 = EDGE_CURVE('',#13301,#13324,#13326,.T.);
#13324 = VERTEX_POINT('',#13325);
#13325 = CARTESIAN_POINT('',(-66.19859845891,-236.099016436,5.4));
#13326 = SURFACE_CURVE('',#13327,(#13331,#13338),.PCURVE_S1.);
#13327 = LINE('',#13328,#13329);
#13328 = CARTESIAN_POINT('',(-66.19859845891,-236.099016436,5.));
#13329 = VECTOR('',#13330,1.);
#13330 = DIRECTION('',(0.,0.,1.));
#13331 = PCURVE('',#13281,#13332);
#13332 = DEFINITIONAL_REPRESENTATION('',(#13333),#13337);
#13333 = LINE('',#13334,#13335);
#13334 = CARTESIAN_POINT('',(0.,-20.));
#13335 = VECTOR('',#13336,1.);
#13336 = DIRECTION('',(1.,0.));
#13337 = ( GEOMETRIC_REPRESENTATION_CONTEXT(2) 
PARAMETRIC_REPRESENTATION_CONTEXT() REPRESENTATION_CONTEXT('2D SPACE',''
  ) );
#13338 = PCURVE('',#13229,#13339);
#13339 = DEFINITIONAL_REPRESENTATION('',(#13340),#13344);
#13340 = LINE('',#13341,#13342);
#13341 = CARTESIAN_POINT('',(0.,160.));
#13342 = VECTOR('',#13343,1.);
#13343 = DIRECTION('',(1.,0.));
#13344 = ( GEOMETRIC_REPRESENTATION_CONTEXT(2) 
PARAMETRIC_REPRESENTATION_CONTEXT() REPRESENTATION_CONTEXT('2D SPACE',''
  ) );
#13345 = ORIENTED_EDGE('',*,*,#13346,.F.);
#13346 = EDGE_CURVE('',#13273,#13324,#13347,.T.);
#13347 = SURFACE_CURVE('',#13348,(#13352,#13359),.PCURVE_S1.);
#13348 = LINE('',#13349,#13350);
#13349 = CARTESIAN_POINT('',(-85.21972878481,-229.9186765485,5.4));
#13350 = VECTOR('',#13351,1.);
#13351 = DIRECTION('',(0.951056516295,-0.309016994375,0.));
#13352 = PCURVE('',#13281,#13353);
#13353 = DEFINITIONAL_REPRESENTATION('',(#13354),#13358);
#13354 = LINE('',#13355,#13356);
#13355 = CARTESIAN_POINT('',(0.4,0.));
#13356 = VECTOR('',#13357,1.);
#13357 = DIRECTION('',(0.,-1.));
#13358 = ( GEOMETRIC_REPRESENTATION_CONTEXT(2) 
PARAMETRIC_REPRESENTATION_CONTEXT() REPRESENTATION_CONTEXT('2D SPACE',''
  ) );
#13359 = PCURVE('',#13255,#13360);
#13360 = DEFINITIONAL_REPRESENTATION('',(#13361),#13365);
#13361 = LINE('',#13362,#13363);
#13362 = CARTESIAN_POINT('',(160.,-7.105427357601E-15));
#13363 = VECTOR('',#13364,1.);
#13364 = DIRECTION('',(0.,1.));
#13365 = ( GEOMETRIC_REPRESENTATION_CONTEXT(2) 
PARAMETRIC_REPRESENTATION_CONTEXT() REPRESENTATION_CONTEXT('2D SPACE',''
  ) );
#13366 = ADVANCED_FACE('',(#13367),#13173,.F.);
#13367 = FACE_BOUND('',#13368,.F.);
#13368 = EDGE_LOOP('',(#13369,#13390,#13391,#13412));
#13369 = ORIENTED_EDGE('',*,*,#13370,.F.);
#13370 = EDGE_CURVE('',#13151,#13271,#13371,.T.);
#13371 = SURFACE_CURVE('',#13372,(#13376,#13383),.PCURVE_S1.);
#13372 = LINE('',#13373,#13374);
#13373 = CARTESIAN_POINT('',(-35.77700968482,-77.74963394133,5.));
#13374 = VECTOR('',#13375,1.);
#13375 = DIRECTION('',(-0.309016994375,-0.951056516295,0.));
#13376 = PCURVE('',#13173,#13377);
#13377 = DEFINITIONAL_REPRESENTATION('',(#13378),#13382);
#13378 = LINE('',#13379,#13380);
#13379 = CARTESIAN_POINT('',(0.,0.));
#13380 = VECTOR('',#13381,1.);
#13381 = DIRECTION('',(0.,1.));
#13382 = ( GEOMETRIC_REPRESENTATION_CONTEXT(2) 
PARAMETRIC_REPRESENTATION_CONTEXT() REPRESENTATION_CONTEXT('2D SPACE',''
  ) );
#13383 = PCURVE('',#13201,#13384);
#13384 = DEFINITIONAL_REPRESENTATION('',(#13385),#13389);
#13385 = LINE('',#13386,#13387);
#13386 = CARTESIAN_POINT('',(0.,0.));
#13387 = VECTOR('',#13388,1.);
#13388 = DIRECTION('',(1.,0.));
#13389 = ( GEOMETRIC_REPRESENTATION_CONTEXT(2) 
PARAMETRIC_REPRESENTATION_CONTEXT() REPRESENTATION_CONTEXT('2D SPACE',''
  ) );
#13390 = ORIENTED_EDGE('',*,*,#13150,.T.);
#13391 = ORIENTED_EDGE('',*,*,#13392,.T.);
#13392 = EDGE_CURVE('',#13153,#13273,#13393,.T.);
#13393 = SURFACE_CURVE('',#13394,(#13398,#13405),.PCURVE_S1.);
#13394 = LINE('',#13395,#13396);
#13395 = CARTESIAN_POINT('',(-35.77700968482,-77.74963394133,5.4));
#13396 = VECTOR('',#13397,1.);
#13397 = DIRECTION('',(-0.309016994375,-0.951056516295,0.));
#13398 = PCURVE('',#13173,#13399);
#13399 = DEFINITIONAL_REPRESENTATION('',(#13400),#13404);
#13400 = LINE('',#13401,#13402);
#13401 = CARTESIAN_POINT('',(0.4,0.));
#13402 = VECTOR('',#13403,1.);
#13403 = DIRECTION('',(0.,1.));
#13404 = ( GEOMETRIC_REPRESENTATION_CONTEXT(2) 
PARAMETRIC_REPRESENTATION_CONTEXT() REPRESENTATION_CONTEXT('2D SPACE',''
  ) );
#13405 = PCURVE('',#13255,#13406);
#13406 = DEFINITIONAL_REPRESENTATION('',(#13407),#13411);
#13407 = LINE('',#13408,#13409);
#13408 = CARTESIAN_POINT('',(0.,0.));
#13409 = VECTOR('',#13410,1.);
#13410 = DIRECTION('',(1.,0.));
#13411 = ( GEOMETRIC_REPRESENTATION_CONTEXT(2) 
PARAMETRIC_REPRESENTATION_CONTEXT() REPRESENTATION_CONTEXT('2D SPACE',''
  ) );
#13412 = ORIENTED_EDGE('',*,*,#13270,.F.);
#13413 = ADVANCED_FACE('',(#13414),#13229,.T.);
#13414 = FACE_BOUND('',#13415,.T.);
#13415 = EDGE_LOOP('',(#13416,#13437,#13438,#13459));
#13416 = ORIENTED_EDGE('',*,*,#13417,.F.);
#13417 = EDGE_CURVE('',#13186,#13301,#13418,.T.);
#13418 = SURFACE_CURVE('',#13419,(#13423,#13430),.PCURVE_S1.);
#13419 = LINE('',#13420,#13421);
#13420 = CARTESIAN_POINT('',(-16.75587935891,-83.92997382883,5.));
#13421 = VECTOR('',#13422,1.);
#13422 = DIRECTION('',(-0.309016994375,-0.951056516295,0.));
#13423 = PCURVE('',#13229,#13424);
#13424 = DEFINITIONAL_REPRESENTATION('',(#13425),#13429);
#13425 = LINE('',#13426,#13427);
#13426 = CARTESIAN_POINT('',(0.,0.));
#13427 = VECTOR('',#13428,1.);
#13428 = DIRECTION('',(0.,1.));
#13429 = ( GEOMETRIC_REPRESENTATION_CONTEXT(2) 
PARAMETRIC_REPRESENTATION_CONTEXT() REPRESENTATION_CONTEXT('2D SPACE',''
  ) );
#13430 = PCURVE('',#13201,#13431);
#13431 = DEFINITIONAL_REPRESENTATION('',(#13432),#13436);
#13432 = LINE('',#13433,#13434);
#13433 = CARTESIAN_POINT('',(-4.440892098501E-15,20.));
#13434 = VECTOR('',#13435,1.);
#13435 = DIRECTION('',(1.,0.));
#13436 = ( GEOMETRIC_REPRESENTATION_CONTEXT(2) 
PARAMETRIC_REPRESENTATION_CONTEXT() REPRESENTATION_CONTEXT('2D SPACE',''
  ) );
#13437 = ORIENTED_EDGE('',*,*,#13213,.T.);
#13438 = ORIENTED_EDGE('',*,*,#13439,.T.);
#13439 = EDGE_CURVE('',#13214,#13324,#13440,.T.);
#13440 = SURFACE_CURVE('',#13441,(#13445,#13452),.PCURVE_S1.);
#13441 = LINE('',#13442,#13443);
#13442 = CARTESIAN_POINT('',(-16.75587935891,-83.92997382883,5.4));
#13443 = VECTOR('',#13444,1.);
#13444 = DIRECTION('',(-0.309016994375,-0.951056516295,0.));
#13445 = PCURVE('',#13229,#13446);
#13446 = DEFINITIONAL_REPRESENTATION('',(#13447),#13451);
#13447 = LINE('',#13448,#13449);
#13448 = CARTESIAN_POINT('',(0.4,0.));
#13449 = VECTOR('',#13450,1.);
#13450 = DIRECTION('',(0.,1.));
#13451 = ( GEOMETRIC_REPRESENTATION_CONTEXT(2) 
PARAMETRIC_REPRESENTATION_CONTEXT() REPRESENTATION_CONTEXT('2D SPACE',''
  ) );
#13452 = PCURVE('',#13255,#13453);
#13453 = DEFINITIONAL_REPRESENTATION('',(#13454),#13458);
#13454 = LINE('',#13455,#13456);
#13455 = CARTESIAN_POINT('',(-4.440892098501E-15,20.));
#13456 = VECTOR('',#13457,1.);
#13457 = DIRECTION('',(1.,0.));
#13458 = ( GEOMETRIC_REPRESENTATION_CONTEXT(2) 
PARAMETRIC_REPRESENTATION_CONTEXT() REPRESENTATION_CONTEXT('2D SPACE',''
  ) );
#13459 = ORIENTED_EDGE('',*,*,#13323,.F.);
#13460 = ADVANCED_FACE('',(#13461),#13201,.F.);
#13461 = FACE_BOUND('',#13462,.F.);
#13462 = EDGE_LOOP('',(#13463,#13464,#13465,#13466));
#13463 = ORIENTED_EDGE('',*,*,#13185,.F.);
#13464 = ORIENTED_EDGE('',*,*,#13370,.T.);
#13465 = ORIENTED_EDGE('',*,*,#13300,.T.);
#13466 = ORIENTED_EDGE('',*,*,#13417,.F.);
#13467 = ADVANCED_FACE('',(#13468),#13255,.T.);
#13468 = FACE_BOUND('',#13469,.T.);
#13469 = EDGE_LOOP('',(#13470,#13471,#13472,#13473));
#13470 = ORIENTED_EDGE('',*,*,#13241,.F.);
#13471 = ORIENTED_EDGE('',*,*,#13392,.T.);
#13472 = ORIENTED_EDGE('',*,*,#13346,.T.);
#13473 = ORIENTED_EDGE('',*,*,#13439,.F.);
#13474 = ( GEOMETRIC_REPRESENTATION_CONTEXT(3) 
GLOBAL_UNCERTAINTY_ASSIGNED_CONTEXT((#13478)) 
GLOBAL_UNIT_ASSIGNED_CONTEXT((#13475,#13476,#13477)) 
REPRESENTATION_CONTEXT('Context #1',
  '3D Context with UNIT and UNCERTAINTY') );
#13475 = ( LENGTH_UNIT() NAMED_UNIT(*) SI_UNIT(.MILLI.,.METRE.) );
#13476 = ( NAMED_UNIT(*) PLANE_ANGLE_UNIT() SI_UNIT($,.RADIAN.) );
#13477 = ( NAMED_UNIT(*) SI_UNIT($,.STERADIAN.) SOLID_ANGLE_UNIT() );
#13478 = UNCERTAINTY_MEASURE_WITH_UNIT(LENGTH_MEASURE(1.E-07),#13475,
  'distance_accuracy_value','confusion accuracy');
#13479 = CONTEXT_DEPENDENT_SHAPE_REPRESENTATION(#13480,#13482);
#13480 = ( REPRESENTATION_RELATIONSHIP('','',#13143,#709) 
REPRESENTATION_RELATIONSHIP_WITH_TRANSFORMATION(#13481) 
SHAPE_REPRESENTATION_RELATIONSHIP() );
#13481 = ITEM_DEFINED_TRANSFORMATION('','',#11,#850);
#13482 = PRODUCT_DEFINITION_SHAPE('Placement','Placement of an item',
  #13483);
#13483 = NEXT_ASSEMBLY_USAGE_OCCURRENCE('44','','',#704,#13138,$);
#13484 = PRODUCT_RELATED_PRODUCT_CATEGORY('part',$,(#13140));
#13485 = SHAPE_DEFINITION_REPRESENTATION(#13486,#13492);
#13486 = PRODUCT_DEFINITION_SHAPE('','',#13487);
#13487 = PRODUCT_DEFINITION('design','',#13488,#13491);
#13488 = PRODUCT_DEFINITION_FORMATION('','',#13489);
#13489 = PRODUCT('Open CASCADE STEP translator 7.9 2.2.37',
  'Open CASCADE STEP translator 7.9 2.2.37','',(#13490));
#13490 = PRODUCT_CONTEXT('',#2,'mechanical');
#13491 = PRODUCT_DEFINITION_CONTEXT('part definition',#2,'design');
#13492 = ADVANCED_BREP_SHAPE_REPRESENTATION('',(#11,#13493),#13823);
#13493 = MANIFOLD_SOLID_BREP('',#13494);
#13494 = CLOSED_SHELL('',(#13495,#13615,#13715,#13762,#13809,#13816));
#13495 = ADVANCED_FACE('',(#13496),#13510,.F.);
#13496 = FACE_BOUND('',#13497,.F.);
#13497 = EDGE_LOOP('',(#13498,#13533,#13561,#13589));
#13498 = ORIENTED_EDGE('',*,*,#13499,.F.);
#13499 = EDGE_CURVE('',#13500,#13502,#13504,.T.);
#13500 = VERTEX_POINT('',#13501);
#13501 = CARTESIAN_POINT('',(-25.75028424707,-81.62060316608,5.));
#13502 = VERTEX_POINT('',#13503);
#13503 = CARTESIAN_POINT('',(-25.75028424707,-81.62060316608,5.4));
#13504 = SURFACE_CURVE('',#13505,(#13509,#13521),.PCURVE_S1.);
#13505 = LINE('',#13506,#13507);
#13506 = CARTESIAN_POINT('',(-25.75028424707,-81.62060316608,5.));
#13507 = VECTOR('',#13508,1.);
#13508 = DIRECTION('',(0.,0.,1.));
#13509 = PCURVE('',#13510,#13515);
#13510 = PLANE('',#13511);
#13511 = AXIS2_PLACEMENT_3D('',#13512,#13513,#13514);
#13512 = CARTESIAN_POINT('',(-25.75028424707,-81.62060316608,5.));
#13513 = DIRECTION('',(-0.187381314586,-0.982287250729,0.));
#13514 = DIRECTION('',(0.,0.,1.));
#13515 = DEFINITIONAL_REPRESENTATION('',(#13516),#13520);
#13516 = LINE('',#13517,#13518);
#13517 = CARTESIAN_POINT('',(0.,0.));
#13518 = VECTOR('',#13519,1.);
#13519 = DIRECTION('',(1.,0.));
#13520 = ( GEOMETRIC_REPRESENTATION_CONTEXT(2) 
PARAMETRIC_REPRESENTATION_CONTEXT() REPRESENTATION_CONTEXT('2D SPACE',''
  ) );
#13521 = PCURVE('',#13522,#13527);
#13522 = PLANE('',#13523);
#13523 = AXIS2_PLACEMENT_3D('',#13524,#13525,#13526);
#13524 = CARTESIAN_POINT('',(-25.75028424707,-81.62060316608,5.));
#13525 = DIRECTION('',(0.982287250729,-0.187381314586,0.));
#13526 = DIRECTION('',(0.,0.,1.));
#13527 = DEFINITIONAL_REPRESENTATION('',(#13528),#13532);
#13528 = LINE('',#13529,#13530);
#13529 = CARTESIAN_POINT('',(0.,0.));
#13530 = VECTOR('',#13531,1.);
#13531 = DIRECTION('',(1.,0.));
#13532 = ( GEOMETRIC_REPRESENTATION_CONTEXT(2) 
PARAMETRIC_REPRESENTATION_CONTEXT() REPRESENTATION_CONTEXT('2D SPACE',''
  ) );
#13533 = ORIENTED_EDGE('',*,*,#13534,.T.);
#13534 = EDGE_CURVE('',#13500,#13535,#13537,.T.);
#13535 = VERTEX_POINT('',#13536);
#13536 = CARTESIAN_POINT('',(-6.1045392325,-85.36822945779,5.));
#13537 = SURFACE_CURVE('',#13538,(#13542,#13549),.PCURVE_S1.);
#13538 = LINE('',#13539,#13540);
#13539 = CARTESIAN_POINT('',(-25.75028424707,-81.62060316608,5.));
#13540 = VECTOR('',#13541,1.);
#13541 = DIRECTION('',(0.982287250729,-0.187381314586,0.));
#13542 = PCURVE('',#13510,#13543);
#13543 = DEFINITIONAL_REPRESENTATION('',(#13544),#13548);
#13544 = LINE('',#13545,#13546);
#13545 = CARTESIAN_POINT('',(0.,0.));
#13546 = VECTOR('',#13547,1.);
#13547 = DIRECTION('',(0.,-1.));
#13548 = ( GEOMETRIC_REPRESENTATION_CONTEXT(2) 
PARAMETRIC_REPRESENTATION_CONTEXT() REPRESENTATION_CONTEXT('2D SPACE',''
  ) );
#13549 = PCURVE('',#13550,#13555);
#13550 = PLANE('',#13551);
#13551 = AXIS2_PLACEMENT_3D('',#13552,#13553,#13554);
#13552 = CARTESIAN_POINT('',(-25.75028424707,-81.62060316608,5.));
#13553 = DIRECTION('',(0.,0.,1.));
#13554 = DIRECTION('',(-0.187381314586,-0.982287250729,0.));
#13555 = DEFINITIONAL_REPRESENTATION('',(#13556),#13560);
#13556 = LINE('',#13557,#13558);
#13557 = CARTESIAN_POINT('',(0.,0.));
#13558 = VECTOR('',#13559,1.);
#13559 = DIRECTION('',(0.,1.));
#13560 = ( GEOMETRIC_REPRESENTATION_CONTEXT(2) 
PARAMETRIC_REPRESENTATION_CONTEXT() REPRESENTATION_CONTEXT('2D SPACE',''
  ) );
#13561 = ORIENTED_EDGE('',*,*,#13562,.T.);
#13562 = EDGE_CURVE('',#13535,#13563,#13565,.T.);
#13563 = VERTEX_POINT('',#13564);
#13564 = CARTESIAN_POINT('',(-6.1045392325,-85.36822945779,5.4));
#13565 = SURFACE_CURVE('',#13566,(#13570,#13577),.PCURVE_S1.);
#13566 = LINE('',#13567,#13568);
#13567 = CARTESIAN_POINT('',(-6.1045392325,-85.36822945779,5.));
#13568 = VECTOR('',#13569,1.);
#13569 = DIRECTION('',(0.,0.,1.));
#13570 = PCURVE('',#13510,#13571);
#13571 = DEFINITIONAL_REPRESENTATION('',(#13572),#13576);
#13572 = LINE('',#13573,#13574);
#13573 = CARTESIAN_POINT('',(0.,-20.));
#13574 = VECTOR('',#13575,1.);
#13575 = DIRECTION('',(1.,0.));
#13576 = ( GEOMETRIC_REPRESENTATION_CONTEXT(2) 
PARAMETRIC_REPRESENTATION_CONTEXT() REPRESENTATION_CONTEXT('2D SPACE',''
  ) );
#13577 = PCURVE('',#13578,#13583);
#13578 = PLANE('',#13579);
#13579 = AXIS2_PLACEMENT_3D('',#13580,#13581,#13582);
#13580 = CARTESIAN_POINT('',(-6.1045392325,-85.36822945779,5.));
#13581 = DIRECTION('',(0.982287250729,-0.187381314586,0.));
#13582 = DIRECTION('',(0.,0.,1.));
#13583 = DEFINITIONAL_REPRESENTATION('',(#13584),#13588);
#13584 = LINE('',#13585,#13586);
#13585 = CARTESIAN_POINT('',(0.,0.));
#13586 = VECTOR('',#13587,1.);
#13587 = DIRECTION('',(1.,0.));
#13588 = ( GEOMETRIC_REPRESENTATION_CONTEXT(2) 
PARAMETRIC_REPRESENTATION_CONTEXT() REPRESENTATION_CONTEXT('2D SPACE',''
  ) );
#13589 = ORIENTED_EDGE('',*,*,#13590,.F.);
#13590 = EDGE_CURVE('',#13502,#13563,#13591,.T.);
#13591 = SURFACE_CURVE('',#13592,(#13596,#13603),.PCURVE_S1.);
#13592 = LINE('',#13593,#13594);
#13593 = CARTESIAN_POINT('',(-25.75028424707,-81.62060316608,5.4));
#13594 = VECTOR('',#13595,1.);
#13595 = DIRECTION('',(0.982287250729,-0.187381314586,0.));
#13596 = PCURVE('',#13510,#13597);
#13597 = DEFINITIONAL_REPRESENTATION('',(#13598),#13602);
#13598 = LINE('',#13599,#13600);
#13599 = CARTESIAN_POINT('',(0.4,0.));
#13600 = VECTOR('',#13601,1.);
#13601 = DIRECTION('',(0.,-1.));
#13602 = ( GEOMETRIC_REPRESENTATION_CONTEXT(2) 
PARAMETRIC_REPRESENTATION_CONTEXT() REPRESENTATION_CONTEXT('2D SPACE',''
  ) );
#13603 = PCURVE('',#13604,#13609);
#13604 = PLANE('',#13605);
#13605 = AXIS2_PLACEMENT_3D('',#13606,#13607,#13608);
#13606 = CARTESIAN_POINT('',(-25.75028424707,-81.62060316608,5.4));
#13607 = DIRECTION('',(0.,0.,1.));
#13608 = DIRECTION('',(-0.187381314586,-0.982287250729,0.));
#13609 = DEFINITIONAL_REPRESENTATION('',(#13610),#13614);
#13610 = LINE('',#13611,#13612);
#13611 = CARTESIAN_POINT('',(0.,0.));
#13612 = VECTOR('',#13613,1.);
#13613 = DIRECTION('',(0.,1.));
#13614 = ( GEOMETRIC_REPRESENTATION_CONTEXT(2) 
PARAMETRIC_REPRESENTATION_CONTEXT() REPRESENTATION_CONTEXT('2D SPACE',''
  ) );
#13615 = ADVANCED_FACE('',(#13616),#13630,.T.);
#13616 = FACE_BOUND('',#13617,.T.);
#13617 = EDGE_LOOP('',(#13618,#13648,#13671,#13694));
#13618 = ORIENTED_EDGE('',*,*,#13619,.F.);
#13619 = EDGE_CURVE('',#13620,#13622,#13624,.T.);
#13620 = VERTEX_POINT('',#13621);
#13621 = CARTESIAN_POINT('',(-55.73129458078,-238.7865632826,5.));
#13622 = VERTEX_POINT('',#13623);
#13623 = CARTESIAN_POINT('',(-55.73129458078,-238.7865632826,5.4));
#13624 = SURFACE_CURVE('',#13625,(#13629,#13641),.PCURVE_S1.);
#13625 = LINE('',#13626,#13627);
#13626 = CARTESIAN_POINT('',(-55.73129458078,-238.7865632826,5.));
#13627 = VECTOR('',#13628,1.);
#13628 = DIRECTION('',(0.,0.,1.));
#13629 = PCURVE('',#13630,#13635);
#13630 = PLANE('',#13631);
#13631 = AXIS2_PLACEMENT_3D('',#13632,#13633,#13634);
#13632 = CARTESIAN_POINT('',(-55.73129458078,-238.7865632826,5.));
#13633 = DIRECTION('',(-0.187381314586,-0.982287250729,0.));
#13634 = DIRECTION('',(0.,0.,1.));
#13635 = DEFINITIONAL_REPRESENTATION('',(#13636),#13640);
#13636 = LINE('',#13637,#13638);
#13637 = CARTESIAN_POINT('',(0.,0.));
#13638 = VECTOR('',#13639,1.);
#13639 = DIRECTION('',(1.,0.));
#13640 = ( GEOMETRIC_REPRESENTATION_CONTEXT(2) 
PARAMETRIC_REPRESENTATION_CONTEXT() REPRESENTATION_CONTEXT('2D SPACE',''
  ) );
#13641 = PCURVE('',#13522,#13642);
#13642 = DEFINITIONAL_REPRESENTATION('',(#13643),#13647);
#13643 = LINE('',#13644,#13645);
#13644 = CARTESIAN_POINT('',(0.,160.));
#13645 = VECTOR('',#13646,1.);
#13646 = DIRECTION('',(1.,0.));
#13647 = ( GEOMETRIC_REPRESENTATION_CONTEXT(2) 
PARAMETRIC_REPRESENTATION_CONTEXT() REPRESENTATION_CONTEXT('2D SPACE',''
  ) );
#13648 = ORIENTED_EDGE('',*,*,#13649,.T.);
#13649 = EDGE_CURVE('',#13620,#13650,#13652,.T.);
#13650 = VERTEX_POINT('',#13651);
#13651 = CARTESIAN_POINT('',(-36.08554956621,-242.5341895743,5.));
#13652 = SURFACE_CURVE('',#13653,(#13657,#13664),.PCURVE_S1.);
#13653 = LINE('',#13654,#13655);
#13654 = CARTESIAN_POINT('',(-55.73129458078,-238.7865632826,5.));
#13655 = VECTOR('',#13656,1.);
#13656 = DIRECTION('',(0.982287250729,-0.187381314586,0.));
#13657 = PCURVE('',#13630,#13658);
#13658 = DEFINITIONAL_REPRESENTATION('',(#13659),#13663);
#13659 = LINE('',#13660,#13661);
#13660 = CARTESIAN_POINT('',(0.,0.));
#13661 = VECTOR('',#13662,1.);
#13662 = DIRECTION('',(0.,-1.));
#13663 = ( GEOMETRIC_REPRESENTATION_CONTEXT(2) 
PARAMETRIC_REPRESENTATION_CONTEXT() REPRESENTATION_CONTEXT('2D SPACE',''
  ) );
#13664 = PCURVE('',#13550,#13665);
#13665 = DEFINITIONAL_REPRESENTATION('',(#13666),#13670);
#13666 = LINE('',#13667,#13668);
#13667 = CARTESIAN_POINT('',(160.,0.));
#13668 = VECTOR('',#13669,1.);
#13669 = DIRECTION('',(0.,1.));
#13670 = ( GEOMETRIC_REPRESENTATION_CONTEXT(2) 
PARAMETRIC_REPRESENTATION_CONTEXT() REPRESENTATION_CONTEXT('2D SPACE',''
  ) );
#13671 = ORIENTED_EDGE('',*,*,#13672,.T.);
#13672 = EDGE_CURVE('',#13650,#13673,#13675,.T.);
#13673 = VERTEX_POINT('',#13674);
#13674 = CARTESIAN_POINT('',(-36.08554956621,-242.5341895743,5.4));
#13675 = SURFACE_CURVE('',#13676,(#13680,#13687),.PCURVE_S1.);
#13676 = LINE('',#13677,#13678);
#13677 = CARTESIAN_POINT('',(-36.08554956621,-242.5341895743,5.));
#13678 = VECTOR('',#13679,1.);
#13679 = DIRECTION('',(0.,0.,1.));
#13680 = PCURVE('',#13630,#13681);
#13681 = DEFINITIONAL_REPRESENTATION('',(#13682),#13686);
#13682 = LINE('',#13683,#13684);
#13683 = CARTESIAN_POINT('',(0.,-20.));
#13684 = VECTOR('',#13685,1.);
#13685 = DIRECTION('',(1.,0.));
#13686 = ( GEOMETRIC_REPRESENTATION_CONTEXT(2) 
PARAMETRIC_REPRESENTATION_CONTEXT() REPRESENTATION_CONTEXT('2D SPACE',''
  ) );
#13687 = PCURVE('',#13578,#13688);
#13688 = DEFINITIONAL_REPRESENTATION('',(#13689),#13693);
#13689 = LINE('',#13690,#13691);
#13690 = CARTESIAN_POINT('',(0.,160.));
#13691 = VECTOR('',#13692,1.);
#13692 = DIRECTION('',(1.,0.));
#13693 = ( GEOMETRIC_REPRESENTATION_CONTEXT(2) 
PARAMETRIC_REPRESENTATION_CONTEXT() REPRESENTATION_CONTEXT('2D SPACE',''
  ) );
#13694 = ORIENTED_EDGE('',*,*,#13695,.F.);
#13695 = EDGE_CURVE('',#13622,#13673,#13696,.T.);
#13696 = SURFACE_CURVE('',#13697,(#13701,#13708),.PCURVE_S1.);
#13697 = LINE('',#13698,#13699);
#13698 = CARTESIAN_POINT('',(-55.73129458078,-238.7865632826,5.4));
#13699 = VECTOR('',#13700,1.);
#13700 = DIRECTION('',(0.982287250729,-0.187381314586,0.));
#13701 = PCURVE('',#13630,#13702);
#13702 = DEFINITIONAL_REPRESENTATION('',(#13703),#13707);
#13703 = LINE('',#13704,#13705);
#13704 = CARTESIAN_POINT('',(0.4,0.));
#13705 = VECTOR('',#13706,1.);
#13706 = DIRECTION('',(0.,-1.));
#13707 = ( GEOMETRIC_REPRESENTATION_CONTEXT(2) 
PARAMETRIC_REPRESENTATION_CONTEXT() REPRESENTATION_CONTEXT('2D SPACE',''
  ) );
#13708 = PCURVE('',#13604,#13709);
#13709 = DEFINITIONAL_REPRESENTATION('',(#13710),#13714);
#13710 = LINE('',#13711,#13712);
#13711 = CARTESIAN_POINT('',(160.,0.));
#13712 = VECTOR('',#13713,1.);
#13713 = DIRECTION('',(0.,1.));
#13714 = ( GEOMETRIC_REPRESENTATION_CONTEXT(2) 
PARAMETRIC_REPRESENTATION_CONTEXT() REPRESENTATION_CONTEXT('2D SPACE',''
  ) );
#13715 = ADVANCED_FACE('',(#13716),#13522,.F.);
#13716 = FACE_BOUND('',#13717,.F.);
#13717 = EDGE_LOOP('',(#13718,#13739,#13740,#13761));
#13718 = ORIENTED_EDGE('',*,*,#13719,.F.);
#13719 = EDGE_CURVE('',#13500,#13620,#13720,.T.);
#13720 = SURFACE_CURVE('',#13721,(#13725,#13732),.PCURVE_S1.);
#13721 = LINE('',#13722,#13723);
#13722 = CARTESIAN_POINT('',(-25.75028424707,-81.62060316608,5.));
#13723 = VECTOR('',#13724,1.);
#13724 = DIRECTION('',(-0.187381314586,-0.982287250729,0.));
#13725 = PCURVE('',#13522,#13726);
#13726 = DEFINITIONAL_REPRESENTATION('',(#13727),#13731);
#13727 = LINE('',#13728,#13729);
#13728 = CARTESIAN_POINT('',(0.,0.));
#13729 = VECTOR('',#13730,1.);
#13730 = DIRECTION('',(0.,1.));
#13731 = ( GEOMETRIC_REPRESENTATION_CONTEXT(2) 
PARAMETRIC_REPRESENTATION_CONTEXT() REPRESENTATION_CONTEXT('2D SPACE',''
  ) );
#13732 = PCURVE('',#13550,#13733);
#13733 = DEFINITIONAL_REPRESENTATION('',(#13734),#13738);
#13734 = LINE('',#13735,#13736);
#13735 = CARTESIAN_POINT('',(0.,0.));
#13736 = VECTOR('',#13737,1.);
#13737 = DIRECTION('',(1.,0.));
#13738 = ( GEOMETRIC_REPRESENTATION_CONTEXT(2) 
PARAMETRIC_REPRESENTATION_CONTEXT() REPRESENTATION_CONTEXT('2D SPACE',''
  ) );
#13739 = ORIENTED_EDGE('',*,*,#13499,.T.);
#13740 = ORIENTED_EDGE('',*,*,#13741,.T.);
#13741 = EDGE_CURVE('',#13502,#13622,#13742,.T.);
#13742 = SURFACE_CURVE('',#13743,(#13747,#13754),.PCURVE_S1.);
#13743 = LINE('',#13744,#13745);
#13744 = CARTESIAN_POINT('',(-25.75028424707,-81.62060316608,5.4));
#13745 = VECTOR('',#13746,1.);
#13746 = DIRECTION('',(-0.187381314586,-0.982287250729,0.));
#13747 = PCURVE('',#13522,#13748);
#13748 = DEFINITIONAL_REPRESENTATION('',(#13749),#13753);
#13749 = LINE('',#13750,#13751);
#13750 = CARTESIAN_POINT('',(0.4,0.));
#13751 = VECTOR('',#13752,1.);
#13752 = DIRECTION('',(0.,1.));
#13753 = ( GEOMETRIC_REPRESENTATION_CONTEXT(2) 
PARAMETRIC_REPRESENTATION_CONTEXT() REPRESENTATION_CONTEXT('2D SPACE',''
  ) );
#13754 = PCURVE('',#13604,#13755);
#13755 = DEFINITIONAL_REPRESENTATION('',(#13756),#13760);
#13756 = LINE('',#13757,#13758);
#13757 = CARTESIAN_POINT('',(0.,0.));
#13758 = VECTOR('',#13759,1.);
#13759 = DIRECTION('',(1.,0.));
#13760 = ( GEOMETRIC_REPRESENTATION_CONTEXT(2) 
PARAMETRIC_REPRESENTATION_CONTEXT() REPRESENTATION_CONTEXT('2D SPACE',''
  ) );
#13761 = ORIENTED_EDGE('',*,*,#13619,.F.);
#13762 = ADVANCED_FACE('',(#13763),#13578,.T.);
#13763 = FACE_BOUND('',#13764,.T.);
#13764 = EDGE_LOOP('',(#13765,#13786,#13787,#13808));
#13765 = ORIENTED_EDGE('',*,*,#13766,.F.);
#13766 = EDGE_CURVE('',#13535,#13650,#13767,.T.);
#13767 = SURFACE_CURVE('',#13768,(#13772,#13779),.PCURVE_S1.);
#13768 = LINE('',#13769,#13770);
#13769 = CARTESIAN_POINT('',(-6.1045392325,-85.36822945779,5.));
#13770 = VECTOR('',#13771,1.);
#13771 = DIRECTION('',(-0.187381314586,-0.982287250729,0.));
#13772 = PCURVE('',#13578,#13773);
#13773 = DEFINITIONAL_REPRESENTATION('',(#13774),#13778);
#13774 = LINE('',#13775,#13776);
#13775 = CARTESIAN_POINT('',(0.,0.));
#13776 = VECTOR('',#13777,1.);
#13777 = DIRECTION('',(0.,1.));
#13778 = ( GEOMETRIC_REPRESENTATION_CONTEXT(2) 
PARAMETRIC_REPRESENTATION_CONTEXT() REPRESENTATION_CONTEXT('2D SPACE',''
  ) );
#13779 = PCURVE('',#13550,#13780);
#13780 = DEFINITIONAL_REPRESENTATION('',(#13781),#13785);
#13781 = LINE('',#13782,#13783);
#13782 = CARTESIAN_POINT('',(-9.325873406851E-15,20.));
#13783 = VECTOR('',#13784,1.);
#13784 = DIRECTION('',(1.,0.));
#13785 = ( GEOMETRIC_REPRESENTATION_CONTEXT(2) 
PARAMETRIC_REPRESENTATION_CONTEXT() REPRESENTATION_CONTEXT('2D SPACE',''
  ) );
#13786 = ORIENTED_EDGE('',*,*,#13562,.T.);
#13787 = ORIENTED_EDGE('',*,*,#13788,.T.);
#13788 = EDGE_CURVE('',#13563,#13673,#13789,.T.);
#13789 = SURFACE_CURVE('',#13790,(#13794,#13801),.PCURVE_S1.);
#13790 = LINE('',#13791,#13792);
#13791 = CARTESIAN_POINT('',(-6.1045392325,-85.36822945779,5.4));
#13792 = VECTOR('',#13793,1.);
#13793 = DIRECTION('',(-0.187381314586,-0.982287250729,0.));
#13794 = PCURVE('',#13578,#13795);
#13795 = DEFINITIONAL_REPRESENTATION('',(#13796),#13800);
#13796 = LINE('',#13797,#13798);
#13797 = CARTESIAN_POINT('',(0.4,0.));
#13798 = VECTOR('',#13799,1.);
#13799 = DIRECTION('',(0.,1.));
#13800 = ( GEOMETRIC_REPRESENTATION_CONTEXT(2) 
PARAMETRIC_REPRESENTATION_CONTEXT() REPRESENTATION_CONTEXT('2D SPACE',''
  ) );
#13801 = PCURVE('',#13604,#13802);
#13802 = DEFINITIONAL_REPRESENTATION('',(#13803),#13807);
#13803 = LINE('',#13804,#13805);
#13804 = CARTESIAN_POINT('',(-9.325873406851E-15,20.));
#13805 = VECTOR('',#13806,1.);
#13806 = DIRECTION('',(1.,0.));
#13807 = ( GEOMETRIC_REPRESENTATION_CONTEXT(2) 
PARAMETRIC_REPRESENTATION_CONTEXT() REPRESENTATION_CONTEXT('2D SPACE',''
  ) );
#13808 = ORIENTED_EDGE('',*,*,#13672,.F.);
#13809 = ADVANCED_FACE('',(#13810),#13550,.F.);
#13810 = FACE_BOUND('',#13811,.F.);
#13811 = EDGE_LOOP('',(#13812,#13813,#13814,#13815));
#13812 = ORIENTED_EDGE('',*,*,#13534,.F.);
#13813 = ORIENTED_EDGE('',*,*,#13719,.T.);
#13814 = ORIENTED_EDGE('',*,*,#13649,.T.);
#13815 = ORIENTED_EDGE('',*,*,#13766,.F.);
#13816 = ADVANCED_FACE('',(#13817),#13604,.T.);
#13817 = FACE_BOUND('',#13818,.T.);
#13818 = EDGE_LOOP('',(#13819,#13820,#13821,#13822));
#13819 = ORIENTED_EDGE('',*,*,#13590,.F.);
#13820 = ORIENTED_EDGE('',*,*,#13741,.T.);
#13821 = ORIENTED_EDGE('',*,*,#13695,.T.);
#13822 = ORIENTED_EDGE('',*,*,#13788,.F.);
#13823 = ( GEOMETRIC_REPRESENTATION_CONTEXT(3) 
GLOBAL_UNCERTAINTY_ASSIGNED_CONTEXT((#13827)) 
GLOBAL_UNIT_ASSIGNED_CONTEXT((#13824,#13825,#13826)) 
REPRESENTATION_CONTEXT('Context #1',
  '3D Context with UNIT and UNCERTAINTY') );
#13824 = ( LENGTH_UNIT() NAMED_UNIT(*) SI_UNIT(.MILLI.,.METRE.) );
#13825 = ( NAMED_UNIT(*) PLANE_ANGLE_UNIT() SI_UNIT($,.RADIAN.) );
#13826 = ( NAMED_UNIT(*) SI_UNIT($,.STERADIAN.) SOLID_ANGLE_UNIT() );
#13827 = UNCERTAINTY_MEASURE_WITH_UNIT(LENGTH_MEASURE(1.E-07),#13824,
  'distance_accuracy_value','confusion accuracy');
#13828 = CONTEXT_DEPENDENT_SHAPE_REPRESENTATION(#13829,#13831);
#13829 = ( REPRESENTATION_RELATIONSHIP('','',#13492,#709) 
REPRESENTATION_RELATIONSHIP_WITH_TRANSFORMATION(#13830) 
SHAPE_REPRESENTATION_RELATIONSHIP() );
#13830 = ITEM_DEFINED_TRANSFORMATION('','',#11,#854);
#13831 = PRODUCT_DEFINITION_SHAPE('Placement','Placement of an item',
  #13832);
#13832 = NEXT_ASSEMBLY_USAGE_OCCURRENCE('45','','',#704,#13487,$);
#13833 = PRODUCT_RELATED_PRODUCT_CATEGORY('part',$,(#13489));
#13834 = SHAPE_DEFINITION_REPRESENTATION(#13835,#13841);
#13835 = PRODUCT_DEFINITION_SHAPE('','',#13836);
#13836 = PRODUCT_DEFINITION('design','',#13837,#13840);
#13837 = PRODUCT_DEFINITION_FORMATION('','',#13838);
#13838 = PRODUCT('Open CASCADE STEP translator 7.9 2.2.38',
  'Open CASCADE STEP translator 7.9 2.2.38','',(#13839));
#13839 = PRODUCT_CONTEXT('',#2,'mechanical');
#13840 = PRODUCT_DEFINITION_CONTEXT('part definition',#2,'design');
#13841 = ADVANCED_BREP_SHAPE_REPRESENTATION('',(#11,#13842),#14172);
#13842 = MANIFOLD_SOLID_BREP('',#13843);
#13843 = CLOSED_SHELL('',(#13844,#13964,#14064,#14111,#14158,#14165));
#13844 = ADVANCED_FACE('',(#13845),#13859,.F.);
#13845 = FACE_BOUND('',#13846,.F.);
#13846 = EDGE_LOOP('',(#13847,#13882,#13910,#13938));
#13847 = ORIENTED_EDGE('',*,*,#13848,.F.);
#13848 = EDGE_CURVE('',#13849,#13851,#13853,.T.);
#13849 = VERTEX_POINT('',#13850);
#13850 = CARTESIAN_POINT('',(-15.31746144427,-84.20436672111,5.));
#13851 = VERTEX_POINT('',#13852);
#13852 = CARTESIAN_POINT('',(-15.31746144427,-84.20436672111,5.4));
#13853 = SURFACE_CURVE('',#13854,(#13858,#13870),.PCURVE_S1.);
#13854 = LINE('',#13855,#13856);
#13855 = CARTESIAN_POINT('',(-15.31746144427,-84.20436672111,5.));
#13856 = VECTOR('',#13857,1.);
#13857 = DIRECTION('',(0.,0.,1.));
#13858 = PCURVE('',#13859,#13864);
#13859 = PLANE('',#13860);
#13860 = AXIS2_PLACEMENT_3D('',#13861,#13862,#13863);
#13861 = CARTESIAN_POINT('',(-15.31746144427,-84.20436672111,5.));
#13862 = DIRECTION('',(-6.279051952931E-02,-0.998026728428,0.));
#13863 = DIRECTION('',(0.,0.,1.));
#13864 = DEFINITIONAL_REPRESENTATION('',(#13865),#13869);
#13865 = LINE('',#13866,#13867);
#13866 = CARTESIAN_POINT('',(0.,0.));
#13867 = VECTOR('',#13868,1.);
#13868 = DIRECTION('',(1.,0.));
#13869 = ( GEOMETRIC_REPRESENTATION_CONTEXT(2) 
PARAMETRIC_REPRESENTATION_CONTEXT() REPRESENTATION_CONTEXT('2D SPACE',''
  ) );
#13870 = PCURVE('',#13871,#13876);
#13871 = PLANE('',#13872);
#13872 = AXIS2_PLACEMENT_3D('',#13873,#13874,#13875);
#13873 = CARTESIAN_POINT('',(-15.31746144427,-84.20436672111,5.));
#13874 = DIRECTION('',(0.998026728428,-6.279051952931E-02,0.));
#13875 = DIRECTION('',(0.,0.,1.));
#13876 = DEFINITIONAL_REPRESENTATION('',(#13877),#13881);
#13877 = LINE('',#13878,#13879);
#13878 = CARTESIAN_POINT('',(0.,0.));
#13879 = VECTOR('',#13880,1.);
#13880 = DIRECTION('',(1.,0.));
#13881 = ( GEOMETRIC_REPRESENTATION_CONTEXT(2) 
PARAMETRIC_REPRESENTATION_CONTEXT() REPRESENTATION_CONTEXT('2D SPACE',''
  ) );
#13882 = ORIENTED_EDGE('',*,*,#13883,.T.);
#13883 = EDGE_CURVE('',#13849,#13884,#13886,.T.);
#13884 = VERTEX_POINT('',#13885);
#13885 = CARTESIAN_POINT('',(4.643073124291,-85.46017711169,5.));
#13886 = SURFACE_CURVE('',#13887,(#13891,#13898),.PCURVE_S1.);
#13887 = LINE('',#13888,#13889);
#13888 = CARTESIAN_POINT('',(-15.31746144427,-84.20436672111,5.));
#13889 = VECTOR('',#13890,1.);
#13890 = DIRECTION('',(0.998026728428,-6.279051952931E-02,0.));
#13891 = PCURVE('',#13859,#13892);
#13892 = DEFINITIONAL_REPRESENTATION('',(#13893),#13897);
#13893 = LINE('',#13894,#13895);
#13894 = CARTESIAN_POINT('',(0.,0.));
#13895 = VECTOR('',#13896,1.);
#13896 = DIRECTION('',(0.,-1.));
#13897 = ( GEOMETRIC_REPRESENTATION_CONTEXT(2) 
PARAMETRIC_REPRESENTATION_CONTEXT() REPRESENTATION_CONTEXT('2D SPACE',''
  ) );
#13898 = PCURVE('',#13899,#13904);
#13899 = PLANE('',#13900);
#13900 = AXIS2_PLACEMENT_3D('',#13901,#13902,#13903);
#13901 = CARTESIAN_POINT('',(-15.31746144427,-84.20436672111,5.));
#13902 = DIRECTION('',(0.,0.,1.));
#13903 = DIRECTION('',(-6.279051952931E-02,-0.998026728428,0.));
#13904 = DEFINITIONAL_REPRESENTATION('',(#13905),#13909);
#13905 = LINE('',#13906,#13907);
#13906 = CARTESIAN_POINT('',(0.,0.));
#13907 = VECTOR('',#13908,1.);
#13908 = DIRECTION('',(0.,1.));
#13909 = ( GEOMETRIC_REPRESENTATION_CONTEXT(2) 
PARAMETRIC_REPRESENTATION_CONTEXT() REPRESENTATION_CONTEXT('2D SPACE',''
  ) );
#13910 = ORIENTED_EDGE('',*,*,#13911,.T.);
#13911 = EDGE_CURVE('',#13884,#13912,#13914,.T.);
#13912 = VERTEX_POINT('',#13913);
#13913 = CARTESIAN_POINT('',(4.643073124291,-85.46017711169,5.4));
#13914 = SURFACE_CURVE('',#13915,(#13919,#13926),.PCURVE_S1.);
#13915 = LINE('',#13916,#13917);
#13916 = CARTESIAN_POINT('',(4.643073124291,-85.46017711169,5.));
#13917 = VECTOR('',#13918,1.);
#13918 = DIRECTION('',(0.,0.,1.));
#13919 = PCURVE('',#13859,#13920);
#13920 = DEFINITIONAL_REPRESENTATION('',(#13921),#13925);
#13921 = LINE('',#13922,#13923);
#13922 = CARTESIAN_POINT('',(0.,-20.));
#13923 = VECTOR('',#13924,1.);
#13924 = DIRECTION('',(1.,0.));
#13925 = ( GEOMETRIC_REPRESENTATION_CONTEXT(2) 
PARAMETRIC_REPRESENTATION_CONTEXT() REPRESENTATION_CONTEXT('2D SPACE',''
  ) );
#13926 = PCURVE('',#13927,#13932);
#13927 = PLANE('',#13928);
#13928 = AXIS2_PLACEMENT_3D('',#13929,#13930,#13931);
#13929 = CARTESIAN_POINT('',(4.643073124291,-85.46017711169,5.));
#13930 = DIRECTION('',(0.998026728428,-6.279051952931E-02,0.));
#13931 = DIRECTION('',(0.,0.,1.));
#13932 = DEFINITIONAL_REPRESENTATION('',(#13933),#13937);
#13933 = LINE('',#13934,#13935);
#13934 = CARTESIAN_POINT('',(0.,0.));
#13935 = VECTOR('',#13936,1.);
#13936 = DIRECTION('',(1.,0.));
#13937 = ( GEOMETRIC_REPRESENTATION_CONTEXT(2) 
PARAMETRIC_REPRESENTATION_CONTEXT() REPRESENTATION_CONTEXT('2D SPACE',''
  ) );
#13938 = ORIENTED_EDGE('',*,*,#13939,.F.);
#13939 = EDGE_CURVE('',#13851,#13912,#13940,.T.);
#13940 = SURFACE_CURVE('',#13941,(#13945,#13952),.PCURVE_S1.);
#13941 = LINE('',#13942,#13943);
#13942 = CARTESIAN_POINT('',(-15.31746144427,-84.20436672111,5.4));
#13943 = VECTOR('',#13944,1.);
#13944 = DIRECTION('',(0.998026728428,-6.279051952931E-02,0.));
#13945 = PCURVE('',#13859,#13946);
#13946 = DEFINITIONAL_REPRESENTATION('',(#13947),#13951);
#13947 = LINE('',#13948,#13949);
#13948 = CARTESIAN_POINT('',(0.4,0.));
#13949 = VECTOR('',#13950,1.);
#13950 = DIRECTION('',(0.,-1.));
#13951 = ( GEOMETRIC_REPRESENTATION_CONTEXT(2) 
PARAMETRIC_REPRESENTATION_CONTEXT() REPRESENTATION_CONTEXT('2D SPACE',''
  ) );
#13952 = PCURVE('',#13953,#13958);
#13953 = PLANE('',#13954);
#13954 = AXIS2_PLACEMENT_3D('',#13955,#13956,#13957);
#13955 = CARTESIAN_POINT('',(-15.31746144427,-84.20436672111,5.4));
#13956 = DIRECTION('',(0.,0.,1.));
#13957 = DIRECTION('',(-6.279051952931E-02,-0.998026728428,0.));
#13958 = DEFINITIONAL_REPRESENTATION('',(#13959),#13963);
#13959 = LINE('',#13960,#13961);
#13960 = CARTESIAN_POINT('',(0.,0.));
#13961 = VECTOR('',#13962,1.);
#13962 = DIRECTION('',(0.,1.));
#13963 = ( GEOMETRIC_REPRESENTATION_CONTEXT(2) 
PARAMETRIC_REPRESENTATION_CONTEXT() REPRESENTATION_CONTEXT('2D SPACE',''
  ) );
#13964 = ADVANCED_FACE('',(#13965),#13979,.T.);
#13965 = FACE_BOUND('',#13966,.T.);
#13966 = EDGE_LOOP('',(#13967,#13997,#14020,#14043));
#13967 = ORIENTED_EDGE('',*,*,#13968,.F.);
#13968 = EDGE_CURVE('',#13969,#13971,#13973,.T.);
#13969 = VERTEX_POINT('',#13970);
#13970 = CARTESIAN_POINT('',(-25.36394456896,-243.8886432696,5.));
#13971 = VERTEX_POINT('',#13972);
#13972 = CARTESIAN_POINT('',(-25.36394456896,-243.8886432696,5.4));
#13973 = SURFACE_CURVE('',#13974,(#13978,#13990),.PCURVE_S1.);
#13974 = LINE('',#13975,#13976);
#13975 = CARTESIAN_POINT('',(-25.36394456896,-243.8886432696,5.));
#13976 = VECTOR('',#13977,1.);
#13977 = DIRECTION('',(0.,0.,1.));
#13978 = PCURVE('',#13979,#13984);
#13979 = PLANE('',#13980);
#13980 = AXIS2_PLACEMENT_3D('',#13981,#13982,#13983);
#13981 = CARTESIAN_POINT('',(-25.36394456896,-243.8886432696,5.));
#13982 = DIRECTION('',(-6.279051952931E-02,-0.998026728428,0.));
#13983 = DIRECTION('',(0.,0.,1.));
#13984 = DEFINITIONAL_REPRESENTATION('',(#13985),#13989);
#13985 = LINE('',#13986,#13987);
#13986 = CARTESIAN_POINT('',(0.,0.));
#13987 = VECTOR('',#13988,1.);
#13988 = DIRECTION('',(1.,0.));
#13989 = ( GEOMETRIC_REPRESENTATION_CONTEXT(2) 
PARAMETRIC_REPRESENTATION_CONTEXT() REPRESENTATION_CONTEXT('2D SPACE',''
  ) );
#13990 = PCURVE('',#13871,#13991);
#13991 = DEFINITIONAL_REPRESENTATION('',(#13992),#13996);
#13992 = LINE('',#13993,#13994);
#13993 = CARTESIAN_POINT('',(0.,160.));
#13994 = VECTOR('',#13995,1.);
#13995 = DIRECTION('',(1.,0.));
#13996 = ( GEOMETRIC_REPRESENTATION_CONTEXT(2) 
PARAMETRIC_REPRESENTATION_CONTEXT() REPRESENTATION_CONTEXT('2D SPACE',''
  ) );
#13997 = ORIENTED_EDGE('',*,*,#13998,.T.);
#13998 = EDGE_CURVE('',#13969,#13999,#14001,.T.);
#13999 = VERTEX_POINT('',#14000);
#14000 = CARTESIAN_POINT('',(-5.403410000399,-245.1444536602,5.));
#14001 = SURFACE_CURVE('',#14002,(#14006,#14013),.PCURVE_S1.);
#14002 = LINE('',#14003,#14004);
#14003 = CARTESIAN_POINT('',(-25.36394456896,-243.8886432696,5.));
#14004 = VECTOR('',#14005,1.);
#14005 = DIRECTION('',(0.998026728428,-6.279051952931E-02,0.));
#14006 = PCURVE('',#13979,#14007);
#14007 = DEFINITIONAL_REPRESENTATION('',(#14008),#14012);
#14008 = LINE('',#14009,#14010);
#14009 = CARTESIAN_POINT('',(0.,0.));
#14010 = VECTOR('',#14011,1.);
#14011 = DIRECTION('',(0.,-1.));
#14012 = ( GEOMETRIC_REPRESENTATION_CONTEXT(2) 
PARAMETRIC_REPRESENTATION_CONTEXT() REPRESENTATION_CONTEXT('2D SPACE',''
  ) );
#14013 = PCURVE('',#13899,#14014);
#14014 = DEFINITIONAL_REPRESENTATION('',(#14015),#14019);
#14015 = LINE('',#14016,#14017);
#14016 = CARTESIAN_POINT('',(160.,-1.7763568394E-15));
#14017 = VECTOR('',#14018,1.);
#14018 = DIRECTION('',(0.,1.));
#14019 = ( GEOMETRIC_REPRESENTATION_CONTEXT(2) 
PARAMETRIC_REPRESENTATION_CONTEXT() REPRESENTATION_CONTEXT('2D SPACE',''
  ) );
#14020 = ORIENTED_EDGE('',*,*,#14021,.T.);
#14021 = EDGE_CURVE('',#13999,#14022,#14024,.T.);
#14022 = VERTEX_POINT('',#14023);
#14023 = CARTESIAN_POINT('',(-5.403410000399,-245.1444536602,5.4));
#14024 = SURFACE_CURVE('',#14025,(#14029,#14036),.PCURVE_S1.);
#14025 = LINE('',#14026,#14027);
#14026 = CARTESIAN_POINT('',(-5.403410000399,-245.1444536602,5.));
#14027 = VECTOR('',#14028,1.);
#14028 = DIRECTION('',(0.,0.,1.));
#14029 = PCURVE('',#13979,#14030);
#14030 = DEFINITIONAL_REPRESENTATION('',(#14031),#14035);
#14031 = LINE('',#14032,#14033);
#14032 = CARTESIAN_POINT('',(0.,-20.));
#14033 = VECTOR('',#14034,1.);
#14034 = DIRECTION('',(1.,0.));
#14035 = ( GEOMETRIC_REPRESENTATION_CONTEXT(2) 
PARAMETRIC_REPRESENTATION_CONTEXT() REPRESENTATION_CONTEXT('2D SPACE',''
  ) );
#14036 = PCURVE('',#13927,#14037);
#14037 = DEFINITIONAL_REPRESENTATION('',(#14038),#14042);
#14038 = LINE('',#14039,#14040);
#14039 = CARTESIAN_POINT('',(0.,160.));
#14040 = VECTOR('',#14041,1.);
#14041 = DIRECTION('',(1.,0.));
#14042 = ( GEOMETRIC_REPRESENTATION_CONTEXT(2) 
PARAMETRIC_REPRESENTATION_CONTEXT() REPRESENTATION_CONTEXT('2D SPACE',''
  ) );
#14043 = ORIENTED_EDGE('',*,*,#14044,.F.);
#14044 = EDGE_CURVE('',#13971,#14022,#14045,.T.);
#14045 = SURFACE_CURVE('',#14046,(#14050,#14057),.PCURVE_S1.);
#14046 = LINE('',#14047,#14048);
#14047 = CARTESIAN_POINT('',(-25.36394456896,-243.8886432696,5.4));
#14048 = VECTOR('',#14049,1.);
#14049 = DIRECTION('',(0.998026728428,-6.279051952931E-02,0.));
#14050 = PCURVE('',#13979,#14051);
#14051 = DEFINITIONAL_REPRESENTATION('',(#14052),#14056);
#14052 = LINE('',#14053,#14054);
#14053 = CARTESIAN_POINT('',(0.4,0.));
#14054 = VECTOR('',#14055,1.);
#14055 = DIRECTION('',(0.,-1.));
#14056 = ( GEOMETRIC_REPRESENTATION_CONTEXT(2) 
PARAMETRIC_REPRESENTATION_CONTEXT() REPRESENTATION_CONTEXT('2D SPACE',''
  ) );
#14057 = PCURVE('',#13953,#14058);
#14058 = DEFINITIONAL_REPRESENTATION('',(#14059),#14063);
#14059 = LINE('',#14060,#14061);
#14060 = CARTESIAN_POINT('',(160.,-1.7763568394E-15));
#14061 = VECTOR('',#14062,1.);
#14062 = DIRECTION('',(0.,1.));
#14063 = ( GEOMETRIC_REPRESENTATION_CONTEXT(2) 
PARAMETRIC_REPRESENTATION_CONTEXT() REPRESENTATION_CONTEXT('2D SPACE',''
  ) );
#14064 = ADVANCED_FACE('',(#14065),#13871,.F.);
#14065 = FACE_BOUND('',#14066,.F.);
#14066 = EDGE_LOOP('',(#14067,#14088,#14089,#14110));
#14067 = ORIENTED_EDGE('',*,*,#14068,.F.);
#14068 = EDGE_CURVE('',#13849,#13969,#14069,.T.);
#14069 = SURFACE_CURVE('',#14070,(#14074,#14081),.PCURVE_S1.);
#14070 = LINE('',#14071,#14072);
#14071 = CARTESIAN_POINT('',(-15.31746144427,-84.20436672111,5.));
#14072 = VECTOR('',#14073,1.);
#14073 = DIRECTION('',(-6.279051952931E-02,-0.998026728428,0.));
#14074 = PCURVE('',#13871,#14075);
#14075 = DEFINITIONAL_REPRESENTATION('',(#14076),#14080);
#14076 = LINE('',#14077,#14078);
#14077 = CARTESIAN_POINT('',(0.,0.));
#14078 = VECTOR('',#14079,1.);
#14079 = DIRECTION('',(0.,1.));
#14080 = ( GEOMETRIC_REPRESENTATION_CONTEXT(2) 
PARAMETRIC_REPRESENTATION_CONTEXT() REPRESENTATION_CONTEXT('2D SPACE',''
  ) );
#14081 = PCURVE('',#13899,#14082);
#14082 = DEFINITIONAL_REPRESENTATION('',(#14083),#14087);
#14083 = LINE('',#14084,#14085);
#14084 = CARTESIAN_POINT('',(0.,0.));
#14085 = VECTOR('',#14086,1.);
#14086 = DIRECTION('',(1.,0.));
#14087 = ( GEOMETRIC_REPRESENTATION_CONTEXT(2) 
PARAMETRIC_REPRESENTATION_CONTEXT() REPRESENTATION_CONTEXT('2D SPACE',''
  ) );
#14088 = ORIENTED_EDGE('',*,*,#13848,.T.);
#14089 = ORIENTED_EDGE('',*,*,#14090,.T.);
#14090 = EDGE_CURVE('',#13851,#13971,#14091,.T.);
#14091 = SURFACE_CURVE('',#14092,(#14096,#14103),.PCURVE_S1.);
#14092 = LINE('',#14093,#14094);
#14093 = CARTESIAN_POINT('',(-15.31746144427,-84.20436672111,5.4));
#14094 = VECTOR('',#14095,1.);
#14095 = DIRECTION('',(-6.279051952931E-02,-0.998026728428,0.));
#14096 = PCURVE('',#13871,#14097);
#14097 = DEFINITIONAL_REPRESENTATION('',(#14098),#14102);
#14098 = LINE('',#14099,#14100);
#14099 = CARTESIAN_POINT('',(0.4,0.));
#14100 = VECTOR('',#14101,1.);
#14101 = DIRECTION('',(0.,1.));
#14102 = ( GEOMETRIC_REPRESENTATION_CONTEXT(2) 
PARAMETRIC_REPRESENTATION_CONTEXT() REPRESENTATION_CONTEXT('2D SPACE',''
  ) );
#14103 = PCURVE('',#13953,#14104);
#14104 = DEFINITIONAL_REPRESENTATION('',(#14105),#14109);
#14105 = LINE('',#14106,#14107);
#14106 = CARTESIAN_POINT('',(0.,0.));
#14107 = VECTOR('',#14108,1.);
#14108 = DIRECTION('',(1.,0.));
#14109 = ( GEOMETRIC_REPRESENTATION_CONTEXT(2) 
PARAMETRIC_REPRESENTATION_CONTEXT() REPRESENTATION_CONTEXT('2D SPACE',''
  ) );
#14110 = ORIENTED_EDGE('',*,*,#13968,.F.);
#14111 = ADVANCED_FACE('',(#14112),#13927,.T.);
#14112 = FACE_BOUND('',#14113,.T.);
#14113 = EDGE_LOOP('',(#14114,#14135,#14136,#14157));
#14114 = ORIENTED_EDGE('',*,*,#14115,.F.);
#14115 = EDGE_CURVE('',#13884,#13999,#14116,.T.);
#14116 = SURFACE_CURVE('',#14117,(#14121,#14128),.PCURVE_S1.);
#14117 = LINE('',#14118,#14119);
#14118 = CARTESIAN_POINT('',(4.643073124291,-85.46017711169,5.));
#14119 = VECTOR('',#14120,1.);
#14120 = DIRECTION('',(-6.279051952931E-02,-0.998026728428,0.));
#14121 = PCURVE('',#13927,#14122);
#14122 = DEFINITIONAL_REPRESENTATION('',(#14123),#14127);
#14123 = LINE('',#14124,#14125);
#14124 = CARTESIAN_POINT('',(0.,0.));
#14125 = VECTOR('',#14126,1.);
#14126 = DIRECTION('',(0.,1.));
#14127 = ( GEOMETRIC_REPRESENTATION_CONTEXT(2) 
PARAMETRIC_REPRESENTATION_CONTEXT() REPRESENTATION_CONTEXT('2D SPACE',''
  ) );
#14128 = PCURVE('',#13899,#14129);
#14129 = DEFINITIONAL_REPRESENTATION('',(#14130),#14134);
#14130 = LINE('',#14131,#14132);
#14131 = CARTESIAN_POINT('',(-6.217248937901E-15,20.));
#14132 = VECTOR('',#14133,1.);
#14133 = DIRECTION('',(1.,0.));
#14134 = ( GEOMETRIC_REPRESENTATION_CONTEXT(2) 
PARAMETRIC_REPRESENTATION_CONTEXT() REPRESENTATION_CONTEXT('2D SPACE',''
  ) );
#14135 = ORIENTED_EDGE('',*,*,#13911,.T.);
#14136 = ORIENTED_EDGE('',*,*,#14137,.T.);
#14137 = EDGE_CURVE('',#13912,#14022,#14138,.T.);
#14138 = SURFACE_CURVE('',#14139,(#14143,#14150),.PCURVE_S1.);
#14139 = LINE('',#14140,#14141);
#14140 = CARTESIAN_POINT('',(4.643073124291,-85.46017711169,5.4));
#14141 = VECTOR('',#14142,1.);
#14142 = DIRECTION('',(-6.279051952931E-02,-0.998026728428,0.));
#14143 = PCURVE('',#13927,#14144);
#14144 = DEFINITIONAL_REPRESENTATION('',(#14145),#14149);
#14145 = LINE('',#14146,#14147);
#14146 = CARTESIAN_POINT('',(0.4,0.));
#14147 = VECTOR('',#14148,1.);
#14148 = DIRECTION('',(0.,1.));
#14149 = ( GEOMETRIC_REPRESENTATION_CONTEXT(2) 
PARAMETRIC_REPRESENTATION_CONTEXT() REPRESENTATION_CONTEXT('2D SPACE',''
  ) );
#14150 = PCURVE('',#13953,#14151);
#14151 = DEFINITIONAL_REPRESENTATION('',(#14152),#14156);
#14152 = LINE('',#14153,#14154);
#14153 = CARTESIAN_POINT('',(-6.217248937901E-15,20.));
#14154 = VECTOR('',#14155,1.);
#14155 = DIRECTION('',(1.,0.));
#14156 = ( GEOMETRIC_REPRESENTATION_CONTEXT(2) 
PARAMETRIC_REPRESENTATION_CONTEXT() REPRESENTATION_CONTEXT('2D SPACE',''
  ) );
#14157 = ORIENTED_EDGE('',*,*,#14021,.F.);
#14158 = ADVANCED_FACE('',(#14159),#13899,.F.);
#14159 = FACE_BOUND('',#14160,.F.);
#14160 = EDGE_LOOP('',(#14161,#14162,#14163,#14164));
#14161 = ORIENTED_EDGE('',*,*,#13883,.F.);
#14162 = ORIENTED_EDGE('',*,*,#14068,.T.);
#14163 = ORIENTED_EDGE('',*,*,#13998,.T.);
#14164 = ORIENTED_EDGE('',*,*,#14115,.F.);
#14165 = ADVANCED_FACE('',(#14166),#13953,.T.);
#14166 = FACE_BOUND('',#14167,.T.);
#14167 = EDGE_LOOP('',(#14168,#14169,#14170,#14171));
#14168 = ORIENTED_EDGE('',*,*,#13939,.F.);
#14169 = ORIENTED_EDGE('',*,*,#14090,.T.);
#14170 = ORIENTED_EDGE('',*,*,#14044,.T.);
#14171 = ORIENTED_EDGE('',*,*,#14137,.F.);
#14172 = ( GEOMETRIC_REPRESENTATION_CONTEXT(3) 
GLOBAL_UNCERTAINTY_ASSIGNED_CONTEXT((#14176)) 
GLOBAL_UNIT_ASSIGNED_CONTEXT((#14173,#14174,#14175)) 
REPRESENTATION_CONTEXT('Context #1',
  '3D Context with UNIT and UNCERTAINTY') );
#14173 = ( LENGTH_UNIT() NAMED_UNIT(*) SI_UNIT(.MILLI.,.METRE.) );
#14174 = ( NAMED_UNIT(*) PLANE_ANGLE_UNIT() SI_UNIT($,.RADIAN.) );
#14175 = ( NAMED_UNIT(*) SI_UNIT($,.STERADIAN.) SOLID_ANGLE_UNIT() );
#14176 = UNCERTAINTY_MEASURE_WITH_UNIT(LENGTH_MEASURE(1.E-07),#14173,
  'distance_accuracy_value','confusion accuracy');
#14177 = CONTEXT_DEPENDENT_SHAPE_REPRESENTATION(#14178,#14180);
#14178 = ( REPRESENTATION_RELATIONSHIP('','',#13841,#709) 
REPRESENTATION_RELATIONSHIP_WITH_TRANSFORMATION(#14179) 
SHAPE_REPRESENTATION_RELATIONSHIP() );
#14179 = ITEM_DEFINED_TRANSFORMATION('','',#11,#858);
#14180 = PRODUCT_DEFINITION_SHAPE('Placement','Placement of an item',
  #14181);
#14181 = NEXT_ASSEMBLY_USAGE_OCCURRENCE('46','','',#704,#13836,$);
#14182 = PRODUCT_RELATED_PRODUCT_CATEGORY('part',$,(#13838));
#14183 = SHAPE_DEFINITION_REPRESENTATION(#14184,#14190);
#14184 = PRODUCT_DEFINITION_SHAPE('','',#14185);
#14185 = PRODUCT_DEFINITION('design','',#14186,#14189);
#14186 = PRODUCT_DEFINITION_FORMATION('','',#14187);
#14187 = PRODUCT('Open CASCADE STEP translator 7.9 2.2.39',
  'Open CASCADE STEP translator 7.9 2.2.39','',(#14188));
#14188 = PRODUCT_CONTEXT('',#2,'mechanical');
#14189 = PRODUCT_DEFINITION_CONTEXT('part definition',#2,'design');
#14190 = ADVANCED_BREP_SHAPE_REPRESENTATION('',(#11,#14191),#14521);
#14191 = MANIFOLD_SOLID_BREP('',#14192);
#14192 = CLOSED_SHELL('',(#14193,#14313,#14413,#14460,#14507,#14514));
#14193 = ADVANCED_FACE('',(#14194),#14208,.F.);
#14194 = FACE_BOUND('',#14195,.F.);
#14195 = EDGE_LOOP('',(#14196,#14231,#14259,#14287));
#14196 = ORIENTED_EDGE('',*,*,#14197,.F.);
#14197 = EDGE_CURVE('',#14198,#14200,#14202,.T.);
#14198 = VERTEX_POINT('',#14199);
#14199 = CARTESIAN_POINT('',(-4.643073124291,-85.46017711169,5.));
#14200 = VERTEX_POINT('',#14201);
#14201 = CARTESIAN_POINT('',(-4.643073124291,-85.46017711169,5.4));
#14202 = SURFACE_CURVE('',#14203,(#14207,#14219),.PCURVE_S1.);
#14203 = LINE('',#14204,#14205);
#14204 = CARTESIAN_POINT('',(-4.643073124291,-85.46017711169,5.));
#14205 = VECTOR('',#14206,1.);
#14206 = DIRECTION('',(0.,0.,1.));
#14207 = PCURVE('',#14208,#14213);
#14208 = PLANE('',#14209);
#14209 = AXIS2_PLACEMENT_3D('',#14210,#14211,#14212);
#14210 = CARTESIAN_POINT('',(-4.643073124291,-85.46017711169,5.));
#14211 = DIRECTION('',(6.279051952931E-02,-0.998026728428,0.));
#14212 = DIRECTION('',(0.,0.,1.));
#14213 = DEFINITIONAL_REPRESENTATION('',(#14214),#14218);
#14214 = LINE('',#14215,#14216);
#14215 = CARTESIAN_POINT('',(0.,0.));
#14216 = VECTOR('',#14217,1.);
#14217 = DIRECTION('',(1.,0.));
#14218 = ( GEOMETRIC_REPRESENTATION_CONTEXT(2) 
PARAMETRIC_REPRESENTATION_CONTEXT() REPRESENTATION_CONTEXT('2D SPACE',''
  ) );
#14219 = PCURVE('',#14220,#14225);
#14220 = PLANE('',#14221);
#14221 = AXIS2_PLACEMENT_3D('',#14222,#14223,#14224);
#14222 = CARTESIAN_POINT('',(-4.643073124291,-85.46017711169,5.));
#14223 = DIRECTION('',(0.998026728428,6.279051952931E-02,0.));
#14224 = DIRECTION('',(0.,0.,1.));
#14225 = DEFINITIONAL_REPRESENTATION('',(#14226),#14230);
#14226 = LINE('',#14227,#14228);
#14227 = CARTESIAN_POINT('',(0.,0.));
#14228 = VECTOR('',#14229,1.);
#14229 = DIRECTION('',(1.,0.));
#14230 = ( GEOMETRIC_REPRESENTATION_CONTEXT(2) 
PARAMETRIC_REPRESENTATION_CONTEXT() REPRESENTATION_CONTEXT('2D SPACE',''
  ) );
#14231 = ORIENTED_EDGE('',*,*,#14232,.T.);
#14232 = EDGE_CURVE('',#14198,#14233,#14235,.T.);
#14233 = VERTEX_POINT('',#14234);
#14234 = CARTESIAN_POINT('',(15.317461444274,-84.20436672111,5.));
#14235 = SURFACE_CURVE('',#14236,(#14240,#14247),.PCURVE_S1.);
#14236 = LINE('',#14237,#14238);
#14237 = CARTESIAN_POINT('',(-4.643073124291,-85.46017711169,5.));
#14238 = VECTOR('',#14239,1.);
#14239 = DIRECTION('',(0.998026728428,6.279051952931E-02,0.));
#14240 = PCURVE('',#14208,#14241);
#14241 = DEFINITIONAL_REPRESENTATION('',(#14242),#14246);
#14242 = LINE('',#14243,#14244);
#14243 = CARTESIAN_POINT('',(0.,0.));
#14244 = VECTOR('',#14245,1.);
#14245 = DIRECTION('',(0.,-1.));
#14246 = ( GEOMETRIC_REPRESENTATION_CONTEXT(2) 
PARAMETRIC_REPRESENTATION_CONTEXT() REPRESENTATION_CONTEXT('2D SPACE',''
  ) );
#14247 = PCURVE('',#14248,#14253);
#14248 = PLANE('',#14249);
#14249 = AXIS2_PLACEMENT_3D('',#14250,#14251,#14252);
#14250 = CARTESIAN_POINT('',(-4.643073124291,-85.46017711169,5.));
#14251 = DIRECTION('',(0.,0.,1.));
#14252 = DIRECTION('',(6.279051952931E-02,-0.998026728428,0.));
#14253 = DEFINITIONAL_REPRESENTATION('',(#14254),#14258);
#14254 = LINE('',#14255,#14256);
#14255 = CARTESIAN_POINT('',(0.,0.));
#14256 = VECTOR('',#14257,1.);
#14257 = DIRECTION('',(0.,1.));
#14258 = ( GEOMETRIC_REPRESENTATION_CONTEXT(2) 
PARAMETRIC_REPRESENTATION_CONTEXT() REPRESENTATION_CONTEXT('2D SPACE',''
  ) );
#14259 = ORIENTED_EDGE('',*,*,#14260,.T.);
#14260 = EDGE_CURVE('',#14233,#14261,#14263,.T.);
#14261 = VERTEX_POINT('',#14262);
#14262 = CARTESIAN_POINT('',(15.317461444274,-84.20436672111,5.4));
#14263 = SURFACE_CURVE('',#14264,(#14268,#14275),.PCURVE_S1.);
#14264 = LINE('',#14265,#14266);
#14265 = CARTESIAN_POINT('',(15.317461444274,-84.20436672111,5.));
#14266 = VECTOR('',#14267,1.);
#14267 = DIRECTION('',(0.,0.,1.));
#14268 = PCURVE('',#14208,#14269);
#14269 = DEFINITIONAL_REPRESENTATION('',(#14270),#14274);
#14270 = LINE('',#14271,#14272);
#14271 = CARTESIAN_POINT('',(0.,-20.));
#14272 = VECTOR('',#14273,1.);
#14273 = DIRECTION('',(1.,0.));
#14274 = ( GEOMETRIC_REPRESENTATION_CONTEXT(2) 
PARAMETRIC_REPRESENTATION_CONTEXT() REPRESENTATION_CONTEXT('2D SPACE',''
  ) );
#14275 = PCURVE('',#14276,#14281);
#14276 = PLANE('',#14277);
#14277 = AXIS2_PLACEMENT_3D('',#14278,#14279,#14280);
#14278 = CARTESIAN_POINT('',(15.317461444274,-84.20436672111,5.));
#14279 = DIRECTION('',(0.998026728428,6.279051952931E-02,0.));
#14280 = DIRECTION('',(0.,0.,1.));
#14281 = DEFINITIONAL_REPRESENTATION('',(#14282),#14286);
#14282 = LINE('',#14283,#14284);
#14283 = CARTESIAN_POINT('',(0.,0.));
#14284 = VECTOR('',#14285,1.);
#14285 = DIRECTION('',(1.,0.));
#14286 = ( GEOMETRIC_REPRESENTATION_CONTEXT(2) 
PARAMETRIC_REPRESENTATION_CONTEXT() REPRESENTATION_CONTEXT('2D SPACE',''
  ) );
#14287 = ORIENTED_EDGE('',*,*,#14288,.F.);
#14288 = EDGE_CURVE('',#14200,#14261,#14289,.T.);
#14289 = SURFACE_CURVE('',#14290,(#14294,#14301),.PCURVE_S1.);
#14290 = LINE('',#14291,#14292);
#14291 = CARTESIAN_POINT('',(-4.643073124291,-85.46017711169,5.4));
#14292 = VECTOR('',#14293,1.);
#14293 = DIRECTION('',(0.998026728428,6.279051952931E-02,0.));
#14294 = PCURVE('',#14208,#14295);
#14295 = DEFINITIONAL_REPRESENTATION('',(#14296),#14300);
#14296 = LINE('',#14297,#14298);
#14297 = CARTESIAN_POINT('',(0.4,0.));
#14298 = VECTOR('',#14299,1.);
#14299 = DIRECTION('',(0.,-1.));
#14300 = ( GEOMETRIC_REPRESENTATION_CONTEXT(2) 
PARAMETRIC_REPRESENTATION_CONTEXT() REPRESENTATION_CONTEXT('2D SPACE',''
  ) );
#14301 = PCURVE('',#14302,#14307);
#14302 = PLANE('',#14303);
#14303 = AXIS2_PLACEMENT_3D('',#14304,#14305,#14306);
#14304 = CARTESIAN_POINT('',(-4.643073124291,-85.46017711169,5.4));
#14305 = DIRECTION('',(0.,0.,1.));
#14306 = DIRECTION('',(6.279051952931E-02,-0.998026728428,0.));
#14307 = DEFINITIONAL_REPRESENTATION('',(#14308),#14312);
#14308 = LINE('',#14309,#14310);
#14309 = CARTESIAN_POINT('',(0.,0.));
#14310 = VECTOR('',#14311,1.);
#14311 = DIRECTION('',(0.,1.));
#14312 = ( GEOMETRIC_REPRESENTATION_CONTEXT(2) 
PARAMETRIC_REPRESENTATION_CONTEXT() REPRESENTATION_CONTEXT('2D SPACE',''
  ) );
#14313 = ADVANCED_FACE('',(#14314),#14328,.T.);
#14314 = FACE_BOUND('',#14315,.T.);
#14315 = EDGE_LOOP('',(#14316,#14346,#14369,#14392));
#14316 = ORIENTED_EDGE('',*,*,#14317,.F.);
#14317 = EDGE_CURVE('',#14318,#14320,#14322,.T.);
#14318 = VERTEX_POINT('',#14319);
#14319 = CARTESIAN_POINT('',(5.403410000399,-245.1444536602,5.));
#14320 = VERTEX_POINT('',#14321);
#14321 = CARTESIAN_POINT('',(5.403410000399,-245.1444536602,5.4));
#14322 = SURFACE_CURVE('',#14323,(#14327,#14339),.PCURVE_S1.);
#14323 = LINE('',#14324,#14325);
#14324 = CARTESIAN_POINT('',(5.403410000399,-245.1444536602,5.));
#14325 = VECTOR('',#14326,1.);
#14326 = DIRECTION('',(0.,0.,1.));
#14327 = PCURVE('',#14328,#14333);
#14328 = PLANE('',#14329);
#14329 = AXIS2_PLACEMENT_3D('',#14330,#14331,#14332);
#14330 = CARTESIAN_POINT('',(5.403410000399,-245.1444536602,5.));
#14331 = DIRECTION('',(6.279051952931E-02,-0.998026728428,0.));
#14332 = DIRECTION('',(0.,0.,1.));
#14333 = DEFINITIONAL_REPRESENTATION('',(#14334),#14338);
#14334 = LINE('',#14335,#14336);
#14335 = CARTESIAN_POINT('',(0.,0.));
#14336 = VECTOR('',#14337,1.);
#14337 = DIRECTION('',(1.,0.));
#14338 = ( GEOMETRIC_REPRESENTATION_CONTEXT(2) 
PARAMETRIC_REPRESENTATION_CONTEXT() REPRESENTATION_CONTEXT('2D SPACE',''
  ) );
#14339 = PCURVE('',#14220,#14340);
#14340 = DEFINITIONAL_REPRESENTATION('',(#14341),#14345);
#14341 = LINE('',#14342,#14343);
#14342 = CARTESIAN_POINT('',(0.,160.));
#14343 = VECTOR('',#14344,1.);
#14344 = DIRECTION('',(1.,0.));
#14345 = ( GEOMETRIC_REPRESENTATION_CONTEXT(2) 
PARAMETRIC_REPRESENTATION_CONTEXT() REPRESENTATION_CONTEXT('2D SPACE',''
  ) );
#14346 = ORIENTED_EDGE('',*,*,#14347,.T.);
#14347 = EDGE_CURVE('',#14318,#14348,#14350,.T.);
#14348 = VERTEX_POINT('',#14349);
#14349 = CARTESIAN_POINT('',(25.363944568965,-243.8886432696,5.));
#14350 = SURFACE_CURVE('',#14351,(#14355,#14362),.PCURVE_S1.);
#14351 = LINE('',#14352,#14353);
#14352 = CARTESIAN_POINT('',(5.403410000399,-245.1444536602,5.));
#14353 = VECTOR('',#14354,1.);
#14354 = DIRECTION('',(0.998026728428,6.279051952931E-02,0.));
#14355 = PCURVE('',#14328,#14356);
#14356 = DEFINITIONAL_REPRESENTATION('',(#14357),#14361);
#14357 = LINE('',#14358,#14359);
#14358 = CARTESIAN_POINT('',(0.,0.));
#14359 = VECTOR('',#14360,1.);
#14360 = DIRECTION('',(0.,-1.));
#14361 = ( GEOMETRIC_REPRESENTATION_CONTEXT(2) 
PARAMETRIC_REPRESENTATION_CONTEXT() REPRESENTATION_CONTEXT('2D SPACE',''
  ) );
#14362 = PCURVE('',#14248,#14363);
#14363 = DEFINITIONAL_REPRESENTATION('',(#14364),#14368);
#14364 = LINE('',#14365,#14366);
#14365 = CARTESIAN_POINT('',(160.,1.7763568394E-15));
#14366 = VECTOR('',#14367,1.);
#14367 = DIRECTION('',(0.,1.));
#14368 = ( GEOMETRIC_REPRESENTATION_CONTEXT(2) 
PARAMETRIC_REPRESENTATION_CONTEXT() REPRESENTATION_CONTEXT('2D SPACE',''
  ) );
#14369 = ORIENTED_EDGE('',*,*,#14370,.T.);
#14370 = EDGE_CURVE('',#14348,#14371,#14373,.T.);
#14371 = VERTEX_POINT('',#14372);
#14372 = CARTESIAN_POINT('',(25.363944568965,-243.8886432696,5.4));
#14373 = SURFACE_CURVE('',#14374,(#14378,#14385),.PCURVE_S1.);
#14374 = LINE('',#14375,#14376);
#14375 = CARTESIAN_POINT('',(25.363944568965,-243.8886432696,5.));
#14376 = VECTOR('',#14377,1.);
#14377 = DIRECTION('',(0.,0.,1.));
#14378 = PCURVE('',#14328,#14379);
#14379 = DEFINITIONAL_REPRESENTATION('',(#14380),#14384);
#14380 = LINE('',#14381,#14382);
#14381 = CARTESIAN_POINT('',(0.,-20.));
#14382 = VECTOR('',#14383,1.);
#14383 = DIRECTION('',(1.,0.));
#14384 = ( GEOMETRIC_REPRESENTATION_CONTEXT(2) 
PARAMETRIC_REPRESENTATION_CONTEXT() REPRESENTATION_CONTEXT('2D SPACE',''
  ) );
#14385 = PCURVE('',#14276,#14386);
#14386 = DEFINITIONAL_REPRESENTATION('',(#14387),#14391);
#14387 = LINE('',#14388,#14389);
#14388 = CARTESIAN_POINT('',(0.,160.));
#14389 = VECTOR('',#14390,1.);
#14390 = DIRECTION('',(1.,0.));
#14391 = ( GEOMETRIC_REPRESENTATION_CONTEXT(2) 
PARAMETRIC_REPRESENTATION_CONTEXT() REPRESENTATION_CONTEXT('2D SPACE',''
  ) );
#14392 = ORIENTED_EDGE('',*,*,#14393,.F.);
#14393 = EDGE_CURVE('',#14320,#14371,#14394,.T.);
#14394 = SURFACE_CURVE('',#14395,(#14399,#14406),.PCURVE_S1.);
#14395 = LINE('',#14396,#14397);
#14396 = CARTESIAN_POINT('',(5.403410000399,-245.1444536602,5.4));
#14397 = VECTOR('',#14398,1.);
#14398 = DIRECTION('',(0.998026728428,6.279051952931E-02,0.));
#14399 = PCURVE('',#14328,#14400);
#14400 = DEFINITIONAL_REPRESENTATION('',(#14401),#14405);
#14401 = LINE('',#14402,#14403);
#14402 = CARTESIAN_POINT('',(0.4,0.));
#14403 = VECTOR('',#14404,1.);
#14404 = DIRECTION('',(0.,-1.));
#14405 = ( GEOMETRIC_REPRESENTATION_CONTEXT(2) 
PARAMETRIC_REPRESENTATION_CONTEXT() REPRESENTATION_CONTEXT('2D SPACE',''
  ) );
#14406 = PCURVE('',#14302,#14407);
#14407 = DEFINITIONAL_REPRESENTATION('',(#14408),#14412);
#14408 = LINE('',#14409,#14410);
#14409 = CARTESIAN_POINT('',(160.,1.7763568394E-15));
#14410 = VECTOR('',#14411,1.);
#14411 = DIRECTION('',(0.,1.));
#14412 = ( GEOMETRIC_REPRESENTATION_CONTEXT(2) 
PARAMETRIC_REPRESENTATION_CONTEXT() REPRESENTATION_CONTEXT('2D SPACE',''
  ) );
#14413 = ADVANCED_FACE('',(#14414),#14220,.F.);
#14414 = FACE_BOUND('',#14415,.F.);
#14415 = EDGE_LOOP('',(#14416,#14437,#14438,#14459));
#14416 = ORIENTED_EDGE('',*,*,#14417,.F.);
#14417 = EDGE_CURVE('',#14198,#14318,#14418,.T.);
#14418 = SURFACE_CURVE('',#14419,(#14423,#14430),.PCURVE_S1.);
#14419 = LINE('',#14420,#14421);
#14420 = CARTESIAN_POINT('',(-4.643073124291,-85.46017711169,5.));
#14421 = VECTOR('',#14422,1.);
#14422 = DIRECTION('',(6.279051952931E-02,-0.998026728428,0.));
#14423 = PCURVE('',#14220,#14424);
#14424 = DEFINITIONAL_REPRESENTATION('',(#14425),#14429);
#14425 = LINE('',#14426,#14427);
#14426 = CARTESIAN_POINT('',(0.,0.));
#14427 = VECTOR('',#14428,1.);
#14428 = DIRECTION('',(0.,1.));
#14429 = ( GEOMETRIC_REPRESENTATION_CONTEXT(2) 
PARAMETRIC_REPRESENTATION_CONTEXT() REPRESENTATION_CONTEXT('2D SPACE',''
  ) );
#14430 = PCURVE('',#14248,#14431);
#14431 = DEFINITIONAL_REPRESENTATION('',(#14432),#14436);
#14432 = LINE('',#14433,#14434);
#14433 = CARTESIAN_POINT('',(0.,0.));
#14434 = VECTOR('',#14435,1.);
#14435 = DIRECTION('',(1.,0.));
#14436 = ( GEOMETRIC_REPRESENTATION_CONTEXT(2) 
PARAMETRIC_REPRESENTATION_CONTEXT() REPRESENTATION_CONTEXT('2D SPACE',''
  ) );
#14437 = ORIENTED_EDGE('',*,*,#14197,.T.);
#14438 = ORIENTED_EDGE('',*,*,#14439,.T.);
#14439 = EDGE_CURVE('',#14200,#14320,#14440,.T.);
#14440 = SURFACE_CURVE('',#14441,(#14445,#14452),.PCURVE_S1.);
#14441 = LINE('',#14442,#14443);
#14442 = CARTESIAN_POINT('',(-4.643073124291,-85.46017711169,5.4));
#14443 = VECTOR('',#14444,1.);
#14444 = DIRECTION('',(6.279051952931E-02,-0.998026728428,0.));
#14445 = PCURVE('',#14220,#14446);
#14446 = DEFINITIONAL_REPRESENTATION('',(#14447),#14451);
#14447 = LINE('',#14448,#14449);
#14448 = CARTESIAN_POINT('',(0.4,0.));
#14449 = VECTOR('',#14450,1.);
#14450 = DIRECTION('',(0.,1.));
#14451 = ( GEOMETRIC_REPRESENTATION_CONTEXT(2) 
PARAMETRIC_REPRESENTATION_CONTEXT() REPRESENTATION_CONTEXT('2D SPACE',''
  ) );
#14452 = PCURVE('',#14302,#14453);
#14453 = DEFINITIONAL_REPRESENTATION('',(#14454),#14458);
#14454 = LINE('',#14455,#14456);
#14455 = CARTESIAN_POINT('',(0.,0.));
#14456 = VECTOR('',#14457,1.);
#14457 = DIRECTION('',(1.,0.));
#14458 = ( GEOMETRIC_REPRESENTATION_CONTEXT(2) 
PARAMETRIC_REPRESENTATION_CONTEXT() REPRESENTATION_CONTEXT('2D SPACE',''
  ) );
#14459 = ORIENTED_EDGE('',*,*,#14317,.F.);
#14460 = ADVANCED_FACE('',(#14461),#14276,.T.);
#14461 = FACE_BOUND('',#14462,.T.);
#14462 = EDGE_LOOP('',(#14463,#14484,#14485,#14506));
#14463 = ORIENTED_EDGE('',*,*,#14464,.F.);
#14464 = EDGE_CURVE('',#14233,#14348,#14465,.T.);
#14465 = SURFACE_CURVE('',#14466,(#14470,#14477),.PCURVE_S1.);
#14466 = LINE('',#14467,#14468);
#14467 = CARTESIAN_POINT('',(15.317461444274,-84.20436672111,5.));
#14468 = VECTOR('',#14469,1.);
#14469 = DIRECTION('',(6.279051952931E-02,-0.998026728428,0.));
#14470 = PCURVE('',#14276,#14471);
#14471 = DEFINITIONAL_REPRESENTATION('',(#14472),#14476);
#14472 = LINE('',#14473,#14474);
#14473 = CARTESIAN_POINT('',(0.,0.));
#14474 = VECTOR('',#14475,1.);
#14475 = DIRECTION('',(0.,1.));
#14476 = ( GEOMETRIC_REPRESENTATION_CONTEXT(2) 
PARAMETRIC_REPRESENTATION_CONTEXT() REPRESENTATION_CONTEXT('2D SPACE',''
  ) );
#14477 = PCURVE('',#14248,#14478);
#14478 = DEFINITIONAL_REPRESENTATION('',(#14479),#14483);
#14479 = LINE('',#14480,#14481);
#14480 = CARTESIAN_POINT('',(-2.6645352591E-15,20.));
#14481 = VECTOR('',#14482,1.);
#14482 = DIRECTION('',(1.,0.));
#14483 = ( GEOMETRIC_REPRESENTATION_CONTEXT(2) 
PARAMETRIC_REPRESENTATION_CONTEXT() REPRESENTATION_CONTEXT('2D SPACE',''
  ) );
#14484 = ORIENTED_EDGE('',*,*,#14260,.T.);
#14485 = ORIENTED_EDGE('',*,*,#14486,.T.);
#14486 = EDGE_CURVE('',#14261,#14371,#14487,.T.);
#14487 = SURFACE_CURVE('',#14488,(#14492,#14499),.PCURVE_S1.);
#14488 = LINE('',#14489,#14490);
#14489 = CARTESIAN_POINT('',(15.317461444274,-84.20436672111,5.4));
#14490 = VECTOR('',#14491,1.);
#14491 = DIRECTION('',(6.279051952931E-02,-0.998026728428,0.));
#14492 = PCURVE('',#14276,#14493);
#14493 = DEFINITIONAL_REPRESENTATION('',(#14494),#14498);
#14494 = LINE('',#14495,#14496);
#14495 = CARTESIAN_POINT('',(0.4,0.));
#14496 = VECTOR('',#14497,1.);
#14497 = DIRECTION('',(0.,1.));
#14498 = ( GEOMETRIC_REPRESENTATION_CONTEXT(2) 
PARAMETRIC_REPRESENTATION_CONTEXT() REPRESENTATION_CONTEXT('2D SPACE',''
  ) );
#14499 = PCURVE('',#14302,#14500);
#14500 = DEFINITIONAL_REPRESENTATION('',(#14501),#14505);
#14501 = LINE('',#14502,#14503);
#14502 = CARTESIAN_POINT('',(-2.6645352591E-15,20.));
#14503 = VECTOR('',#14504,1.);
#14504 = DIRECTION('',(1.,0.));
#14505 = ( GEOMETRIC_REPRESENTATION_CONTEXT(2) 
PARAMETRIC_REPRESENTATION_CONTEXT() REPRESENTATION_CONTEXT('2D SPACE',''
  ) );
#14506 = ORIENTED_EDGE('',*,*,#14370,.F.);
#14507 = ADVANCED_FACE('',(#14508),#14248,.F.);
#14508 = FACE_BOUND('',#14509,.F.);
#14509 = EDGE_LOOP('',(#14510,#14511,#14512,#14513));
#14510 = ORIENTED_EDGE('',*,*,#14232,.F.);
#14511 = ORIENTED_EDGE('',*,*,#14417,.T.);
#14512 = ORIENTED_EDGE('',*,*,#14347,.T.);
#14513 = ORIENTED_EDGE('',*,*,#14464,.F.);
#14514 = ADVANCED_FACE('',(#14515),#14302,.T.);
#14515 = FACE_BOUND('',#14516,.T.);
#14516 = EDGE_LOOP('',(#14517,#14518,#14519,#14520));
#14517 = ORIENTED_EDGE('',*,*,#14288,.F.);
#14518 = ORIENTED_EDGE('',*,*,#14439,.T.);
#14519 = ORIENTED_EDGE('',*,*,#14393,.T.);
#14520 = ORIENTED_EDGE('',*,*,#14486,.F.);
#14521 = ( GEOMETRIC_REPRESENTATION_CONTEXT(3) 
GLOBAL_UNCERTAINTY_ASSIGNED_CONTEXT((#14525)) 
GLOBAL_UNIT_ASSIGNED_CONTEXT((#14522,#14523,#14524)) 
REPRESENTATION_CONTEXT('Context #1',
  '3D Context with UNIT and UNCERTAINTY') );
#14522 = ( LENGTH_UNIT() NAMED_UNIT(*) SI_UNIT(.MILLI.,.METRE.) );
#14523 = ( NAMED_UNIT(*) PLANE_ANGLE_UNIT() SI_UNIT($,.RADIAN.) );
#14524 = ( NAMED_UNIT(*) SI_UNIT($,.STERADIAN.) SOLID_ANGLE_UNIT() );
#14525 = UNCERTAINTY_MEASURE_WITH_UNIT(LENGTH_MEASURE(1.E-07),#14522,
  'distance_accuracy_value','confusion accuracy');
#14526 = CONTEXT_DEPENDENT_SHAPE_REPRESENTATION(#14527,#14529);
#14527 = ( REPRESENTATION_RELATIONSHIP('','',#14190,#709) 
REPRESENTATION_RELATIONSHIP_WITH_TRANSFORMATION(#14528) 
SHAPE_REPRESENTATION_RELATIONSHIP() );
#14528 = ITEM_DEFINED_TRANSFORMATION('','',#11,#862);
#14529 = PRODUCT_DEFINITION_SHAPE('Placement','Placement of an item',
  #14530);
#14530 = NEXT_ASSEMBLY_USAGE_OCCURRENCE('47','','',#704,#14185,$);
#14531 = PRODUCT_RELATED_PRODUCT_CATEGORY('part',$,(#14187));
#14532 = SHAPE_DEFINITION_REPRESENTATION(#14533,#14539);
#14533 = PRODUCT_DEFINITION_SHAPE('','',#14534);
#14534 = PRODUCT_DEFINITION('design','',#14535,#14538);
#14535 = PRODUCT_DEFINITION_FORMATION('','',#14536);
#14536 = PRODUCT('Open CASCADE STEP translator 7.9 2.2.40',
  'Open CASCADE STEP translator 7.9 2.2.40','',(#14537));
#14537 = PRODUCT_CONTEXT('',#2,'mechanical');
#14538 = PRODUCT_DEFINITION_CONTEXT('part definition',#2,'design');
#14539 = ADVANCED_BREP_SHAPE_REPRESENTATION('',(#11,#14540),#14870);
#14540 = MANIFOLD_SOLID_BREP('',#14541);
#14541 = CLOSED_SHELL('',(#14542,#14662,#14762,#14809,#14856,#14863));
#14542 = ADVANCED_FACE('',(#14543),#14557,.F.);
#14543 = FACE_BOUND('',#14544,.F.);
#14544 = EDGE_LOOP('',(#14545,#14580,#14608,#14636));
#14545 = ORIENTED_EDGE('',*,*,#14546,.F.);
#14546 = EDGE_CURVE('',#14547,#14549,#14551,.T.);
#14547 = VERTEX_POINT('',#14548);
#14548 = CARTESIAN_POINT('',(6.1045392325,-85.36822945779,5.));
#14549 = VERTEX_POINT('',#14550);
#14550 = CARTESIAN_POINT('',(6.1045392325,-85.36822945779,5.4));
#14551 = SURFACE_CURVE('',#14552,(#14556,#14568),.PCURVE_S1.);
#14552 = LINE('',#14553,#14554);
#14553 = CARTESIAN_POINT('',(6.1045392325,-85.36822945779,5.));
#14554 = VECTOR('',#14555,1.);
#14555 = DIRECTION('',(0.,0.,1.));
#14556 = PCURVE('',#14557,#14562);
#14557 = PLANE('',#14558);
#14558 = AXIS2_PLACEMENT_3D('',#14559,#14560,#14561);
#14559 = CARTESIAN_POINT('',(6.1045392325,-85.36822945779,5.));
#14560 = DIRECTION('',(0.187381314586,-0.982287250729,0.));
#14561 = DIRECTION('',(0.,0.,1.));
#14562 = DEFINITIONAL_REPRESENTATION('',(#14563),#14567);
#14563 = LINE('',#14564,#14565);
#14564 = CARTESIAN_POINT('',(0.,0.));
#14565 = VECTOR('',#14566,1.);
#14566 = DIRECTION('',(1.,0.));
#14567 = ( GEOMETRIC_REPRESENTATION_CONTEXT(2) 
PARAMETRIC_REPRESENTATION_CONTEXT() REPRESENTATION_CONTEXT('2D SPACE',''
  ) );
#14568 = PCURVE('',#14569,#14574);
#14569 = PLANE('',#14570);
#14570 = AXIS2_PLACEMENT_3D('',#14571,#14572,#14573);
#14571 = CARTESIAN_POINT('',(6.1045392325,-85.36822945779,5.));
#14572 = DIRECTION('',(0.982287250729,0.187381314586,0.));
#14573 = DIRECTION('',(0.,0.,1.));
#14574 = DEFINITIONAL_REPRESENTATION('',(#14575),#14579);
#14575 = LINE('',#14576,#14577);
#14576 = CARTESIAN_POINT('',(0.,0.));
#14577 = VECTOR('',#14578,1.);
#14578 = DIRECTION('',(1.,0.));
#14579 = ( GEOMETRIC_REPRESENTATION_CONTEXT(2) 
PARAMETRIC_REPRESENTATION_CONTEXT() REPRESENTATION_CONTEXT('2D SPACE',''
  ) );
#14580 = ORIENTED_EDGE('',*,*,#14581,.T.);
#14581 = EDGE_CURVE('',#14547,#14582,#14584,.T.);
#14582 = VERTEX_POINT('',#14583);
#14583 = CARTESIAN_POINT('',(25.750284247074,-81.62060316608,5.));
#14584 = SURFACE_CURVE('',#14585,(#14589,#14596),.PCURVE_S1.);
#14585 = LINE('',#14586,#14587);
#14586 = CARTESIAN_POINT('',(6.1045392325,-85.36822945779,5.));
#14587 = VECTOR('',#14588,1.);
#14588 = DIRECTION('',(0.982287250729,0.187381314586,0.));
#14589 = PCURVE('',#14557,#14590);
#14590 = DEFINITIONAL_REPRESENTATION('',(#14591),#14595);
#14591 = LINE('',#14592,#14593);
#14592 = CARTESIAN_POINT('',(0.,0.));
#14593 = VECTOR('',#14594,1.);
#14594 = DIRECTION('',(0.,-1.));
#14595 = ( GEOMETRIC_REPRESENTATION_CONTEXT(2) 
PARAMETRIC_REPRESENTATION_CONTEXT() REPRESENTATION_CONTEXT('2D SPACE',''
  ) );
#14596 = PCURVE('',#14597,#14602);
#14597 = PLANE('',#14598);
#14598 = AXIS2_PLACEMENT_3D('',#14599,#14600,#14601);
#14599 = CARTESIAN_POINT('',(6.1045392325,-85.36822945779,5.));
#14600 = DIRECTION('',(0.,0.,1.));
#14601 = DIRECTION('',(0.187381314586,-0.982287250729,0.));
#14602 = DEFINITIONAL_REPRESENTATION('',(#14603),#14607);
#14603 = LINE('',#14604,#14605);
#14604 = CARTESIAN_POINT('',(0.,0.));
#14605 = VECTOR('',#14606,1.);
#14606 = DIRECTION('',(0.,1.));
#14607 = ( GEOMETRIC_REPRESENTATION_CONTEXT(2) 
PARAMETRIC_REPRESENTATION_CONTEXT() REPRESENTATION_CONTEXT('2D SPACE',''
  ) );
#14608 = ORIENTED_EDGE('',*,*,#14609,.T.);
#14609 = EDGE_CURVE('',#14582,#14610,#14612,.T.);
#14610 = VERTEX_POINT('',#14611);
#14611 = CARTESIAN_POINT('',(25.750284247074,-81.62060316608,5.4));
#14612 = SURFACE_CURVE('',#14613,(#14617,#14624),.PCURVE_S1.);
#14613 = LINE('',#14614,#14615);
#14614 = CARTESIAN_POINT('',(25.750284247074,-81.62060316608,5.));
#14615 = VECTOR('',#14616,1.);
#14616 = DIRECTION('',(0.,0.,1.));
#14617 = PCURVE('',#14557,#14618);
#14618 = DEFINITIONAL_REPRESENTATION('',(#14619),#14623);
#14619 = LINE('',#14620,#14621);
#14620 = CARTESIAN_POINT('',(0.,-20.));
#14621 = VECTOR('',#14622,1.);
#14622 = DIRECTION('',(1.,0.));
#14623 = ( GEOMETRIC_REPRESENTATION_CONTEXT(2) 
PARAMETRIC_REPRESENTATION_CONTEXT() REPRESENTATION_CONTEXT('2D SPACE',''
  ) );
#14624 = PCURVE('',#14625,#14630);
#14625 = PLANE('',#14626);
#14626 = AXIS2_PLACEMENT_3D('',#14627,#14628,#14629);
#14627 = CARTESIAN_POINT('',(25.750284247074,-81.62060316608,5.));
#14628 = DIRECTION('',(0.982287250729,0.187381314586,0.));
#14629 = DIRECTION('',(0.,0.,1.));
#14630 = DEFINITIONAL_REPRESENTATION('',(#14631),#14635);
#14631 = LINE('',#14632,#14633);
#14632 = CARTESIAN_POINT('',(0.,0.));
#14633 = VECTOR('',#14634,1.);
#14634 = DIRECTION('',(1.,0.));
#14635 = ( GEOMETRIC_REPRESENTATION_CONTEXT(2) 
PARAMETRIC_REPRESENTATION_CONTEXT() REPRESENTATION_CONTEXT('2D SPACE',''
  ) );
#14636 = ORIENTED_EDGE('',*,*,#14637,.F.);
#14637 = EDGE_CURVE('',#14549,#14610,#14638,.T.);
#14638 = SURFACE_CURVE('',#14639,(#14643,#14650),.PCURVE_S1.);
#14639 = LINE('',#14640,#14641);
#14640 = CARTESIAN_POINT('',(6.1045392325,-85.36822945779,5.4));
#14641 = VECTOR('',#14642,1.);
#14642 = DIRECTION('',(0.982287250729,0.187381314586,0.));
#14643 = PCURVE('',#14557,#14644);
#14644 = DEFINITIONAL_REPRESENTATION('',(#14645),#14649);
#14645 = LINE('',#14646,#14647);
#14646 = CARTESIAN_POINT('',(0.4,0.));
#14647 = VECTOR('',#14648,1.);
#14648 = DIRECTION('',(0.,-1.));
#14649 = ( GEOMETRIC_REPRESENTATION_CONTEXT(2) 
PARAMETRIC_REPRESENTATION_CONTEXT() REPRESENTATION_CONTEXT('2D SPACE',''
  ) );
#14650 = PCURVE('',#14651,#14656);
#14651 = PLANE('',#14652);
#14652 = AXIS2_PLACEMENT_3D('',#14653,#14654,#14655);
#14653 = CARTESIAN_POINT('',(6.1045392325,-85.36822945779,5.4));
#14654 = DIRECTION('',(0.,0.,1.));
#14655 = DIRECTION('',(0.187381314586,-0.982287250729,0.));
#14656 = DEFINITIONAL_REPRESENTATION('',(#14657),#14661);
#14657 = LINE('',#14658,#14659);
#14658 = CARTESIAN_POINT('',(0.,0.));
#14659 = VECTOR('',#14660,1.);
#14660 = DIRECTION('',(0.,1.));
#14661 = ( GEOMETRIC_REPRESENTATION_CONTEXT(2) 
PARAMETRIC_REPRESENTATION_CONTEXT() REPRESENTATION_CONTEXT('2D SPACE',''
  ) );
#14662 = ADVANCED_FACE('',(#14663),#14677,.T.);
#14663 = FACE_BOUND('',#14664,.T.);
#14664 = EDGE_LOOP('',(#14665,#14695,#14718,#14741));
#14665 = ORIENTED_EDGE('',*,*,#14666,.F.);
#14666 = EDGE_CURVE('',#14667,#14669,#14671,.T.);
#14667 = VERTEX_POINT('',#14668);
#14668 = CARTESIAN_POINT('',(36.085549566216,-242.5341895743,5.));
#14669 = VERTEX_POINT('',#14670);
#14670 = CARTESIAN_POINT('',(36.085549566216,-242.5341895743,5.4));
#14671 = SURFACE_CURVE('',#14672,(#14676,#14688),.PCURVE_S1.);
#14672 = LINE('',#14673,#14674);
#14673 = CARTESIAN_POINT('',(36.085549566216,-242.5341895743,5.));
#14674 = VECTOR('',#14675,1.);
#14675 = DIRECTION('',(0.,0.,1.));
#14676 = PCURVE('',#14677,#14682);
#14677 = PLANE('',#14678);
#14678 = AXIS2_PLACEMENT_3D('',#14679,#14680,#14681);
#14679 = CARTESIAN_POINT('',(36.085549566216,-242.5341895743,5.));
#14680 = DIRECTION('',(0.187381314586,-0.982287250729,0.));
#14681 = DIRECTION('',(0.,0.,1.));
#14682 = DEFINITIONAL_REPRESENTATION('',(#14683),#14687);
#14683 = LINE('',#14684,#14685);
#14684 = CARTESIAN_POINT('',(0.,0.));
#14685 = VECTOR('',#14686,1.);
#14686 = DIRECTION('',(1.,0.));
#14687 = ( GEOMETRIC_REPRESENTATION_CONTEXT(2) 
PARAMETRIC_REPRESENTATION_CONTEXT() REPRESENTATION_CONTEXT('2D SPACE',''
  ) );
#14688 = PCURVE('',#14569,#14689);
#14689 = DEFINITIONAL_REPRESENTATION('',(#14690),#14694);
#14690 = LINE('',#14691,#14692);
#14691 = CARTESIAN_POINT('',(0.,160.));
#14692 = VECTOR('',#14693,1.);
#14693 = DIRECTION('',(1.,0.));
#14694 = ( GEOMETRIC_REPRESENTATION_CONTEXT(2) 
PARAMETRIC_REPRESENTATION_CONTEXT() REPRESENTATION_CONTEXT('2D SPACE',''
  ) );
#14695 = ORIENTED_EDGE('',*,*,#14696,.T.);
#14696 = EDGE_CURVE('',#14667,#14697,#14699,.T.);
#14697 = VERTEX_POINT('',#14698);
#14698 = CARTESIAN_POINT('',(55.73129458079,-238.7865632826,5.));
#14699 = SURFACE_CURVE('',#14700,(#14704,#14711),.PCURVE_S1.);
#14700 = LINE('',#14701,#14702);
#14701 = CARTESIAN_POINT('',(36.085549566216,-242.5341895743,5.));
#14702 = VECTOR('',#14703,1.);
#14703 = DIRECTION('',(0.982287250729,0.187381314586,0.));
#14704 = PCURVE('',#14677,#14705);
#14705 = DEFINITIONAL_REPRESENTATION('',(#14706),#14710);
#14706 = LINE('',#14707,#14708);
#14707 = CARTESIAN_POINT('',(0.,0.));
#14708 = VECTOR('',#14709,1.);
#14709 = DIRECTION('',(0.,-1.));
#14710 = ( GEOMETRIC_REPRESENTATION_CONTEXT(2) 
PARAMETRIC_REPRESENTATION_CONTEXT() REPRESENTATION_CONTEXT('2D SPACE',''
  ) );
#14711 = PCURVE('',#14597,#14712);
#14712 = DEFINITIONAL_REPRESENTATION('',(#14713),#14717);
#14713 = LINE('',#14714,#14715);
#14714 = CARTESIAN_POINT('',(160.,3.552713678801E-15));
#14715 = VECTOR('',#14716,1.);
#14716 = DIRECTION('',(0.,1.));
#14717 = ( GEOMETRIC_REPRESENTATION_CONTEXT(2) 
PARAMETRIC_REPRESENTATION_CONTEXT() REPRESENTATION_CONTEXT('2D SPACE',''
  ) );
#14718 = ORIENTED_EDGE('',*,*,#14719,.T.);
#14719 = EDGE_CURVE('',#14697,#14720,#14722,.T.);
#14720 = VERTEX_POINT('',#14721);
#14721 = CARTESIAN_POINT('',(55.73129458079,-238.7865632826,5.4));
#14722 = SURFACE_CURVE('',#14723,(#14727,#14734),.PCURVE_S1.);
#14723 = LINE('',#14724,#14725);
#14724 = CARTESIAN_POINT('',(55.73129458079,-238.7865632826,5.));
#14725 = VECTOR('',#14726,1.);
#14726 = DIRECTION('',(0.,0.,1.));
#14727 = PCURVE('',#14677,#14728);
#14728 = DEFINITIONAL_REPRESENTATION('',(#14729),#14733);
#14729 = LINE('',#14730,#14731);
#14730 = CARTESIAN_POINT('',(0.,-20.));
#14731 = VECTOR('',#14732,1.);
#14732 = DIRECTION('',(1.,0.));
#14733 = ( GEOMETRIC_REPRESENTATION_CONTEXT(2) 
PARAMETRIC_REPRESENTATION_CONTEXT() REPRESENTATION_CONTEXT('2D SPACE',''
  ) );
#14734 = PCURVE('',#14625,#14735);
#14735 = DEFINITIONAL_REPRESENTATION('',(#14736),#14740);
#14736 = LINE('',#14737,#14738);
#14737 = CARTESIAN_POINT('',(0.,160.));
#14738 = VECTOR('',#14739,1.);
#14739 = DIRECTION('',(1.,0.));
#14740 = ( GEOMETRIC_REPRESENTATION_CONTEXT(2) 
PARAMETRIC_REPRESENTATION_CONTEXT() REPRESENTATION_CONTEXT('2D SPACE',''
  ) );
#14741 = ORIENTED_EDGE('',*,*,#14742,.F.);
#14742 = EDGE_CURVE('',#14669,#14720,#14743,.T.);
#14743 = SURFACE_CURVE('',#14744,(#14748,#14755),.PCURVE_S1.);
#14744 = LINE('',#14745,#14746);
#14745 = CARTESIAN_POINT('',(36.085549566216,-242.5341895743,5.4));
#14746 = VECTOR('',#14747,1.);
#14747 = DIRECTION('',(0.982287250729,0.187381314586,0.));
#14748 = PCURVE('',#14677,#14749);
#14749 = DEFINITIONAL_REPRESENTATION('',(#14750),#14754);
#14750 = LINE('',#14751,#14752);
#14751 = CARTESIAN_POINT('',(0.4,0.));
#14752 = VECTOR('',#14753,1.);
#14753 = DIRECTION('',(0.,-1.));
#14754 = ( GEOMETRIC_REPRESENTATION_CONTEXT(2) 
PARAMETRIC_REPRESENTATION_CONTEXT() REPRESENTATION_CONTEXT('2D SPACE',''
  ) );
#14755 = PCURVE('',#14651,#14756);
#14756 = DEFINITIONAL_REPRESENTATION('',(#14757),#14761);
#14757 = LINE('',#14758,#14759);
#14758 = CARTESIAN_POINT('',(160.,3.552713678801E-15));
#14759 = VECTOR('',#14760,1.);
#14760 = DIRECTION('',(0.,1.));
#14761 = ( GEOMETRIC_REPRESENTATION_CONTEXT(2) 
PARAMETRIC_REPRESENTATION_CONTEXT() REPRESENTATION_CONTEXT('2D SPACE',''
  ) );
#14762 = ADVANCED_FACE('',(#14763),#14569,.F.);
#14763 = FACE_BOUND('',#14764,.F.);
#14764 = EDGE_LOOP('',(#14765,#14786,#14787,#14808));
#14765 = ORIENTED_EDGE('',*,*,#14766,.F.);
#14766 = EDGE_CURVE('',#14547,#14667,#14767,.T.);
#14767 = SURFACE_CURVE('',#14768,(#14772,#14779),.PCURVE_S1.);
#14768 = LINE('',#14769,#14770);
#14769 = CARTESIAN_POINT('',(6.1045392325,-85.36822945779,5.));
#14770 = VECTOR('',#14771,1.);
#14771 = DIRECTION('',(0.187381314586,-0.982287250729,0.));
#14772 = PCURVE('',#14569,#14773);
#14773 = DEFINITIONAL_REPRESENTATION('',(#14774),#14778);
#14774 = LINE('',#14775,#14776);
#14775 = CARTESIAN_POINT('',(0.,0.));
#14776 = VECTOR('',#14777,1.);
#14777 = DIRECTION('',(0.,1.));
#14778 = ( GEOMETRIC_REPRESENTATION_CONTEXT(2) 
PARAMETRIC_REPRESENTATION_CONTEXT() REPRESENTATION_CONTEXT('2D SPACE',''
  ) );
#14779 = PCURVE('',#14597,#14780);
#14780 = DEFINITIONAL_REPRESENTATION('',(#14781),#14785);
#14781 = LINE('',#14782,#14783);
#14782 = CARTESIAN_POINT('',(0.,0.));
#14783 = VECTOR('',#14784,1.);
#14784 = DIRECTION('',(1.,0.));
#14785 = ( GEOMETRIC_REPRESENTATION_CONTEXT(2) 
PARAMETRIC_REPRESENTATION_CONTEXT() REPRESENTATION_CONTEXT('2D SPACE',''
  ) );
#14786 = ORIENTED_EDGE('',*,*,#14546,.T.);
#14787 = ORIENTED_EDGE('',*,*,#14788,.T.);
#14788 = EDGE_CURVE('',#14549,#14669,#14789,.T.);
#14789 = SURFACE_CURVE('',#14790,(#14794,#14801),.PCURVE_S1.);
#14790 = LINE('',#14791,#14792);
#14791 = CARTESIAN_POINT('',(6.1045392325,-85.36822945779,5.4));
#14792 = VECTOR('',#14793,1.);
#14793 = DIRECTION('',(0.187381314586,-0.982287250729,0.));
#14794 = PCURVE('',#14569,#14795);
#14795 = DEFINITIONAL_REPRESENTATION('',(#14796),#14800);
#14796 = LINE('',#14797,#14798);
#14797 = CARTESIAN_POINT('',(0.4,0.));
#14798 = VECTOR('',#14799,1.);
#14799 = DIRECTION('',(0.,1.));
#14800 = ( GEOMETRIC_REPRESENTATION_CONTEXT(2) 
PARAMETRIC_REPRESENTATION_CONTEXT() REPRESENTATION_CONTEXT('2D SPACE',''
  ) );
#14801 = PCURVE('',#14651,#14802);
#14802 = DEFINITIONAL_REPRESENTATION('',(#14803),#14807);
#14803 = LINE('',#14804,#14805);
#14804 = CARTESIAN_POINT('',(0.,0.));
#14805 = VECTOR('',#14806,1.);
#14806 = DIRECTION('',(1.,0.));
#14807 = ( GEOMETRIC_REPRESENTATION_CONTEXT(2) 
PARAMETRIC_REPRESENTATION_CONTEXT() REPRESENTATION_CONTEXT('2D SPACE',''
  ) );
#14808 = ORIENTED_EDGE('',*,*,#14666,.F.);
#14809 = ADVANCED_FACE('',(#14810),#14625,.T.);
#14810 = FACE_BOUND('',#14811,.T.);
#14811 = EDGE_LOOP('',(#14812,#14833,#14834,#14855));
#14812 = ORIENTED_EDGE('',*,*,#14813,.F.);
#14813 = EDGE_CURVE('',#14582,#14697,#14814,.T.);
#14814 = SURFACE_CURVE('',#14815,(#14819,#14826),.PCURVE_S1.);
#14815 = LINE('',#14816,#14817);
#14816 = CARTESIAN_POINT('',(25.750284247074,-81.62060316608,5.));
#14817 = VECTOR('',#14818,1.);
#14818 = DIRECTION('',(0.187381314586,-0.982287250729,0.));
#14819 = PCURVE('',#14625,#14820);
#14820 = DEFINITIONAL_REPRESENTATION('',(#14821),#14825);
#14821 = LINE('',#14822,#14823);
#14822 = CARTESIAN_POINT('',(0.,0.));
#14823 = VECTOR('',#14824,1.);
#14824 = DIRECTION('',(0.,1.));
#14825 = ( GEOMETRIC_REPRESENTATION_CONTEXT(2) 
PARAMETRIC_REPRESENTATION_CONTEXT() REPRESENTATION_CONTEXT('2D SPACE',''
  ) );
#14826 = PCURVE('',#14597,#14827);
#14827 = DEFINITIONAL_REPRESENTATION('',(#14828),#14832);
#14828 = LINE('',#14829,#14830);
#14829 = CARTESIAN_POINT('',(-7.993605777301E-15,20.));
#14830 = VECTOR('',#14831,1.);
#14831 = DIRECTION('',(1.,0.));
#14832 = ( GEOMETRIC_REPRESENTATION_CONTEXT(2) 
PARAMETRIC_REPRESENTATION_CONTEXT() REPRESENTATION_CONTEXT('2D SPACE',''
  ) );
#14833 = ORIENTED_EDGE('',*,*,#14609,.T.);
#14834 = ORIENTED_EDGE('',*,*,#14835,.T.);
#14835 = EDGE_CURVE('',#14610,#14720,#14836,.T.);
#14836 = SURFACE_CURVE('',#14837,(#14841,#14848),.PCURVE_S1.);
#14837 = LINE('',#14838,#14839);
#14838 = CARTESIAN_POINT('',(25.750284247074,-81.62060316608,5.4));
#14839 = VECTOR('',#14840,1.);
#14840 = DIRECTION('',(0.187381314586,-0.982287250729,0.));
#14841 = PCURVE('',#14625,#14842);
#14842 = DEFINITIONAL_REPRESENTATION('',(#14843),#14847);
#14843 = LINE('',#14844,#14845);
#14844 = CARTESIAN_POINT('',(0.4,0.));
#14845 = VECTOR('',#14846,1.);
#14846 = DIRECTION('',(0.,1.));
#14847 = ( GEOMETRIC_REPRESENTATION_CONTEXT(2) 
PARAMETRIC_REPRESENTATION_CONTEXT() REPRESENTATION_CONTEXT('2D SPACE',''
  ) );
#14848 = PCURVE('',#14651,#14849);
#14849 = DEFINITIONAL_REPRESENTATION('',(#14850),#14854);
#14850 = LINE('',#14851,#14852);
#14851 = CARTESIAN_POINT('',(-7.993605777301E-15,20.));
#14852 = VECTOR('',#14853,1.);
#14853 = DIRECTION('',(1.,0.));
#14854 = ( GEOMETRIC_REPRESENTATION_CONTEXT(2) 
PARAMETRIC_REPRESENTATION_CONTEXT() REPRESENTATION_CONTEXT('2D SPACE',''
  ) );
#14855 = ORIENTED_EDGE('',*,*,#14719,.F.);
#14856 = ADVANCED_FACE('',(#14857),#14597,.F.);
#14857 = FACE_BOUND('',#14858,.F.);
#14858 = EDGE_LOOP('',(#14859,#14860,#14861,#14862));
#14859 = ORIENTED_EDGE('',*,*,#14581,.F.);
#14860 = ORIENTED_EDGE('',*,*,#14766,.T.);
#14861 = ORIENTED_EDGE('',*,*,#14696,.T.);
#14862 = ORIENTED_EDGE('',*,*,#14813,.F.);
#14863 = ADVANCED_FACE('',(#14864),#14651,.T.);
#14864 = FACE_BOUND('',#14865,.T.);
#14865 = EDGE_LOOP('',(#14866,#14867,#14868,#14869));
#14866 = ORIENTED_EDGE('',*,*,#14637,.F.);
#14867 = ORIENTED_EDGE('',*,*,#14788,.T.);
#14868 = ORIENTED_EDGE('',*,*,#14742,.T.);
#14869 = ORIENTED_EDGE('',*,*,#14835,.F.);
#14870 = ( GEOMETRIC_REPRESENTATION_CONTEXT(3) 
GLOBAL_UNCERTAINTY_ASSIGNED_CONTEXT((#14874)) 
GLOBAL_UNIT_ASSIGNED_CONTEXT((#14871,#14872,#14873)) 
REPRESENTATION_CONTEXT('Context #1',
  '3D Context with UNIT and UNCERTAINTY') );
#14871 = ( LENGTH_UNIT() NAMED_UNIT(*) SI_UNIT(.MILLI.,.METRE.) );
#14872 = ( NAMED_UNIT(*) PLANE_ANGLE_UNIT() SI_UNIT($,.RADIAN.) );
#14873 = ( NAMED_UNIT(*) SI_UNIT($,.STERADIAN.) SOLID_ANGLE_UNIT() );
#14874 = UNCERTAINTY_MEASURE_WITH_UNIT(LENGTH_MEASURE(1.E-07),#14871,
  'distance_accuracy_value','confusion accuracy');
#14875 = CONTEXT_DEPENDENT_SHAPE_REPRESENTATION(#14876,#14878);
#14876 = ( REPRESENTATION_RELATIONSHIP('','',#14539,#709) 
REPRESENTATION_RELATIONSHIP_WITH_TRANSFORMATION(#14877) 
SHAPE_REPRESENTATION_RELATIONSHIP() );
#14877 = ITEM_DEFINED_TRANSFORMATION('','',#11,#866);
#14878 = PRODUCT_DEFINITION_SHAPE('Placement','Placement of an item',
  #14879);
#14879 = NEXT_ASSEMBLY_USAGE_OCCURRENCE('48','','',#704,#14534,$);
#14880 = PRODUCT_RELATED_PRODUCT_CATEGORY('part',$,(#14536));
#14881 = SHAPE_DEFINITION_REPRESENTATION(#14882,#14888);
#14882 = PRODUCT_DEFINITION_SHAPE('','',#14883);
#14883 = PRODUCT_DEFINITION('design','',#14884,#14887);
#14884 = PRODUCT_DEFINITION_FORMATION('','',#14885);
#14885 = PRODUCT('Open CASCADE STEP translator 7.9 2.2.41',
  'Open CASCADE STEP translator 7.9 2.2.41','',(#14886));
#14886 = PRODUCT_CONTEXT('',#2,'mechanical');
#14887 = PRODUCT_DEFINITION_CONTEXT('part definition',#2,'design');
#14888 = ADVANCED_BREP_SHAPE_REPRESENTATION('',(#11,#14889),#15219);
#14889 = MANIFOLD_SOLID_BREP('',#14890);
#14890 = CLOSED_SHELL('',(#14891,#15011,#15111,#15158,#15205,#15212));
#14891 = ADVANCED_FACE('',(#14892),#14906,.F.);
#14892 = FACE_BOUND('',#14893,.F.);
#14893 = EDGE_LOOP('',(#14894,#14929,#14957,#14985));
#14894 = ORIENTED_EDGE('',*,*,#14895,.F.);
#14895 = EDGE_CURVE('',#14896,#14898,#14900,.T.);
#14896 = VERTEX_POINT('',#14897);
#14897 = CARTESIAN_POINT('',(16.755879358919,-83.92997382883,5.));
#14898 = VERTEX_POINT('',#14899);
#14899 = CARTESIAN_POINT('',(16.755879358919,-83.92997382883,5.4));
#14900 = SURFACE_CURVE('',#14901,(#14905,#14917),.PCURVE_S1.);
#14901 = LINE('',#14902,#14903);
#14902 = CARTESIAN_POINT('',(16.755879358919,-83.92997382883,5.));
#14903 = VECTOR('',#14904,1.);
#14904 = DIRECTION('',(0.,0.,1.));
#14905 = PCURVE('',#14906,#14911);
#14906 = PLANE('',#14907);
#14907 = AXIS2_PLACEMENT_3D('',#14908,#14909,#14910);
#14908 = CARTESIAN_POINT('',(16.755879358919,-83.92997382883,5.));
#14909 = DIRECTION('',(0.309016994375,-0.951056516295,0.));
#14910 = DIRECTION('',(0.,0.,1.));
#14911 = DEFINITIONAL_REPRESENTATION('',(#14912),#14916);
#14912 = LINE('',#14913,#14914);
#14913 = CARTESIAN_POINT('',(0.,0.));
#14914 = VECTOR('',#14915,1.);
#14915 = DIRECTION('',(1.,0.));
#14916 = ( GEOMETRIC_REPRESENTATION_CONTEXT(2) 
PARAMETRIC_REPRESENTATION_CONTEXT() REPRESENTATION_CONTEXT('2D SPACE',''
  ) );
#14917 = PCURVE('',#14918,#14923);
#14918 = PLANE('',#14919);
#14919 = AXIS2_PLACEMENT_3D('',#14920,#14921,#14922);
#14920 = CARTESIAN_POINT('',(16.755879358919,-83.92997382883,5.));
#14921 = DIRECTION('',(0.951056516295,0.309016994375,0.));
#14922 = DIRECTION('',(0.,0.,1.));
#14923 = DEFINITIONAL_REPRESENTATION('',(#14924),#14928);
#14924 = LINE('',#14925,#14926);
#14925 = CARTESIAN_POINT('',(0.,0.));
#14926 = VECTOR('',#14927,1.);
#14927 = DIRECTION('',(1.,0.));
#14928 = ( GEOMETRIC_REPRESENTATION_CONTEXT(2) 
PARAMETRIC_REPRESENTATION_CONTEXT() REPRESENTATION_CONTEXT('2D SPACE',''
  ) );
#14929 = ORIENTED_EDGE('',*,*,#14930,.T.);
#14930 = EDGE_CURVE('',#14896,#14931,#14933,.T.);
#14931 = VERTEX_POINT('',#14932);
#14932 = CARTESIAN_POINT('',(35.777009684822,-77.74963394133,5.));
#14933 = SURFACE_CURVE('',#14934,(#14938,#14945),.PCURVE_S1.);
#14934 = LINE('',#14935,#14936);
#14935 = CARTESIAN_POINT('',(16.755879358919,-83.92997382883,5.));
#14936 = VECTOR('',#14937,1.);
#14937 = DIRECTION('',(0.951056516295,0.309016994375,0.));
#14938 = PCURVE('',#14906,#14939);
#14939 = DEFINITIONAL_REPRESENTATION('',(#14940),#14944);
#14940 = LINE('',#14941,#14942);
#14941 = CARTESIAN_POINT('',(0.,0.));
#14942 = VECTOR('',#14943,1.);
#14943 = DIRECTION('',(0.,-1.));
#14944 = ( GEOMETRIC_REPRESENTATION_CONTEXT(2) 
PARAMETRIC_REPRESENTATION_CONTEXT() REPRESENTATION_CONTEXT('2D SPACE',''
  ) );
#14945 = PCURVE('',#14946,#14951);
#14946 = PLANE('',#14947);
#14947 = AXIS2_PLACEMENT_3D('',#14948,#14949,#14950);
#14948 = CARTESIAN_POINT('',(16.755879358919,-83.92997382883,5.));
#14949 = DIRECTION('',(0.,0.,1.));
#14950 = DIRECTION('',(0.309016994375,-0.951056516295,0.));
#14951 = DEFINITIONAL_REPRESENTATION('',(#14952),#14956);
#14952 = LINE('',#14953,#14954);
#14953 = CARTESIAN_POINT('',(0.,0.));
#14954 = VECTOR('',#14955,1.);
#14955 = DIRECTION('',(0.,1.));
#14956 = ( GEOMETRIC_REPRESENTATION_CONTEXT(2) 
PARAMETRIC_REPRESENTATION_CONTEXT() REPRESENTATION_CONTEXT('2D SPACE',''
  ) );
#14957 = ORIENTED_EDGE('',*,*,#14958,.T.);
#14958 = EDGE_CURVE('',#14931,#14959,#14961,.T.);
#14959 = VERTEX_POINT('',#14960);
#14960 = CARTESIAN_POINT('',(35.777009684822,-77.74963394133,5.4));
#14961 = SURFACE_CURVE('',#14962,(#14966,#14973),.PCURVE_S1.);
#14962 = LINE('',#14963,#14964);
#14963 = CARTESIAN_POINT('',(35.777009684822,-77.74963394133,5.));
#14964 = VECTOR('',#14965,1.);
#14965 = DIRECTION('',(0.,0.,1.));
#14966 = PCURVE('',#14906,#14967);
#14967 = DEFINITIONAL_REPRESENTATION('',(#14968),#14972);
#14968 = LINE('',#14969,#14970);
#14969 = CARTESIAN_POINT('',(0.,-20.));
#14970 = VECTOR('',#14971,1.);
#14971 = DIRECTION('',(1.,0.));
#14972 = ( GEOMETRIC_REPRESENTATION_CONTEXT(2) 
PARAMETRIC_REPRESENTATION_CONTEXT() REPRESENTATION_CONTEXT('2D SPACE',''
  ) );
#14973 = PCURVE('',#14974,#14979);
#14974 = PLANE('',#14975);
#14975 = AXIS2_PLACEMENT_3D('',#14976,#14977,#14978);
#14976 = CARTESIAN_POINT('',(35.777009684822,-77.74963394133,5.));
#14977 = DIRECTION('',(0.951056516295,0.309016994375,0.));
#14978 = DIRECTION('',(0.,0.,1.));
#14979 = DEFINITIONAL_REPRESENTATION('',(#14980),#14984);
#14980 = LINE('',#14981,#14982);
#14981 = CARTESIAN_POINT('',(0.,0.));
#14982 = VECTOR('',#14983,1.);
#14983 = DIRECTION('',(1.,0.));
#14984 = ( GEOMETRIC_REPRESENTATION_CONTEXT(2) 
PARAMETRIC_REPRESENTATION_CONTEXT() REPRESENTATION_CONTEXT('2D SPACE',''
  ) );
#14985 = ORIENTED_EDGE('',*,*,#14986,.F.);
#14986 = EDGE_CURVE('',#14898,#14959,#14987,.T.);
#14987 = SURFACE_CURVE('',#14988,(#14992,#14999),.PCURVE_S1.);
#14988 = LINE('',#14989,#14990);
#14989 = CARTESIAN_POINT('',(16.755879358919,-83.92997382883,5.4));
#14990 = VECTOR('',#14991,1.);
#14991 = DIRECTION('',(0.951056516295,0.309016994375,0.));
#14992 = PCURVE('',#14906,#14993);
#14993 = DEFINITIONAL_REPRESENTATION('',(#14994),#14998);
#14994 = LINE('',#14995,#14996);
#14995 = CARTESIAN_POINT('',(0.4,0.));
#14996 = VECTOR('',#14997,1.);
#14997 = DIRECTION('',(0.,-1.));
#14998 = ( GEOMETRIC_REPRESENTATION_CONTEXT(2) 
PARAMETRIC_REPRESENTATION_CONTEXT() REPRESENTATION_CONTEXT('2D SPACE',''
  ) );
#14999 = PCURVE('',#15000,#15005);
#15000 = PLANE('',#15001);
#15001 = AXIS2_PLACEMENT_3D('',#15002,#15003,#15004);
#15002 = CARTESIAN_POINT('',(16.755879358919,-83.92997382883,5.4));
#15003 = DIRECTION('',(0.,0.,1.));
#15004 = DIRECTION('',(0.309016994375,-0.951056516295,0.));
#15005 = DEFINITIONAL_REPRESENTATION('',(#15006),#15010);
#15006 = LINE('',#15007,#15008);
#15007 = CARTESIAN_POINT('',(0.,0.));
#15008 = VECTOR('',#15009,1.);
#15009 = DIRECTION('',(0.,1.));
#15010 = ( GEOMETRIC_REPRESENTATION_CONTEXT(2) 
PARAMETRIC_REPRESENTATION_CONTEXT() REPRESENTATION_CONTEXT('2D SPACE',''
  ) );
#15011 = ADVANCED_FACE('',(#15012),#15026,.T.);
#15012 = FACE_BOUND('',#15013,.T.);
#15013 = EDGE_LOOP('',(#15014,#15044,#15067,#15090));
#15014 = ORIENTED_EDGE('',*,*,#15015,.F.);
#15015 = EDGE_CURVE('',#15016,#15018,#15020,.T.);
#15016 = VERTEX_POINT('',#15017);
#15017 = CARTESIAN_POINT('',(66.198598458911,-236.099016436,5.));
#15018 = VERTEX_POINT('',#15019);
#15019 = CARTESIAN_POINT('',(66.198598458911,-236.099016436,5.4));
#15020 = SURFACE_CURVE('',#15021,(#15025,#15037),.PCURVE_S1.);
#15021 = LINE('',#15022,#15023);
#15022 = CARTESIAN_POINT('',(66.198598458911,-236.099016436,5.));
#15023 = VECTOR('',#15024,1.);
#15024 = DIRECTION('',(0.,0.,1.));
#15025 = PCURVE('',#15026,#15031);
#15026 = PLANE('',#15027);
#15027 = AXIS2_PLACEMENT_3D('',#15028,#15029,#15030);
#15028 = CARTESIAN_POINT('',(66.198598458911,-236.099016436,5.));
#15029 = DIRECTION('',(0.309016994375,-0.951056516295,0.));
#15030 = DIRECTION('',(0.,0.,1.));
#15031 = DEFINITIONAL_REPRESENTATION('',(#15032),#15036);
#15032 = LINE('',#15033,#15034);
#15033 = CARTESIAN_POINT('',(0.,0.));
#15034 = VECTOR('',#15035,1.);
#15035 = DIRECTION('',(1.,0.));
#15036 = ( GEOMETRIC_REPRESENTATION_CONTEXT(2) 
PARAMETRIC_REPRESENTATION_CONTEXT() REPRESENTATION_CONTEXT('2D SPACE',''
  ) );
#15037 = PCURVE('',#14918,#15038);
#15038 = DEFINITIONAL_REPRESENTATION('',(#15039),#15043);
#15039 = LINE('',#15040,#15041);
#15040 = CARTESIAN_POINT('',(0.,160.));
#15041 = VECTOR('',#15042,1.);
#15042 = DIRECTION('',(1.,0.));
#15043 = ( GEOMETRIC_REPRESENTATION_CONTEXT(2) 
PARAMETRIC_REPRESENTATION_CONTEXT() REPRESENTATION_CONTEXT('2D SPACE',''
  ) );
#15044 = ORIENTED_EDGE('',*,*,#15045,.T.);
#15045 = EDGE_CURVE('',#15016,#15046,#15048,.T.);
#15046 = VERTEX_POINT('',#15047);
#15047 = CARTESIAN_POINT('',(85.219728784814,-229.9186765485,5.));
#15048 = SURFACE_CURVE('',#15049,(#15053,#15060),.PCURVE_S1.);
#15049 = LINE('',#15050,#15051);
#15050 = CARTESIAN_POINT('',(66.198598458911,-236.099016436,5.));
#15051 = VECTOR('',#15052,1.);
#15052 = DIRECTION('',(0.951056516295,0.309016994375,0.));
#15053 = PCURVE('',#15026,#15054);
#15054 = DEFINITIONAL_REPRESENTATION('',(#15055),#15059);
#15055 = LINE('',#15056,#15057);
#15056 = CARTESIAN_POINT('',(0.,0.));
#15057 = VECTOR('',#15058,1.);
#15058 = DIRECTION('',(0.,-1.));
#15059 = ( GEOMETRIC_REPRESENTATION_CONTEXT(2) 
PARAMETRIC_REPRESENTATION_CONTEXT() REPRESENTATION_CONTEXT('2D SPACE',''
  ) );
#15060 = PCURVE('',#14946,#15061);
#15061 = DEFINITIONAL_REPRESENTATION('',(#15062),#15066);
#15062 = LINE('',#15063,#15064);
#15063 = CARTESIAN_POINT('',(160.,7.105427357601E-15));
#15064 = VECTOR('',#15065,1.);
#15065 = DIRECTION('',(0.,1.));
#15066 = ( GEOMETRIC_REPRESENTATION_CONTEXT(2) 
PARAMETRIC_REPRESENTATION_CONTEXT() REPRESENTATION_CONTEXT('2D SPACE',''
  ) );
#15067 = ORIENTED_EDGE('',*,*,#15068,.T.);
#15068 = EDGE_CURVE('',#15046,#15069,#15071,.T.);
#15069 = VERTEX_POINT('',#15070);
#15070 = CARTESIAN_POINT('',(85.219728784814,-229.9186765485,5.4));
#15071 = SURFACE_CURVE('',#15072,(#15076,#15083),.PCURVE_S1.);
#15072 = LINE('',#15073,#15074);
#15073 = CARTESIAN_POINT('',(85.219728784814,-229.9186765485,5.));
#15074 = VECTOR('',#15075,1.);
#15075 = DIRECTION('',(0.,0.,1.));
#15076 = PCURVE('',#15026,#15077);
#15077 = DEFINITIONAL_REPRESENTATION('',(#15078),#15082);
#15078 = LINE('',#15079,#15080);
#15079 = CARTESIAN_POINT('',(0.,-20.));
#15080 = VECTOR('',#15081,1.);
#15081 = DIRECTION('',(1.,0.));
#15082 = ( GEOMETRIC_REPRESENTATION_CONTEXT(2) 
PARAMETRIC_REPRESENTATION_CONTEXT() REPRESENTATION_CONTEXT('2D SPACE',''
  ) );
#15083 = PCURVE('',#14974,#15084);
#15084 = DEFINITIONAL_REPRESENTATION('',(#15085),#15089);
#15085 = LINE('',#15086,#15087);
#15086 = CARTESIAN_POINT('',(0.,160.));
#15087 = VECTOR('',#15088,1.);
#15088 = DIRECTION('',(1.,0.));
#15089 = ( GEOMETRIC_REPRESENTATION_CONTEXT(2) 
PARAMETRIC_REPRESENTATION_CONTEXT() REPRESENTATION_CONTEXT('2D SPACE',''
  ) );
#15090 = ORIENTED_EDGE('',*,*,#15091,.F.);
#15091 = EDGE_CURVE('',#15018,#15069,#15092,.T.);
#15092 = SURFACE_CURVE('',#15093,(#15097,#15104),.PCURVE_S1.);
#15093 = LINE('',#15094,#15095);
#15094 = CARTESIAN_POINT('',(66.198598458911,-236.099016436,5.4));
#15095 = VECTOR('',#15096,1.);
#15096 = DIRECTION('',(0.951056516295,0.309016994375,0.));
#15097 = PCURVE('',#15026,#15098);
#15098 = DEFINITIONAL_REPRESENTATION('',(#15099),#15103);
#15099 = LINE('',#15100,#15101);
#15100 = CARTESIAN_POINT('',(0.4,0.));
#15101 = VECTOR('',#15102,1.);
#15102 = DIRECTION('',(0.,-1.));
#15103 = ( GEOMETRIC_REPRESENTATION_CONTEXT(2) 
PARAMETRIC_REPRESENTATION_CONTEXT() REPRESENTATION_CONTEXT('2D SPACE',''
  ) );
#15104 = PCURVE('',#15000,#15105);
#15105 = DEFINITIONAL_REPRESENTATION('',(#15106),#15110);
#15106 = LINE('',#15107,#15108);
#15107 = CARTESIAN_POINT('',(160.,7.105427357601E-15));
#15108 = VECTOR('',#15109,1.);
#15109 = DIRECTION('',(0.,1.));
#15110 = ( GEOMETRIC_REPRESENTATION_CONTEXT(2) 
PARAMETRIC_REPRESENTATION_CONTEXT() REPRESENTATION_CONTEXT('2D SPACE',''
  ) );
#15111 = ADVANCED_FACE('',(#15112),#14918,.F.);
#15112 = FACE_BOUND('',#15113,.F.);
#15113 = EDGE_LOOP('',(#15114,#15135,#15136,#15157));
#15114 = ORIENTED_EDGE('',*,*,#15115,.F.);
#15115 = EDGE_CURVE('',#14896,#15016,#15116,.T.);
#15116 = SURFACE_CURVE('',#15117,(#15121,#15128),.PCURVE_S1.);
#15117 = LINE('',#15118,#15119);
#15118 = CARTESIAN_POINT('',(16.755879358919,-83.92997382883,5.));
#15119 = VECTOR('',#15120,1.);
#15120 = DIRECTION('',(0.309016994375,-0.951056516295,0.));
#15121 = PCURVE('',#14918,#15122);
#15122 = DEFINITIONAL_REPRESENTATION('',(#15123),#15127);
#15123 = LINE('',#15124,#15125);
#15124 = CARTESIAN_POINT('',(0.,0.));
#15125 = VECTOR('',#15126,1.);
#15126 = DIRECTION('',(0.,1.));
#15127 = ( GEOMETRIC_REPRESENTATION_CONTEXT(2) 
PARAMETRIC_REPRESENTATION_CONTEXT() REPRESENTATION_CONTEXT('2D SPACE',''
  ) );
#15128 = PCURVE('',#14946,#15129);
#15129 = DEFINITIONAL_REPRESENTATION('',(#15130),#15134);
#15130 = LINE('',#15131,#15132);
#15131 = CARTESIAN_POINT('',(0.,0.));
#15132 = VECTOR('',#15133,1.);
#15133 = DIRECTION('',(1.,0.));
#15134 = ( GEOMETRIC_REPRESENTATION_CONTEXT(2) 
PARAMETRIC_REPRESENTATION_CONTEXT() REPRESENTATION_CONTEXT('2D SPACE',''
  ) );
#15135 = ORIENTED_EDGE('',*,*,#14895,.T.);
#15136 = ORIENTED_EDGE('',*,*,#15137,.T.);
#15137 = EDGE_CURVE('',#14898,#15018,#15138,.T.);
#15138 = SURFACE_CURVE('',#15139,(#15143,#15150),.PCURVE_S1.);
#15139 = LINE('',#15140,#15141);
#15140 = CARTESIAN_POINT('',(16.755879358919,-83.92997382883,5.4));
#15141 = VECTOR('',#15142,1.);
#15142 = DIRECTION('',(0.309016994375,-0.951056516295,0.));
#15143 = PCURVE('',#14918,#15144);
#15144 = DEFINITIONAL_REPRESENTATION('',(#15145),#15149);
#15145 = LINE('',#15146,#15147);
#15146 = CARTESIAN_POINT('',(0.4,0.));
#15147 = VECTOR('',#15148,1.);
#15148 = DIRECTION('',(0.,1.));
#15149 = ( GEOMETRIC_REPRESENTATION_CONTEXT(2) 
PARAMETRIC_REPRESENTATION_CONTEXT() REPRESENTATION_CONTEXT('2D SPACE',''
  ) );
#15150 = PCURVE('',#15000,#15151);
#15151 = DEFINITIONAL_REPRESENTATION('',(#15152),#15156);
#15152 = LINE('',#15153,#15154);
#15153 = CARTESIAN_POINT('',(0.,0.));
#15154 = VECTOR('',#15155,1.);
#15155 = DIRECTION('',(1.,0.));
#15156 = ( GEOMETRIC_REPRESENTATION_CONTEXT(2) 
PARAMETRIC_REPRESENTATION_CONTEXT() REPRESENTATION_CONTEXT('2D SPACE',''
  ) );
#15157 = ORIENTED_EDGE('',*,*,#15015,.F.);
#15158 = ADVANCED_FACE('',(#15159),#14974,.T.);
#15159 = FACE_BOUND('',#15160,.T.);
#15160 = EDGE_LOOP('',(#15161,#15182,#15183,#15204));
#15161 = ORIENTED_EDGE('',*,*,#15162,.F.);
#15162 = EDGE_CURVE('',#14931,#15046,#15163,.T.);
#15163 = SURFACE_CURVE('',#15164,(#15168,#15175),.PCURVE_S1.);
#15164 = LINE('',#15165,#15166);
#15165 = CARTESIAN_POINT('',(35.777009684822,-77.74963394133,5.));
#15166 = VECTOR('',#15167,1.);
#15167 = DIRECTION('',(0.309016994375,-0.951056516295,0.));
#15168 = PCURVE('',#14974,#15169);
#15169 = DEFINITIONAL_REPRESENTATION('',(#15170),#15174);
#15170 = LINE('',#15171,#15172);
#15171 = CARTESIAN_POINT('',(0.,0.));
#15172 = VECTOR('',#15173,1.);
#15173 = DIRECTION('',(0.,1.));
#15174 = ( GEOMETRIC_REPRESENTATION_CONTEXT(2) 
PARAMETRIC_REPRESENTATION_CONTEXT() REPRESENTATION_CONTEXT('2D SPACE',''
  ) );
#15175 = PCURVE('',#14946,#15176);
#15176 = DEFINITIONAL_REPRESENTATION('',(#15177),#15181);
#15177 = LINE('',#15178,#15179);
#15178 = CARTESIAN_POINT('',(-2.6645352591E-15,20.));
#15179 = VECTOR('',#15180,1.);
#15180 = DIRECTION('',(1.,0.));
#15181 = ( GEOMETRIC_REPRESENTATION_CONTEXT(2) 
PARAMETRIC_REPRESENTATION_CONTEXT() REPRESENTATION_CONTEXT('2D SPACE',''
  ) );
#15182 = ORIENTED_EDGE('',*,*,#14958,.T.);
#15183 = ORIENTED_EDGE('',*,*,#15184,.T.);
#15184 = EDGE_CURVE('',#14959,#15069,#15185,.T.);
#15185 = SURFACE_CURVE('',#15186,(#15190,#15197),.PCURVE_S1.);
#15186 = LINE('',#15187,#15188);
#15187 = CARTESIAN_POINT('',(35.777009684822,-77.74963394133,5.4));
#15188 = VECTOR('',#15189,1.);
#15189 = DIRECTION('',(0.309016994375,-0.951056516295,0.));
#15190 = PCURVE('',#14974,#15191);
#15191 = DEFINITIONAL_REPRESENTATION('',(#15192),#15196);
#15192 = LINE('',#15193,#15194);
#15193 = CARTESIAN_POINT('',(0.4,0.));
#15194 = VECTOR('',#15195,1.);
#15195 = DIRECTION('',(0.,1.));
#15196 = ( GEOMETRIC_REPRESENTATION_CONTEXT(2) 
PARAMETRIC_REPRESENTATION_CONTEXT() REPRESENTATION_CONTEXT('2D SPACE',''
  ) );
#15197 = PCURVE('',#15000,#15198);
#15198 = DEFINITIONAL_REPRESENTATION('',(#15199),#15203);
#15199 = LINE('',#15200,#15201);
#15200 = CARTESIAN_POINT('',(-2.6645352591E-15,20.));
#15201 = VECTOR('',#15202,1.);
#15202 = DIRECTION('',(1.,0.));
#15203 = ( GEOMETRIC_REPRESENTATION_CONTEXT(2) 
PARAMETRIC_REPRESENTATION_CONTEXT() REPRESENTATION_CONTEXT('2D SPACE',''
  ) );
#15204 = ORIENTED_EDGE('',*,*,#15068,.F.);
#15205 = ADVANCED_FACE('',(#15206),#14946,.F.);
#15206 = FACE_BOUND('',#15207,.F.);
#15207 = EDGE_LOOP('',(#15208,#15209,#15210,#15211));
#15208 = ORIENTED_EDGE('',*,*,#14930,.F.);
#15209 = ORIENTED_EDGE('',*,*,#15115,.T.);
#15210 = ORIENTED_EDGE('',*,*,#15045,.T.);
#15211 = ORIENTED_EDGE('',*,*,#15162,.F.);
#15212 = ADVANCED_FACE('',(#15213),#15000,.T.);
#15213 = FACE_BOUND('',#15214,.T.);
#15214 = EDGE_LOOP('',(#15215,#15216,#15217,#15218));
#15215 = ORIENTED_EDGE('',*,*,#14986,.F.);
#15216 = ORIENTED_EDGE('',*,*,#15137,.T.);
#15217 = ORIENTED_EDGE('',*,*,#15091,.T.);
#15218 = ORIENTED_EDGE('',*,*,#15184,.F.);
#15219 = ( GEOMETRIC_REPRESENTATION_CONTEXT(3) 
GLOBAL_UNCERTAINTY_ASSIGNED_CONTEXT((#15223)) 
GLOBAL_UNIT_ASSIGNED_CONTEXT((#15220,#15221,#15222)) 
REPRESENTATION_CONTEXT('Context #1',
  '3D Context with UNIT and UNCERTAINTY') );
#15220 = ( LENGTH_UNIT() NAMED_UNIT(*) SI_UNIT(.MILLI.,.METRE.) );
#15221 = ( NAMED_UNIT(*) PLANE_ANGLE_UNIT() SI_UNIT($,.RADIAN.) );
#15222 = ( NAMED_UNIT(*) SI_UNIT($,.STERADIAN.) SOLID_ANGLE_UNIT() );
#15223 = UNCERTAINTY_MEASURE_WITH_UNIT(LENGTH_MEASURE(1.E-07),#15220,
  'distance_accuracy_value','confusion accuracy');
#15224 = CONTEXT_DEPENDENT_SHAPE_REPRESENTATION(#15225,#15227);
#15225 = ( REPRESENTATION_RELATIONSHIP('','',#14888,#709) 
REPRESENTATION_RELATIONSHIP_WITH_TRANSFORMATION(#15226) 
SHAPE_REPRESENTATION_RELATIONSHIP() );
#15226 = ITEM_DEFINED_TRANSFORMATION('','',#11,#870);
#15227 = PRODUCT_DEFINITION_SHAPE('Placement','Placement of an item',
  #15228);
#15228 = NEXT_ASSEMBLY_USAGE_OCCURRENCE('49','','',#704,#14883,$);
#15229 = PRODUCT_RELATED_PRODUCT_CATEGORY('part',$,(#14885));
#15230 = SHAPE_DEFINITION_REPRESENTATION(#15231,#15237);
#15231 = PRODUCT_DEFINITION_SHAPE('','',#15232);
#15232 = PRODUCT_DEFINITION('design','',#15233,#15236);
#15233 = PRODUCT_DEFINITION_FORMATION('','',#15234);
#15234 = PRODUCT('Open CASCADE STEP translator 7.9 2.2.42',
  'Open CASCADE STEP translator 7.9 2.2.42','',(#15235));
#15235 = PRODUCT_CONTEXT('',#2,'mechanical');
#15236 = PRODUCT_DEFINITION_CONTEXT('part definition',#2,'design');
#15237 = ADVANCED_BREP_SHAPE_REPRESENTATION('',(#11,#15238),#15568);
#15238 = MANIFOLD_SOLID_BREP('',#15239);
#15239 = CLOSED_SHELL('',(#15240,#15360,#15460,#15507,#15554,#15561));
#15240 = ADVANCED_FACE('',(#15241),#15255,.F.);
#15241 = FACE_BOUND('',#15242,.F.);
#15242 = EDGE_LOOP('',(#15243,#15278,#15306,#15334));
#15243 = ORIENTED_EDGE('',*,*,#15244,.F.);
#15244 = EDGE_CURVE('',#15245,#15247,#15249,.T.);
#15245 = VERTEX_POINT('',#15246);
#15246 = CARTESIAN_POINT('',(27.142969258371,-81.16809237526,5.));
#15247 = VERTEX_POINT('',#15248);
#15248 = CARTESIAN_POINT('',(27.142969258371,-81.16809237526,5.4));
#15249 = SURFACE_CURVE('',#15250,(#15254,#15266),.PCURVE_S1.);
#15250 = LINE('',#15251,#15252);
#15251 = CARTESIAN_POINT('',(27.142969258371,-81.16809237526,5.));
#15252 = VECTOR('',#15253,1.);
#15253 = DIRECTION('',(0.,0.,1.));
#15254 = PCURVE('',#15255,#15260);
#15255 = PLANE('',#15256);
#15256 = AXIS2_PLACEMENT_3D('',#15257,#15258,#15259);
#15257 = CARTESIAN_POINT('',(27.142969258371,-81.16809237526,5.));
#15258 = DIRECTION('',(0.425779291565,-0.904827052466,0.));
#15259 = DIRECTION('',(0.,0.,1.));
#15260 = DEFINITIONAL_REPRESENTATION('',(#15261),#15265);
#15261 = LINE('',#15262,#15263);
#15262 = CARTESIAN_POINT('',(0.,0.));
#15263 = VECTOR('',#15264,1.);
#15264 = DIRECTION('',(1.,0.));
#15265 = ( GEOMETRIC_REPRESENTATION_CONTEXT(2) 
PARAMETRIC_REPRESENTATION_CONTEXT() REPRESENTATION_CONTEXT('2D SPACE',''
  ) );
#15266 = PCURVE('',#15267,#15272);
#15267 = PLANE('',#15268);
#15268 = AXIS2_PLACEMENT_3D('',#15269,#15270,#15271);
#15269 = CARTESIAN_POINT('',(27.142969258371,-81.16809237526,5.));
#15270 = DIRECTION('',(0.904827052466,0.425779291565,0.));
#15271 = DIRECTION('',(0.,0.,1.));
#15272 = DEFINITIONAL_REPRESENTATION('',(#15273),#15277);
#15273 = LINE('',#15274,#15275);
#15274 = CARTESIAN_POINT('',(0.,0.));
#15275 = VECTOR('',#15276,1.);
#15276 = DIRECTION('',(1.,0.));
#15277 = ( GEOMETRIC_REPRESENTATION_CONTEXT(2) 
PARAMETRIC_REPRESENTATION_CONTEXT() REPRESENTATION_CONTEXT('2D SPACE',''
  ) );
#15278 = ORIENTED_EDGE('',*,*,#15279,.T.);
#15279 = EDGE_CURVE('',#15245,#15280,#15282,.T.);
#15280 = VERTEX_POINT('',#15281);
#15281 = CARTESIAN_POINT('',(45.239510307691,-72.65250654396,5.));
#15282 = SURFACE_CURVE('',#15283,(#15287,#15294),.PCURVE_S1.);
#15283 = LINE('',#15284,#15285);
#15284 = CARTESIAN_POINT('',(27.142969258371,-81.16809237526,5.));
#15285 = VECTOR('',#15286,1.);
#15286 = DIRECTION('',(0.904827052466,0.425779291565,0.));
#15287 = PCURVE('',#15255,#15288);
#15288 = DEFINITIONAL_REPRESENTATION('',(#15289),#15293);
#15289 = LINE('',#15290,#15291);
#15290 = CARTESIAN_POINT('',(0.,0.));
#15291 = VECTOR('',#15292,1.);
#15292 = DIRECTION('',(0.,-1.));
#15293 = ( GEOMETRIC_REPRESENTATION_CONTEXT(2) 
PARAMETRIC_REPRESENTATION_CONTEXT() REPRESENTATION_CONTEXT('2D SPACE',''
  ) );
#15294 = PCURVE('',#15295,#15300);
#15295 = PLANE('',#15296);
#15296 = AXIS2_PLACEMENT_3D('',#15297,#15298,#15299);
#15297 = CARTESIAN_POINT('',(27.142969258371,-81.16809237526,5.));
#15298 = DIRECTION('',(0.,0.,1.));
#15299 = DIRECTION('',(0.425779291565,-0.904827052466,0.));
#15300 = DEFINITIONAL_REPRESENTATION('',(#15301),#15305);
#15301 = LINE('',#15302,#15303);
#15302 = CARTESIAN_POINT('',(0.,0.));
#15303 = VECTOR('',#15304,1.);
#15304 = DIRECTION('',(0.,1.));
#15305 = ( GEOMETRIC_REPRESENTATION_CONTEXT(2) 
PARAMETRIC_REPRESENTATION_CONTEXT() REPRESENTATION_CONTEXT('2D SPACE',''
  ) );
#15306 = ORIENTED_EDGE('',*,*,#15307,.T.);
#15307 = EDGE_CURVE('',#15280,#15308,#15310,.T.);
#15308 = VERTEX_POINT('',#15309);
#15309 = CARTESIAN_POINT('',(45.239510307691,-72.65250654396,5.4));
#15310 = SURFACE_CURVE('',#15311,(#15315,#15322),.PCURVE_S1.);
#15311 = LINE('',#15312,#15313);
#15312 = CARTESIAN_POINT('',(45.239510307691,-72.65250654396,5.));
#15313 = VECTOR('',#15314,1.);
#15314 = DIRECTION('',(0.,0.,1.));
#15315 = PCURVE('',#15255,#15316);
#15316 = DEFINITIONAL_REPRESENTATION('',(#15317),#15321);
#15317 = LINE('',#15318,#15319);
#15318 = CARTESIAN_POINT('',(0.,-20.));
#15319 = VECTOR('',#15320,1.);
#15320 = DIRECTION('',(1.,0.));
#15321 = ( GEOMETRIC_REPRESENTATION_CONTEXT(2) 
PARAMETRIC_REPRESENTATION_CONTEXT() REPRESENTATION_CONTEXT('2D SPACE',''
  ) );
#15322 = PCURVE('',#15323,#15328);
#15323 = PLANE('',#15324);
#15324 = AXIS2_PLACEMENT_3D('',#15325,#15326,#15327);
#15325 = CARTESIAN_POINT('',(45.239510307691,-72.65250654396,5.));
#15326 = DIRECTION('',(0.904827052466,0.425779291565,0.));
#15327 = DIRECTION('',(0.,0.,1.));
#15328 = DEFINITIONAL_REPRESENTATION('',(#15329),#15333);
#15329 = LINE('',#15330,#15331);
#15330 = CARTESIAN_POINT('',(0.,0.));
#15331 = VECTOR('',#15332,1.);
#15332 = DIRECTION('',(1.,0.));
#15333 = ( GEOMETRIC_REPRESENTATION_CONTEXT(2) 
PARAMETRIC_REPRESENTATION_CONTEXT() REPRESENTATION_CONTEXT('2D SPACE',''
  ) );
#15334 = ORIENTED_EDGE('',*,*,#15335,.F.);
#15335 = EDGE_CURVE('',#15247,#15308,#15336,.T.);
#15336 = SURFACE_CURVE('',#15337,(#15341,#15348),.PCURVE_S1.);
#15337 = LINE('',#15338,#15339);
#15338 = CARTESIAN_POINT('',(27.142969258371,-81.16809237526,5.4));
#15339 = VECTOR('',#15340,1.);
#15340 = DIRECTION('',(0.904827052466,0.425779291565,0.));
#15341 = PCURVE('',#15255,#15342);
#15342 = DEFINITIONAL_REPRESENTATION('',(#15343),#15347);
#15343 = LINE('',#15344,#15345);
#15344 = CARTESIAN_POINT('',(0.4,0.));
#15345 = VECTOR('',#15346,1.);
#15346 = DIRECTION('',(0.,-1.));
#15347 = ( GEOMETRIC_REPRESENTATION_CONTEXT(2) 
PARAMETRIC_REPRESENTATION_CONTEXT() REPRESENTATION_CONTEXT('2D SPACE',''
  ) );
#15348 = PCURVE('',#15349,#15354);
#15349 = PLANE('',#15350);
#15350 = AXIS2_PLACEMENT_3D('',#15351,#15352,#15353);
#15351 = CARTESIAN_POINT('',(27.142969258371,-81.16809237526,5.4));
#15352 = DIRECTION('',(0.,0.,1.));
#15353 = DIRECTION('',(0.425779291565,-0.904827052466,0.));
#15354 = DEFINITIONAL_REPRESENTATION('',(#15355),#15359);
#15355 = LINE('',#15356,#15357);
#15356 = CARTESIAN_POINT('',(0.,0.));
#15357 = VECTOR('',#15358,1.);
#15358 = DIRECTION('',(0.,1.));
#15359 = ( GEOMETRIC_REPRESENTATION_CONTEXT(2) 
PARAMETRIC_REPRESENTATION_CONTEXT() REPRESENTATION_CONTEXT('2D SPACE',''
  ) );
#15360 = ADVANCED_FACE('',(#15361),#15375,.T.);
#15361 = FACE_BOUND('',#15362,.T.);
#15362 = EDGE_LOOP('',(#15363,#15393,#15416,#15439));
#15363 = ORIENTED_EDGE('',*,*,#15364,.F.);
#15364 = EDGE_CURVE('',#15365,#15367,#15369,.T.);
#15365 = VERTEX_POINT('',#15366);
#15366 = CARTESIAN_POINT('',(95.267655908783,-225.9404207698,5.));
#15367 = VERTEX_POINT('',#15368);
#15368 = CARTESIAN_POINT('',(95.267655908783,-225.9404207698,5.4));
#15369 = SURFACE_CURVE('',#15370,(#15374,#15386),.PCURVE_S1.);
#15370 = LINE('',#15371,#15372);
#15371 = CARTESIAN_POINT('',(95.267655908783,-225.9404207698,5.));
#15372 = VECTOR('',#15373,1.);
#15373 = DIRECTION('',(0.,0.,1.));
#15374 = PCURVE('',#15375,#15380);
#15375 = PLANE('',#15376);
#15376 = AXIS2_PLACEMENT_3D('',#15377,#15378,#15379);
#15377 = CARTESIAN_POINT('',(95.267655908783,-225.9404207698,5.));
#15378 = DIRECTION('',(0.425779291565,-0.904827052466,0.));
#15379 = DIRECTION('',(0.,0.,1.));
#15380 = DEFINITIONAL_REPRESENTATION('',(#15381),#15385);
#15381 = LINE('',#15382,#15383);
#15382 = CARTESIAN_POINT('',(0.,0.));
#15383 = VECTOR('',#15384,1.);
#15384 = DIRECTION('',(1.,0.));
#15385 = ( GEOMETRIC_REPRESENTATION_CONTEXT(2) 
PARAMETRIC_REPRESENTATION_CONTEXT() REPRESENTATION_CONTEXT('2D SPACE',''
  ) );
#15386 = PCURVE('',#15267,#15387);
#15387 = DEFINITIONAL_REPRESENTATION('',(#15388),#15392);
#15388 = LINE('',#15389,#15390);
#15389 = CARTESIAN_POINT('',(0.,160.));
#15390 = VECTOR('',#15391,1.);
#15391 = DIRECTION('',(1.,0.));
#15392 = ( GEOMETRIC_REPRESENTATION_CONTEXT(2) 
PARAMETRIC_REPRESENTATION_CONTEXT() REPRESENTATION_CONTEXT('2D SPACE',''
  ) );
#15393 = ORIENTED_EDGE('',*,*,#15394,.T.);
#15394 = EDGE_CURVE('',#15365,#15395,#15397,.T.);
#15395 = VERTEX_POINT('',#15396);
#15396 = CARTESIAN_POINT('',(113.3641969581,-217.4248349385,5.));
#15397 = SURFACE_CURVE('',#15398,(#15402,#15409),.PCURVE_S1.);
#15398 = LINE('',#15399,#15400);
#15399 = CARTESIAN_POINT('',(95.267655908783,-225.9404207698,5.));
#15400 = VECTOR('',#15401,1.);
#15401 = DIRECTION('',(0.904827052466,0.425779291565,0.));
#15402 = PCURVE('',#15375,#15403);
#15403 = DEFINITIONAL_REPRESENTATION('',(#15404),#15408);
#15404 = LINE('',#15405,#15406);
#15405 = CARTESIAN_POINT('',(0.,0.));
#15406 = VECTOR('',#15407,1.);
#15407 = DIRECTION('',(0.,-1.));
#15408 = ( GEOMETRIC_REPRESENTATION_CONTEXT(2) 
PARAMETRIC_REPRESENTATION_CONTEXT() REPRESENTATION_CONTEXT('2D SPACE',''
  ) );
#15409 = PCURVE('',#15295,#15410);
#15410 = DEFINITIONAL_REPRESENTATION('',(#15411),#15415);
#15411 = LINE('',#15412,#15413);
#15412 = CARTESIAN_POINT('',(160.,-1.42108547152E-14));
#15413 = VECTOR('',#15414,1.);
#15414 = DIRECTION('',(0.,1.));
#15415 = ( GEOMETRIC_REPRESENTATION_CONTEXT(2) 
PARAMETRIC_REPRESENTATION_CONTEXT() REPRESENTATION_CONTEXT('2D SPACE',''
  ) );
#15416 = ORIENTED_EDGE('',*,*,#15417,.T.);
#15417 = EDGE_CURVE('',#15395,#15418,#15420,.T.);
#15418 = VERTEX_POINT('',#15419);
#15419 = CARTESIAN_POINT('',(113.3641969581,-217.4248349385,5.4));
#15420 = SURFACE_CURVE('',#15421,(#15425,#15432),.PCURVE_S1.);
#15421 = LINE('',#15422,#15423);
#15422 = CARTESIAN_POINT('',(113.3641969581,-217.4248349385,5.));
#15423 = VECTOR('',#15424,1.);
#15424 = DIRECTION('',(0.,0.,1.));
#15425 = PCURVE('',#15375,#15426);
#15426 = DEFINITIONAL_REPRESENTATION('',(#15427),#15431);
#15427 = LINE('',#15428,#15429);
#15428 = CARTESIAN_POINT('',(0.,-20.));
#15429 = VECTOR('',#15430,1.);
#15430 = DIRECTION('',(1.,0.));
#15431 = ( GEOMETRIC_REPRESENTATION_CONTEXT(2) 
PARAMETRIC_REPRESENTATION_CONTEXT() REPRESENTATION_CONTEXT('2D SPACE',''
  ) );
#15432 = PCURVE('',#15323,#15433);
#15433 = DEFINITIONAL_REPRESENTATION('',(#15434),#15438);
#15434 = LINE('',#15435,#15436);
#15435 = CARTESIAN_POINT('',(0.,160.));
#15436 = VECTOR('',#15437,1.);
#15437 = DIRECTION('',(1.,0.));
#15438 = ( GEOMETRIC_REPRESENTATION_CONTEXT(2) 
PARAMETRIC_REPRESENTATION_CONTEXT() REPRESENTATION_CONTEXT('2D SPACE',''
  ) );
#15439 = ORIENTED_EDGE('',*,*,#15440,.F.);
#15440 = EDGE_CURVE('',#15367,#15418,#15441,.T.);
#15441 = SURFACE_CURVE('',#15442,(#15446,#15453),.PCURVE_S1.);
#15442 = LINE('',#15443,#15444);
#15443 = CARTESIAN_POINT('',(95.267655908783,-225.9404207698,5.4));
#15444 = VECTOR('',#15445,1.);
#15445 = DIRECTION('',(0.904827052466,0.425779291565,0.));
#15446 = PCURVE('',#15375,#15447);
#15447 = DEFINITIONAL_REPRESENTATION('',(#15448),#15452);
#15448 = LINE('',#15449,#15450);
#15449 = CARTESIAN_POINT('',(0.4,0.));
#15450 = VECTOR('',#15451,1.);
#15451 = DIRECTION('',(0.,-1.));
#15452 = ( GEOMETRIC_REPRESENTATION_CONTEXT(2) 
PARAMETRIC_REPRESENTATION_CONTEXT() REPRESENTATION_CONTEXT('2D SPACE',''
  ) );
#15453 = PCURVE('',#15349,#15454);
#15454 = DEFINITIONAL_REPRESENTATION('',(#15455),#15459);
#15455 = LINE('',#15456,#15457);
#15456 = CARTESIAN_POINT('',(160.,-1.42108547152E-14));
#15457 = VECTOR('',#15458,1.);
#15458 = DIRECTION('',(0.,1.));
#15459 = ( GEOMETRIC_REPRESENTATION_CONTEXT(2) 
PARAMETRIC_REPRESENTATION_CONTEXT() REPRESENTATION_CONTEXT('2D SPACE',''
  ) );
#15460 = ADVANCED_FACE('',(#15461),#15267,.F.);
#15461 = FACE_BOUND('',#15462,.F.);
#15462 = EDGE_LOOP('',(#15463,#15484,#15485,#15506));
#15463 = ORIENTED_EDGE('',*,*,#15464,.F.);
#15464 = EDGE_CURVE('',#15245,#15365,#15465,.T.);
#15465 = SURFACE_CURVE('',#15466,(#15470,#15477),.PCURVE_S1.);
#15466 = LINE('',#15467,#15468);
#15467 = CARTESIAN_POINT('',(27.142969258371,-81.16809237526,5.));
#15468 = VECTOR('',#15469,1.);
#15469 = DIRECTION('',(0.425779291565,-0.904827052466,0.));
#15470 = PCURVE('',#15267,#15471);
#15471 = DEFINITIONAL_REPRESENTATION('',(#15472),#15476);
#15472 = LINE('',#15473,#15474);
#15473 = CARTESIAN_POINT('',(0.,0.));
#15474 = VECTOR('',#15475,1.);
#15475 = DIRECTION('',(0.,1.));
#15476 = ( GEOMETRIC_REPRESENTATION_CONTEXT(2) 
PARAMETRIC_REPRESENTATION_CONTEXT() REPRESENTATION_CONTEXT('2D SPACE',''
  ) );
#15477 = PCURVE('',#15295,#15478);
#15478 = DEFINITIONAL_REPRESENTATION('',(#15479),#15483);
#15479 = LINE('',#15480,#15481);
#15480 = CARTESIAN_POINT('',(0.,0.));
#15481 = VECTOR('',#15482,1.);
#15482 = DIRECTION('',(1.,0.));
#15483 = ( GEOMETRIC_REPRESENTATION_CONTEXT(2) 
PARAMETRIC_REPRESENTATION_CONTEXT() REPRESENTATION_CONTEXT('2D SPACE',''
  ) );
#15484 = ORIENTED_EDGE('',*,*,#15244,.T.);
#15485 = ORIENTED_EDGE('',*,*,#15486,.T.);
#15486 = EDGE_CURVE('',#15247,#15367,#15487,.T.);
#15487 = SURFACE_CURVE('',#15488,(#15492,#15499),.PCURVE_S1.);
#15488 = LINE('',#15489,#15490);
#15489 = CARTESIAN_POINT('',(27.142969258371,-81.16809237526,5.4));
#15490 = VECTOR('',#15491,1.);
#15491 = DIRECTION('',(0.425779291565,-0.904827052466,0.));
#15492 = PCURVE('',#15267,#15493);
#15493 = DEFINITIONAL_REPRESENTATION('',(#15494),#15498);
#15494 = LINE('',#15495,#15496);
#15495 = CARTESIAN_POINT('',(0.4,0.));
#15496 = VECTOR('',#15497,1.);
#15497 = DIRECTION('',(0.,1.));
#15498 = ( GEOMETRIC_REPRESENTATION_CONTEXT(2) 
PARAMETRIC_REPRESENTATION_CONTEXT() REPRESENTATION_CONTEXT('2D SPACE',''
  ) );
#15499 = PCURVE('',#15349,#15500);
#15500 = DEFINITIONAL_REPRESENTATION('',(#15501),#15505);
#15501 = LINE('',#15502,#15503);
#15502 = CARTESIAN_POINT('',(0.,0.));
#15503 = VECTOR('',#15504,1.);
#15504 = DIRECTION('',(1.,0.));
#15505 = ( GEOMETRIC_REPRESENTATION_CONTEXT(2) 
PARAMETRIC_REPRESENTATION_CONTEXT() REPRESENTATION_CONTEXT('2D SPACE',''
  ) );
#15506 = ORIENTED_EDGE('',*,*,#15364,.F.);
#15507 = ADVANCED_FACE('',(#15508),#15323,.T.);
#15508 = FACE_BOUND('',#15509,.T.);
#15509 = EDGE_LOOP('',(#15510,#15531,#15532,#15553));
#15510 = ORIENTED_EDGE('',*,*,#15511,.F.);
#15511 = EDGE_CURVE('',#15280,#15395,#15512,.T.);
#15512 = SURFACE_CURVE('',#15513,(#15517,#15524),.PCURVE_S1.);
#15513 = LINE('',#15514,#15515);
#15514 = CARTESIAN_POINT('',(45.239510307691,-72.65250654396,5.));
#15515 = VECTOR('',#15516,1.);
#15516 = DIRECTION('',(0.425779291565,-0.904827052466,0.));
#15517 = PCURVE('',#15323,#15518);
#15518 = DEFINITIONAL_REPRESENTATION('',(#15519),#15523);
#15519 = LINE('',#15520,#15521);
#15520 = CARTESIAN_POINT('',(0.,0.));
#15521 = VECTOR('',#15522,1.);
#15522 = DIRECTION('',(0.,1.));
#15523 = ( GEOMETRIC_REPRESENTATION_CONTEXT(2) 
PARAMETRIC_REPRESENTATION_CONTEXT() REPRESENTATION_CONTEXT('2D SPACE',''
  ) );
#15524 = PCURVE('',#15295,#15525);
#15525 = DEFINITIONAL_REPRESENTATION('',(#15526),#15530);
#15526 = LINE('',#15527,#15528);
#15527 = CARTESIAN_POINT('',(3.552713678801E-15,20.));
#15528 = VECTOR('',#15529,1.);
#15529 = DIRECTION('',(1.,0.));
#15530 = ( GEOMETRIC_REPRESENTATION_CONTEXT(2) 
PARAMETRIC_REPRESENTATION_CONTEXT() REPRESENTATION_CONTEXT('2D SPACE',''
  ) );
#15531 = ORIENTED_EDGE('',*,*,#15307,.T.);
#15532 = ORIENTED_EDGE('',*,*,#15533,.T.);
#15533 = EDGE_CURVE('',#15308,#15418,#15534,.T.);
#15534 = SURFACE_CURVE('',#15535,(#15539,#15546),.PCURVE_S1.);
#15535 = LINE('',#15536,#15537);
#15536 = CARTESIAN_POINT('',(45.239510307691,-72.65250654396,5.4));
#15537 = VECTOR('',#15538,1.);
#15538 = DIRECTION('',(0.425779291565,-0.904827052466,0.));
#15539 = PCURVE('',#15323,#15540);
#15540 = DEFINITIONAL_REPRESENTATION('',(#15541),#15545);
#15541 = LINE('',#15542,#15543);
#15542 = CARTESIAN_POINT('',(0.4,0.));
#15543 = VECTOR('',#15544,1.);
#15544 = DIRECTION('',(0.,1.));
#15545 = ( GEOMETRIC_REPRESENTATION_CONTEXT(2) 
PARAMETRIC_REPRESENTATION_CONTEXT() REPRESENTATION_CONTEXT('2D SPACE',''
  ) );
#15546 = PCURVE('',#15349,#15547);
#15547 = DEFINITIONAL_REPRESENTATION('',(#15548),#15552);
#15548 = LINE('',#15549,#15550);
#15549 = CARTESIAN_POINT('',(3.552713678801E-15,20.));
#15550 = VECTOR('',#15551,1.);
#15551 = DIRECTION('',(1.,0.));
#15552 = ( GEOMETRIC_REPRESENTATION_CONTEXT(2) 
PARAMETRIC_REPRESENTATION_CONTEXT() REPRESENTATION_CONTEXT('2D SPACE',''
  ) );
#15553 = ORIENTED_EDGE('',*,*,#15417,.F.);
#15554 = ADVANCED_FACE('',(#15555),#15295,.F.);
#15555 = FACE_BOUND('',#15556,.F.);
#15556 = EDGE_LOOP('',(#15557,#15558,#15559,#15560));
#15557 = ORIENTED_EDGE('',*,*,#15279,.F.);
#15558 = ORIENTED_EDGE('',*,*,#15464,.T.);
#15559 = ORIENTED_EDGE('',*,*,#15394,.T.);
#15560 = ORIENTED_EDGE('',*,*,#15511,.F.);
#15561 = ADVANCED_FACE('',(#15562),#15349,.T.);
#15562 = FACE_BOUND('',#15563,.T.);
#15563 = EDGE_LOOP('',(#15564,#15565,#15566,#15567));
#15564 = ORIENTED_EDGE('',*,*,#15335,.F.);
#15565 = ORIENTED_EDGE('',*,*,#15486,.T.);
#15566 = ORIENTED_EDGE('',*,*,#15440,.T.);
#15567 = ORIENTED_EDGE('',*,*,#15533,.F.);
#15568 = ( GEOMETRIC_REPRESENTATION_CONTEXT(3) 
GLOBAL_UNCERTAINTY_ASSIGNED_CONTEXT((#15572)) 
GLOBAL_UNIT_ASSIGNED_CONTEXT((#15569,#15570,#15571)) 
REPRESENTATION_CONTEXT('Context #1',
  '3D Context with UNIT and UNCERTAINTY') );
#15569 = ( LENGTH_UNIT() NAMED_UNIT(*) SI_UNIT(.MILLI.,.METRE.) );
#15570 = ( NAMED_UNIT(*) PLANE_ANGLE_UNIT() SI_UNIT($,.RADIAN.) );
#15571 = ( NAMED_UNIT(*) SI_UNIT($,.STERADIAN.) SOLID_ANGLE_UNIT() );
#15572 = UNCERTAINTY_MEASURE_WITH_UNIT(LENGTH_MEASURE(1.E-07),#15569,
  'distance_accuracy_value','confusion accuracy');
#15573 = CONTEXT_DEPENDENT_SHAPE_REPRESENTATION(#15574,#15576);
#15574 = ( REPRESENTATION_RELATIONSHIP('','',#15237,#709) 
REPRESENTATION_RELATIONSHIP_WITH_TRANSFORMATION(#15575) 
SHAPE_REPRESENTATION_RELATIONSHIP() );
#15575 = ITEM_DEFINED_TRANSFORMATION('','',#11,#874);
#15576 = PRODUCT_DEFINITION_SHAPE('Placement','Placement of an item',
  #15577);
#15577 = NEXT_ASSEMBLY_USAGE_OCCURRENCE('50','','',#704,#15232,$);
#15578 = PRODUCT_RELATED_PRODUCT_CATEGORY('part',$,(#15234));
#15579 = SHAPE_DEFINITION_REPRESENTATION(#15580,#15586);
#15580 = PRODUCT_DEFINITION_SHAPE('','',#15581);
#15581 = PRODUCT_DEFINITION('design','',#15582,#15585);
#15582 = PRODUCT_DEFINITION_FORMATION('','',#15583);
#15583 = PRODUCT('Open CASCADE STEP translator 7.9 2.2.43',
  'Open CASCADE STEP translator 7.9 2.2.43','',(#15584));
#15584 = PRODUCT_CONTEXT('',#2,'mechanical');
#15585 = PRODUCT_DEFINITION_CONTEXT('part definition',#2,'design');
#15586 = ADVANCED_BREP_SHAPE_REPRESENTATION('',(#11,#15587),#15917);
#15587 = MANIFOLD_SOLID_BREP('',#15588);
#15588 = CLOSED_SHELL('',(#15589,#15709,#15809,#15856,#15903,#15910));
#15589 = ADVANCED_FACE('',(#15590),#15604,.F.);
#15590 = FACE_BOUND('',#15591,.F.);
#15591 = EDGE_LOOP('',(#15592,#15627,#15655,#15683));
#15592 = ORIENTED_EDGE('',*,*,#15593,.F.);
#15593 = EDGE_CURVE('',#15594,#15596,#15598,.T.);
#15594 = VERTEX_POINT('',#15595);
#15595 = CARTESIAN_POINT('',(37.101998318195,-77.12614161746,5.));
#15596 = VERTEX_POINT('',#15597);
#15597 = CARTESIAN_POINT('',(37.101998318195,-77.12614161746,5.4));
#15598 = SURFACE_CURVE('',#15599,(#15603,#15615),.PCURVE_S1.);
#15599 = LINE('',#15600,#15601);
#15600 = CARTESIAN_POINT('',(37.101998318195,-77.12614161746,5.));
#15601 = VECTOR('',#15602,1.);
#15602 = DIRECTION('',(0.,0.,1.));
#15603 = PCURVE('',#15604,#15609);
#15604 = PLANE('',#15605);
#15605 = AXIS2_PLACEMENT_3D('',#15606,#15607,#15608);
#15606 = CARTESIAN_POINT('',(37.101998318195,-77.12614161746,5.));
#15607 = DIRECTION('',(0.535826794979,-0.844327925502,0.));
#15608 = DIRECTION('',(0.,0.,1.));
#15609 = DEFINITIONAL_REPRESENTATION('',(#15610),#15614);
#15610 = LINE('',#15611,#15612);
#15611 = CARTESIAN_POINT('',(0.,0.));
#15612 = VECTOR('',#15613,1.);
#15613 = DIRECTION('',(1.,0.));
#15614 = ( GEOMETRIC_REPRESENTATION_CONTEXT(2) 
PARAMETRIC_REPRESENTATION_CONTEXT() REPRESENTATION_CONTEXT('2D SPACE',''
  ) );
#15615 = PCURVE('',#15616,#15621);
#15616 = PLANE('',#15617);
#15617 = AXIS2_PLACEMENT_3D('',#15618,#15619,#15620);
#15618 = CARTESIAN_POINT('',(37.101998318195,-77.12614161746,5.));
#15619 = DIRECTION('',(0.844327925502,0.535826794979,0.));
#15620 = DIRECTION('',(0.,0.,1.));
#15621 = DEFINITIONAL_REPRESENTATION('',(#15622),#15626);
#15622 = LINE('',#15623,#15624);
#15623 = CARTESIAN_POINT('',(0.,0.));
#15624 = VECTOR('',#15625,1.);
#15625 = DIRECTION('',(1.,0.));
#15626 = ( GEOMETRIC_REPRESENTATION_CONTEXT(2) 
PARAMETRIC_REPRESENTATION_CONTEXT() REPRESENTATION_CONTEXT('2D SPACE',''
  ) );
#15627 = ORIENTED_EDGE('',*,*,#15628,.T.);
#15628 = EDGE_CURVE('',#15594,#15629,#15631,.T.);
#15629 = VERTEX_POINT('',#15630);
#15630 = CARTESIAN_POINT('',(53.988556828235,-66.40960571788,5.));
#15631 = SURFACE_CURVE('',#15632,(#15636,#15643),.PCURVE_S1.);
#15632 = LINE('',#15633,#15634);
#15633 = CARTESIAN_POINT('',(37.101998318195,-77.12614161746,5.));
#15634 = VECTOR('',#15635,1.);
#15635 = DIRECTION('',(0.844327925502,0.535826794979,0.));
#15636 = PCURVE('',#15604,#15637);
#15637 = DEFINITIONAL_REPRESENTATION('',(#15638),#15642);
#15638 = LINE('',#15639,#15640);
#15639 = CARTESIAN_POINT('',(0.,0.));
#15640 = VECTOR('',#15641,1.);
#15641 = DIRECTION('',(0.,-1.));
#15642 = ( GEOMETRIC_REPRESENTATION_CONTEXT(2) 
PARAMETRIC_REPRESENTATION_CONTEXT() REPRESENTATION_CONTEXT('2D SPACE',''
  ) );
#15643 = PCURVE('',#15644,#15649);
#15644 = PLANE('',#15645);
#15645 = AXIS2_PLACEMENT_3D('',#15646,#15647,#15648);
#15646 = CARTESIAN_POINT('',(37.101998318195,-77.12614161746,5.));
#15647 = DIRECTION('',(0.,0.,1.));
#15648 = DIRECTION('',(0.535826794979,-0.844327925502,0.));
#15649 = DEFINITIONAL_REPRESENTATION('',(#15650),#15654);
#15650 = LINE('',#15651,#15652);
#15651 = CARTESIAN_POINT('',(0.,0.));
#15652 = VECTOR('',#15653,1.);
#15653 = DIRECTION('',(0.,1.));
#15654 = ( GEOMETRIC_REPRESENTATION_CONTEXT(2) 
PARAMETRIC_REPRESENTATION_CONTEXT() REPRESENTATION_CONTEXT('2D SPACE',''
  ) );
#15655 = ORIENTED_EDGE('',*,*,#15656,.T.);
#15656 = EDGE_CURVE('',#15629,#15657,#15659,.T.);
#15657 = VERTEX_POINT('',#15658);
#15658 = CARTESIAN_POINT('',(53.988556828235,-66.40960571788,5.4));
#15659 = SURFACE_CURVE('',#15660,(#15664,#15671),.PCURVE_S1.);
#15660 = LINE('',#15661,#15662);
#15661 = CARTESIAN_POINT('',(53.988556828235,-66.40960571788,5.));
#15662 = VECTOR('',#15663,1.);
#15663 = DIRECTION('',(0.,0.,1.));
#15664 = PCURVE('',#15604,#15665);
#15665 = DEFINITIONAL_REPRESENTATION('',(#15666),#15670);
#15666 = LINE('',#15667,#15668);
#15667 = CARTESIAN_POINT('',(0.,-20.));
#15668 = VECTOR('',#15669,1.);
#15669 = DIRECTION('',(1.,0.));
#15670 = ( GEOMETRIC_REPRESENTATION_CONTEXT(2) 
PARAMETRIC_REPRESENTATION_CONTEXT() REPRESENTATION_CONTEXT('2D SPACE',''
  ) );
#15671 = PCURVE('',#15672,#15677);
#15672 = PLANE('',#15673);
#15673 = AXIS2_PLACEMENT_3D('',#15674,#15675,#15676);
#15674 = CARTESIAN_POINT('',(53.988556828235,-66.40960571788,5.));
#15675 = DIRECTION('',(0.844327925502,0.535826794979,0.));
#15676 = DIRECTION('',(0.,0.,1.));
#15677 = DEFINITIONAL_REPRESENTATION('',(#15678),#15682);
#15678 = LINE('',#15679,#15680);
#15679 = CARTESIAN_POINT('',(0.,0.));
#15680 = VECTOR('',#15681,1.);
#15681 = DIRECTION('',(1.,0.));
#15682 = ( GEOMETRIC_REPRESENTATION_CONTEXT(2) 
PARAMETRIC_REPRESENTATION_CONTEXT() REPRESENTATION_CONTEXT('2D SPACE',''
  ) );
#15683 = ORIENTED_EDGE('',*,*,#15684,.F.);
#15684 = EDGE_CURVE('',#15596,#15657,#15685,.T.);
#15685 = SURFACE_CURVE('',#15686,(#15690,#15697),.PCURVE_S1.);
#15686 = LINE('',#15687,#15688);
#15687 = CARTESIAN_POINT('',(37.101998318195,-77.12614161746,5.4));
#15688 = VECTOR('',#15689,1.);
#15689 = DIRECTION('',(0.844327925502,0.535826794979,0.));
#15690 = PCURVE('',#15604,#15691);
#15691 = DEFINITIONAL_REPRESENTATION('',(#15692),#15696);
#15692 = LINE('',#15693,#15694);
#15693 = CARTESIAN_POINT('',(0.4,0.));
#15694 = VECTOR('',#15695,1.);
#15695 = DIRECTION('',(0.,-1.));
#15696 = ( GEOMETRIC_REPRESENTATION_CONTEXT(2) 
PARAMETRIC_REPRESENTATION_CONTEXT() REPRESENTATION_CONTEXT('2D SPACE',''
  ) );
#15697 = PCURVE('',#15698,#15703);
#15698 = PLANE('',#15699);
#15699 = AXIS2_PLACEMENT_3D('',#15700,#15701,#15702);
#15700 = CARTESIAN_POINT('',(37.101998318195,-77.12614161746,5.4));
#15701 = DIRECTION('',(0.,0.,1.));
#15702 = DIRECTION('',(0.535826794979,-0.844327925502,0.));
#15703 = DEFINITIONAL_REPRESENTATION('',(#15704),#15708);
#15704 = LINE('',#15705,#15706);
#15705 = CARTESIAN_POINT('',(0.,0.));
#15706 = VECTOR('',#15707,1.);
#15707 = DIRECTION('',(0.,1.));
#15708 = ( GEOMETRIC_REPRESENTATION_CONTEXT(2) 
PARAMETRIC_REPRESENTATION_CONTEXT() REPRESENTATION_CONTEXT('2D SPACE',''
  ) );
#15709 = ADVANCED_FACE('',(#15710),#15724,.T.);
#15710 = FACE_BOUND('',#15711,.T.);
#15711 = EDGE_LOOP('',(#15712,#15742,#15765,#15788));
#15712 = ORIENTED_EDGE('',*,*,#15713,.F.);
#15713 = EDGE_CURVE('',#15714,#15716,#15718,.T.);
#15714 = VERTEX_POINT('',#15715);
#15715 = CARTESIAN_POINT('',(122.83428551483,-212.2186096977,5.));
#15716 = VERTEX_POINT('',#15717);
#15717 = CARTESIAN_POINT('',(122.83428551483,-212.2186096977,5.4));
#15718 = SURFACE_CURVE('',#15719,(#15723,#15735),.PCURVE_S1.);
#15719 = LINE('',#15720,#15721);
#15720 = CARTESIAN_POINT('',(122.83428551483,-212.2186096977,5.));
#15721 = VECTOR('',#15722,1.);
#15722 = DIRECTION('',(0.,0.,1.));
#15723 = PCURVE('',#15724,#15729);
#15724 = PLANE('',#15725);
#15725 = AXIS2_PLACEMENT_3D('',#15726,#15727,#15728);
#15726 = CARTESIAN_POINT('',(122.83428551483,-212.2186096977,5.));
#15727 = DIRECTION('',(0.535826794979,-0.844327925502,0.));
#15728 = DIRECTION('',(0.,0.,1.));
#15729 = DEFINITIONAL_REPRESENTATION('',(#15730),#15734);
#15730 = LINE('',#15731,#15732);
#15731 = CARTESIAN_POINT('',(0.,0.));
#15732 = VECTOR('',#15733,1.);
#15733 = DIRECTION('',(1.,0.));
#15734 = ( GEOMETRIC_REPRESENTATION_CONTEXT(2) 
PARAMETRIC_REPRESENTATION_CONTEXT() REPRESENTATION_CONTEXT('2D SPACE',''
  ) );
#15735 = PCURVE('',#15616,#15736);
#15736 = DEFINITIONAL_REPRESENTATION('',(#15737),#15741);
#15737 = LINE('',#15738,#15739);
#15738 = CARTESIAN_POINT('',(0.,160.));
#15739 = VECTOR('',#15740,1.);
#15740 = DIRECTION('',(1.,0.));
#15741 = ( GEOMETRIC_REPRESENTATION_CONTEXT(2) 
PARAMETRIC_REPRESENTATION_CONTEXT() REPRESENTATION_CONTEXT('2D SPACE',''
  ) );
#15742 = ORIENTED_EDGE('',*,*,#15743,.T.);
#15743 = EDGE_CURVE('',#15714,#15744,#15746,.T.);
#15744 = VERTEX_POINT('',#15745);
#15745 = CARTESIAN_POINT('',(139.72084402487,-201.5020737982,5.));
#15746 = SURFACE_CURVE('',#15747,(#15751,#15758),.PCURVE_S1.);
#15747 = LINE('',#15748,#15749);
#15748 = CARTESIAN_POINT('',(122.83428551483,-212.2186096977,5.));
#15749 = VECTOR('',#15750,1.);
#15750 = DIRECTION('',(0.844327925502,0.535826794979,0.));
#15751 = PCURVE('',#15724,#15752);
#15752 = DEFINITIONAL_REPRESENTATION('',(#15753),#15757);
#15753 = LINE('',#15754,#15755);
#15754 = CARTESIAN_POINT('',(0.,0.));
#15755 = VECTOR('',#15756,1.);
#15756 = DIRECTION('',(0.,-1.));
#15757 = ( GEOMETRIC_REPRESENTATION_CONTEXT(2) 
PARAMETRIC_REPRESENTATION_CONTEXT() REPRESENTATION_CONTEXT('2D SPACE',''
  ) );
#15758 = PCURVE('',#15644,#15759);
#15759 = DEFINITIONAL_REPRESENTATION('',(#15760),#15764);
#15760 = LINE('',#15761,#15762);
#15761 = CARTESIAN_POINT('',(160.,0.));
#15762 = VECTOR('',#15763,1.);
#15763 = DIRECTION('',(0.,1.));
#15764 = ( GEOMETRIC_REPRESENTATION_CONTEXT(2) 
PARAMETRIC_REPRESENTATION_CONTEXT() REPRESENTATION_CONTEXT('2D SPACE',''
  ) );
#15765 = ORIENTED_EDGE('',*,*,#15766,.T.);
#15766 = EDGE_CURVE('',#15744,#15767,#15769,.T.);
#15767 = VERTEX_POINT('',#15768);
#15768 = CARTESIAN_POINT('',(139.72084402487,-201.5020737982,5.4));
#15769 = SURFACE_CURVE('',#15770,(#15774,#15781),.PCURVE_S1.);
#15770 = LINE('',#15771,#15772);
#15771 = CARTESIAN_POINT('',(139.72084402487,-201.5020737982,5.));
#15772 = VECTOR('',#15773,1.);
#15773 = DIRECTION('',(0.,0.,1.));
#15774 = PCURVE('',#15724,#15775);
#15775 = DEFINITIONAL_REPRESENTATION('',(#15776),#15780);
#15776 = LINE('',#15777,#15778);
#15777 = CARTESIAN_POINT('',(0.,-20.));
#15778 = VECTOR('',#15779,1.);
#15779 = DIRECTION('',(1.,0.));
#15780 = ( GEOMETRIC_REPRESENTATION_CONTEXT(2) 
PARAMETRIC_REPRESENTATION_CONTEXT() REPRESENTATION_CONTEXT('2D SPACE',''
  ) );
#15781 = PCURVE('',#15672,#15782);
#15782 = DEFINITIONAL_REPRESENTATION('',(#15783),#15787);
#15783 = LINE('',#15784,#15785);
#15784 = CARTESIAN_POINT('',(0.,160.));
#15785 = VECTOR('',#15786,1.);
#15786 = DIRECTION('',(1.,0.));
#15787 = ( GEOMETRIC_REPRESENTATION_CONTEXT(2) 
PARAMETRIC_REPRESENTATION_CONTEXT() REPRESENTATION_CONTEXT('2D SPACE',''
  ) );
#15788 = ORIENTED_EDGE('',*,*,#15789,.F.);
#15789 = EDGE_CURVE('',#15716,#15767,#15790,.T.);
#15790 = SURFACE_CURVE('',#15791,(#15795,#15802),.PCURVE_S1.);
#15791 = LINE('',#15792,#15793);
#15792 = CARTESIAN_POINT('',(122.83428551483,-212.2186096977,5.4));
#15793 = VECTOR('',#15794,1.);
#15794 = DIRECTION('',(0.844327925502,0.535826794979,0.));
#15795 = PCURVE('',#15724,#15796);
#15796 = DEFINITIONAL_REPRESENTATION('',(#15797),#15801);
#15797 = LINE('',#15798,#15799);
#15798 = CARTESIAN_POINT('',(0.4,0.));
#15799 = VECTOR('',#15800,1.);
#15800 = DIRECTION('',(0.,-1.));
#15801 = ( GEOMETRIC_REPRESENTATION_CONTEXT(2) 
PARAMETRIC_REPRESENTATION_CONTEXT() REPRESENTATION_CONTEXT('2D SPACE',''
  ) );
#15802 = PCURVE('',#15698,#15803);
#15803 = DEFINITIONAL_REPRESENTATION('',(#15804),#15808);
#15804 = LINE('',#15805,#15806);
#15805 = CARTESIAN_POINT('',(160.,0.));
#15806 = VECTOR('',#15807,1.);
#15807 = DIRECTION('',(0.,1.));
#15808 = ( GEOMETRIC_REPRESENTATION_CONTEXT(2) 
PARAMETRIC_REPRESENTATION_CONTEXT() REPRESENTATION_CONTEXT('2D SPACE',''
  ) );
#15809 = ADVANCED_FACE('',(#15810),#15616,.F.);
#15810 = FACE_BOUND('',#15811,.F.);
#15811 = EDGE_LOOP('',(#15812,#15833,#15834,#15855));
#15812 = ORIENTED_EDGE('',*,*,#15813,.F.);
#15813 = EDGE_CURVE('',#15594,#15714,#15814,.T.);
#15814 = SURFACE_CURVE('',#15815,(#15819,#15826),.PCURVE_S1.);
#15815 = LINE('',#15816,#15817);
#15816 = CARTESIAN_POINT('',(37.101998318195,-77.12614161746,5.));
#15817 = VECTOR('',#15818,1.);
#15818 = DIRECTION('',(0.535826794979,-0.844327925502,0.));
#15819 = PCURVE('',#15616,#15820);
#15820 = DEFINITIONAL_REPRESENTATION('',(#15821),#15825);
#15821 = LINE('',#15822,#15823);
#15822 = CARTESIAN_POINT('',(0.,0.));
#15823 = VECTOR('',#15824,1.);
#15824 = DIRECTION('',(0.,1.));
#15825 = ( GEOMETRIC_REPRESENTATION_CONTEXT(2) 
PARAMETRIC_REPRESENTATION_CONTEXT() REPRESENTATION_CONTEXT('2D SPACE',''
  ) );
#15826 = PCURVE('',#15644,#15827);
#15827 = DEFINITIONAL_REPRESENTATION('',(#15828),#15832);
#15828 = LINE('',#15829,#15830);
#15829 = CARTESIAN_POINT('',(0.,0.));
#15830 = VECTOR('',#15831,1.);
#15831 = DIRECTION('',(1.,0.));
#15832 = ( GEOMETRIC_REPRESENTATION_CONTEXT(2) 
PARAMETRIC_REPRESENTATION_CONTEXT() REPRESENTATION_CONTEXT('2D SPACE',''
  ) );
#15833 = ORIENTED_EDGE('',*,*,#15593,.T.);
#15834 = ORIENTED_EDGE('',*,*,#15835,.T.);
#15835 = EDGE_CURVE('',#15596,#15716,#15836,.T.);
#15836 = SURFACE_CURVE('',#15837,(#15841,#15848),.PCURVE_S1.);
#15837 = LINE('',#15838,#15839);
#15838 = CARTESIAN_POINT('',(37.101998318195,-77.12614161746,5.4));
#15839 = VECTOR('',#15840,1.);
#15840 = DIRECTION('',(0.535826794979,-0.844327925502,0.));
#15841 = PCURVE('',#15616,#15842);
#15842 = DEFINITIONAL_REPRESENTATION('',(#15843),#15847);
#15843 = LINE('',#15844,#15845);
#15844 = CARTESIAN_POINT('',(0.4,0.));
#15845 = VECTOR('',#15846,1.);
#15846 = DIRECTION('',(0.,1.));
#15847 = ( GEOMETRIC_REPRESENTATION_CONTEXT(2) 
PARAMETRIC_REPRESENTATION_CONTEXT() REPRESENTATION_CONTEXT('2D SPACE',''
  ) );
#15848 = PCURVE('',#15698,#15849);
#15849 = DEFINITIONAL_REPRESENTATION('',(#15850),#15854);
#15850 = LINE('',#15851,#15852);
#15851 = CARTESIAN_POINT('',(0.,0.));
#15852 = VECTOR('',#15853,1.);
#15853 = DIRECTION('',(1.,0.));
#15854 = ( GEOMETRIC_REPRESENTATION_CONTEXT(2) 
PARAMETRIC_REPRESENTATION_CONTEXT() REPRESENTATION_CONTEXT('2D SPACE',''
  ) );
#15855 = ORIENTED_EDGE('',*,*,#15713,.F.);
#15856 = ADVANCED_FACE('',(#15857),#15672,.T.);
#15857 = FACE_BOUND('',#15858,.T.);
#15858 = EDGE_LOOP('',(#15859,#15880,#15881,#15902));
#15859 = ORIENTED_EDGE('',*,*,#15860,.F.);
#15860 = EDGE_CURVE('',#15629,#15744,#15861,.T.);
#15861 = SURFACE_CURVE('',#15862,(#15866,#15873),.PCURVE_S1.);
#15862 = LINE('',#15863,#15864);
#15863 = CARTESIAN_POINT('',(53.988556828235,-66.40960571788,5.));
#15864 = VECTOR('',#15865,1.);
#15865 = DIRECTION('',(0.535826794979,-0.844327925502,0.));
#15866 = PCURVE('',#15672,#15867);
#15867 = DEFINITIONAL_REPRESENTATION('',(#15868),#15872);
#15868 = LINE('',#15869,#15870);
#15869 = CARTESIAN_POINT('',(0.,0.));
#15870 = VECTOR('',#15871,1.);
#15871 = DIRECTION('',(0.,1.));
#15872 = ( GEOMETRIC_REPRESENTATION_CONTEXT(2) 
PARAMETRIC_REPRESENTATION_CONTEXT() REPRESENTATION_CONTEXT('2D SPACE',''
  ) );
#15873 = PCURVE('',#15644,#15874);
#15874 = DEFINITIONAL_REPRESENTATION('',(#15875),#15879);
#15875 = LINE('',#15876,#15877);
#15876 = CARTESIAN_POINT('',(0.,20.));
#15877 = VECTOR('',#15878,1.);
#15878 = DIRECTION('',(1.,0.));
#15879 = ( GEOMETRIC_REPRESENTATION_CONTEXT(2) 
PARAMETRIC_REPRESENTATION_CONTEXT() REPRESENTATION_CONTEXT('2D SPACE',''
  ) );
#15880 = ORIENTED_EDGE('',*,*,#15656,.T.);
#15881 = ORIENTED_EDGE('',*,*,#15882,.T.);
#15882 = EDGE_CURVE('',#15657,#15767,#15883,.T.);
#15883 = SURFACE_CURVE('',#15884,(#15888,#15895),.PCURVE_S1.);
#15884 = LINE('',#15885,#15886);
#15885 = CARTESIAN_POINT('',(53.988556828235,-66.40960571788,5.4));
#15886 = VECTOR('',#15887,1.);
#15887 = DIRECTION('',(0.535826794979,-0.844327925502,0.));
#15888 = PCURVE('',#15672,#15889);
#15889 = DEFINITIONAL_REPRESENTATION('',(#15890),#15894);
#15890 = LINE('',#15891,#15892);
#15891 = CARTESIAN_POINT('',(0.4,0.));
#15892 = VECTOR('',#15893,1.);
#15893 = DIRECTION('',(0.,1.));
#15894 = ( GEOMETRIC_REPRESENTATION_CONTEXT(2) 
PARAMETRIC_REPRESENTATION_CONTEXT() REPRESENTATION_CONTEXT('2D SPACE',''
  ) );
#15895 = PCURVE('',#15698,#15896);
#15896 = DEFINITIONAL_REPRESENTATION('',(#15897),#15901);
#15897 = LINE('',#15898,#15899);
#15898 = CARTESIAN_POINT('',(0.,20.));
#15899 = VECTOR('',#15900,1.);
#15900 = DIRECTION('',(1.,0.));
#15901 = ( GEOMETRIC_REPRESENTATION_CONTEXT(2) 
PARAMETRIC_REPRESENTATION_CONTEXT() REPRESENTATION_CONTEXT('2D SPACE',''
  ) );
#15902 = ORIENTED_EDGE('',*,*,#15766,.F.);
#15903 = ADVANCED_FACE('',(#15904),#15644,.F.);
#15904 = FACE_BOUND('',#15905,.F.);
#15905 = EDGE_LOOP('',(#15906,#15907,#15908,#15909));
#15906 = ORIENTED_EDGE('',*,*,#15628,.F.);
#15907 = ORIENTED_EDGE('',*,*,#15813,.T.);
#15908 = ORIENTED_EDGE('',*,*,#15743,.T.);
#15909 = ORIENTED_EDGE('',*,*,#15860,.F.);
#15910 = ADVANCED_FACE('',(#15911),#15698,.T.);
#15911 = FACE_BOUND('',#15912,.T.);
#15912 = EDGE_LOOP('',(#15913,#15914,#15915,#15916));
#15913 = ORIENTED_EDGE('',*,*,#15684,.F.);
#15914 = ORIENTED_EDGE('',*,*,#15835,.T.);
#15915 = ORIENTED_EDGE('',*,*,#15789,.T.);
#15916 = ORIENTED_EDGE('',*,*,#15882,.F.);
#15917 = ( GEOMETRIC_REPRESENTATION_CONTEXT(3) 
GLOBAL_UNCERTAINTY_ASSIGNED_CONTEXT((#15921)) 
GLOBAL_UNIT_ASSIGNED_CONTEXT((#15918,#15919,#15920)) 
REPRESENTATION_CONTEXT('Context #1',
  '3D Context with UNIT and UNCERTAINTY') );
#15918 = ( LENGTH_UNIT() NAMED_UNIT(*) SI_UNIT(.MILLI.,.METRE.) );
#15919 = ( NAMED_UNIT(*) PLANE_ANGLE_UNIT() SI_UNIT($,.RADIAN.) );
#15920 = ( NAMED_UNIT(*) SI_UNIT($,.STERADIAN.) SOLID_ANGLE_UNIT() );
#15921 = UNCERTAINTY_MEASURE_WITH_UNIT(LENGTH_MEASURE(1.E-07),#15918,
  'distance_accuracy_value','confusion accuracy');
#15922 = CONTEXT_DEPENDENT_SHAPE_REPRESENTATION(#15923,#15925);
#15923 = ( REPRESENTATION_RELATIONSHIP('','',#15586,#709) 
REPRESENTATION_RELATIONSHIP_WITH_TRANSFORMATION(#15924) 
SHAPE_REPRESENTATION_RELATIONSHIP() );
#15924 = ITEM_DEFINED_TRANSFORMATION('','',#11,#878);
#15925 = PRODUCT_DEFINITION_SHAPE('Placement','Placement of an item',
  #15926);
#15926 = NEXT_ASSEMBLY_USAGE_OCCURRENCE('51','','',#704,#15581,$);
#15927 = PRODUCT_RELATED_PRODUCT_CATEGORY('part',$,(#15583));
#15928 = SHAPE_DEFINITION_REPRESENTATION(#15929,#15935);
#15929 = PRODUCT_DEFINITION_SHAPE('','',#15930);
#15930 = PRODUCT_DEFINITION('design','',#15931,#15934);
#15931 = PRODUCT_DEFINITION_FORMATION('','',#15932);
#15932 = PRODUCT('Open CASCADE STEP translator 7.9 2.2.44',
  'Open CASCADE STEP translator 7.9 2.2.44','',(#15933));
#15933 = PRODUCT_CONTEXT('',#2,'mechanical');
#15934 = PRODUCT_DEFINITION_CONTEXT('part definition',#2,'design');
#15935 = ADVANCED_BREP_SHAPE_REPRESENTATION('',(#11,#15936),#16266);
#15936 = MANIFOLD_SOLID_BREP('',#15937);
#15937 = CLOSED_SHELL('',(#15938,#16058,#16158,#16205,#16252,#16259));
#15938 = ADVANCED_FACE('',(#15939),#15953,.F.);
#15939 = FACE_BOUND('',#15940,.F.);
#15940 = EDGE_LOOP('',(#15941,#15976,#16004,#16032));
#15941 = ORIENTED_EDGE('',*,*,#15942,.F.);
#15942 = EDGE_CURVE('',#15943,#15945,#15947,.T.);
#15943 = VERTEX_POINT('',#15944);
#15944 = CARTESIAN_POINT('',(46.475906700881,-71.86786553342,5.));
#15945 = VERTEX_POINT('',#15946);
#15946 = CARTESIAN_POINT('',(46.475906700881,-71.86786553342,5.4));
#15947 = SURFACE_CURVE('',#15948,(#15952,#15964),.PCURVE_S1.);
#15948 = LINE('',#15949,#15950);
#15949 = CARTESIAN_POINT('',(46.475906700881,-71.86786553342,5.));
#15950 = VECTOR('',#15951,1.);
#15951 = DIRECTION('',(0.,0.,1.));
#15952 = PCURVE('',#15953,#15958);
#15953 = PLANE('',#15954);
#15954 = AXIS2_PLACEMENT_3D('',#15955,#15956,#15957);
#15955 = CARTESIAN_POINT('',(46.475906700881,-71.86786553342,5.));
#15956 = DIRECTION('',(0.637423989749,-0.770513242776,0.));
#15957 = DIRECTION('',(0.,0.,1.));
#15958 = DEFINITIONAL_REPRESENTATION('',(#15959),#15963);
#15959 = LINE('',#15960,#15961);
#15960 = CARTESIAN_POINT('',(0.,0.));
#15961 = VECTOR('',#15962,1.);
#15962 = DIRECTION('',(1.,0.));
#15963 = ( GEOMETRIC_REPRESENTATION_CONTEXT(2) 
PARAMETRIC_REPRESENTATION_CONTEXT() REPRESENTATION_CONTEXT('2D SPACE',''
  ) );
#15964 = PCURVE('',#15965,#15970);
#15965 = PLANE('',#15966);
#15966 = AXIS2_PLACEMENT_3D('',#15967,#15968,#15969);
#15967 = CARTESIAN_POINT('',(46.475906700881,-71.86786553342,5.));
#15968 = DIRECTION('',(0.770513242776,0.637423989749,0.));
#15969 = DIRECTION('',(0.,0.,1.));
#15970 = DEFINITIONAL_REPRESENTATION('',(#15971),#15975);
#15971 = LINE('',#15972,#15973);
#15972 = CARTESIAN_POINT('',(0.,0.));
#15973 = VECTOR('',#15974,1.);
#15974 = DIRECTION('',(1.,0.));
#15975 = ( GEOMETRIC_REPRESENTATION_CONTEXT(2) 
PARAMETRIC_REPRESENTATION_CONTEXT() REPRESENTATION_CONTEXT('2D SPACE',''
  ) );
#15976 = ORIENTED_EDGE('',*,*,#15977,.T.);
#15977 = EDGE_CURVE('',#15943,#15978,#15980,.T.);
#15978 = VERTEX_POINT('',#15979);
#15979 = CARTESIAN_POINT('',(61.886171556397,-59.11938573845,5.));
#15980 = SURFACE_CURVE('',#15981,(#15985,#15992),.PCURVE_S1.);
#15981 = LINE('',#15982,#15983);
#15982 = CARTESIAN_POINT('',(46.475906700881,-71.86786553342,5.));
#15983 = VECTOR('',#15984,1.);
#15984 = DIRECTION('',(0.770513242776,0.637423989749,0.));
#15985 = PCURVE('',#15953,#15986);
#15986 = DEFINITIONAL_REPRESENTATION('',(#15987),#15991);
#15987 = LINE('',#15988,#15989);
#15988 = CARTESIAN_POINT('',(0.,0.));
#15989 = VECTOR('',#15990,1.);
#15990 = DIRECTION('',(0.,-1.));
#15991 = ( GEOMETRIC_REPRESENTATION_CONTEXT(2) 
PARAMETRIC_REPRESENTATION_CONTEXT() REPRESENTATION_CONTEXT('2D SPACE',''
  ) );
#15992 = PCURVE('',#15993,#15998);
#15993 = PLANE('',#15994);
#15994 = AXIS2_PLACEMENT_3D('',#15995,#15996,#15997);
#15995 = CARTESIAN_POINT('',(46.475906700881,-71.86786553342,5.));
#15996 = DIRECTION('',(0.,0.,1.));
#15997 = DIRECTION('',(0.637423989749,-0.770513242776,0.));
#15998 = DEFINITIONAL_REPRESENTATION('',(#15999),#16003);
#15999 = LINE('',#16000,#16001);
#16000 = CARTESIAN_POINT('',(0.,0.));
#16001 = VECTOR('',#16002,1.);
#16002 = DIRECTION('',(0.,1.));
#16003 = ( GEOMETRIC_REPRESENTATION_CONTEXT(2) 
PARAMETRIC_REPRESENTATION_CONTEXT() REPRESENTATION_CONTEXT('2D SPACE',''
  ) );
#16004 = ORIENTED_EDGE('',*,*,#16005,.T.);
#16005 = EDGE_CURVE('',#15978,#16006,#16008,.T.);
#16006 = VERTEX_POINT('',#16007);
#16007 = CARTESIAN_POINT('',(61.886171556397,-59.11938573845,5.4));
#16008 = SURFACE_CURVE('',#16009,(#16013,#16020),.PCURVE_S1.);
#16009 = LINE('',#16010,#16011);
#16010 = CARTESIAN_POINT('',(61.886171556397,-59.11938573845,5.));
#16011 = VECTOR('',#16012,1.);
#16012 = DIRECTION('',(0.,0.,1.));
#16013 = PCURVE('',#15953,#16014);
#16014 = DEFINITIONAL_REPRESENTATION('',(#16015),#16019);
#16015 = LINE('',#16016,#16017);
#16016 = CARTESIAN_POINT('',(0.,-20.));
#16017 = VECTOR('',#16018,1.);
#16018 = DIRECTION('',(1.,0.));
#16019 = ( GEOMETRIC_REPRESENTATION_CONTEXT(2) 
PARAMETRIC_REPRESENTATION_CONTEXT() REPRESENTATION_CONTEXT('2D SPACE',''
  ) );
#16020 = PCURVE('',#16021,#16026);
#16021 = PLANE('',#16022);
#16022 = AXIS2_PLACEMENT_3D('',#16023,#16024,#16025);
#16023 = CARTESIAN_POINT('',(61.886171556397,-59.11938573845,5.));
#16024 = DIRECTION('',(0.770513242776,0.637423989749,0.));
#16025 = DIRECTION('',(0.,0.,1.));
#16026 = DEFINITIONAL_REPRESENTATION('',(#16027),#16031);
#16027 = LINE('',#16028,#16029);
#16028 = CARTESIAN_POINT('',(0.,0.));
#16029 = VECTOR('',#16030,1.);
#16030 = DIRECTION('',(1.,0.));
#16031 = ( GEOMETRIC_REPRESENTATION_CONTEXT(2) 
PARAMETRIC_REPRESENTATION_CONTEXT() REPRESENTATION_CONTEXT('2D SPACE',''
  ) );
#16032 = ORIENTED_EDGE('',*,*,#16033,.F.);
#16033 = EDGE_CURVE('',#15945,#16006,#16034,.T.);
#16034 = SURFACE_CURVE('',#16035,(#16039,#16046),.PCURVE_S1.);
#16035 = LINE('',#16036,#16037);
#16036 = CARTESIAN_POINT('',(46.475906700881,-71.86786553342,5.4));
#16037 = VECTOR('',#16038,1.);
#16038 = DIRECTION('',(0.770513242776,0.637423989749,0.));
#16039 = PCURVE('',#15953,#16040);
#16040 = DEFINITIONAL_REPRESENTATION('',(#16041),#16045);
#16041 = LINE('',#16042,#16043);
#16042 = CARTESIAN_POINT('',(0.4,0.));
#16043 = VECTOR('',#16044,1.);
#16044 = DIRECTION('',(0.,-1.));
#16045 = ( GEOMETRIC_REPRESENTATION_CONTEXT(2) 
PARAMETRIC_REPRESENTATION_CONTEXT() REPRESENTATION_CONTEXT('2D SPACE',''
  ) );
#16046 = PCURVE('',#16047,#16052);
#16047 = PLANE('',#16048);
#16048 = AXIS2_PLACEMENT_3D('',#16049,#16050,#16051);
#16049 = CARTESIAN_POINT('',(46.475906700881,-71.86786553342,5.4));
#16050 = DIRECTION('',(0.,0.,1.));
#16051 = DIRECTION('',(0.637423989749,-0.770513242776,0.));
#16052 = DEFINITIONAL_REPRESENTATION('',(#16053),#16057);
#16053 = LINE('',#16054,#16055);
#16054 = CARTESIAN_POINT('',(0.,0.));
#16055 = VECTOR('',#16056,1.);
#16056 = DIRECTION('',(0.,1.));
#16057 = ( GEOMETRIC_REPRESENTATION_CONTEXT(2) 
PARAMETRIC_REPRESENTATION_CONTEXT() REPRESENTATION_CONTEXT('2D SPACE',''
  ) );
#16058 = ADVANCED_FACE('',(#16059),#16073,.T.);
#16059 = FACE_BOUND('',#16060,.T.);
#16060 = EDGE_LOOP('',(#16061,#16091,#16114,#16137));
#16061 = ORIENTED_EDGE('',*,*,#16062,.F.);
#16062 = EDGE_CURVE('',#16063,#16065,#16067,.T.);
#16063 = VERTEX_POINT('',#16064);
#16064 = CARTESIAN_POINT('',(148.46374506067,-195.1499843775,5.));
#16065 = VERTEX_POINT('',#16066);
#16066 = CARTESIAN_POINT('',(148.46374506067,-195.1499843775,5.4));
#16067 = SURFACE_CURVE('',#16068,(#16072,#16084),.PCURVE_S1.);
#16068 = LINE('',#16069,#16070);
#16069 = CARTESIAN_POINT('',(148.46374506067,-195.1499843775,5.));
#16070 = VECTOR('',#16071,1.);
#16071 = DIRECTION('',(0.,0.,1.));
#16072 = PCURVE('',#16073,#16078);
#16073 = PLANE('',#16074);
#16074 = AXIS2_PLACEMENT_3D('',#16075,#16076,#16077);
#16075 = CARTESIAN_POINT('',(148.46374506067,-195.1499843775,5.));
#16076 = DIRECTION('',(0.637423989749,-0.770513242776,0.));
#16077 = DIRECTION('',(0.,0.,1.));
#16078 = DEFINITIONAL_REPRESENTATION('',(#16079),#16083);
#16079 = LINE('',#16080,#16081);
#16080 = CARTESIAN_POINT('',(0.,0.));
#16081 = VECTOR('',#16082,1.);
#16082 = DIRECTION('',(1.,0.));
#16083 = ( GEOMETRIC_REPRESENTATION_CONTEXT(2) 
PARAMETRIC_REPRESENTATION_CONTEXT() REPRESENTATION_CONTEXT('2D SPACE',''
  ) );
#16084 = PCURVE('',#15965,#16085);
#16085 = DEFINITIONAL_REPRESENTATION('',(#16086),#16090);
#16086 = LINE('',#16087,#16088);
#16087 = CARTESIAN_POINT('',(0.,160.));
#16088 = VECTOR('',#16089,1.);
#16089 = DIRECTION('',(1.,0.));
#16090 = ( GEOMETRIC_REPRESENTATION_CONTEXT(2) 
PARAMETRIC_REPRESENTATION_CONTEXT() REPRESENTATION_CONTEXT('2D SPACE',''
  ) );
#16091 = ORIENTED_EDGE('',*,*,#16092,.T.);
#16092 = EDGE_CURVE('',#16063,#16093,#16095,.T.);
#16093 = VERTEX_POINT('',#16094);
#16094 = CARTESIAN_POINT('',(163.87400991618,-182.4015045825,5.));
#16095 = SURFACE_CURVE('',#16096,(#16100,#16107),.PCURVE_S1.);
#16096 = LINE('',#16097,#16098);
#16097 = CARTESIAN_POINT('',(148.46374506067,-195.1499843775,5.));
#16098 = VECTOR('',#16099,1.);
#16099 = DIRECTION('',(0.770513242776,0.637423989749,0.));
#16100 = PCURVE('',#16073,#16101);
#16101 = DEFINITIONAL_REPRESENTATION('',(#16102),#16106);
#16102 = LINE('',#16103,#16104);
#16103 = CARTESIAN_POINT('',(0.,0.));
#16104 = VECTOR('',#16105,1.);
#16105 = DIRECTION('',(0.,-1.));
#16106 = ( GEOMETRIC_REPRESENTATION_CONTEXT(2) 
PARAMETRIC_REPRESENTATION_CONTEXT() REPRESENTATION_CONTEXT('2D SPACE',''
  ) );
#16107 = PCURVE('',#15993,#16108);
#16108 = DEFINITIONAL_REPRESENTATION('',(#16109),#16113);
#16109 = LINE('',#16110,#16111);
#16110 = CARTESIAN_POINT('',(160.,1.42108547152E-14));
#16111 = VECTOR('',#16112,1.);
#16112 = DIRECTION('',(0.,1.));
#16113 = ( GEOMETRIC_REPRESENTATION_CONTEXT(2) 
PARAMETRIC_REPRESENTATION_CONTEXT() REPRESENTATION_CONTEXT('2D SPACE',''
  ) );
#16114 = ORIENTED_EDGE('',*,*,#16115,.T.);
#16115 = EDGE_CURVE('',#16093,#16116,#16118,.T.);
#16116 = VERTEX_POINT('',#16117);
#16117 = CARTESIAN_POINT('',(163.87400991618,-182.4015045825,5.4));
#16118 = SURFACE_CURVE('',#16119,(#16123,#16130),.PCURVE_S1.);
#16119 = LINE('',#16120,#16121);
#16120 = CARTESIAN_POINT('',(163.87400991618,-182.4015045825,5.));
#16121 = VECTOR('',#16122,1.);
#16122 = DIRECTION('',(0.,0.,1.));
#16123 = PCURVE('',#16073,#16124);
#16124 = DEFINITIONAL_REPRESENTATION('',(#16125),#16129);
#16125 = LINE('',#16126,#16127);
#16126 = CARTESIAN_POINT('',(0.,-20.));
#16127 = VECTOR('',#16128,1.);
#16128 = DIRECTION('',(1.,0.));
#16129 = ( GEOMETRIC_REPRESENTATION_CONTEXT(2) 
PARAMETRIC_REPRESENTATION_CONTEXT() REPRESENTATION_CONTEXT('2D SPACE',''
  ) );
#16130 = PCURVE('',#16021,#16131);
#16131 = DEFINITIONAL_REPRESENTATION('',(#16132),#16136);
#16132 = LINE('',#16133,#16134);
#16133 = CARTESIAN_POINT('',(0.,160.));
#16134 = VECTOR('',#16135,1.);
#16135 = DIRECTION('',(1.,0.));
#16136 = ( GEOMETRIC_REPRESENTATION_CONTEXT(2) 
PARAMETRIC_REPRESENTATION_CONTEXT() REPRESENTATION_CONTEXT('2D SPACE',''
  ) );
#16137 = ORIENTED_EDGE('',*,*,#16138,.F.);
#16138 = EDGE_CURVE('',#16065,#16116,#16139,.T.);
#16139 = SURFACE_CURVE('',#16140,(#16144,#16151),.PCURVE_S1.);
#16140 = LINE('',#16141,#16142);
#16141 = CARTESIAN_POINT('',(148.46374506067,-195.1499843775,5.4));
#16142 = VECTOR('',#16143,1.);
#16143 = DIRECTION('',(0.770513242776,0.637423989749,0.));
#16144 = PCURVE('',#16073,#16145);
#16145 = DEFINITIONAL_REPRESENTATION('',(#16146),#16150);
#16146 = LINE('',#16147,#16148);
#16147 = CARTESIAN_POINT('',(0.4,0.));
#16148 = VECTOR('',#16149,1.);
#16149 = DIRECTION('',(0.,-1.));
#16150 = ( GEOMETRIC_REPRESENTATION_CONTEXT(2) 
PARAMETRIC_REPRESENTATION_CONTEXT() REPRESENTATION_CONTEXT('2D SPACE',''
  ) );
#16151 = PCURVE('',#16047,#16152);
#16152 = DEFINITIONAL_REPRESENTATION('',(#16153),#16157);
#16153 = LINE('',#16154,#16155);
#16154 = CARTESIAN_POINT('',(160.,1.42108547152E-14));
#16155 = VECTOR('',#16156,1.);
#16156 = DIRECTION('',(0.,1.));
#16157 = ( GEOMETRIC_REPRESENTATION_CONTEXT(2) 
PARAMETRIC_REPRESENTATION_CONTEXT() REPRESENTATION_CONTEXT('2D SPACE',''
  ) );
#16158 = ADVANCED_FACE('',(#16159),#15965,.F.);
#16159 = FACE_BOUND('',#16160,.F.);
#16160 = EDGE_LOOP('',(#16161,#16182,#16183,#16204));
#16161 = ORIENTED_EDGE('',*,*,#16162,.F.);
#16162 = EDGE_CURVE('',#15943,#16063,#16163,.T.);
#16163 = SURFACE_CURVE('',#16164,(#16168,#16175),.PCURVE_S1.);
#16164 = LINE('',#16165,#16166);
#16165 = CARTESIAN_POINT('',(46.475906700881,-71.86786553342,5.));
#16166 = VECTOR('',#16167,1.);
#16167 = DIRECTION('',(0.637423989749,-0.770513242776,0.));
#16168 = PCURVE('',#15965,#16169);
#16169 = DEFINITIONAL_REPRESENTATION('',(#16170),#16174);
#16170 = LINE('',#16171,#16172);
#16171 = CARTESIAN_POINT('',(0.,0.));
#16172 = VECTOR('',#16173,1.);
#16173 = DIRECTION('',(0.,1.));
#16174 = ( GEOMETRIC_REPRESENTATION_CONTEXT(2) 
PARAMETRIC_REPRESENTATION_CONTEXT() REPRESENTATION_CONTEXT('2D SPACE',''
  ) );
#16175 = PCURVE('',#15993,#16176);
#16176 = DEFINITIONAL_REPRESENTATION('',(#16177),#16181);
#16177 = LINE('',#16178,#16179);
#16178 = CARTESIAN_POINT('',(0.,0.));
#16179 = VECTOR('',#16180,1.);
#16180 = DIRECTION('',(1.,0.));
#16181 = ( GEOMETRIC_REPRESENTATION_CONTEXT(2) 
PARAMETRIC_REPRESENTATION_CONTEXT() REPRESENTATION_CONTEXT('2D SPACE',''
  ) );
#16182 = ORIENTED_EDGE('',*,*,#15942,.T.);
#16183 = ORIENTED_EDGE('',*,*,#16184,.T.);
#16184 = EDGE_CURVE('',#15945,#16065,#16185,.T.);
#16185 = SURFACE_CURVE('',#16186,(#16190,#16197),.PCURVE_S1.);
#16186 = LINE('',#16187,#16188);
#16187 = CARTESIAN_POINT('',(46.475906700881,-71.86786553342,5.4));
#16188 = VECTOR('',#16189,1.);
#16189 = DIRECTION('',(0.637423989749,-0.770513242776,0.));
#16190 = PCURVE('',#15965,#16191);
#16191 = DEFINITIONAL_REPRESENTATION('',(#16192),#16196);
#16192 = LINE('',#16193,#16194);
#16193 = CARTESIAN_POINT('',(0.4,0.));
#16194 = VECTOR('',#16195,1.);
#16195 = DIRECTION('',(0.,1.));
#16196 = ( GEOMETRIC_REPRESENTATION_CONTEXT(2) 
PARAMETRIC_REPRESENTATION_CONTEXT() REPRESENTATION_CONTEXT('2D SPACE',''
  ) );
#16197 = PCURVE('',#16047,#16198);
#16198 = DEFINITIONAL_REPRESENTATION('',(#16199),#16203);
#16199 = LINE('',#16200,#16201);
#16200 = CARTESIAN_POINT('',(0.,0.));
#16201 = VECTOR('',#16202,1.);
#16202 = DIRECTION('',(1.,0.));
#16203 = ( GEOMETRIC_REPRESENTATION_CONTEXT(2) 
PARAMETRIC_REPRESENTATION_CONTEXT() REPRESENTATION_CONTEXT('2D SPACE',''
  ) );
#16204 = ORIENTED_EDGE('',*,*,#16062,.F.);
#16205 = ADVANCED_FACE('',(#16206),#16021,.T.);
#16206 = FACE_BOUND('',#16207,.T.);
#16207 = EDGE_LOOP('',(#16208,#16229,#16230,#16251));
#16208 = ORIENTED_EDGE('',*,*,#16209,.F.);
#16209 = EDGE_CURVE('',#15978,#16093,#16210,.T.);
#16210 = SURFACE_CURVE('',#16211,(#16215,#16222),.PCURVE_S1.);
#16211 = LINE('',#16212,#16213);
#16212 = CARTESIAN_POINT('',(61.886171556397,-59.11938573845,5.));
#16213 = VECTOR('',#16214,1.);
#16214 = DIRECTION('',(0.637423989749,-0.770513242776,0.));
#16215 = PCURVE('',#16021,#16216);
#16216 = DEFINITIONAL_REPRESENTATION('',(#16217),#16221);
#16217 = LINE('',#16218,#16219);
#16218 = CARTESIAN_POINT('',(0.,0.));
#16219 = VECTOR('',#16220,1.);
#16220 = DIRECTION('',(0.,1.));
#16221 = ( GEOMETRIC_REPRESENTATION_CONTEXT(2) 
PARAMETRIC_REPRESENTATION_CONTEXT() REPRESENTATION_CONTEXT('2D SPACE',''
  ) );
#16222 = PCURVE('',#15993,#16223);
#16223 = DEFINITIONAL_REPRESENTATION('',(#16224),#16228);
#16224 = LINE('',#16225,#16226);
#16225 = CARTESIAN_POINT('',(-5.329070518201E-15,20.));
#16226 = VECTOR('',#16227,1.);
#16227 = DIRECTION('',(1.,0.));
#16228 = ( GEOMETRIC_REPRESENTATION_CONTEXT(2) 
PARAMETRIC_REPRESENTATION_CONTEXT() REPRESENTATION_CONTEXT('2D SPACE',''
  ) );
#16229 = ORIENTED_EDGE('',*,*,#16005,.T.);
#16230 = ORIENTED_EDGE('',*,*,#16231,.T.);
#16231 = EDGE_CURVE('',#16006,#16116,#16232,.T.);
#16232 = SURFACE_CURVE('',#16233,(#16237,#16244),.PCURVE_S1.);
#16233 = LINE('',#16234,#16235);
#16234 = CARTESIAN_POINT('',(61.886171556397,-59.11938573845,5.4));
#16235 = VECTOR('',#16236,1.);
#16236 = DIRECTION('',(0.637423989749,-0.770513242776,0.));
#16237 = PCURVE('',#16021,#16238);
#16238 = DEFINITIONAL_REPRESENTATION('',(#16239),#16243);
#16239 = LINE('',#16240,#16241);
#16240 = CARTESIAN_POINT('',(0.4,0.));
#16241 = VECTOR('',#16242,1.);
#16242 = DIRECTION('',(0.,1.));
#16243 = ( GEOMETRIC_REPRESENTATION_CONTEXT(2) 
PARAMETRIC_REPRESENTATION_CONTEXT() REPRESENTATION_CONTEXT('2D SPACE',''
  ) );
#16244 = PCURVE('',#16047,#16245);
#16245 = DEFINITIONAL_REPRESENTATION('',(#16246),#16250);
#16246 = LINE('',#16247,#16248);
#16247 = CARTESIAN_POINT('',(-5.329070518201E-15,20.));
#16248 = VECTOR('',#16249,1.);
#16249 = DIRECTION('',(1.,0.));
#16250 = ( GEOMETRIC_REPRESENTATION_CONTEXT(2) 
PARAMETRIC_REPRESENTATION_CONTEXT() REPRESENTATION_CONTEXT('2D SPACE',''
  ) );
#16251 = ORIENTED_EDGE('',*,*,#16115,.F.);
#16252 = ADVANCED_FACE('',(#16253),#15993,.F.);
#16253 = FACE_BOUND('',#16254,.F.);
#16254 = EDGE_LOOP('',(#16255,#16256,#16257,#16258));
#16255 = ORIENTED_EDGE('',*,*,#15977,.F.);
#16256 = ORIENTED_EDGE('',*,*,#16162,.T.);
#16257 = ORIENTED_EDGE('',*,*,#16092,.T.);
#16258 = ORIENTED_EDGE('',*,*,#16209,.F.);
#16259 = ADVANCED_FACE('',(#16260),#16047,.T.);
#16260 = FACE_BOUND('',#16261,.T.);
#16261 = EDGE_LOOP('',(#16262,#16263,#16264,#16265));
#16262 = ORIENTED_EDGE('',*,*,#16033,.F.);
#16263 = ORIENTED_EDGE('',*,*,#16184,.T.);
#16264 = ORIENTED_EDGE('',*,*,#16138,.T.);
#16265 = ORIENTED_EDGE('',*,*,#16231,.F.);
#16266 = ( GEOMETRIC_REPRESENTATION_CONTEXT(3) 
GLOBAL_UNCERTAINTY_ASSIGNED_CONTEXT((#16270)) 
GLOBAL_UNIT_ASSIGNED_CONTEXT((#16267,#16268,#16269)) 
REPRESENTATION_CONTEXT('Context #1',
  '3D Context with UNIT and UNCERTAINTY') );
#16267 = ( LENGTH_UNIT() NAMED_UNIT(*) SI_UNIT(.MILLI.,.METRE.) );
#16268 = ( NAMED_UNIT(*) PLANE_ANGLE_UNIT() SI_UNIT($,.RADIAN.) );
#16269 = ( NAMED_UNIT(*) SI_UNIT($,.STERADIAN.) SOLID_ANGLE_UNIT() );
#16270 = UNCERTAINTY_MEASURE_WITH_UNIT(LENGTH_MEASURE(1.E-07),#16267,
  'distance_accuracy_value','confusion accuracy');
#16271 = CONTEXT_DEPENDENT_SHAPE_REPRESENTATION(#16272,#16274);
#16272 = ( REPRESENTATION_RELATIONSHIP('','',#15935,#709) 
REPRESENTATION_RELATIONSHIP_WITH_TRANSFORMATION(#16273) 
SHAPE_REPRESENTATION_RELATIONSHIP() );
#16273 = ITEM_DEFINED_TRANSFORMATION('','',#11,#882);
#16274 = PRODUCT_DEFINITION_SHAPE('Placement','Placement of an item',
  #16275);
#16275 = NEXT_ASSEMBLY_USAGE_OCCURRENCE('52','','',#704,#15930,$);
#16276 = PRODUCT_RELATED_PRODUCT_CATEGORY('part',$,(#15932));
#16277 = SHAPE_DEFINITION_REPRESENTATION(#16278,#16284);
#16278 = PRODUCT_DEFINITION_SHAPE('','',#16279);
#16279 = PRODUCT_DEFINITION('design','',#16280,#16283);
#16280 = PRODUCT_DEFINITION_FORMATION('','',#16281);
#16281 = PRODUCT('Open CASCADE STEP translator 7.9 2.2.45',
  'Open CASCADE STEP translator 7.9 2.2.45','',(#16282));
#16282 = PRODUCT_CONTEXT('',#2,'mechanical');
#16283 = PRODUCT_DEFINITION_CONTEXT('part definition',#2,'design');
#16284 = ADVANCED_BREP_SHAPE_REPRESENTATION('',(#11,#16285),#16615);
#16285 = MANIFOLD_SOLID_BREP('',#16286);
#16286 = CLOSED_SHELL('',(#16287,#16407,#16507,#16554,#16601,#16608));
#16287 = ADVANCED_FACE('',(#16288),#16302,.F.);
#16288 = FACE_BOUND('',#16289,.F.);
#16289 = EDGE_LOOP('',(#16290,#16325,#16353,#16381));
#16290 = ORIENTED_EDGE('',*,*,#16291,.F.);
#16291 = EDGE_CURVE('',#16292,#16294,#16296,.T.);
#16292 = VERTEX_POINT('',#16293);
#16293 = CARTESIAN_POINT('',(55.116862271533,-65.47619027815,5.));
#16294 = VERTEX_POINT('',#16295);
#16295 = CARTESIAN_POINT('',(55.116862271533,-65.47619027815,5.4));
#16296 = SURFACE_CURVE('',#16297,(#16301,#16313),.PCURVE_S1.);
#16297 = LINE('',#16298,#16299);
#16298 = CARTESIAN_POINT('',(55.116862271533,-65.47619027815,5.));
#16299 = VECTOR('',#16300,1.);
#16300 = DIRECTION('',(0.,0.,1.));
#16301 = PCURVE('',#16302,#16307);
#16302 = PLANE('',#16303);
#16303 = AXIS2_PLACEMENT_3D('',#16304,#16305,#16306);
#16304 = CARTESIAN_POINT('',(55.116862271533,-65.47619027815,5.));
#16305 = DIRECTION('',(0.728968627421,-0.684547105929,0.));
#16306 = DIRECTION('',(0.,0.,1.));
#16307 = DEFINITIONAL_REPRESENTATION('',(#16308),#16312);
#16308 = LINE('',#16309,#16310);
#16309 = CARTESIAN_POINT('',(0.,0.));
#16310 = VECTOR('',#16311,1.);
#16311 = DIRECTION('',(1.,0.));
#16312 = ( GEOMETRIC_REPRESENTATION_CONTEXT(2) 
PARAMETRIC_REPRESENTATION_CONTEXT() REPRESENTATION_CONTEXT('2D SPACE',''
  ) );
#16313 = PCURVE('',#16314,#16319);
#16314 = PLANE('',#16315);
#16315 = AXIS2_PLACEMENT_3D('',#16316,#16317,#16318);
#16316 = CARTESIAN_POINT('',(55.116862271533,-65.47619027815,5.));
#16317 = DIRECTION('',(0.684547105929,0.728968627421,0.));
#16318 = DIRECTION('',(0.,0.,1.));
#16319 = DEFINITIONAL_REPRESENTATION('',(#16320),#16324);
#16320 = LINE('',#16321,#16322);
#16321 = CARTESIAN_POINT('',(0.,0.));
#16322 = VECTOR('',#16323,1.);
#16323 = DIRECTION('',(1.,0.));
#16324 = ( GEOMETRIC_REPRESENTATION_CONTEXT(2) 
PARAMETRIC_REPRESENTATION_CONTEXT() REPRESENTATION_CONTEXT('2D SPACE',''
  ) );
#16325 = ORIENTED_EDGE('',*,*,#16326,.T.);
#16326 = EDGE_CURVE('',#16292,#16327,#16329,.T.);
#16327 = VERTEX_POINT('',#16328);
#16328 = CARTESIAN_POINT('',(68.807804390107,-50.89681772972,5.));
#16329 = SURFACE_CURVE('',#16330,(#16334,#16341),.PCURVE_S1.);
#16330 = LINE('',#16331,#16332);
#16331 = CARTESIAN_POINT('',(55.116862271533,-65.47619027815,5.));
#16332 = VECTOR('',#16333,1.);
#16333 = DIRECTION('',(0.684547105929,0.728968627421,0.));
#16334 = PCURVE('',#16302,#16335);
#16335 = DEFINITIONAL_REPRESENTATION('',(#16336),#16340);
#16336 = LINE('',#16337,#16338);
#16337 = CARTESIAN_POINT('',(0.,0.));
#16338 = VECTOR('',#16339,1.);
#16339 = DIRECTION('',(0.,-1.));
#16340 = ( GEOMETRIC_REPRESENTATION_CONTEXT(2) 
PARAMETRIC_REPRESENTATION_CONTEXT() REPRESENTATION_CONTEXT('2D SPACE',''
  ) );
#16341 = PCURVE('',#16342,#16347);
#16342 = PLANE('',#16343);
#16343 = AXIS2_PLACEMENT_3D('',#16344,#16345,#16346);
#16344 = CARTESIAN_POINT('',(55.116862271533,-65.47619027815,5.));
#16345 = DIRECTION('',(0.,0.,1.));
#16346 = DIRECTION('',(0.728968627421,-0.684547105929,0.));
#16347 = DEFINITIONAL_REPRESENTATION('',(#16348),#16352);
#16348 = LINE('',#16349,#16350);
#16349 = CARTESIAN_POINT('',(0.,0.));
#16350 = VECTOR('',#16351,1.);
#16351 = DIRECTION('',(0.,1.));
#16352 = ( GEOMETRIC_REPRESENTATION_CONTEXT(2) 
PARAMETRIC_REPRESENTATION_CONTEXT() REPRESENTATION_CONTEXT('2D SPACE',''
  ) );
#16353 = ORIENTED_EDGE('',*,*,#16354,.T.);
#16354 = EDGE_CURVE('',#16327,#16355,#16357,.T.);
#16355 = VERTEX_POINT('',#16356);
#16356 = CARTESIAN_POINT('',(68.807804390107,-50.89681772972,5.4));
#16357 = SURFACE_CURVE('',#16358,(#16362,#16369),.PCURVE_S1.);
#16358 = LINE('',#16359,#16360);
#16359 = CARTESIAN_POINT('',(68.807804390107,-50.89681772972,5.));
#16360 = VECTOR('',#16361,1.);
#16361 = DIRECTION('',(0.,0.,1.));
#16362 = PCURVE('',#16302,#16363);
#16363 = DEFINITIONAL_REPRESENTATION('',(#16364),#16368);
#16364 = LINE('',#16365,#16366);
#16365 = CARTESIAN_POINT('',(0.,-20.));
#16366 = VECTOR('',#16367,1.);
#16367 = DIRECTION('',(1.,0.));
#16368 = ( GEOMETRIC_REPRESENTATION_CONTEXT(2) 
PARAMETRIC_REPRESENTATION_CONTEXT() REPRESENTATION_CONTEXT('2D SPACE',''
  ) );
#16369 = PCURVE('',#16370,#16375);
#16370 = PLANE('',#16371);
#16371 = AXIS2_PLACEMENT_3D('',#16372,#16373,#16374);
#16372 = CARTESIAN_POINT('',(68.807804390107,-50.89681772972,5.));
#16373 = DIRECTION('',(0.684547105929,0.728968627421,0.));
#16374 = DIRECTION('',(0.,0.,1.));
#16375 = DEFINITIONAL_REPRESENTATION('',(#16376),#16380);
#16376 = LINE('',#16377,#16378);
#16377 = CARTESIAN_POINT('',(0.,0.));
#16378 = VECTOR('',#16379,1.);
#16379 = DIRECTION('',(1.,0.));
#16380 = ( GEOMETRIC_REPRESENTATION_CONTEXT(2) 
PARAMETRIC_REPRESENTATION_CONTEXT() REPRESENTATION_CONTEXT('2D SPACE',''
  ) );
#16381 = ORIENTED_EDGE('',*,*,#16382,.F.);
#16382 = EDGE_CURVE('',#16294,#16355,#16383,.T.);
#16383 = SURFACE_CURVE('',#16384,(#16388,#16395),.PCURVE_S1.);
#16384 = LINE('',#16385,#16386);
#16385 = CARTESIAN_POINT('',(55.116862271533,-65.47619027815,5.4));
#16386 = VECTOR('',#16387,1.);
#16387 = DIRECTION('',(0.684547105929,0.728968627421,0.));
#16388 = PCURVE('',#16302,#16389);
#16389 = DEFINITIONAL_REPRESENTATION('',(#16390),#16394);
#16390 = LINE('',#16391,#16392);
#16391 = CARTESIAN_POINT('',(0.4,0.));
#16392 = VECTOR('',#16393,1.);
#16393 = DIRECTION('',(0.,-1.));
#16394 = ( GEOMETRIC_REPRESENTATION_CONTEXT(2) 
PARAMETRIC_REPRESENTATION_CONTEXT() REPRESENTATION_CONTEXT('2D SPACE',''
  ) );
#16395 = PCURVE('',#16396,#16401);
#16396 = PLANE('',#16397);
#16397 = AXIS2_PLACEMENT_3D('',#16398,#16399,#16400);
#16398 = CARTESIAN_POINT('',(55.116862271533,-65.47619027815,5.4));
#16399 = DIRECTION('',(0.,0.,1.));
#16400 = DIRECTION('',(0.728968627421,-0.684547105929,0.));
#16401 = DEFINITIONAL_REPRESENTATION('',(#16402),#16406);
#16402 = LINE('',#16403,#16404);
#16403 = CARTESIAN_POINT('',(0.,0.));
#16404 = VECTOR('',#16405,1.);
#16405 = DIRECTION('',(0.,1.));
#16406 = ( GEOMETRIC_REPRESENTATION_CONTEXT(2) 
PARAMETRIC_REPRESENTATION_CONTEXT() REPRESENTATION_CONTEXT('2D SPACE',''
  ) );
#16407 = ADVANCED_FACE('',(#16408),#16422,.T.);
#16408 = FACE_BOUND('',#16409,.T.);
#16409 = EDGE_LOOP('',(#16410,#16440,#16463,#16486));
#16410 = ORIENTED_EDGE('',*,*,#16411,.F.);
#16411 = EDGE_CURVE('',#16412,#16414,#16416,.T.);
#16412 = VERTEX_POINT('',#16413);
#16413 = CARTESIAN_POINT('',(171.75184265895,-175.0037272267,5.));
#16414 = VERTEX_POINT('',#16415);
#16415 = CARTESIAN_POINT('',(171.75184265895,-175.0037272267,5.4));
#16416 = SURFACE_CURVE('',#16417,(#16421,#16433),.PCURVE_S1.);
#16417 = LINE('',#16418,#16419);
#16418 = CARTESIAN_POINT('',(171.75184265895,-175.0037272267,5.));
#16419 = VECTOR('',#16420,1.);
#16420 = DIRECTION('',(0.,0.,1.));
#16421 = PCURVE('',#16422,#16427);
#16422 = PLANE('',#16423);
#16423 = AXIS2_PLACEMENT_3D('',#16424,#16425,#16426);
#16424 = CARTESIAN_POINT('',(171.75184265895,-175.0037272267,5.));
#16425 = DIRECTION('',(0.728968627421,-0.684547105929,0.));
#16426 = DIRECTION('',(0.,0.,1.));
#16427 = DEFINITIONAL_REPRESENTATION('',(#16428),#16432);
#16428 = LINE('',#16429,#16430);
#16429 = CARTESIAN_POINT('',(0.,0.));
#16430 = VECTOR('',#16431,1.);
#16431 = DIRECTION('',(1.,0.));
#16432 = ( GEOMETRIC_REPRESENTATION_CONTEXT(2) 
PARAMETRIC_REPRESENTATION_CONTEXT() REPRESENTATION_CONTEXT('2D SPACE',''
  ) );
#16433 = PCURVE('',#16314,#16434);
#16434 = DEFINITIONAL_REPRESENTATION('',(#16435),#16439);
#16435 = LINE('',#16436,#16437);
#16436 = CARTESIAN_POINT('',(0.,160.));
#16437 = VECTOR('',#16438,1.);
#16438 = DIRECTION('',(1.,0.));
#16439 = ( GEOMETRIC_REPRESENTATION_CONTEXT(2) 
PARAMETRIC_REPRESENTATION_CONTEXT() REPRESENTATION_CONTEXT('2D SPACE',''
  ) );
#16440 = ORIENTED_EDGE('',*,*,#16441,.T.);
#16441 = EDGE_CURVE('',#16412,#16442,#16444,.T.);
#16442 = VERTEX_POINT('',#16443);
#16443 = CARTESIAN_POINT('',(185.44278477753,-160.4243546783,5.));
#16444 = SURFACE_CURVE('',#16445,(#16449,#16456),.PCURVE_S1.);
#16445 = LINE('',#16446,#16447);
#16446 = CARTESIAN_POINT('',(171.75184265895,-175.0037272267,5.));
#16447 = VECTOR('',#16448,1.);
#16448 = DIRECTION('',(0.684547105929,0.728968627421,0.));
#16449 = PCURVE('',#16422,#16450);
#16450 = DEFINITIONAL_REPRESENTATION('',(#16451),#16455);
#16451 = LINE('',#16452,#16453);
#16452 = CARTESIAN_POINT('',(0.,0.));
#16453 = VECTOR('',#16454,1.);
#16454 = DIRECTION('',(0.,-1.));
#16455 = ( GEOMETRIC_REPRESENTATION_CONTEXT(2) 
PARAMETRIC_REPRESENTATION_CONTEXT() REPRESENTATION_CONTEXT('2D SPACE',''
  ) );
#16456 = PCURVE('',#16342,#16457);
#16457 = DEFINITIONAL_REPRESENTATION('',(#16458),#16462);
#16458 = LINE('',#16459,#16460);
#16459 = CARTESIAN_POINT('',(160.,0.));
#16460 = VECTOR('',#16461,1.);
#16461 = DIRECTION('',(0.,1.));
#16462 = ( GEOMETRIC_REPRESENTATION_CONTEXT(2) 
PARAMETRIC_REPRESENTATION_CONTEXT() REPRESENTATION_CONTEXT('2D SPACE',''
  ) );
#16463 = ORIENTED_EDGE('',*,*,#16464,.T.);
#16464 = EDGE_CURVE('',#16442,#16465,#16467,.T.);
#16465 = VERTEX_POINT('',#16466);
#16466 = CARTESIAN_POINT('',(185.44278477753,-160.4243546783,5.4));
#16467 = SURFACE_CURVE('',#16468,(#16472,#16479),.PCURVE_S1.);
#16468 = LINE('',#16469,#16470);
#16469 = CARTESIAN_POINT('',(185.44278477753,-160.4243546783,5.));
#16470 = VECTOR('',#16471,1.);
#16471 = DIRECTION('',(0.,0.,1.));
#16472 = PCURVE('',#16422,#16473);
#16473 = DEFINITIONAL_REPRESENTATION('',(#16474),#16478);
#16474 = LINE('',#16475,#16476);
#16475 = CARTESIAN_POINT('',(0.,-20.));
#16476 = VECTOR('',#16477,1.);
#16477 = DIRECTION('',(1.,0.));
#16478 = ( GEOMETRIC_REPRESENTATION_CONTEXT(2) 
PARAMETRIC_REPRESENTATION_CONTEXT() REPRESENTATION_CONTEXT('2D SPACE',''
  ) );
#16479 = PCURVE('',#16370,#16480);
#16480 = DEFINITIONAL_REPRESENTATION('',(#16481),#16485);
#16481 = LINE('',#16482,#16483);
#16482 = CARTESIAN_POINT('',(0.,160.));
#16483 = VECTOR('',#16484,1.);
#16484 = DIRECTION('',(1.,0.));
#16485 = ( GEOMETRIC_REPRESENTATION_CONTEXT(2) 
PARAMETRIC_REPRESENTATION_CONTEXT() REPRESENTATION_CONTEXT('2D SPACE',''
  ) );
#16486 = ORIENTED_EDGE('',*,*,#16487,.F.);
#16487 = EDGE_CURVE('',#16414,#16465,#16488,.T.);
#16488 = SURFACE_CURVE('',#16489,(#16493,#16500),.PCURVE_S1.);
#16489 = LINE('',#16490,#16491);
#16490 = CARTESIAN_POINT('',(171.75184265895,-175.0037272267,5.4));
#16491 = VECTOR('',#16492,1.);
#16492 = DIRECTION('',(0.684547105929,0.728968627421,0.));
#16493 = PCURVE('',#16422,#16494);
#16494 = DEFINITIONAL_REPRESENTATION('',(#16495),#16499);
#16495 = LINE('',#16496,#16497);
#16496 = CARTESIAN_POINT('',(0.4,0.));
#16497 = VECTOR('',#16498,1.);
#16498 = DIRECTION('',(0.,-1.));
#16499 = ( GEOMETRIC_REPRESENTATION_CONTEXT(2) 
PARAMETRIC_REPRESENTATION_CONTEXT() REPRESENTATION_CONTEXT('2D SPACE',''
  ) );
#16500 = PCURVE('',#16396,#16501);
#16501 = DEFINITIONAL_REPRESENTATION('',(#16502),#16506);
#16502 = LINE('',#16503,#16504);
#16503 = CARTESIAN_POINT('',(160.,0.));
#16504 = VECTOR('',#16505,1.);
#16505 = DIRECTION('',(0.,1.));
#16506 = ( GEOMETRIC_REPRESENTATION_CONTEXT(2) 
PARAMETRIC_REPRESENTATION_CONTEXT() REPRESENTATION_CONTEXT('2D SPACE',''
  ) );
#16507 = ADVANCED_FACE('',(#16508),#16314,.F.);
#16508 = FACE_BOUND('',#16509,.F.);
#16509 = EDGE_LOOP('',(#16510,#16531,#16532,#16553));
#16510 = ORIENTED_EDGE('',*,*,#16511,.F.);
#16511 = EDGE_CURVE('',#16292,#16412,#16512,.T.);
#16512 = SURFACE_CURVE('',#16513,(#16517,#16524),.PCURVE_S1.);
#16513 = LINE('',#16514,#16515);
#16514 = CARTESIAN_POINT('',(55.116862271533,-65.47619027815,5.));
#16515 = VECTOR('',#16516,1.);
#16516 = DIRECTION('',(0.728968627421,-0.684547105929,0.));
#16517 = PCURVE('',#16314,#16518);
#16518 = DEFINITIONAL_REPRESENTATION('',(#16519),#16523);
#16519 = LINE('',#16520,#16521);
#16520 = CARTESIAN_POINT('',(0.,0.));
#16521 = VECTOR('',#16522,1.);
#16522 = DIRECTION('',(0.,1.));
#16523 = ( GEOMETRIC_REPRESENTATION_CONTEXT(2) 
PARAMETRIC_REPRESENTATION_CONTEXT() REPRESENTATION_CONTEXT('2D SPACE',''
  ) );
#16524 = PCURVE('',#16342,#16525);
#16525 = DEFINITIONAL_REPRESENTATION('',(#16526),#16530);
#16526 = LINE('',#16527,#16528);
#16527 = CARTESIAN_POINT('',(0.,0.));
#16528 = VECTOR('',#16529,1.);
#16529 = DIRECTION('',(1.,0.));
#16530 = ( GEOMETRIC_REPRESENTATION_CONTEXT(2) 
PARAMETRIC_REPRESENTATION_CONTEXT() REPRESENTATION_CONTEXT('2D SPACE',''
  ) );
#16531 = ORIENTED_EDGE('',*,*,#16291,.T.);
#16532 = ORIENTED_EDGE('',*,*,#16533,.T.);
#16533 = EDGE_CURVE('',#16294,#16414,#16534,.T.);
#16534 = SURFACE_CURVE('',#16535,(#16539,#16546),.PCURVE_S1.);
#16535 = LINE('',#16536,#16537);
#16536 = CARTESIAN_POINT('',(55.116862271533,-65.47619027815,5.4));
#16537 = VECTOR('',#16538,1.);
#16538 = DIRECTION('',(0.728968627421,-0.684547105929,0.));
#16539 = PCURVE('',#16314,#16540);
#16540 = DEFINITIONAL_REPRESENTATION('',(#16541),#16545);
#16541 = LINE('',#16542,#16543);
#16542 = CARTESIAN_POINT('',(0.4,0.));
#16543 = VECTOR('',#16544,1.);
#16544 = DIRECTION('',(0.,1.));
#16545 = ( GEOMETRIC_REPRESENTATION_CONTEXT(2) 
PARAMETRIC_REPRESENTATION_CONTEXT() REPRESENTATION_CONTEXT('2D SPACE',''
  ) );
#16546 = PCURVE('',#16396,#16547);
#16547 = DEFINITIONAL_REPRESENTATION('',(#16548),#16552);
#16548 = LINE('',#16549,#16550);
#16549 = CARTESIAN_POINT('',(0.,0.));
#16550 = VECTOR('',#16551,1.);
#16551 = DIRECTION('',(1.,0.));
#16552 = ( GEOMETRIC_REPRESENTATION_CONTEXT(2) 
PARAMETRIC_REPRESENTATION_CONTEXT() REPRESENTATION_CONTEXT('2D SPACE',''
  ) );
#16553 = ORIENTED_EDGE('',*,*,#16411,.F.);
#16554 = ADVANCED_FACE('',(#16555),#16370,.T.);
#16555 = FACE_BOUND('',#16556,.T.);
#16556 = EDGE_LOOP('',(#16557,#16578,#16579,#16600));
#16557 = ORIENTED_EDGE('',*,*,#16558,.F.);
#16558 = EDGE_CURVE('',#16327,#16442,#16559,.T.);
#16559 = SURFACE_CURVE('',#16560,(#16564,#16571),.PCURVE_S1.);
#16560 = LINE('',#16561,#16562);
#16561 = CARTESIAN_POINT('',(68.807804390107,-50.89681772972,5.));
#16562 = VECTOR('',#16563,1.);
#16563 = DIRECTION('',(0.728968627421,-0.684547105929,0.));
#16564 = PCURVE('',#16370,#16565);
#16565 = DEFINITIONAL_REPRESENTATION('',(#16566),#16570);
#16566 = LINE('',#16567,#16568);
#16567 = CARTESIAN_POINT('',(0.,0.));
#16568 = VECTOR('',#16569,1.);
#16569 = DIRECTION('',(0.,1.));
#16570 = ( GEOMETRIC_REPRESENTATION_CONTEXT(2) 
PARAMETRIC_REPRESENTATION_CONTEXT() REPRESENTATION_CONTEXT('2D SPACE',''
  ) );
#16571 = PCURVE('',#16342,#16572);
#16572 = DEFINITIONAL_REPRESENTATION('',(#16573),#16577);
#16573 = LINE('',#16574,#16575);
#16574 = CARTESIAN_POINT('',(8.881784197001E-15,20.));
#16575 = VECTOR('',#16576,1.);
#16576 = DIRECTION('',(1.,0.));
#16577 = ( GEOMETRIC_REPRESENTATION_CONTEXT(2) 
PARAMETRIC_REPRESENTATION_CONTEXT() REPRESENTATION_CONTEXT('2D SPACE',''
  ) );
#16578 = ORIENTED_EDGE('',*,*,#16354,.T.);
#16579 = ORIENTED_EDGE('',*,*,#16580,.T.);
#16580 = EDGE_CURVE('',#16355,#16465,#16581,.T.);
#16581 = SURFACE_CURVE('',#16582,(#16586,#16593),.PCURVE_S1.);
#16582 = LINE('',#16583,#16584);
#16583 = CARTESIAN_POINT('',(68.807804390107,-50.89681772972,5.4));
#16584 = VECTOR('',#16585,1.);
#16585 = DIRECTION('',(0.728968627421,-0.684547105929,0.));
#16586 = PCURVE('',#16370,#16587);
#16587 = DEFINITIONAL_REPRESENTATION('',(#16588),#16592);
#16588 = LINE('',#16589,#16590);
#16589 = CARTESIAN_POINT('',(0.4,0.));
#16590 = VECTOR('',#16591,1.);
#16591 = DIRECTION('',(0.,1.));
#16592 = ( GEOMETRIC_REPRESENTATION_CONTEXT(2) 
PARAMETRIC_REPRESENTATION_CONTEXT() REPRESENTATION_CONTEXT('2D SPACE',''
  ) );
#16593 = PCURVE('',#16396,#16594);
#16594 = DEFINITIONAL_REPRESENTATION('',(#16595),#16599);
#16595 = LINE('',#16596,#16597);
#16596 = CARTESIAN_POINT('',(8.881784197001E-15,20.));
#16597 = VECTOR('',#16598,1.);
#16598 = DIRECTION('',(1.,0.));
#16599 = ( GEOMETRIC_REPRESENTATION_CONTEXT(2) 
PARAMETRIC_REPRESENTATION_CONTEXT() REPRESENTATION_CONTEXT('2D SPACE',''
  ) );
#16600 = ORIENTED_EDGE('',*,*,#16464,.F.);
#16601 = ADVANCED_FACE('',(#16602),#16342,.F.);
#16602 = FACE_BOUND('',#16603,.F.);
#16603 = EDGE_LOOP('',(#16604,#16605,#16606,#16607));
#16604 = ORIENTED_EDGE('',*,*,#16326,.F.);
#16605 = ORIENTED_EDGE('',*,*,#16511,.T.);
#16606 = ORIENTED_EDGE('',*,*,#16441,.T.);
#16607 = ORIENTED_EDGE('',*,*,#16558,.F.);
#16608 = ADVANCED_FACE('',(#16609),#16396,.T.);
#16609 = FACE_BOUND('',#16610,.T.);
#16610 = EDGE_LOOP('',(#16611,#16612,#16613,#16614));
#16611 = ORIENTED_EDGE('',*,*,#16382,.F.);
#16612 = ORIENTED_EDGE('',*,*,#16533,.T.);
#16613 = ORIENTED_EDGE('',*,*,#16487,.T.);
#16614 = ORIENTED_EDGE('',*,*,#16580,.F.);
#16615 = ( GEOMETRIC_REPRESENTATION_CONTEXT(3) 
GLOBAL_UNCERTAINTY_ASSIGNED_CONTEXT((#16619)) 
GLOBAL_UNIT_ASSIGNED_CONTEXT((#16616,#16617,#16618)) 
REPRESENTATION_CONTEXT('Context #1',
  '3D Context with UNIT and UNCERTAINTY') );
#16616 = ( LENGTH_UNIT() NAMED_UNIT(*) SI_UNIT(.MILLI.,.METRE.) );
#16617 = ( NAMED_UNIT(*) PLANE_ANGLE_UNIT() SI_UNIT($,.RADIAN.) );
#16618 = ( NAMED_UNIT(*) SI_UNIT($,.STERADIAN.) SOLID_ANGLE_UNIT() );
#16619 = UNCERTAINTY_MEASURE_WITH_UNIT(LENGTH_MEASURE(1.E-07),#16616,
  'distance_accuracy_value','confusion accuracy');
#16620 = CONTEXT_DEPENDENT_SHAPE_REPRESENTATION(#16621,#16623);
#16621 = ( REPRESENTATION_RELATIONSHIP('','',#16284,#709) 
REPRESENTATION_RELATIONSHIP_WITH_TRANSFORMATION(#16622) 
SHAPE_REPRESENTATION_RELATIONSHIP() );
#16622 = ITEM_DEFINED_TRANSFORMATION('','',#11,#886);
#16623 = PRODUCT_DEFINITION_SHAPE('Placement','Placement of an item',
  #16624);
#16624 = NEXT_ASSEMBLY_USAGE_OCCURRENCE('53','','',#704,#16279,$);
#16625 = PRODUCT_RELATED_PRODUCT_CATEGORY('part',$,(#16281));
#16626 = SHAPE_DEFINITION_REPRESENTATION(#16627,#16633);
#16627 = PRODUCT_DEFINITION_SHAPE('','',#16628);
#16628 = PRODUCT_DEFINITION('design','',#16629,#16632);
#16629 = PRODUCT_DEFINITION_FORMATION('','',#16630);
#16630 = PRODUCT('Open CASCADE STEP translator 7.9 2.2.46',
  'Open CASCADE STEP translator 7.9 2.2.46','',(#16631));
#16631 = PRODUCT_CONTEXT('',#2,'mechanical');
#16632 = PRODUCT_DEFINITION_CONTEXT('part definition',#2,'design');
#16633 = ADVANCED_BREP_SHAPE_REPRESENTATION('',(#11,#16634),#16964);
#16634 = MANIFOLD_SOLID_BREP('',#16635);
#16635 = CLOSED_SHELL('',(#16636,#16756,#16856,#16903,#16950,#16957));
#16636 = ADVANCED_FACE('',(#16637),#16651,.F.);
#16637 = FACE_BOUND('',#16638,.F.);
#16638 = EDGE_LOOP('',(#16639,#16674,#16702,#16730));
#16639 = ORIENTED_EDGE('',*,*,#16640,.F.);
#16640 = EDGE_CURVE('',#16641,#16643,#16645,.T.);
#16641 = VERTEX_POINT('',#16642);
#16642 = CARTESIAN_POINT('',(62.888591998946,-58.05191638861,5.));
#16643 = VERTEX_POINT('',#16644);
#16644 = CARTESIAN_POINT('',(62.888591998946,-58.05191638861,5.4));
#16645 = SURFACE_CURVE('',#16646,(#16650,#16662),.PCURVE_S1.);
#16646 = LINE('',#16647,#16648);
#16647 = CARTESIAN_POINT('',(62.888591998946,-58.05191638861,5.));
#16648 = VECTOR('',#16649,1.);
#16649 = DIRECTION('',(0.,0.,1.));
#16650 = PCURVE('',#16651,#16656);
#16651 = PLANE('',#16652);
#16652 = AXIS2_PLACEMENT_3D('',#16653,#16654,#16655);
#16653 = CARTESIAN_POINT('',(62.888591998946,-58.05191638861,5.));
#16654 = DIRECTION('',(0.809016994375,-0.587785252292,0.));
#16655 = DIRECTION('',(0.,0.,1.));
#16656 = DEFINITIONAL_REPRESENTATION('',(#16657),#16661);
#16657 = LINE('',#16658,#16659);
#16658 = CARTESIAN_POINT('',(0.,0.));
#16659 = VECTOR('',#16660,1.);
#16660 = DIRECTION('',(1.,0.));
#16661 = ( GEOMETRIC_REPRESENTATION_CONTEXT(2) 
PARAMETRIC_REPRESENTATION_CONTEXT() REPRESENTATION_CONTEXT('2D SPACE',''
  ) );
#16662 = PCURVE('',#16663,#16668);
#16663 = PLANE('',#16664);
#16664 = AXIS2_PLACEMENT_3D('',#16665,#16666,#16667);
#16665 = CARTESIAN_POINT('',(62.888591998946,-58.05191638861,5.));
#16666 = DIRECTION('',(0.587785252292,0.809016994375,0.));
#16667 = DIRECTION('',(0.,0.,1.));
#16668 = DEFINITIONAL_REPRESENTATION('',(#16669),#16673);
#16669 = LINE('',#16670,#16671);
#16670 = CARTESIAN_POINT('',(0.,0.));
#16671 = VECTOR('',#16672,1.);
#16672 = DIRECTION('',(1.,0.));
#16673 = ( GEOMETRIC_REPRESENTATION_CONTEXT(2) 
PARAMETRIC_REPRESENTATION_CONTEXT() REPRESENTATION_CONTEXT('2D SPACE',''
  ) );
#16674 = ORIENTED_EDGE('',*,*,#16675,.T.);
#16675 = EDGE_CURVE('',#16641,#16676,#16678,.T.);
#16676 = VERTEX_POINT('',#16677);
#16677 = CARTESIAN_POINT('',(74.644297044795,-41.87157650111,5.));
#16678 = SURFACE_CURVE('',#16679,(#16683,#16690),.PCURVE_S1.);
#16679 = LINE('',#16680,#16681);
#16680 = CARTESIAN_POINT('',(62.888591998946,-58.05191638861,5.));
#16681 = VECTOR('',#16682,1.);
#16682 = DIRECTION('',(0.587785252292,0.809016994375,0.));
#16683 = PCURVE('',#16651,#16684);
#16684 = DEFINITIONAL_REPRESENTATION('',(#16685),#16689);
#16685 = LINE('',#16686,#16687);
#16686 = CARTESIAN_POINT('',(0.,0.));
#16687 = VECTOR('',#16688,1.);
#16688 = DIRECTION('',(0.,-1.));
#16689 = ( GEOMETRIC_REPRESENTATION_CONTEXT(2) 
PARAMETRIC_REPRESENTATION_CONTEXT() REPRESENTATION_CONTEXT('2D SPACE',''
  ) );
#16690 = PCURVE('',#16691,#16696);
#16691 = PLANE('',#16692);
#16692 = AXIS2_PLACEMENT_3D('',#16693,#16694,#16695);
#16693 = CARTESIAN_POINT('',(62.888591998946,-58.05191638861,5.));
#16694 = DIRECTION('',(0.,0.,1.));
#16695 = DIRECTION('',(0.809016994375,-0.587785252292,0.));
#16696 = DEFINITIONAL_REPRESENTATION('',(#16697),#16701);
#16697 = LINE('',#16698,#16699);
#16698 = CARTESIAN_POINT('',(0.,0.));
#16699 = VECTOR('',#16700,1.);
#16700 = DIRECTION('',(0.,1.));
#16701 = ( GEOMETRIC_REPRESENTATION_CONTEXT(2) 
PARAMETRIC_REPRESENTATION_CONTEXT() REPRESENTATION_CONTEXT('2D SPACE',''
  ) );
#16702 = ORIENTED_EDGE('',*,*,#16703,.T.);
#16703 = EDGE_CURVE('',#16676,#16704,#16706,.T.);
#16704 = VERTEX_POINT('',#16705);
#16705 = CARTESIAN_POINT('',(74.644297044795,-41.87157650111,5.4));
#16706 = SURFACE_CURVE('',#16707,(#16711,#16718),.PCURVE_S1.);
#16707 = LINE('',#16708,#16709);
#16708 = CARTESIAN_POINT('',(74.644297044795,-41.87157650111,5.));
#16709 = VECTOR('',#16710,1.);
#16710 = DIRECTION('',(0.,0.,1.));
#16711 = PCURVE('',#16651,#16712);
#16712 = DEFINITIONAL_REPRESENTATION('',(#16713),#16717);
#16713 = LINE('',#16714,#16715);
#16714 = CARTESIAN_POINT('',(0.,-20.));
#16715 = VECTOR('',#16716,1.);
#16716 = DIRECTION('',(1.,0.));
#16717 = ( GEOMETRIC_REPRESENTATION_CONTEXT(2) 
PARAMETRIC_REPRESENTATION_CONTEXT() REPRESENTATION_CONTEXT('2D SPACE',''
  ) );
#16718 = PCURVE('',#16719,#16724);
#16719 = PLANE('',#16720);
#16720 = AXIS2_PLACEMENT_3D('',#16721,#16722,#16723);
#16721 = CARTESIAN_POINT('',(74.644297044795,-41.87157650111,5.));
#16722 = DIRECTION('',(0.587785252292,0.809016994375,0.));
#16723 = DIRECTION('',(0.,0.,1.));
#16724 = DEFINITIONAL_REPRESENTATION('',(#16725),#16729);
#16725 = LINE('',#16726,#16727);
#16726 = CARTESIAN_POINT('',(0.,0.));
#16727 = VECTOR('',#16728,1.);
#16728 = DIRECTION('',(1.,0.));
#16729 = ( GEOMETRIC_REPRESENTATION_CONTEXT(2) 
PARAMETRIC_REPRESENTATION_CONTEXT() REPRESENTATION_CONTEXT('2D SPACE',''
  ) );
#16730 = ORIENTED_EDGE('',*,*,#16731,.F.);
#16731 = EDGE_CURVE('',#16643,#16704,#16732,.T.);
#16732 = SURFACE_CURVE('',#16733,(#16737,#16744),.PCURVE_S1.);
#16733 = LINE('',#16734,#16735);
#16734 = CARTESIAN_POINT('',(62.888591998946,-58.05191638861,5.4));
#16735 = VECTOR('',#16736,1.);
#16736 = DIRECTION('',(0.587785252292,0.809016994375,0.));
#16737 = PCURVE('',#16651,#16738);
#16738 = DEFINITIONAL_REPRESENTATION('',(#16739),#16743);
#16739 = LINE('',#16740,#16741);
#16740 = CARTESIAN_POINT('',(0.4,0.));
#16741 = VECTOR('',#16742,1.);
#16742 = DIRECTION('',(0.,-1.));
#16743 = ( GEOMETRIC_REPRESENTATION_CONTEXT(2) 
PARAMETRIC_REPRESENTATION_CONTEXT() REPRESENTATION_CONTEXT('2D SPACE',''
  ) );
#16744 = PCURVE('',#16745,#16750);
#16745 = PLANE('',#16746);
#16746 = AXIS2_PLACEMENT_3D('',#16747,#16748,#16749);
#16747 = CARTESIAN_POINT('',(62.888591998946,-58.05191638861,5.4));
#16748 = DIRECTION('',(0.,0.,1.));
#16749 = DIRECTION('',(0.809016994375,-0.587785252292,0.));
#16750 = DEFINITIONAL_REPRESENTATION('',(#16751),#16755);
#16751 = LINE('',#16752,#16753);
#16752 = CARTESIAN_POINT('',(0.,0.));
#16753 = VECTOR('',#16754,1.);
#16754 = DIRECTION('',(0.,1.));
#16755 = ( GEOMETRIC_REPRESENTATION_CONTEXT(2) 
PARAMETRIC_REPRESENTATION_CONTEXT() REPRESENTATION_CONTEXT('2D SPACE',''
  ) );
#16756 = ADVANCED_FACE('',(#16757),#16771,.T.);
#16757 = FACE_BOUND('',#16758,.T.);
#16758 = EDGE_LOOP('',(#16759,#16789,#16812,#16835));
#16759 = ORIENTED_EDGE('',*,*,#16760,.F.);
#16760 = EDGE_CURVE('',#16761,#16763,#16765,.T.);
#16761 = VERTEX_POINT('',#16762);
#16762 = CARTESIAN_POINT('',(192.33131109893,-152.0975567554,5.));
#16763 = VERTEX_POINT('',#16764);
#16764 = CARTESIAN_POINT('',(192.33131109893,-152.0975567554,5.4));
#16765 = SURFACE_CURVE('',#16766,(#16770,#16782),.PCURVE_S1.);
#16766 = LINE('',#16767,#16768);
#16767 = CARTESIAN_POINT('',(192.33131109893,-152.0975567554,5.));
#16768 = VECTOR('',#16769,1.);
#16769 = DIRECTION('',(0.,0.,1.));
#16770 = PCURVE('',#16771,#16776);
#16771 = PLANE('',#16772);
#16772 = AXIS2_PLACEMENT_3D('',#16773,#16774,#16775);
#16773 = CARTESIAN_POINT('',(192.33131109893,-152.0975567554,5.));
#16774 = DIRECTION('',(0.809016994375,-0.587785252292,0.));
#16775 = DIRECTION('',(0.,0.,1.));
#16776 = DEFINITIONAL_REPRESENTATION('',(#16777),#16781);
#16777 = LINE('',#16778,#16779);
#16778 = CARTESIAN_POINT('',(0.,0.));
#16779 = VECTOR('',#16780,1.);
#16780 = DIRECTION('',(1.,0.));
#16781 = ( GEOMETRIC_REPRESENTATION_CONTEXT(2) 
PARAMETRIC_REPRESENTATION_CONTEXT() REPRESENTATION_CONTEXT('2D SPACE',''
  ) );
#16782 = PCURVE('',#16663,#16783);
#16783 = DEFINITIONAL_REPRESENTATION('',(#16784),#16788);
#16784 = LINE('',#16785,#16786);
#16785 = CARTESIAN_POINT('',(0.,160.));
#16786 = VECTOR('',#16787,1.);
#16787 = DIRECTION('',(1.,0.));
#16788 = ( GEOMETRIC_REPRESENTATION_CONTEXT(2) 
PARAMETRIC_REPRESENTATION_CONTEXT() REPRESENTATION_CONTEXT('2D SPACE',''
  ) );
#16789 = ORIENTED_EDGE('',*,*,#16790,.T.);
#16790 = EDGE_CURVE('',#16761,#16791,#16793,.T.);
#16791 = VERTEX_POINT('',#16792);
#16792 = CARTESIAN_POINT('',(204.08701614478,-135.9172168679,5.));
#16793 = SURFACE_CURVE('',#16794,(#16798,#16805),.PCURVE_S1.);
#16794 = LINE('',#16795,#16796);
#16795 = CARTESIAN_POINT('',(192.33131109893,-152.0975567554,5.));
#16796 = VECTOR('',#16797,1.);
#16797 = DIRECTION('',(0.587785252292,0.809016994375,0.));
#16798 = PCURVE('',#16771,#16799);
#16799 = DEFINITIONAL_REPRESENTATION('',(#16800),#16804);
#16800 = LINE('',#16801,#16802);
#16801 = CARTESIAN_POINT('',(0.,0.));
#16802 = VECTOR('',#16803,1.);
#16803 = DIRECTION('',(0.,-1.));
#16804 = ( GEOMETRIC_REPRESENTATION_CONTEXT(2) 
PARAMETRIC_REPRESENTATION_CONTEXT() REPRESENTATION_CONTEXT('2D SPACE',''
  ) );
#16805 = PCURVE('',#16691,#16806);
#16806 = DEFINITIONAL_REPRESENTATION('',(#16807),#16811);
#16807 = LINE('',#16808,#16809);
#16808 = CARTESIAN_POINT('',(160.,1.42108547152E-14));
#16809 = VECTOR('',#16810,1.);
#16810 = DIRECTION('',(0.,1.));
#16811 = ( GEOMETRIC_REPRESENTATION_CONTEXT(2) 
PARAMETRIC_REPRESENTATION_CONTEXT() REPRESENTATION_CONTEXT('2D SPACE',''
  ) );
#16812 = ORIENTED_EDGE('',*,*,#16813,.T.);
#16813 = EDGE_CURVE('',#16791,#16814,#16816,.T.);
#16814 = VERTEX_POINT('',#16815);
#16815 = CARTESIAN_POINT('',(204.08701614478,-135.9172168679,5.4));
#16816 = SURFACE_CURVE('',#16817,(#16821,#16828),.PCURVE_S1.);
#16817 = LINE('',#16818,#16819);
#16818 = CARTESIAN_POINT('',(204.08701614478,-135.9172168679,5.));
#16819 = VECTOR('',#16820,1.);
#16820 = DIRECTION('',(0.,0.,1.));
#16821 = PCURVE('',#16771,#16822);
#16822 = DEFINITIONAL_REPRESENTATION('',(#16823),#16827);
#16823 = LINE('',#16824,#16825);
#16824 = CARTESIAN_POINT('',(0.,-20.));
#16825 = VECTOR('',#16826,1.);
#16826 = DIRECTION('',(1.,0.));
#16827 = ( GEOMETRIC_REPRESENTATION_CONTEXT(2) 
PARAMETRIC_REPRESENTATION_CONTEXT() REPRESENTATION_CONTEXT('2D SPACE',''
  ) );
#16828 = PCURVE('',#16719,#16829);
#16829 = DEFINITIONAL_REPRESENTATION('',(#16830),#16834);
#16830 = LINE('',#16831,#16832);
#16831 = CARTESIAN_POINT('',(0.,160.));
#16832 = VECTOR('',#16833,1.);
#16833 = DIRECTION('',(1.,0.));
#16834 = ( GEOMETRIC_REPRESENTATION_CONTEXT(2) 
PARAMETRIC_REPRESENTATION_CONTEXT() REPRESENTATION_CONTEXT('2D SPACE',''
  ) );
#16835 = ORIENTED_EDGE('',*,*,#16836,.F.);
#16836 = EDGE_CURVE('',#16763,#16814,#16837,.T.);
#16837 = SURFACE_CURVE('',#16838,(#16842,#16849),.PCURVE_S1.);
#16838 = LINE('',#16839,#16840);
#16839 = CARTESIAN_POINT('',(192.33131109893,-152.0975567554,5.4));
#16840 = VECTOR('',#16841,1.);
#16841 = DIRECTION('',(0.587785252292,0.809016994375,0.));
#16842 = PCURVE('',#16771,#16843);
#16843 = DEFINITIONAL_REPRESENTATION('',(#16844),#16848);
#16844 = LINE('',#16845,#16846);
#16845 = CARTESIAN_POINT('',(0.4,0.));
#16846 = VECTOR('',#16847,1.);
#16847 = DIRECTION('',(0.,-1.));
#16848 = ( GEOMETRIC_REPRESENTATION_CONTEXT(2) 
PARAMETRIC_REPRESENTATION_CONTEXT() REPRESENTATION_CONTEXT('2D SPACE',''
  ) );
#16849 = PCURVE('',#16745,#16850);
#16850 = DEFINITIONAL_REPRESENTATION('',(#16851),#16855);
#16851 = LINE('',#16852,#16853);
#16852 = CARTESIAN_POINT('',(160.,1.42108547152E-14));
#16853 = VECTOR('',#16854,1.);
#16854 = DIRECTION('',(0.,1.));
#16855 = ( GEOMETRIC_REPRESENTATION_CONTEXT(2) 
PARAMETRIC_REPRESENTATION_CONTEXT() REPRESENTATION_CONTEXT('2D SPACE',''
  ) );
#16856 = ADVANCED_FACE('',(#16857),#16663,.F.);
#16857 = FACE_BOUND('',#16858,.F.);
#16858 = EDGE_LOOP('',(#16859,#16880,#16881,#16902));
#16859 = ORIENTED_EDGE('',*,*,#16860,.F.);
#16860 = EDGE_CURVE('',#16641,#16761,#16861,.T.);
#16861 = SURFACE_CURVE('',#16862,(#16866,#16873),.PCURVE_S1.);
#16862 = LINE('',#16863,#16864);
#16863 = CARTESIAN_POINT('',(62.888591998946,-58.05191638861,5.));
#16864 = VECTOR('',#16865,1.);
#16865 = DIRECTION('',(0.809016994375,-0.587785252292,0.));
#16866 = PCURVE('',#16663,#16867);
#16867 = DEFINITIONAL_REPRESENTATION('',(#16868),#16872);
#16868 = LINE('',#16869,#16870);
#16869 = CARTESIAN_POINT('',(0.,0.));
#16870 = VECTOR('',#16871,1.);
#16871 = DIRECTION('',(0.,1.));
#16872 = ( GEOMETRIC_REPRESENTATION_CONTEXT(2) 
PARAMETRIC_REPRESENTATION_CONTEXT() REPRESENTATION_CONTEXT('2D SPACE',''
  ) );
#16873 = PCURVE('',#16691,#16874);
#16874 = DEFINITIONAL_REPRESENTATION('',(#16875),#16879);
#16875 = LINE('',#16876,#16877);
#16876 = CARTESIAN_POINT('',(0.,0.));
#16877 = VECTOR('',#16878,1.);
#16878 = DIRECTION('',(1.,0.));
#16879 = ( GEOMETRIC_REPRESENTATION_CONTEXT(2) 
PARAMETRIC_REPRESENTATION_CONTEXT() REPRESENTATION_CONTEXT('2D SPACE',''
  ) );
#16880 = ORIENTED_EDGE('',*,*,#16640,.T.);
#16881 = ORIENTED_EDGE('',*,*,#16882,.T.);
#16882 = EDGE_CURVE('',#16643,#16763,#16883,.T.);
#16883 = SURFACE_CURVE('',#16884,(#16888,#16895),.PCURVE_S1.);
#16884 = LINE('',#16885,#16886);
#16885 = CARTESIAN_POINT('',(62.888591998946,-58.05191638861,5.4));
#16886 = VECTOR('',#16887,1.);
#16887 = DIRECTION('',(0.809016994375,-0.587785252292,0.));
#16888 = PCURVE('',#16663,#16889);
#16889 = DEFINITIONAL_REPRESENTATION('',(#16890),#16894);
#16890 = LINE('',#16891,#16892);
#16891 = CARTESIAN_POINT('',(0.4,0.));
#16892 = VECTOR('',#16893,1.);
#16893 = DIRECTION('',(0.,1.));
#16894 = ( GEOMETRIC_REPRESENTATION_CONTEXT(2) 
PARAMETRIC_REPRESENTATION_CONTEXT() REPRESENTATION_CONTEXT('2D SPACE',''
  ) );
#16895 = PCURVE('',#16745,#16896);
#16896 = DEFINITIONAL_REPRESENTATION('',(#16897),#16901);
#16897 = LINE('',#16898,#16899);
#16898 = CARTESIAN_POINT('',(0.,0.));
#16899 = VECTOR('',#16900,1.);
#16900 = DIRECTION('',(1.,0.));
#16901 = ( GEOMETRIC_REPRESENTATION_CONTEXT(2) 
PARAMETRIC_REPRESENTATION_CONTEXT() REPRESENTATION_CONTEXT('2D SPACE',''
  ) );
#16902 = ORIENTED_EDGE('',*,*,#16760,.F.);
#16903 = ADVANCED_FACE('',(#16904),#16719,.T.);
#16904 = FACE_BOUND('',#16905,.T.);
#16905 = EDGE_LOOP('',(#16906,#16927,#16928,#16949));
#16906 = ORIENTED_EDGE('',*,*,#16907,.F.);
#16907 = EDGE_CURVE('',#16676,#16791,#16908,.T.);
#16908 = SURFACE_CURVE('',#16909,(#16913,#16920),.PCURVE_S1.);
#16909 = LINE('',#16910,#16911);
#16910 = CARTESIAN_POINT('',(74.644297044795,-41.87157650111,5.));
#16911 = VECTOR('',#16912,1.);
#16912 = DIRECTION('',(0.809016994375,-0.587785252292,0.));
#16913 = PCURVE('',#16719,#16914);
#16914 = DEFINITIONAL_REPRESENTATION('',(#16915),#16919);
#16915 = LINE('',#16916,#16917);
#16916 = CARTESIAN_POINT('',(0.,0.));
#16917 = VECTOR('',#16918,1.);
#16918 = DIRECTION('',(0.,1.));
#16919 = ( GEOMETRIC_REPRESENTATION_CONTEXT(2) 
PARAMETRIC_REPRESENTATION_CONTEXT() REPRESENTATION_CONTEXT('2D SPACE',''
  ) );
#16920 = PCURVE('',#16691,#16921);
#16921 = DEFINITIONAL_REPRESENTATION('',(#16922),#16926);
#16922 = LINE('',#16923,#16924);
#16923 = CARTESIAN_POINT('',(-5.329070518201E-15,20.));
#16924 = VECTOR('',#16925,1.);
#16925 = DIRECTION('',(1.,0.));
#16926 = ( GEOMETRIC_REPRESENTATION_CONTEXT(2) 
PARAMETRIC_REPRESENTATION_CONTEXT() REPRESENTATION_CONTEXT('2D SPACE',''
  ) );
#16927 = ORIENTED_EDGE('',*,*,#16703,.T.);
#16928 = ORIENTED_EDGE('',*,*,#16929,.T.);
#16929 = EDGE_CURVE('',#16704,#16814,#16930,.T.);
#16930 = SURFACE_CURVE('',#16931,(#16935,#16942),.PCURVE_S1.);
#16931 = LINE('',#16932,#16933);
#16932 = CARTESIAN_POINT('',(74.644297044795,-41.87157650111,5.4));
#16933 = VECTOR('',#16934,1.);
#16934 = DIRECTION('',(0.809016994375,-0.587785252292,0.));
#16935 = PCURVE('',#16719,#16936);
#16936 = DEFINITIONAL_REPRESENTATION('',(#16937),#16941);
#16937 = LINE('',#16938,#16939);
#16938 = CARTESIAN_POINT('',(0.4,0.));
#16939 = VECTOR('',#16940,1.);
#16940 = DIRECTION('',(0.,1.));
#16941 = ( GEOMETRIC_REPRESENTATION_CONTEXT(2) 
PARAMETRIC_REPRESENTATION_CONTEXT() REPRESENTATION_CONTEXT('2D SPACE',''
  ) );
#16942 = PCURVE('',#16745,#16943);
#16943 = DEFINITIONAL_REPRESENTATION('',(#16944),#16948);
#16944 = LINE('',#16945,#16946);
#16945 = CARTESIAN_POINT('',(-5.329070518201E-15,20.));
#16946 = VECTOR('',#16947,1.);
#16947 = DIRECTION('',(1.,0.));
#16948 = ( GEOMETRIC_REPRESENTATION_CONTEXT(2) 
PARAMETRIC_REPRESENTATION_CONTEXT() REPRESENTATION_CONTEXT('2D SPACE',''
  ) );
#16949 = ORIENTED_EDGE('',*,*,#16813,.F.);
#16950 = ADVANCED_FACE('',(#16951),#16691,.F.);
#16951 = FACE_BOUND('',#16952,.F.);
#16952 = EDGE_LOOP('',(#16953,#16954,#16955,#16956));
#16953 = ORIENTED_EDGE('',*,*,#16675,.F.);
#16954 = ORIENTED_EDGE('',*,*,#16860,.T.);
#16955 = ORIENTED_EDGE('',*,*,#16790,.T.);
#16956 = ORIENTED_EDGE('',*,*,#16907,.F.);
#16957 = ADVANCED_FACE('',(#16958),#16745,.T.);
#16958 = FACE_BOUND('',#16959,.T.);
#16959 = EDGE_LOOP('',(#16960,#16961,#16962,#16963));
#16960 = ORIENTED_EDGE('',*,*,#16731,.F.);
#16961 = ORIENTED_EDGE('',*,*,#16882,.T.);
#16962 = ORIENTED_EDGE('',*,*,#16836,.T.);
#16963 = ORIENTED_EDGE('',*,*,#16929,.F.);
#16964 = ( GEOMETRIC_REPRESENTATION_CONTEXT(3) 
GLOBAL_UNCERTAINTY_ASSIGNED_CONTEXT((#16968)) 
GLOBAL_UNIT_ASSIGNED_CONTEXT((#16965,#16966,#16967)) 
REPRESENTATION_CONTEXT('Context #1',
  '3D Context with UNIT and UNCERTAINTY') );
#16965 = ( LENGTH_UNIT() NAMED_UNIT(*) SI_UNIT(.MILLI.,.METRE.) );
#16966 = ( NAMED_UNIT(*) PLANE_ANGLE_UNIT() SI_UNIT($,.RADIAN.) );
#16967 = ( NAMED_UNIT(*) SI_UNIT($,.STERADIAN.) SOLID_ANGLE_UNIT() );
#16968 = UNCERTAINTY_MEASURE_WITH_UNIT(LENGTH_MEASURE(1.E-07),#16965,
  'distance_accuracy_value','confusion accuracy');
#16969 = CONTEXT_DEPENDENT_SHAPE_REPRESENTATION(#16970,#16972);
#16970 = ( REPRESENTATION_RELATIONSHIP('','',#16633,#709) 
REPRESENTATION_RELATIONSHIP_WITH_TRANSFORMATION(#16971) 
SHAPE_REPRESENTATION_RELATIONSHIP() );
#16971 = ITEM_DEFINED_TRANSFORMATION('','',#11,#890);
#16972 = PRODUCT_DEFINITION_SHAPE('Placement','Placement of an item',
  #16973);
#16973 = NEXT_ASSEMBLY_USAGE_OCCURRENCE('54','','',#704,#16628,$);
#16974 = PRODUCT_RELATED_PRODUCT_CATEGORY('part',$,(#16630));
#16975 = SHAPE_DEFINITION_REPRESENTATION(#16976,#16982);
#16976 = PRODUCT_DEFINITION_SHAPE('','',#16977);
#16977 = PRODUCT_DEFINITION('design','',#16978,#16981);
#16978 = PRODUCT_DEFINITION_FORMATION('','',#16979);
#16979 = PRODUCT('Open CASCADE STEP translator 7.9 2.2.47',
  'Open CASCADE STEP translator 7.9 2.2.47','',(#16980));
#16980 = PRODUCT_CONTEXT('',#2,'mechanical');
#16981 = PRODUCT_DEFINITION_CONTEXT('part definition',#2,'design');
#16982 = ADVANCED_BREP_SHAPE_REPRESENTATION('',(#11,#16983),#17313);
#16983 = MANIFOLD_SOLID_BREP('',#16984);
#16984 = CLOSED_SHELL('',(#16985,#17105,#17205,#17252,#17299,#17306));
#16985 = ADVANCED_FACE('',(#16986),#17000,.F.);
#16986 = FACE_BOUND('',#16987,.F.);
#16987 = EDGE_LOOP('',(#16988,#17023,#17051,#17079));
#16988 = ORIENTED_EDGE('',*,*,#16989,.F.);
#16989 = EDGE_CURVE('',#16990,#16992,#16994,.T.);
#16990 = VERTEX_POINT('',#16991);
#16991 = CARTESIAN_POINT('',(69.668531062711,-49.71212909908,5.));
#16992 = VERTEX_POINT('',#16993);
#16993 = CARTESIAN_POINT('',(69.668531062711,-49.71212909908,5.4));
#16994 = SURFACE_CURVE('',#16995,(#16999,#17011),.PCURVE_S1.);
#16995 = LINE('',#16996,#16997);
#16996 = CARTESIAN_POINT('',(69.668531062711,-49.71212909908,5.));
#16997 = VECTOR('',#16998,1.);
#16998 = DIRECTION('',(0.,0.,1.));
#16999 = PCURVE('',#17000,#17005);
#17000 = PLANE('',#17001);
#17001 = AXIS2_PLACEMENT_3D('',#17002,#17003,#17004);
#17002 = CARTESIAN_POINT('',(69.668531062711,-49.71212909908,5.));
#17003 = DIRECTION('',(0.876306680044,-0.481753674102,0.));
#17004 = DIRECTION('',(0.,0.,1.));
#17005 = DEFINITIONAL_REPRESENTATION('',(#17006),#17010);
#17006 = LINE('',#17007,#17008);
#17007 = CARTESIAN_POINT('',(0.,0.));
#17008 = VECTOR('',#17009,1.);
#17009 = DIRECTION('',(1.,0.));
#17010 = ( GEOMETRIC_REPRESENTATION_CONTEXT(2) 
PARAMETRIC_REPRESENTATION_CONTEXT() REPRESENTATION_CONTEXT('2D SPACE',''
  ) );
#17011 = PCURVE('',#17012,#17017);
#17012 = PLANE('',#17013);
#17013 = AXIS2_PLACEMENT_3D('',#17014,#17015,#17016);
#17014 = CARTESIAN_POINT('',(69.668531062711,-49.71212909908,5.));
#17015 = DIRECTION('',(0.481753674102,0.876306680044,0.));
#17016 = DIRECTION('',(0.,0.,1.));
#17017 = DEFINITIONAL_REPRESENTATION('',(#17018),#17022);
#17018 = LINE('',#17019,#17020);
#17019 = CARTESIAN_POINT('',(0.,0.));
#17020 = VECTOR('',#17021,1.);
#17021 = DIRECTION('',(1.,0.));
#17022 = ( GEOMETRIC_REPRESENTATION_CONTEXT(2) 
PARAMETRIC_REPRESENTATION_CONTEXT() REPRESENTATION_CONTEXT('2D SPACE',''
  ) );
#17023 = ORIENTED_EDGE('',*,*,#17024,.T.);
#17024 = EDGE_CURVE('',#16990,#17025,#17027,.T.);
#17025 = VERTEX_POINT('',#17026);
#17026 = CARTESIAN_POINT('',(79.303604544746,-32.1859954982,5.));
#17027 = SURFACE_CURVE('',#17028,(#17032,#17039),.PCURVE_S1.);
#17028 = LINE('',#17029,#17030);
#17029 = CARTESIAN_POINT('',(69.668531062711,-49.71212909908,5.));
#17030 = VECTOR('',#17031,1.);
#17031 = DIRECTION('',(0.481753674102,0.876306680044,0.));
#17032 = PCURVE('',#17000,#17033);
#17033 = DEFINITIONAL_REPRESENTATION('',(#17034),#17038);
#17034 = LINE('',#17035,#17036);
#17035 = CARTESIAN_POINT('',(0.,0.));
#17036 = VECTOR('',#17037,1.);
#17037 = DIRECTION('',(0.,-1.));
#17038 = ( GEOMETRIC_REPRESENTATION_CONTEXT(2) 
PARAMETRIC_REPRESENTATION_CONTEXT() REPRESENTATION_CONTEXT('2D SPACE',''
  ) );
#17039 = PCURVE('',#17040,#17045);
#17040 = PLANE('',#17041);
#17041 = AXIS2_PLACEMENT_3D('',#17042,#17043,#17044);
#17042 = CARTESIAN_POINT('',(69.668531062711,-49.71212909908,5.));
#17043 = DIRECTION('',(0.,0.,1.));
#17044 = DIRECTION('',(0.876306680044,-0.481753674102,0.));
#17045 = DEFINITIONAL_REPRESENTATION('',(#17046),#17050);
#17046 = LINE('',#17047,#17048);
#17047 = CARTESIAN_POINT('',(0.,0.));
#17048 = VECTOR('',#17049,1.);
#17049 = DIRECTION('',(0.,1.));
#17050 = ( GEOMETRIC_REPRESENTATION_CONTEXT(2) 
PARAMETRIC_REPRESENTATION_CONTEXT() REPRESENTATION_CONTEXT('2D SPACE',''
  ) );
#17051 = ORIENTED_EDGE('',*,*,#17052,.T.);
#17052 = EDGE_CURVE('',#17025,#17053,#17055,.T.);
#17053 = VERTEX_POINT('',#17054);
#17054 = CARTESIAN_POINT('',(79.303604544746,-32.1859954982,5.4));
#17055 = SURFACE_CURVE('',#17056,(#17060,#17067),.PCURVE_S1.);
#17056 = LINE('',#17057,#17058);
#17057 = CARTESIAN_POINT('',(79.303604544746,-32.1859954982,5.));
#17058 = VECTOR('',#17059,1.);
#17059 = DIRECTION('',(0.,0.,1.));
#17060 = PCURVE('',#17000,#17061);
#17061 = DEFINITIONAL_REPRESENTATION('',(#17062),#17066);
#17062 = LINE('',#17063,#17064);
#17063 = CARTESIAN_POINT('',(0.,-20.));
#17064 = VECTOR('',#17065,1.);
#17065 = DIRECTION('',(1.,0.));
#17066 = ( GEOMETRIC_REPRESENTATION_CONTEXT(2) 
PARAMETRIC_REPRESENTATION_CONTEXT() REPRESENTATION_CONTEXT('2D SPACE',''
  ) );
#17067 = PCURVE('',#17068,#17073);
#17068 = PLANE('',#17069);
#17069 = AXIS2_PLACEMENT_3D('',#17070,#17071,#17072);
#17070 = CARTESIAN_POINT('',(79.303604544746,-32.1859954982,5.));
#17071 = DIRECTION('',(0.481753674102,0.876306680044,0.));
#17072 = DIRECTION('',(0.,0.,1.));
#17073 = DEFINITIONAL_REPRESENTATION('',(#17074),#17078);
#17074 = LINE('',#17075,#17076);
#17075 = CARTESIAN_POINT('',(0.,0.));
#17076 = VECTOR('',#17077,1.);
#17077 = DIRECTION('',(1.,0.));
#17078 = ( GEOMETRIC_REPRESENTATION_CONTEXT(2) 
PARAMETRIC_REPRESENTATION_CONTEXT() REPRESENTATION_CONTEXT('2D SPACE',''
  ) );
#17079 = ORIENTED_EDGE('',*,*,#17080,.F.);
#17080 = EDGE_CURVE('',#16992,#17053,#17081,.T.);
#17081 = SURFACE_CURVE('',#17082,(#17086,#17093),.PCURVE_S1.);
#17082 = LINE('',#17083,#17084);
#17083 = CARTESIAN_POINT('',(69.668531062711,-49.71212909908,5.4));
#17084 = VECTOR('',#17085,1.);
#17085 = DIRECTION('',(0.481753674102,0.876306680044,0.));
#17086 = PCURVE('',#17000,#17087);
#17087 = DEFINITIONAL_REPRESENTATION('',(#17088),#17092);
#17088 = LINE('',#17089,#17090);
#17089 = CARTESIAN_POINT('',(0.4,0.));
#17090 = VECTOR('',#17091,1.);
#17091 = DIRECTION('',(0.,-1.));
#17092 = ( GEOMETRIC_REPRESENTATION_CONTEXT(2) 
PARAMETRIC_REPRESENTATION_CONTEXT() REPRESENTATION_CONTEXT('2D SPACE',''
  ) );
#17093 = PCURVE('',#17094,#17099);
#17094 = PLANE('',#17095);
#17095 = AXIS2_PLACEMENT_3D('',#17096,#17097,#17098);
#17096 = CARTESIAN_POINT('',(69.668531062711,-49.71212909908,5.4));
#17097 = DIRECTION('',(0.,0.,1.));
#17098 = DIRECTION('',(0.876306680044,-0.481753674102,0.));
#17099 = DEFINITIONAL_REPRESENTATION('',(#17100),#17104);
#17100 = LINE('',#17101,#17102);
#17101 = CARTESIAN_POINT('',(0.,0.));
#17102 = VECTOR('',#17103,1.);
#17103 = DIRECTION('',(0.,1.));
#17104 = ( GEOMETRIC_REPRESENTATION_CONTEXT(2) 
PARAMETRIC_REPRESENTATION_CONTEXT() REPRESENTATION_CONTEXT('2D SPACE',''
  ) );
#17105 = ADVANCED_FACE('',(#17106),#17120,.T.);
#17106 = FACE_BOUND('',#17107,.T.);
#17107 = EDGE_LOOP('',(#17108,#17138,#17161,#17184));
#17108 = ORIENTED_EDGE('',*,*,#17109,.F.);
#17109 = EDGE_CURVE('',#17110,#17112,#17114,.T.);
#17110 = VERTEX_POINT('',#17111);
#17111 = CARTESIAN_POINT('',(209.87759986972,-126.7927169553,5.));
#17112 = VERTEX_POINT('',#17113);
#17113 = CARTESIAN_POINT('',(209.87759986972,-126.7927169553,5.4));
#17114 = SURFACE_CURVE('',#17115,(#17119,#17131),.PCURVE_S1.);
#17115 = LINE('',#17116,#17117);
#17116 = CARTESIAN_POINT('',(209.87759986972,-126.7927169553,5.));
#17117 = VECTOR('',#17118,1.);
#17118 = DIRECTION('',(0.,0.,1.));
#17119 = PCURVE('',#17120,#17125);
#17120 = PLANE('',#17121);
#17121 = AXIS2_PLACEMENT_3D('',#17122,#17123,#17124);
#17122 = CARTESIAN_POINT('',(209.87759986972,-126.7927169553,5.));
#17123 = DIRECTION('',(0.876306680044,-0.481753674102,0.));
#17124 = DIRECTION('',(0.,0.,1.));
#17125 = DEFINITIONAL_REPRESENTATION('',(#17126),#17130);
#17126 = LINE('',#17127,#17128);
#17127 = CARTESIAN_POINT('',(0.,0.));
#17128 = VECTOR('',#17129,1.);
#17129 = DIRECTION('',(1.,0.));
#17130 = ( GEOMETRIC_REPRESENTATION_CONTEXT(2) 
PARAMETRIC_REPRESENTATION_CONTEXT() REPRESENTATION_CONTEXT('2D SPACE',''
  ) );
#17131 = PCURVE('',#17012,#17132);
#17132 = DEFINITIONAL_REPRESENTATION('',(#17133),#17137);
#17133 = LINE('',#17134,#17135);
#17134 = CARTESIAN_POINT('',(0.,160.));
#17135 = VECTOR('',#17136,1.);
#17136 = DIRECTION('',(1.,0.));
#17137 = ( GEOMETRIC_REPRESENTATION_CONTEXT(2) 
PARAMETRIC_REPRESENTATION_CONTEXT() REPRESENTATION_CONTEXT('2D SPACE',''
  ) );
#17138 = ORIENTED_EDGE('',*,*,#17139,.T.);
#17139 = EDGE_CURVE('',#17110,#17140,#17142,.T.);
#17140 = VERTEX_POINT('',#17141);
#17141 = CARTESIAN_POINT('',(219.51267335176,-109.2665833544,5.));
#17142 = SURFACE_CURVE('',#17143,(#17147,#17154),.PCURVE_S1.);
#17143 = LINE('',#17144,#17145);
#17144 = CARTESIAN_POINT('',(209.87759986972,-126.7927169553,5.));
#17145 = VECTOR('',#17146,1.);
#17146 = DIRECTION('',(0.481753674102,0.876306680044,0.));
#17147 = PCURVE('',#17120,#17148);
#17148 = DEFINITIONAL_REPRESENTATION('',(#17149),#17153);
#17149 = LINE('',#17150,#17151);
#17150 = CARTESIAN_POINT('',(0.,0.));
#17151 = VECTOR('',#17152,1.);
#17152 = DIRECTION('',(0.,-1.));
#17153 = ( GEOMETRIC_REPRESENTATION_CONTEXT(2) 
PARAMETRIC_REPRESENTATION_CONTEXT() REPRESENTATION_CONTEXT('2D SPACE',''
  ) );
#17154 = PCURVE('',#17040,#17155);
#17155 = DEFINITIONAL_REPRESENTATION('',(#17156),#17160);
#17156 = LINE('',#17157,#17158);
#17157 = CARTESIAN_POINT('',(160.,0.));
#17158 = VECTOR('',#17159,1.);
#17159 = DIRECTION('',(0.,1.));
#17160 = ( GEOMETRIC_REPRESENTATION_CONTEXT(2) 
PARAMETRIC_REPRESENTATION_CONTEXT() REPRESENTATION_CONTEXT('2D SPACE',''
  ) );
#17161 = ORIENTED_EDGE('',*,*,#17162,.T.);
#17162 = EDGE_CURVE('',#17140,#17163,#17165,.T.);
#17163 = VERTEX_POINT('',#17164);
#17164 = CARTESIAN_POINT('',(219.51267335176,-109.2665833544,5.4));
#17165 = SURFACE_CURVE('',#17166,(#17170,#17177),.PCURVE_S1.);
#17166 = LINE('',#17167,#17168);
#17167 = CARTESIAN_POINT('',(219.51267335176,-109.2665833544,5.));
#17168 = VECTOR('',#17169,1.);
#17169 = DIRECTION('',(0.,0.,1.));
#17170 = PCURVE('',#17120,#17171);
#17171 = DEFINITIONAL_REPRESENTATION('',(#17172),#17176);
#17172 = LINE('',#17173,#17174);
#17173 = CARTESIAN_POINT('',(0.,-20.));
#17174 = VECTOR('',#17175,1.);
#17175 = DIRECTION('',(1.,0.));
#17176 = ( GEOMETRIC_REPRESENTATION_CONTEXT(2) 
PARAMETRIC_REPRESENTATION_CONTEXT() REPRESENTATION_CONTEXT('2D SPACE',''
  ) );
#17177 = PCURVE('',#17068,#17178);
#17178 = DEFINITIONAL_REPRESENTATION('',(#17179),#17183);
#17179 = LINE('',#17180,#17181);
#17180 = CARTESIAN_POINT('',(0.,160.));
#17181 = VECTOR('',#17182,1.);
#17182 = DIRECTION('',(1.,0.));
#17183 = ( GEOMETRIC_REPRESENTATION_CONTEXT(2) 
PARAMETRIC_REPRESENTATION_CONTEXT() REPRESENTATION_CONTEXT('2D SPACE',''
  ) );
#17184 = ORIENTED_EDGE('',*,*,#17185,.F.);
#17185 = EDGE_CURVE('',#17112,#17163,#17186,.T.);
#17186 = SURFACE_CURVE('',#17187,(#17191,#17198),.PCURVE_S1.);
#17187 = LINE('',#17188,#17189);
#17188 = CARTESIAN_POINT('',(209.87759986972,-126.7927169553,5.4));
#17189 = VECTOR('',#17190,1.);
#17190 = DIRECTION('',(0.481753674102,0.876306680044,0.));
#17191 = PCURVE('',#17120,#17192);
#17192 = DEFINITIONAL_REPRESENTATION('',(#17193),#17197);
#17193 = LINE('',#17194,#17195);
#17194 = CARTESIAN_POINT('',(0.4,0.));
#17195 = VECTOR('',#17196,1.);
#17196 = DIRECTION('',(0.,-1.));
#17197 = ( GEOMETRIC_REPRESENTATION_CONTEXT(2) 
PARAMETRIC_REPRESENTATION_CONTEXT() REPRESENTATION_CONTEXT('2D SPACE',''
  ) );
#17198 = PCURVE('',#17094,#17199);
#17199 = DEFINITIONAL_REPRESENTATION('',(#17200),#17204);
#17200 = LINE('',#17201,#17202);
#17201 = CARTESIAN_POINT('',(160.,0.));
#17202 = VECTOR('',#17203,1.);
#17203 = DIRECTION('',(0.,1.));
#17204 = ( GEOMETRIC_REPRESENTATION_CONTEXT(2) 
PARAMETRIC_REPRESENTATION_CONTEXT() REPRESENTATION_CONTEXT('2D SPACE',''
  ) );
#17205 = ADVANCED_FACE('',(#17206),#17012,.F.);
#17206 = FACE_BOUND('',#17207,.F.);
#17207 = EDGE_LOOP('',(#17208,#17229,#17230,#17251));
#17208 = ORIENTED_EDGE('',*,*,#17209,.F.);
#17209 = EDGE_CURVE('',#16990,#17110,#17210,.T.);
#17210 = SURFACE_CURVE('',#17211,(#17215,#17222),.PCURVE_S1.);
#17211 = LINE('',#17212,#17213);
#17212 = CARTESIAN_POINT('',(69.668531062711,-49.71212909908,5.));
#17213 = VECTOR('',#17214,1.);
#17214 = DIRECTION('',(0.876306680044,-0.481753674102,0.));
#17215 = PCURVE('',#17012,#17216);
#17216 = DEFINITIONAL_REPRESENTATION('',(#17217),#17221);
#17217 = LINE('',#17218,#17219);
#17218 = CARTESIAN_POINT('',(0.,0.));
#17219 = VECTOR('',#17220,1.);
#17220 = DIRECTION('',(0.,1.));
#17221 = ( GEOMETRIC_REPRESENTATION_CONTEXT(2) 
PARAMETRIC_REPRESENTATION_CONTEXT() REPRESENTATION_CONTEXT('2D SPACE',''
  ) );
#17222 = PCURVE('',#17040,#17223);
#17223 = DEFINITIONAL_REPRESENTATION('',(#17224),#17228);
#17224 = LINE('',#17225,#17226);
#17225 = CARTESIAN_POINT('',(0.,0.));
#17226 = VECTOR('',#17227,1.);
#17227 = DIRECTION('',(1.,0.));
#17228 = ( GEOMETRIC_REPRESENTATION_CONTEXT(2) 
PARAMETRIC_REPRESENTATION_CONTEXT() REPRESENTATION_CONTEXT('2D SPACE',''
  ) );
#17229 = ORIENTED_EDGE('',*,*,#16989,.T.);
#17230 = ORIENTED_EDGE('',*,*,#17231,.T.);
#17231 = EDGE_CURVE('',#16992,#17112,#17232,.T.);
#17232 = SURFACE_CURVE('',#17233,(#17237,#17244),.PCURVE_S1.);
#17233 = LINE('',#17234,#17235);
#17234 = CARTESIAN_POINT('',(69.668531062711,-49.71212909908,5.4));
#17235 = VECTOR('',#17236,1.);
#17236 = DIRECTION('',(0.876306680044,-0.481753674102,0.));
#17237 = PCURVE('',#17012,#17238);
#17238 = DEFINITIONAL_REPRESENTATION('',(#17239),#17243);
#17239 = LINE('',#17240,#17241);
#17240 = CARTESIAN_POINT('',(0.4,0.));
#17241 = VECTOR('',#17242,1.);
#17242 = DIRECTION('',(0.,1.));
#17243 = ( GEOMETRIC_REPRESENTATION_CONTEXT(2) 
PARAMETRIC_REPRESENTATION_CONTEXT() REPRESENTATION_CONTEXT('2D SPACE',''
  ) );
#17244 = PCURVE('',#17094,#17245);
#17245 = DEFINITIONAL_REPRESENTATION('',(#17246),#17250);
#17246 = LINE('',#17247,#17248);
#17247 = CARTESIAN_POINT('',(0.,0.));
#17248 = VECTOR('',#17249,1.);
#17249 = DIRECTION('',(1.,0.));
#17250 = ( GEOMETRIC_REPRESENTATION_CONTEXT(2) 
PARAMETRIC_REPRESENTATION_CONTEXT() REPRESENTATION_CONTEXT('2D SPACE',''
  ) );
#17251 = ORIENTED_EDGE('',*,*,#17109,.F.);
#17252 = ADVANCED_FACE('',(#17253),#17068,.T.);
#17253 = FACE_BOUND('',#17254,.T.);
#17254 = EDGE_LOOP('',(#17255,#17276,#17277,#17298));
#17255 = ORIENTED_EDGE('',*,*,#17256,.F.);
#17256 = EDGE_CURVE('',#17025,#17140,#17257,.T.);
#17257 = SURFACE_CURVE('',#17258,(#17262,#17269),.PCURVE_S1.);
#17258 = LINE('',#17259,#17260);
#17259 = CARTESIAN_POINT('',(79.303604544746,-32.1859954982,5.));
#17260 = VECTOR('',#17261,1.);
#17261 = DIRECTION('',(0.876306680044,-0.481753674102,0.));
#17262 = PCURVE('',#17068,#17263);
#17263 = DEFINITIONAL_REPRESENTATION('',(#17264),#17268);
#17264 = LINE('',#17265,#17266);
#17265 = CARTESIAN_POINT('',(0.,0.));
#17266 = VECTOR('',#17267,1.);
#17267 = DIRECTION('',(0.,1.));
#17268 = ( GEOMETRIC_REPRESENTATION_CONTEXT(2) 
PARAMETRIC_REPRESENTATION_CONTEXT() REPRESENTATION_CONTEXT('2D SPACE',''
  ) );
#17269 = PCURVE('',#17040,#17270);
#17270 = DEFINITIONAL_REPRESENTATION('',(#17271),#17275);
#17271 = LINE('',#17272,#17273);
#17272 = CARTESIAN_POINT('',(-7.105427357601E-15,20.));
#17273 = VECTOR('',#17274,1.);
#17274 = DIRECTION('',(1.,0.));
#17275 = ( GEOMETRIC_REPRESENTATION_CONTEXT(2) 
PARAMETRIC_REPRESENTATION_CONTEXT() REPRESENTATION_CONTEXT('2D SPACE',''
  ) );
#17276 = ORIENTED_EDGE('',*,*,#17052,.T.);
#17277 = ORIENTED_EDGE('',*,*,#17278,.T.);
#17278 = EDGE_CURVE('',#17053,#17163,#17279,.T.);
#17279 = SURFACE_CURVE('',#17280,(#17284,#17291),.PCURVE_S1.);
#17280 = LINE('',#17281,#17282);
#17281 = CARTESIAN_POINT('',(79.303604544746,-32.1859954982,5.4));
#17282 = VECTOR('',#17283,1.);
#17283 = DIRECTION('',(0.876306680044,-0.481753674102,0.));
#17284 = PCURVE('',#17068,#17285);
#17285 = DEFINITIONAL_REPRESENTATION('',(#17286),#17290);
#17286 = LINE('',#17287,#17288);
#17287 = CARTESIAN_POINT('',(0.4,0.));
#17288 = VECTOR('',#17289,1.);
#17289 = DIRECTION('',(0.,1.));
#17290 = ( GEOMETRIC_REPRESENTATION_CONTEXT(2) 
PARAMETRIC_REPRESENTATION_CONTEXT() REPRESENTATION_CONTEXT('2D SPACE',''
  ) );
#17291 = PCURVE('',#17094,#17292);
#17292 = DEFINITIONAL_REPRESENTATION('',(#17293),#17297);
#17293 = LINE('',#17294,#17295);
#17294 = CARTESIAN_POINT('',(-7.105427357601E-15,20.));
#17295 = VECTOR('',#17296,1.);
#17296 = DIRECTION('',(1.,0.));
#17297 = ( GEOMETRIC_REPRESENTATION_CONTEXT(2) 
PARAMETRIC_REPRESENTATION_CONTEXT() REPRESENTATION_CONTEXT('2D SPACE',''
  ) );
#17298 = ORIENTED_EDGE('',*,*,#17162,.F.);
#17299 = ADVANCED_FACE('',(#17300),#17040,.F.);
#17300 = FACE_BOUND('',#17301,.F.);
#17301 = EDGE_LOOP('',(#17302,#17303,#17304,#17305));
#17302 = ORIENTED_EDGE('',*,*,#17024,.F.);
#17303 = ORIENTED_EDGE('',*,*,#17209,.T.);
#17304 = ORIENTED_EDGE('',*,*,#17139,.T.);
#17305 = ORIENTED_EDGE('',*,*,#17256,.F.);
#17306 = ADVANCED_FACE('',(#17307),#17094,.T.);
#17307 = FACE_BOUND('',#17308,.T.);
#17308 = EDGE_LOOP('',(#17309,#17310,#17311,#17312));
#17309 = ORIENTED_EDGE('',*,*,#17080,.F.);
#17310 = ORIENTED_EDGE('',*,*,#17231,.T.);
#17311 = ORIENTED_EDGE('',*,*,#17185,.T.);
#17312 = ORIENTED_EDGE('',*,*,#17278,.F.);
#17313 = ( GEOMETRIC_REPRESENTATION_CONTEXT(3) 
GLOBAL_UNCERTAINTY_ASSIGNED_CONTEXT((#17317)) 
GLOBAL_UNIT_ASSIGNED_CONTEXT((#17314,#17315,#17316)) 
REPRESENTATION_CONTEXT('Context #1',
  '3D Context with UNIT and UNCERTAINTY') );
#17314 = ( LENGTH_UNIT() NAMED_UNIT(*) SI_UNIT(.MILLI.,.METRE.) );
#17315 = ( NAMED_UNIT(*) PLANE_ANGLE_UNIT() SI_UNIT($,.RADIAN.) );
#17316 = ( NAMED_UNIT(*) SI_UNIT($,.STERADIAN.) SOLID_ANGLE_UNIT() );
#17317 = UNCERTAINTY_MEASURE_WITH_UNIT(LENGTH_MEASURE(1.E-07),#17314,
  'distance_accuracy_value','confusion accuracy');
#17318 = CONTEXT_DEPENDENT_SHAPE_REPRESENTATION(#17319,#17321);
#17319 = ( REPRESENTATION_RELATIONSHIP('','',#16982,#709) 
REPRESENTATION_RELATIONSHIP_WITH_TRANSFORMATION(#17320) 
SHAPE_REPRESENTATION_RELATIONSHIP() );
#17320 = ITEM_DEFINED_TRANSFORMATION('','',#11,#894);
#17321 = PRODUCT_DEFINITION_SHAPE('Placement','Placement of an item',
  #17322);
#17322 = NEXT_ASSEMBLY_USAGE_OCCURRENCE('55','','',#704,#16977,$);
#17323 = PRODUCT_RELATED_PRODUCT_CATEGORY('part',$,(#16979));
#17324 = SHAPE_DEFINITION_REPRESENTATION(#17325,#17331);
#17325 = PRODUCT_DEFINITION_SHAPE('','',#17326);
#17326 = PRODUCT_DEFINITION('design','',#17327,#17330);
#17327 = PRODUCT_DEFINITION_FORMATION('','',#17328);
#17328 = PRODUCT('Open CASCADE STEP translator 7.9 2.2.48',
  'Open CASCADE STEP translator 7.9 2.2.48','',(#17329));
#17329 = PRODUCT_CONTEXT('',#2,'mechanical');
#17330 = PRODUCT_DEFINITION_CONTEXT('part definition',#2,'design');
#17331 = ADVANCED_BREP_SHAPE_REPRESENTATION('',(#11,#17332),#17662);
#17332 = MANIFOLD_SOLID_BREP('',#17333);
#17333 = CLOSED_SHELL('',(#17334,#17454,#17554,#17601,#17648,#17655));
#17334 = ADVANCED_FACE('',(#17335),#17349,.F.);
#17335 = FACE_BOUND('',#17336,.F.);
#17336 = EDGE_LOOP('',(#17337,#17372,#17400,#17428));
#17337 = ORIENTED_EDGE('',*,*,#17338,.F.);
#17338 = EDGE_CURVE('',#17339,#17341,#17343,.T.);
#17339 = VERTEX_POINT('',#17340);
#17340 = CARTESIAN_POINT('',(75.349755773655,-40.58835183708,5.));
#17341 = VERTEX_POINT('',#17342);
#17342 = CARTESIAN_POINT('',(75.349755773655,-40.58835183708,5.4));
#17343 = SURFACE_CURVE('',#17344,(#17348,#17360),.PCURVE_S1.);
#17344 = LINE('',#17345,#17346);
#17345 = CARTESIAN_POINT('',(75.349755773655,-40.58835183708,5.));
#17346 = VECTOR('',#17347,1.);
#17347 = DIRECTION('',(0.,0.,1.));
#17348 = PCURVE('',#17349,#17354);
#17349 = PLANE('',#17350);
#17350 = AXIS2_PLACEMENT_3D('',#17351,#17352,#17353);
#17351 = CARTESIAN_POINT('',(75.349755773655,-40.58835183708,5.));
#17352 = DIRECTION('',(0.929776485888,-0.368124552685,0.));
#17353 = DIRECTION('',(0.,0.,1.));
#17354 = DEFINITIONAL_REPRESENTATION('',(#17355),#17359);
#17355 = LINE('',#17356,#17357);
#17356 = CARTESIAN_POINT('',(0.,0.));
#17357 = VECTOR('',#17358,1.);
#17358 = DIRECTION('',(1.,0.));
#17359 = ( GEOMETRIC_REPRESENTATION_CONTEXT(2) 
PARAMETRIC_REPRESENTATION_CONTEXT() REPRESENTATION_CONTEXT('2D SPACE',''
  ) );
#17360 = PCURVE('',#17361,#17366);
#17361 = PLANE('',#17362);
#17362 = AXIS2_PLACEMENT_3D('',#17363,#17364,#17365);
#17363 = CARTESIAN_POINT('',(75.349755773655,-40.58835183708,5.));
#17364 = DIRECTION('',(0.368124552685,0.929776485888,0.));
#17365 = DIRECTION('',(0.,0.,1.));
#17366 = DEFINITIONAL_REPRESENTATION('',(#17367),#17371);
#17367 = LINE('',#17368,#17369);
#17368 = CARTESIAN_POINT('',(0.,0.));
#17369 = VECTOR('',#17370,1.);
#17370 = DIRECTION('',(1.,0.));
#17371 = ( GEOMETRIC_REPRESENTATION_CONTEXT(2) 
PARAMETRIC_REPRESENTATION_CONTEXT() REPRESENTATION_CONTEXT('2D SPACE',''
  ) );
#17372 = ORIENTED_EDGE('',*,*,#17373,.T.);
#17373 = EDGE_CURVE('',#17339,#17374,#17376,.T.);
#17374 = VERTEX_POINT('',#17375);
#17375 = CARTESIAN_POINT('',(82.712246827348,-21.99282211931,5.));
#17376 = SURFACE_CURVE('',#17377,(#17381,#17388),.PCURVE_S1.);
#17377 = LINE('',#17378,#17379);
#17378 = CARTESIAN_POINT('',(75.349755773655,-40.58835183708,5.));
#17379 = VECTOR('',#17380,1.);
#17380 = DIRECTION('',(0.368124552685,0.929776485888,0.));
#17381 = PCURVE('',#17349,#17382);
#17382 = DEFINITIONAL_REPRESENTATION('',(#17383),#17387);
#17383 = LINE('',#17384,#17385);
#17384 = CARTESIAN_POINT('',(0.,0.));
#17385 = VECTOR('',#17386,1.);
#17386 = DIRECTION('',(0.,-1.));
#17387 = ( GEOMETRIC_REPRESENTATION_CONTEXT(2) 
PARAMETRIC_REPRESENTATION_CONTEXT() REPRESENTATION_CONTEXT('2D SPACE',''
  ) );
#17388 = PCURVE('',#17389,#17394);
#17389 = PLANE('',#17390);
#17390 = AXIS2_PLACEMENT_3D('',#17391,#17392,#17393);
#17391 = CARTESIAN_POINT('',(75.349755773655,-40.58835183708,5.));
#17392 = DIRECTION('',(0.,0.,1.));
#17393 = DIRECTION('',(0.929776485888,-0.368124552685,0.));
#17394 = DEFINITIONAL_REPRESENTATION('',(#17395),#17399);
#17395 = LINE('',#17396,#17397);
#17396 = CARTESIAN_POINT('',(0.,0.));
#17397 = VECTOR('',#17398,1.);
#17398 = DIRECTION('',(0.,1.));
#17399 = ( GEOMETRIC_REPRESENTATION_CONTEXT(2) 
PARAMETRIC_REPRESENTATION_CONTEXT() REPRESENTATION_CONTEXT('2D SPACE',''
  ) );
#17400 = ORIENTED_EDGE('',*,*,#17401,.T.);
#17401 = EDGE_CURVE('',#17374,#17402,#17404,.T.);
#17402 = VERTEX_POINT('',#17403);
#17403 = CARTESIAN_POINT('',(82.712246827348,-21.99282211931,5.4));
#17404 = SURFACE_CURVE('',#17405,(#17409,#17416),.PCURVE_S1.);
#17405 = LINE('',#17406,#17407);
#17406 = CARTESIAN_POINT('',(82.712246827348,-21.99282211931,5.));
#17407 = VECTOR('',#17408,1.);
#17408 = DIRECTION('',(0.,0.,1.));
#17409 = PCURVE('',#17349,#17410);
#17410 = DEFINITIONAL_REPRESENTATION('',(#17411),#17415);
#17411 = LINE('',#17412,#17413);
#17412 = CARTESIAN_POINT('',(0.,-20.));
#17413 = VECTOR('',#17414,1.);
#17414 = DIRECTION('',(1.,0.));
#17415 = ( GEOMETRIC_REPRESENTATION_CONTEXT(2) 
PARAMETRIC_REPRESENTATION_CONTEXT() REPRESENTATION_CONTEXT('2D SPACE',''
  ) );
#17416 = PCURVE('',#17417,#17422);
#17417 = PLANE('',#17418);
#17418 = AXIS2_PLACEMENT_3D('',#17419,#17420,#17421);
#17419 = CARTESIAN_POINT('',(82.712246827348,-21.99282211931,5.));
#17420 = DIRECTION('',(0.368124552685,0.929776485888,0.));
#17421 = DIRECTION('',(0.,0.,1.));
#17422 = DEFINITIONAL_REPRESENTATION('',(#17423),#17427);
#17423 = LINE('',#17424,#17425);
#17424 = CARTESIAN_POINT('',(0.,0.));
#17425 = VECTOR('',#17426,1.);
#17426 = DIRECTION('',(1.,0.));
#17427 = ( GEOMETRIC_REPRESENTATION_CONTEXT(2) 
PARAMETRIC_REPRESENTATION_CONTEXT() REPRESENTATION_CONTEXT('2D SPACE',''
  ) );
#17428 = ORIENTED_EDGE('',*,*,#17429,.F.);
#17429 = EDGE_CURVE('',#17341,#17402,#17430,.T.);
#17430 = SURFACE_CURVE('',#17431,(#17435,#17442),.PCURVE_S1.);
#17431 = LINE('',#17432,#17433);
#17432 = CARTESIAN_POINT('',(75.349755773655,-40.58835183708,5.4));
#17433 = VECTOR('',#17434,1.);
#17434 = DIRECTION('',(0.368124552685,0.929776485888,0.));
#17435 = PCURVE('',#17349,#17436);
#17436 = DEFINITIONAL_REPRESENTATION('',(#17437),#17441);
#17437 = LINE('',#17438,#17439);
#17438 = CARTESIAN_POINT('',(0.4,0.));
#17439 = VECTOR('',#17440,1.);
#17440 = DIRECTION('',(0.,-1.));
#17441 = ( GEOMETRIC_REPRESENTATION_CONTEXT(2) 
PARAMETRIC_REPRESENTATION_CONTEXT() REPRESENTATION_CONTEXT('2D SPACE',''
  ) );
#17442 = PCURVE('',#17443,#17448);
#17443 = PLANE('',#17444);
#17444 = AXIS2_PLACEMENT_3D('',#17445,#17446,#17447);
#17445 = CARTESIAN_POINT('',(75.349755773655,-40.58835183708,5.4));
#17446 = DIRECTION('',(0.,0.,1.));
#17447 = DIRECTION('',(0.929776485888,-0.368124552685,0.));
#17448 = DEFINITIONAL_REPRESENTATION('',(#17449),#17453);
#17449 = LINE('',#17450,#17451);
#17450 = CARTESIAN_POINT('',(0.,0.));
#17451 = VECTOR('',#17452,1.);
#17452 = DIRECTION('',(0.,1.));
#17453 = ( GEOMETRIC_REPRESENTATION_CONTEXT(2) 
PARAMETRIC_REPRESENTATION_CONTEXT() REPRESENTATION_CONTEXT('2D SPACE',''
  ) );
#17454 = ADVANCED_FACE('',(#17455),#17469,.T.);
#17455 = FACE_BOUND('',#17456,.T.);
#17456 = EDGE_LOOP('',(#17457,#17487,#17510,#17533));
#17457 = ORIENTED_EDGE('',*,*,#17458,.F.);
#17458 = EDGE_CURVE('',#17459,#17461,#17463,.T.);
#17459 = VERTEX_POINT('',#17460);
#17460 = CARTESIAN_POINT('',(224.11399351577,-99.48828026662,5.));
#17461 = VERTEX_POINT('',#17462);
#17462 = CARTESIAN_POINT('',(224.11399351577,-99.48828026662,5.4));
#17463 = SURFACE_CURVE('',#17464,(#17468,#17480),.PCURVE_S1.);
#17464 = LINE('',#17465,#17466);
#17465 = CARTESIAN_POINT('',(224.11399351577,-99.48828026662,5.));
#17466 = VECTOR('',#17467,1.);
#17467 = DIRECTION('',(0.,0.,1.));
#17468 = PCURVE('',#17469,#17474);
#17469 = PLANE('',#17470);
#17470 = AXIS2_PLACEMENT_3D('',#17471,#17472,#17473);
#17471 = CARTESIAN_POINT('',(224.11399351577,-99.48828026662,5.));
#17472 = DIRECTION('',(0.929776485888,-0.368124552685,0.));
#17473 = DIRECTION('',(0.,0.,1.));
#17474 = DEFINITIONAL_REPRESENTATION('',(#17475),#17479);
#17475 = LINE('',#17476,#17477);
#17476 = CARTESIAN_POINT('',(0.,0.));
#17477 = VECTOR('',#17478,1.);
#17478 = DIRECTION('',(1.,0.));
#17479 = ( GEOMETRIC_REPRESENTATION_CONTEXT(2) 
PARAMETRIC_REPRESENTATION_CONTEXT() REPRESENTATION_CONTEXT('2D SPACE',''
  ) );
#17480 = PCURVE('',#17361,#17481);
#17481 = DEFINITIONAL_REPRESENTATION('',(#17482),#17486);
#17482 = LINE('',#17483,#17484);
#17483 = CARTESIAN_POINT('',(0.,160.));
#17484 = VECTOR('',#17485,1.);
#17485 = DIRECTION('',(1.,0.));
#17486 = ( GEOMETRIC_REPRESENTATION_CONTEXT(2) 
PARAMETRIC_REPRESENTATION_CONTEXT() REPRESENTATION_CONTEXT('2D SPACE',''
  ) );
#17487 = ORIENTED_EDGE('',*,*,#17488,.T.);
#17488 = EDGE_CURVE('',#17459,#17489,#17491,.T.);
#17489 = VERTEX_POINT('',#17490);
#17490 = CARTESIAN_POINT('',(231.47648456946,-80.89275054886,5.));
#17491 = SURFACE_CURVE('',#17492,(#17496,#17503),.PCURVE_S1.);
#17492 = LINE('',#17493,#17494);
#17493 = CARTESIAN_POINT('',(224.11399351577,-99.48828026662,5.));
#17494 = VECTOR('',#17495,1.);
#17495 = DIRECTION('',(0.368124552685,0.929776485888,0.));
#17496 = PCURVE('',#17469,#17497);
#17497 = DEFINITIONAL_REPRESENTATION('',(#17498),#17502);
#17498 = LINE('',#17499,#17500);
#17499 = CARTESIAN_POINT('',(0.,0.));
#17500 = VECTOR('',#17501,1.);
#17501 = DIRECTION('',(0.,-1.));
#17502 = ( GEOMETRIC_REPRESENTATION_CONTEXT(2) 
PARAMETRIC_REPRESENTATION_CONTEXT() REPRESENTATION_CONTEXT('2D SPACE',''
  ) );
#17503 = PCURVE('',#17389,#17504);
#17504 = DEFINITIONAL_REPRESENTATION('',(#17505),#17509);
#17505 = LINE('',#17506,#17507);
#17506 = CARTESIAN_POINT('',(160.,-7.105427357601E-15));
#17507 = VECTOR('',#17508,1.);
#17508 = DIRECTION('',(0.,1.));
#17509 = ( GEOMETRIC_REPRESENTATION_CONTEXT(2) 
PARAMETRIC_REPRESENTATION_CONTEXT() REPRESENTATION_CONTEXT('2D SPACE',''
  ) );
#17510 = ORIENTED_EDGE('',*,*,#17511,.T.);
#17511 = EDGE_CURVE('',#17489,#17512,#17514,.T.);
#17512 = VERTEX_POINT('',#17513);
#17513 = CARTESIAN_POINT('',(231.47648456946,-80.89275054886,5.4));
#17514 = SURFACE_CURVE('',#17515,(#17519,#17526),.PCURVE_S1.);
#17515 = LINE('',#17516,#17517);
#17516 = CARTESIAN_POINT('',(231.47648456946,-80.89275054886,5.));
#17517 = VECTOR('',#17518,1.);
#17518 = DIRECTION('',(0.,0.,1.));
#17519 = PCURVE('',#17469,#17520);
#17520 = DEFINITIONAL_REPRESENTATION('',(#17521),#17525);
#17521 = LINE('',#17522,#17523);
#17522 = CARTESIAN_POINT('',(0.,-20.));
#17523 = VECTOR('',#17524,1.);
#17524 = DIRECTION('',(1.,0.));
#17525 = ( GEOMETRIC_REPRESENTATION_CONTEXT(2) 
PARAMETRIC_REPRESENTATION_CONTEXT() REPRESENTATION_CONTEXT('2D SPACE',''
  ) );
#17526 = PCURVE('',#17417,#17527);
#17527 = DEFINITIONAL_REPRESENTATION('',(#17528),#17532);
#17528 = LINE('',#17529,#17530);
#17529 = CARTESIAN_POINT('',(0.,160.));
#17530 = VECTOR('',#17531,1.);
#17531 = DIRECTION('',(1.,0.));
#17532 = ( GEOMETRIC_REPRESENTATION_CONTEXT(2) 
PARAMETRIC_REPRESENTATION_CONTEXT() REPRESENTATION_CONTEXT('2D SPACE',''
  ) );
#17533 = ORIENTED_EDGE('',*,*,#17534,.F.);
#17534 = EDGE_CURVE('',#17461,#17512,#17535,.T.);
#17535 = SURFACE_CURVE('',#17536,(#17540,#17547),.PCURVE_S1.);
#17536 = LINE('',#17537,#17538);
#17537 = CARTESIAN_POINT('',(224.11399351577,-99.48828026662,5.4));
#17538 = VECTOR('',#17539,1.);
#17539 = DIRECTION('',(0.368124552685,0.929776485888,0.));
#17540 = PCURVE('',#17469,#17541);
#17541 = DEFINITIONAL_REPRESENTATION('',(#17542),#17546);
#17542 = LINE('',#17543,#17544);
#17543 = CARTESIAN_POINT('',(0.4,0.));
#17544 = VECTOR('',#17545,1.);
#17545 = DIRECTION('',(0.,-1.));
#17546 = ( GEOMETRIC_REPRESENTATION_CONTEXT(2) 
PARAMETRIC_REPRESENTATION_CONTEXT() REPRESENTATION_CONTEXT('2D SPACE',''
  ) );
#17547 = PCURVE('',#17443,#17548);
#17548 = DEFINITIONAL_REPRESENTATION('',(#17549),#17553);
#17549 = LINE('',#17550,#17551);
#17550 = CARTESIAN_POINT('',(160.,-7.105427357601E-15));
#17551 = VECTOR('',#17552,1.);
#17552 = DIRECTION('',(0.,1.));
#17553 = ( GEOMETRIC_REPRESENTATION_CONTEXT(2) 
PARAMETRIC_REPRESENTATION_CONTEXT() REPRESENTATION_CONTEXT('2D SPACE',''
  ) );
#17554 = ADVANCED_FACE('',(#17555),#17361,.F.);
#17555 = FACE_BOUND('',#17556,.F.);
#17556 = EDGE_LOOP('',(#17557,#17578,#17579,#17600));
#17557 = ORIENTED_EDGE('',*,*,#17558,.F.);
#17558 = EDGE_CURVE('',#17339,#17459,#17559,.T.);
#17559 = SURFACE_CURVE('',#17560,(#17564,#17571),.PCURVE_S1.);
#17560 = LINE('',#17561,#17562);
#17561 = CARTESIAN_POINT('',(75.349755773655,-40.58835183708,5.));
#17562 = VECTOR('',#17563,1.);
#17563 = DIRECTION('',(0.929776485888,-0.368124552685,0.));
#17564 = PCURVE('',#17361,#17565);
#17565 = DEFINITIONAL_REPRESENTATION('',(#17566),#17570);
#17566 = LINE('',#17567,#17568);
#17567 = CARTESIAN_POINT('',(0.,0.));
#17568 = VECTOR('',#17569,1.);
#17569 = DIRECTION('',(0.,1.));
#17570 = ( GEOMETRIC_REPRESENTATION_CONTEXT(2) 
PARAMETRIC_REPRESENTATION_CONTEXT() REPRESENTATION_CONTEXT('2D SPACE',''
  ) );
#17571 = PCURVE('',#17389,#17572);
#17572 = DEFINITIONAL_REPRESENTATION('',(#17573),#17577);
#17573 = LINE('',#17574,#17575);
#17574 = CARTESIAN_POINT('',(0.,0.));
#17575 = VECTOR('',#17576,1.);
#17576 = DIRECTION('',(1.,0.));
#17577 = ( GEOMETRIC_REPRESENTATION_CONTEXT(2) 
PARAMETRIC_REPRESENTATION_CONTEXT() REPRESENTATION_CONTEXT('2D SPACE',''
  ) );
#17578 = ORIENTED_EDGE('',*,*,#17338,.T.);
#17579 = ORIENTED_EDGE('',*,*,#17580,.T.);
#17580 = EDGE_CURVE('',#17341,#17461,#17581,.T.);
#17581 = SURFACE_CURVE('',#17582,(#17586,#17593),.PCURVE_S1.);
#17582 = LINE('',#17583,#17584);
#17583 = CARTESIAN_POINT('',(75.349755773655,-40.58835183708,5.4));
#17584 = VECTOR('',#17585,1.);
#17585 = DIRECTION('',(0.929776485888,-0.368124552685,0.));
#17586 = PCURVE('',#17361,#17587);
#17587 = DEFINITIONAL_REPRESENTATION('',(#17588),#17592);
#17588 = LINE('',#17589,#17590);
#17589 = CARTESIAN_POINT('',(0.4,0.));
#17590 = VECTOR('',#17591,1.);
#17591 = DIRECTION('',(0.,1.));
#17592 = ( GEOMETRIC_REPRESENTATION_CONTEXT(2) 
PARAMETRIC_REPRESENTATION_CONTEXT() REPRESENTATION_CONTEXT('2D SPACE',''
  ) );
#17593 = PCURVE('',#17443,#17594);
#17594 = DEFINITIONAL_REPRESENTATION('',(#17595),#17599);
#17595 = LINE('',#17596,#17597);
#17596 = CARTESIAN_POINT('',(0.,0.));
#17597 = VECTOR('',#17598,1.);
#17598 = DIRECTION('',(1.,0.));
#17599 = ( GEOMETRIC_REPRESENTATION_CONTEXT(2) 
PARAMETRIC_REPRESENTATION_CONTEXT() REPRESENTATION_CONTEXT('2D SPACE',''
  ) );
#17600 = ORIENTED_EDGE('',*,*,#17458,.F.);
#17601 = ADVANCED_FACE('',(#17602),#17417,.T.);
#17602 = FACE_BOUND('',#17603,.T.);
#17603 = EDGE_LOOP('',(#17604,#17625,#17626,#17647));
#17604 = ORIENTED_EDGE('',*,*,#17605,.F.);
#17605 = EDGE_CURVE('',#17374,#17489,#17606,.T.);
#17606 = SURFACE_CURVE('',#17607,(#17611,#17618),.PCURVE_S1.);
#17607 = LINE('',#17608,#17609);
#17608 = CARTESIAN_POINT('',(82.712246827348,-21.99282211931,5.));
#17609 = VECTOR('',#17610,1.);
#17610 = DIRECTION('',(0.929776485888,-0.368124552685,0.));
#17611 = PCURVE('',#17417,#17612);
#17612 = DEFINITIONAL_REPRESENTATION('',(#17613),#17617);
#17613 = LINE('',#17614,#17615);
#17614 = CARTESIAN_POINT('',(0.,0.));
#17615 = VECTOR('',#17616,1.);
#17616 = DIRECTION('',(0.,1.));
#17617 = ( GEOMETRIC_REPRESENTATION_CONTEXT(2) 
PARAMETRIC_REPRESENTATION_CONTEXT() REPRESENTATION_CONTEXT('2D SPACE',''
  ) );
#17618 = PCURVE('',#17389,#17619);
#17619 = DEFINITIONAL_REPRESENTATION('',(#17620),#17624);
#17620 = LINE('',#17621,#17622);
#17621 = CARTESIAN_POINT('',(1.50990331349E-14,20.));
#17622 = VECTOR('',#17623,1.);
#17623 = DIRECTION('',(1.,0.));
#17624 = ( GEOMETRIC_REPRESENTATION_CONTEXT(2) 
PARAMETRIC_REPRESENTATION_CONTEXT() REPRESENTATION_CONTEXT('2D SPACE',''
  ) );
#17625 = ORIENTED_EDGE('',*,*,#17401,.T.);
#17626 = ORIENTED_EDGE('',*,*,#17627,.T.);
#17627 = EDGE_CURVE('',#17402,#17512,#17628,.T.);
#17628 = SURFACE_CURVE('',#17629,(#17633,#17640),.PCURVE_S1.);
#17629 = LINE('',#17630,#17631);
#17630 = CARTESIAN_POINT('',(82.712246827348,-21.99282211931,5.4));
#17631 = VECTOR('',#17632,1.);
#17632 = DIRECTION('',(0.929776485888,-0.368124552685,0.));
#17633 = PCURVE('',#17417,#17634);
#17634 = DEFINITIONAL_REPRESENTATION('',(#17635),#17639);
#17635 = LINE('',#17636,#17637);
#17636 = CARTESIAN_POINT('',(0.4,0.));
#17637 = VECTOR('',#17638,1.);
#17638 = DIRECTION('',(0.,1.));
#17639 = ( GEOMETRIC_REPRESENTATION_CONTEXT(2) 
PARAMETRIC_REPRESENTATION_CONTEXT() REPRESENTATION_CONTEXT('2D SPACE',''
  ) );
#17640 = PCURVE('',#17443,#17641);
#17641 = DEFINITIONAL_REPRESENTATION('',(#17642),#17646);
#17642 = LINE('',#17643,#17644);
#17643 = CARTESIAN_POINT('',(1.50990331349E-14,20.));
#17644 = VECTOR('',#17645,1.);
#17645 = DIRECTION('',(1.,0.));
#17646 = ( GEOMETRIC_REPRESENTATION_CONTEXT(2) 
PARAMETRIC_REPRESENTATION_CONTEXT() REPRESENTATION_CONTEXT('2D SPACE',''
  ) );
#17647 = ORIENTED_EDGE('',*,*,#17511,.F.);
#17648 = ADVANCED_FACE('',(#17649),#17389,.F.);
#17649 = FACE_BOUND('',#17650,.F.);
#17650 = EDGE_LOOP('',(#17651,#17652,#17653,#17654));
#17651 = ORIENTED_EDGE('',*,*,#17373,.F.);
#17652 = ORIENTED_EDGE('',*,*,#17558,.T.);
#17653 = ORIENTED_EDGE('',*,*,#17488,.T.);
#17654 = ORIENTED_EDGE('',*,*,#17605,.F.);
#17655 = ADVANCED_FACE('',(#17656),#17443,.T.);
#17656 = FACE_BOUND('',#17657,.T.);
#17657 = EDGE_LOOP('',(#17658,#17659,#17660,#17661));
#17658 = ORIENTED_EDGE('',*,*,#17429,.F.);
#17659 = ORIENTED_EDGE('',*,*,#17580,.T.);
#17660 = ORIENTED_EDGE('',*,*,#17534,.T.);
#17661 = ORIENTED_EDGE('',*,*,#17627,.F.);
#17662 = ( GEOMETRIC_REPRESENTATION_CONTEXT(3) 
GLOBAL_UNCERTAINTY_ASSIGNED_CONTEXT((#17666)) 
GLOBAL_UNIT_ASSIGNED_CONTEXT((#17663,#17664,#17665)) 
REPRESENTATION_CONTEXT('Context #1',
  '3D Context with UNIT and UNCERTAINTY') );
#17663 = ( LENGTH_UNIT() NAMED_UNIT(*) SI_UNIT(.MILLI.,.METRE.) );
#17664 = ( NAMED_UNIT(*) PLANE_ANGLE_UNIT() SI_UNIT($,.RADIAN.) );
#17665 = ( NAMED_UNIT(*) SI_UNIT($,.STERADIAN.) SOLID_ANGLE_UNIT() );
#17666 = UNCERTAINTY_MEASURE_WITH_UNIT(LENGTH_MEASURE(1.E-07),#17663,
  'distance_accuracy_value','confusion accuracy');
#17667 = CONTEXT_DEPENDENT_SHAPE_REPRESENTATION(#17668,#17670);
#17668 = ( REPRESENTATION_RELATIONSHIP('','',#17331,#709) 
REPRESENTATION_RELATIONSHIP_WITH_TRANSFORMATION(#17669) 
SHAPE_REPRESENTATION_RELATIONSHIP() );
#17669 = ITEM_DEFINED_TRANSFORMATION('','',#11,#898);
#17670 = PRODUCT_DEFINITION_SHAPE('Placement','Placement of an item',
  #17671);
#17671 = NEXT_ASSEMBLY_USAGE_OCCURRENCE('56','','',#704,#17326,$);
#17672 = PRODUCT_RELATED_PRODUCT_CATEGORY('part',$,(#17328));
#17673 = SHAPE_DEFINITION_REPRESENTATION(#17674,#17680);
#17674 = PRODUCT_DEFINITION_SHAPE('','',#17675);
#17675 = PRODUCT_DEFINITION('design','',#17676,#17679);
#17676 = PRODUCT_DEFINITION_FORMATION('','',#17677);
#17677 = PRODUCT('Open CASCADE STEP translator 7.9 2.2.49',
  'Open CASCADE STEP translator 7.9 2.2.49','',(#17678));
#17678 = PRODUCT_CONTEXT('',#2,'mechanical');
#17679 = PRODUCT_DEFINITION_CONTEXT('part definition',#2,'design');
#17680 = ADVANCED_BREP_SHAPE_REPRESENTATION('',(#11,#17681),#18011);
#17681 = MANIFOLD_SOLID_BREP('',#17682);
#17682 = CLOSED_SHELL('',(#17683,#17803,#17903,#17950,#17997,#18004));
#17683 = ADVANCED_FACE('',(#17684),#17698,.F.);
#17684 = FACE_BOUND('',#17685,.F.);
#17685 = EDGE_LOOP('',(#17686,#17721,#17749,#17777));
#17686 = ORIENTED_EDGE('',*,*,#17687,.F.);
#17687 = EDGE_CURVE('',#17688,#17690,#17692,.T.);
#17688 = VERTEX_POINT('',#17689);
#17689 = CARTESIAN_POINT('',(79.842669824285,-30.82447202029,5.));
#17690 = VERTEX_POINT('',#17691);
#17691 = CARTESIAN_POINT('',(79.842669824285,-30.82447202029,5.4));
#17692 = SURFACE_CURVE('',#17693,(#17697,#17709),.PCURVE_S1.);
#17693 = LINE('',#17694,#17695);
#17694 = CARTESIAN_POINT('',(79.842669824285,-30.82447202029,5.));
#17695 = VECTOR('',#17696,1.);
#17696 = DIRECTION('',(0.,0.,1.));
#17697 = PCURVE('',#17698,#17703);
#17698 = PLANE('',#17699);
#17699 = AXIS2_PLACEMENT_3D('',#17700,#17701,#17702);
#17700 = CARTESIAN_POINT('',(79.842669824285,-30.82447202029,5.));
#17701 = DIRECTION('',(0.968583161129,-0.248689887165,0.));
#17702 = DIRECTION('',(0.,0.,1.));
#17703 = DEFINITIONAL_REPRESENTATION('',(#17704),#17708);
#17704 = LINE('',#17705,#17706);
#17705 = CARTESIAN_POINT('',(0.,0.));
#17706 = VECTOR('',#17707,1.);
#17707 = DIRECTION('',(1.,0.));
#17708 = ( GEOMETRIC_REPRESENTATION_CONTEXT(2) 
PARAMETRIC_REPRESENTATION_CONTEXT() REPRESENTATION_CONTEXT('2D SPACE',''
  ) );
#17709 = PCURVE('',#17710,#17715);
#17710 = PLANE('',#17711);
#17711 = AXIS2_PLACEMENT_3D('',#17712,#17713,#17714);
#17712 = CARTESIAN_POINT('',(79.842669824285,-30.82447202029,5.));
#17713 = DIRECTION('',(0.248689887165,0.968583161129,0.));
#17714 = DIRECTION('',(0.,0.,1.));
#17715 = DEFINITIONAL_REPRESENTATION('',(#17716),#17720);
#17716 = LINE('',#17717,#17718);
#17717 = CARTESIAN_POINT('',(0.,0.));
#17718 = VECTOR('',#17719,1.);
#17719 = DIRECTION('',(1.,0.));
#17720 = ( GEOMETRIC_REPRESENTATION_CONTEXT(2) 
PARAMETRIC_REPRESENTATION_CONTEXT() REPRESENTATION_CONTEXT('2D SPACE',''
  ) );
#17721 = ORIENTED_EDGE('',*,*,#17722,.T.);
#17722 = EDGE_CURVE('',#17688,#17723,#17725,.T.);
#17723 = VERTEX_POINT('',#17724);
#17724 = CARTESIAN_POINT('',(84.816467567582,-11.45280879772,5.));
#17725 = SURFACE_CURVE('',#17726,(#17730,#17737),.PCURVE_S1.);
#17726 = LINE('',#17727,#17728);
#17727 = CARTESIAN_POINT('',(79.842669824285,-30.82447202029,5.));
#17728 = VECTOR('',#17729,1.);
#17729 = DIRECTION('',(0.248689887165,0.968583161129,0.));
#17730 = PCURVE('',#17698,#17731);
#17731 = DEFINITIONAL_REPRESENTATION('',(#17732),#17736);
#17732 = LINE('',#17733,#17734);
#17733 = CARTESIAN_POINT('',(0.,0.));
#17734 = VECTOR('',#17735,1.);
#17735 = DIRECTION('',(0.,-1.));
#17736 = ( GEOMETRIC_REPRESENTATION_CONTEXT(2) 
PARAMETRIC_REPRESENTATION_CONTEXT() REPRESENTATION_CONTEXT('2D SPACE',''
  ) );
#17737 = PCURVE('',#17738,#17743);
#17738 = PLANE('',#17739);
#17739 = AXIS2_PLACEMENT_3D('',#17740,#17741,#17742);
#17740 = CARTESIAN_POINT('',(79.842669824285,-30.82447202029,5.));
#17741 = DIRECTION('',(0.,0.,1.));
#17742 = DIRECTION('',(0.968583161129,-0.248689887165,0.));
#17743 = DEFINITIONAL_REPRESENTATION('',(#17744),#17748);
#17744 = LINE('',#17745,#17746);
#17745 = CARTESIAN_POINT('',(0.,0.));
#17746 = VECTOR('',#17747,1.);
#17747 = DIRECTION('',(0.,1.));
#17748 = ( GEOMETRIC_REPRESENTATION_CONTEXT(2) 
PARAMETRIC_REPRESENTATION_CONTEXT() REPRESENTATION_CONTEXT('2D SPACE',''
  ) );
#17749 = ORIENTED_EDGE('',*,*,#17750,.T.);
#17750 = EDGE_CURVE('',#17723,#17751,#17753,.T.);
#17751 = VERTEX_POINT('',#17752);
#17752 = CARTESIAN_POINT('',(84.816467567582,-11.45280879772,5.4));
#17753 = SURFACE_CURVE('',#17754,(#17758,#17765),.PCURVE_S1.);
#17754 = LINE('',#17755,#17756);
#17755 = CARTESIAN_POINT('',(84.816467567582,-11.45280879772,5.));
#17756 = VECTOR('',#17757,1.);
#17757 = DIRECTION('',(0.,0.,1.));
#17758 = PCURVE('',#17698,#17759);
#17759 = DEFINITIONAL_REPRESENTATION('',(#17760),#17764);
#17760 = LINE('',#17761,#17762);
#17761 = CARTESIAN_POINT('',(0.,-20.));
#17762 = VECTOR('',#17763,1.);
#17763 = DIRECTION('',(1.,0.));
#17764 = ( GEOMETRIC_REPRESENTATION_CONTEXT(2) 
PARAMETRIC_REPRESENTATION_CONTEXT() REPRESENTATION_CONTEXT('2D SPACE',''
  ) );
#17765 = PCURVE('',#17766,#17771);
#17766 = PLANE('',#17767);
#17767 = AXIS2_PLACEMENT_3D('',#17768,#17769,#17770);
#17768 = CARTESIAN_POINT('',(84.816467567582,-11.45280879772,5.));
#17769 = DIRECTION('',(0.248689887165,0.968583161129,0.));
#17770 = DIRECTION('',(0.,0.,1.));
#17771 = DEFINITIONAL_REPRESENTATION('',(#17772),#17776);
#17772 = LINE('',#17773,#17774);
#17773 = CARTESIAN_POINT('',(0.,0.));
#17774 = VECTOR('',#17775,1.);
#17775 = DIRECTION('',(1.,0.));
#17776 = ( GEOMETRIC_REPRESENTATION_CONTEXT(2) 
PARAMETRIC_REPRESENTATION_CONTEXT() REPRESENTATION_CONTEXT('2D SPACE',''
  ) );
#17777 = ORIENTED_EDGE('',*,*,#17778,.F.);
#17778 = EDGE_CURVE('',#17690,#17751,#17779,.T.);
#17779 = SURFACE_CURVE('',#17780,(#17784,#17791),.PCURVE_S1.);
#17780 = LINE('',#17781,#17782);
#17781 = CARTESIAN_POINT('',(79.842669824285,-30.82447202029,5.4));
#17782 = VECTOR('',#17783,1.);
#17783 = DIRECTION('',(0.248689887165,0.968583161129,0.));
#17784 = PCURVE('',#17698,#17785);
#17785 = DEFINITIONAL_REPRESENTATION('',(#17786),#17790);
#17786 = LINE('',#17787,#17788);
#17787 = CARTESIAN_POINT('',(0.4,0.));
#17788 = VECTOR('',#17789,1.);
#17789 = DIRECTION('',(0.,-1.));
#17790 = ( GEOMETRIC_REPRESENTATION_CONTEXT(2) 
PARAMETRIC_REPRESENTATION_CONTEXT() REPRESENTATION_CONTEXT('2D SPACE',''
  ) );
#17791 = PCURVE('',#17792,#17797);
#17792 = PLANE('',#17793);
#17793 = AXIS2_PLACEMENT_3D('',#17794,#17795,#17796);
#17794 = CARTESIAN_POINT('',(79.842669824285,-30.82447202029,5.4));
#17795 = DIRECTION('',(0.,0.,1.));
#17796 = DIRECTION('',(0.968583161129,-0.248689887165,0.));
#17797 = DEFINITIONAL_REPRESENTATION('',(#17798),#17802);
#17798 = LINE('',#17799,#17800);
#17799 = CARTESIAN_POINT('',(0.,0.));
#17800 = VECTOR('',#17801,1.);
#17801 = DIRECTION('',(0.,1.));
#17802 = ( GEOMETRIC_REPRESENTATION_CONTEXT(2) 
PARAMETRIC_REPRESENTATION_CONTEXT() REPRESENTATION_CONTEXT('2D SPACE',''
  ) );
#17803 = ADVANCED_FACE('',(#17804),#17818,.T.);
#17804 = FACE_BOUND('',#17805,.T.);
#17805 = EDGE_LOOP('',(#17806,#17836,#17859,#17882));
#17806 = ORIENTED_EDGE('',*,*,#17807,.F.);
#17807 = EDGE_CURVE('',#17808,#17810,#17812,.T.);
#17808 = VERTEX_POINT('',#17809);
#17809 = CARTESIAN_POINT('',(234.81597560486,-70.61485396667,5.));
#17810 = VERTEX_POINT('',#17811);
#17811 = CARTESIAN_POINT('',(234.81597560486,-70.61485396667,5.4));
#17812 = SURFACE_CURVE('',#17813,(#17817,#17829),.PCURVE_S1.);
#17813 = LINE('',#17814,#17815);
#17814 = CARTESIAN_POINT('',(234.81597560486,-70.61485396667,5.));
#17815 = VECTOR('',#17816,1.);
#17816 = DIRECTION('',(0.,0.,1.));
#17817 = PCURVE('',#17818,#17823);
#17818 = PLANE('',#17819);
#17819 = AXIS2_PLACEMENT_3D('',#17820,#17821,#17822);
#17820 = CARTESIAN_POINT('',(234.81597560486,-70.61485396667,5.));
#17821 = DIRECTION('',(0.968583161129,-0.248689887165,0.));
#17822 = DIRECTION('',(0.,0.,1.));
#17823 = DEFINITIONAL_REPRESENTATION('',(#17824),#17828);
#17824 = LINE('',#17825,#17826);
#17825 = CARTESIAN_POINT('',(0.,0.));
#17826 = VECTOR('',#17827,1.);
#17827 = DIRECTION('',(1.,0.));
#17828 = ( GEOMETRIC_REPRESENTATION_CONTEXT(2) 
PARAMETRIC_REPRESENTATION_CONTEXT() REPRESENTATION_CONTEXT('2D SPACE',''
  ) );
#17829 = PCURVE('',#17710,#17830);
#17830 = DEFINITIONAL_REPRESENTATION('',(#17831),#17835);
#17831 = LINE('',#17832,#17833);
#17832 = CARTESIAN_POINT('',(0.,160.));
#17833 = VECTOR('',#17834,1.);
#17834 = DIRECTION('',(1.,0.));
#17835 = ( GEOMETRIC_REPRESENTATION_CONTEXT(2) 
PARAMETRIC_REPRESENTATION_CONTEXT() REPRESENTATION_CONTEXT('2D SPACE',''
  ) );
#17836 = ORIENTED_EDGE('',*,*,#17837,.T.);
#17837 = EDGE_CURVE('',#17808,#17838,#17840,.T.);
#17838 = VERTEX_POINT('',#17839);
#17839 = CARTESIAN_POINT('',(239.78977334816,-51.2431907441,5.));
#17840 = SURFACE_CURVE('',#17841,(#17845,#17852),.PCURVE_S1.);
#17841 = LINE('',#17842,#17843);
#17842 = CARTESIAN_POINT('',(234.81597560486,-70.61485396667,5.));
#17843 = VECTOR('',#17844,1.);
#17844 = DIRECTION('',(0.248689887165,0.968583161129,0.));
#17845 = PCURVE('',#17818,#17846);
#17846 = DEFINITIONAL_REPRESENTATION('',(#17847),#17851);
#17847 = LINE('',#17848,#17849);
#17848 = CARTESIAN_POINT('',(0.,0.));
#17849 = VECTOR('',#17850,1.);
#17850 = DIRECTION('',(0.,-1.));
#17851 = ( GEOMETRIC_REPRESENTATION_CONTEXT(2) 
PARAMETRIC_REPRESENTATION_CONTEXT() REPRESENTATION_CONTEXT('2D SPACE',''
  ) );
#17852 = PCURVE('',#17738,#17853);
#17853 = DEFINITIONAL_REPRESENTATION('',(#17854),#17858);
#17854 = LINE('',#17855,#17856);
#17855 = CARTESIAN_POINT('',(160.,-1.42108547152E-14));
#17856 = VECTOR('',#17857,1.);
#17857 = DIRECTION('',(0.,1.));
#17858 = ( GEOMETRIC_REPRESENTATION_CONTEXT(2) 
PARAMETRIC_REPRESENTATION_CONTEXT() REPRESENTATION_CONTEXT('2D SPACE',''
  ) );
#17859 = ORIENTED_EDGE('',*,*,#17860,.T.);
#17860 = EDGE_CURVE('',#17838,#17861,#17863,.T.);
#17861 = VERTEX_POINT('',#17862);
#17862 = CARTESIAN_POINT('',(239.78977334816,-51.2431907441,5.4));
#17863 = SURFACE_CURVE('',#17864,(#17868,#17875),.PCURVE_S1.);
#17864 = LINE('',#17865,#17866);
#17865 = CARTESIAN_POINT('',(239.78977334816,-51.2431907441,5.));
#17866 = VECTOR('',#17867,1.);
#17867 = DIRECTION('',(0.,0.,1.));
#17868 = PCURVE('',#17818,#17869);
#17869 = DEFINITIONAL_REPRESENTATION('',(#17870),#17874);
#17870 = LINE('',#17871,#17872);
#17871 = CARTESIAN_POINT('',(0.,-20.));
#17872 = VECTOR('',#17873,1.);
#17873 = DIRECTION('',(1.,0.));
#17874 = ( GEOMETRIC_REPRESENTATION_CONTEXT(2) 
PARAMETRIC_REPRESENTATION_CONTEXT() REPRESENTATION_CONTEXT('2D SPACE',''
  ) );
#17875 = PCURVE('',#17766,#17876);
#17876 = DEFINITIONAL_REPRESENTATION('',(#17877),#17881);
#17877 = LINE('',#17878,#17879);
#17878 = CARTESIAN_POINT('',(0.,160.));
#17879 = VECTOR('',#17880,1.);
#17880 = DIRECTION('',(1.,0.));
#17881 = ( GEOMETRIC_REPRESENTATION_CONTEXT(2) 
PARAMETRIC_REPRESENTATION_CONTEXT() REPRESENTATION_CONTEXT('2D SPACE',''
  ) );
#17882 = ORIENTED_EDGE('',*,*,#17883,.F.);
#17883 = EDGE_CURVE('',#17810,#17861,#17884,.T.);
#17884 = SURFACE_CURVE('',#17885,(#17889,#17896),.PCURVE_S1.);
#17885 = LINE('',#17886,#17887);
#17886 = CARTESIAN_POINT('',(234.81597560486,-70.61485396667,5.4));
#17887 = VECTOR('',#17888,1.);
#17888 = DIRECTION('',(0.248689887165,0.968583161129,0.));
#17889 = PCURVE('',#17818,#17890);
#17890 = DEFINITIONAL_REPRESENTATION('',(#17891),#17895);
#17891 = LINE('',#17892,#17893);
#17892 = CARTESIAN_POINT('',(0.4,0.));
#17893 = VECTOR('',#17894,1.);
#17894 = DIRECTION('',(0.,-1.));
#17895 = ( GEOMETRIC_REPRESENTATION_CONTEXT(2) 
PARAMETRIC_REPRESENTATION_CONTEXT() REPRESENTATION_CONTEXT('2D SPACE',''
  ) );
#17896 = PCURVE('',#17792,#17897);
#17897 = DEFINITIONAL_REPRESENTATION('',(#17898),#17902);
#17898 = LINE('',#17899,#17900);
#17899 = CARTESIAN_POINT('',(160.,-1.42108547152E-14));
#17900 = VECTOR('',#17901,1.);
#17901 = DIRECTION('',(0.,1.));
#17902 = ( GEOMETRIC_REPRESENTATION_CONTEXT(2) 
PARAMETRIC_REPRESENTATION_CONTEXT() REPRESENTATION_CONTEXT('2D SPACE',''
  ) );
#17903 = ADVANCED_FACE('',(#17904),#17710,.F.);
#17904 = FACE_BOUND('',#17905,.F.);
#17905 = EDGE_LOOP('',(#17906,#17927,#17928,#17949));
#17906 = ORIENTED_EDGE('',*,*,#17907,.F.);
#17907 = EDGE_CURVE('',#17688,#17808,#17908,.T.);
#17908 = SURFACE_CURVE('',#17909,(#17913,#17920),.PCURVE_S1.);
#17909 = LINE('',#17910,#17911);
#17910 = CARTESIAN_POINT('',(79.842669824285,-30.82447202029,5.));
#17911 = VECTOR('',#17912,1.);
#17912 = DIRECTION('',(0.968583161129,-0.248689887165,0.));
#17913 = PCURVE('',#17710,#17914);
#17914 = DEFINITIONAL_REPRESENTATION('',(#17915),#17919);
#17915 = LINE('',#17916,#17917);
#17916 = CARTESIAN_POINT('',(0.,0.));
#17917 = VECTOR('',#17918,1.);
#17918 = DIRECTION('',(0.,1.));
#17919 = ( GEOMETRIC_REPRESENTATION_CONTEXT(2) 
PARAMETRIC_REPRESENTATION_CONTEXT() REPRESENTATION_CONTEXT('2D SPACE',''
  ) );
#17920 = PCURVE('',#17738,#17921);
#17921 = DEFINITIONAL_REPRESENTATION('',(#17922),#17926);
#17922 = LINE('',#17923,#17924);
#17923 = CARTESIAN_POINT('',(0.,0.));
#17924 = VECTOR('',#17925,1.);
#17925 = DIRECTION('',(1.,0.));
#17926 = ( GEOMETRIC_REPRESENTATION_CONTEXT(2) 
PARAMETRIC_REPRESENTATION_CONTEXT() REPRESENTATION_CONTEXT('2D SPACE',''
  ) );
#17927 = ORIENTED_EDGE('',*,*,#17687,.T.);
#17928 = ORIENTED_EDGE('',*,*,#17929,.T.);
#17929 = EDGE_CURVE('',#17690,#17810,#17930,.T.);
#17930 = SURFACE_CURVE('',#17931,(#17935,#17942),.PCURVE_S1.);
#17931 = LINE('',#17932,#17933);
#17932 = CARTESIAN_POINT('',(79.842669824285,-30.82447202029,5.4));
#17933 = VECTOR('',#17934,1.);
#17934 = DIRECTION('',(0.968583161129,-0.248689887165,0.));
#17935 = PCURVE('',#17710,#17936);
#17936 = DEFINITIONAL_REPRESENTATION('',(#17937),#17941);
#17937 = LINE('',#17938,#17939);
#17938 = CARTESIAN_POINT('',(0.4,0.));
#17939 = VECTOR('',#17940,1.);
#17940 = DIRECTION('',(0.,1.));
#17941 = ( GEOMETRIC_REPRESENTATION_CONTEXT(2) 
PARAMETRIC_REPRESENTATION_CONTEXT() REPRESENTATION_CONTEXT('2D SPACE',''
  ) );
#17942 = PCURVE('',#17792,#17943);
#17943 = DEFINITIONAL_REPRESENTATION('',(#17944),#17948);
#17944 = LINE('',#17945,#17946);
#17945 = CARTESIAN_POINT('',(0.,0.));
#17946 = VECTOR('',#17947,1.);
#17947 = DIRECTION('',(1.,0.));
#17948 = ( GEOMETRIC_REPRESENTATION_CONTEXT(2) 
PARAMETRIC_REPRESENTATION_CONTEXT() REPRESENTATION_CONTEXT('2D SPACE',''
  ) );
#17949 = ORIENTED_EDGE('',*,*,#17807,.F.);
#17950 = ADVANCED_FACE('',(#17951),#17766,.T.);
#17951 = FACE_BOUND('',#17952,.T.);
#17952 = EDGE_LOOP('',(#17953,#17974,#17975,#17996));
#17953 = ORIENTED_EDGE('',*,*,#17954,.F.);
#17954 = EDGE_CURVE('',#17723,#17838,#17955,.T.);
#17955 = SURFACE_CURVE('',#17956,(#17960,#17967),.PCURVE_S1.);
#17956 = LINE('',#17957,#17958);
#17957 = CARTESIAN_POINT('',(84.816467567582,-11.45280879772,5.));
#17958 = VECTOR('',#17959,1.);
#17959 = DIRECTION('',(0.968583161129,-0.248689887165,0.));
#17960 = PCURVE('',#17766,#17961);
#17961 = DEFINITIONAL_REPRESENTATION('',(#17962),#17966);
#17962 = LINE('',#17963,#17964);
#17963 = CARTESIAN_POINT('',(0.,0.));
#17964 = VECTOR('',#17965,1.);
#17965 = DIRECTION('',(0.,1.));
#17966 = ( GEOMETRIC_REPRESENTATION_CONTEXT(2) 
PARAMETRIC_REPRESENTATION_CONTEXT() REPRESENTATION_CONTEXT('2D SPACE',''
  ) );
#17967 = PCURVE('',#17738,#17968);
#17968 = DEFINITIONAL_REPRESENTATION('',(#17969),#17973);
#17969 = LINE('',#17970,#17971);
#17970 = CARTESIAN_POINT('',(7.993605777301E-15,20.));
#17971 = VECTOR('',#17972,1.);
#17972 = DIRECTION('',(1.,0.));
#17973 = ( GEOMETRIC_REPRESENTATION_CONTEXT(2) 
PARAMETRIC_REPRESENTATION_CONTEXT() REPRESENTATION_CONTEXT('2D SPACE',''
  ) );
#17974 = ORIENTED_EDGE('',*,*,#17750,.T.);
#17975 = ORIENTED_EDGE('',*,*,#17976,.T.);
#17976 = EDGE_CURVE('',#17751,#17861,#17977,.T.);
#17977 = SURFACE_CURVE('',#17978,(#17982,#17989),.PCURVE_S1.);
#17978 = LINE('',#17979,#17980);
#17979 = CARTESIAN_POINT('',(84.816467567582,-11.45280879772,5.4));
#17980 = VECTOR('',#17981,1.);
#17981 = DIRECTION('',(0.968583161129,-0.248689887165,0.));
#17982 = PCURVE('',#17766,#17983);
#17983 = DEFINITIONAL_REPRESENTATION('',(#17984),#17988);
#17984 = LINE('',#17985,#17986);
#17985 = CARTESIAN_POINT('',(0.4,0.));
#17986 = VECTOR('',#17987,1.);
#17987 = DIRECTION('',(0.,1.));
#17988 = ( GEOMETRIC_REPRESENTATION_CONTEXT(2) 
PARAMETRIC_REPRESENTATION_CONTEXT() REPRESENTATION_CONTEXT('2D SPACE',''
  ) );
#17989 = PCURVE('',#17792,#17990);
#17990 = DEFINITIONAL_REPRESENTATION('',(#17991),#17995);
#17991 = LINE('',#17992,#17993);
#17992 = CARTESIAN_POINT('',(7.993605777301E-15,20.));
#17993 = VECTOR('',#17994,1.);
#17994 = DIRECTION('',(1.,0.));
#17995 = ( GEOMETRIC_REPRESENTATION_CONTEXT(2) 
PARAMETRIC_REPRESENTATION_CONTEXT() REPRESENTATION_CONTEXT('2D SPACE',''
  ) );
#17996 = ORIENTED_EDGE('',*,*,#17860,.F.);
#17997 = ADVANCED_FACE('',(#17998),#17738,.F.);
#17998 = FACE_BOUND('',#17999,.F.);
#17999 = EDGE_LOOP('',(#18000,#18001,#18002,#18003));
#18000 = ORIENTED_EDGE('',*,*,#17722,.F.);
#18001 = ORIENTED_EDGE('',*,*,#17907,.T.);
#18002 = ORIENTED_EDGE('',*,*,#17837,.T.);
#18003 = ORIENTED_EDGE('',*,*,#17954,.F.);
#18004 = ADVANCED_FACE('',(#18005),#17792,.T.);
#18005 = FACE_BOUND('',#18006,.T.);
#18006 = EDGE_LOOP('',(#18007,#18008,#18009,#18010));
#18007 = ORIENTED_EDGE('',*,*,#17778,.F.);
#18008 = ORIENTED_EDGE('',*,*,#17929,.T.);
#18009 = ORIENTED_EDGE('',*,*,#17883,.T.);
#18010 = ORIENTED_EDGE('',*,*,#17976,.F.);
#18011 = ( GEOMETRIC_REPRESENTATION_CONTEXT(3) 
GLOBAL_UNCERTAINTY_ASSIGNED_CONTEXT((#18015)) 
GLOBAL_UNIT_ASSIGNED_CONTEXT((#18012,#18013,#18014)) 
REPRESENTATION_CONTEXT('Context #1',
  '3D Context with UNIT and UNCERTAINTY') );
#18012 = ( LENGTH_UNIT() NAMED_UNIT(*) SI_UNIT(.MILLI.,.METRE.) );
#18013 = ( NAMED_UNIT(*) PLANE_ANGLE_UNIT() SI_UNIT($,.RADIAN.) );
#18014 = ( NAMED_UNIT(*) SI_UNIT($,.STERADIAN.) SOLID_ANGLE_UNIT() );
#18015 = UNCERTAINTY_MEASURE_WITH_UNIT(LENGTH_MEASURE(1.E-07),#18012,
  'distance_accuracy_value','confusion accuracy');
#18016 = CONTEXT_DEPENDENT_SHAPE_REPRESENTATION(#18017,#18019);
#18017 = ( REPRESENTATION_RELATIONSHIP('','',#17680,#709) 
REPRESENTATION_RELATIONSHIP_WITH_TRANSFORMATION(#18018) 
SHAPE_REPRESENTATION_RELATIONSHIP() );
#18018 = ITEM_DEFINED_TRANSFORMATION('','',#11,#902);
#18019 = PRODUCT_DEFINITION_SHAPE('Placement','Placement of an item',
  #18020);
#18020 = NEXT_ASSEMBLY_USAGE_OCCURRENCE('57','','',#704,#17675,$);
#18021 = PRODUCT_RELATED_PRODUCT_CATEGORY('part',$,(#17677));
#18022 = SHAPE_DEFINITION_REPRESENTATION(#18023,#18029);
#18023 = PRODUCT_DEFINITION_SHAPE('','',#18024);
#18024 = PRODUCT_DEFINITION('design','',#18025,#18028);
#18025 = PRODUCT_DEFINITION_FORMATION('','',#18026);
#18026 = PRODUCT('Open CASCADE STEP translator 7.9 2.2.50',
  'Open CASCADE STEP translator 7.9 2.2.50','',(#18027));
#18027 = PRODUCT_CONTEXT('',#2,'mechanical');
#18028 = PRODUCT_DEFINITION_CONTEXT('part definition',#2,'design');
#18029 = ADVANCED_BREP_SHAPE_REPRESENTATION('',(#11,#18030),#18360);
#18030 = MANIFOLD_SOLID_BREP('',#18031);
#18031 = CLOSED_SHELL('',(#18032,#18152,#18252,#18299,#18346,#18353));
#18032 = ADVANCED_FACE('',(#18033),#18047,.F.);
#18033 = FACE_BOUND('',#18034,.F.);
#18034 = EDGE_LOOP('',(#18035,#18070,#18098,#18126));
#18035 = ORIENTED_EDGE('',*,*,#18036,.F.);
#18036 = EDGE_CURVE('',#18037,#18039,#18041,.T.);
#18037 = VERTEX_POINT('',#18038);
#18038 = CARTESIAN_POINT('',(83.076417276088,-20.57447186611,5.));
#18039 = VERTEX_POINT('',#18040);
#18040 = CARTESIAN_POINT('',(83.076417276088,-20.57447186611,5.4));
#18041 = SURFACE_CURVE('',#18042,(#18046,#18058),.PCURVE_S1.);
#18042 = LINE('',#18043,#18044);
#18043 = CARTESIAN_POINT('',(83.076417276088,-20.57447186611,5.));
#18044 = VECTOR('',#18045,1.);
#18045 = DIRECTION('',(0.,0.,1.));
#18046 = PCURVE('',#18047,#18052);
#18047 = PLANE('',#18048);
#18048 = AXIS2_PLACEMENT_3D('',#18049,#18050,#18051);
#18049 = CARTESIAN_POINT('',(83.076417276088,-20.57447186611,5.));
#18050 = DIRECTION('',(0.992114701314,-0.125333233564,0.));
#18051 = DIRECTION('',(0.,0.,1.));
#18052 = DEFINITIONAL_REPRESENTATION('',(#18053),#18057);
#18053 = LINE('',#18054,#18055);
#18054 = CARTESIAN_POINT('',(0.,0.));
#18055 = VECTOR('',#18056,1.);
#18056 = DIRECTION('',(1.,0.));
#18057 = ( GEOMETRIC_REPRESENTATION_CONTEXT(2) 
PARAMETRIC_REPRESENTATION_CONTEXT() REPRESENTATION_CONTEXT('2D SPACE',''
  ) );
#18058 = PCURVE('',#18059,#18064);
#18059 = PLANE('',#18060);
#18060 = AXIS2_PLACEMENT_3D('',#18061,#18062,#18063);
#18061 = CARTESIAN_POINT('',(83.076417276088,-20.57447186611,5.));
#18062 = DIRECTION('',(0.125333233564,0.992114701314,0.));
#18063 = DIRECTION('',(0.,0.,1.));
#18064 = DEFINITIONAL_REPRESENTATION('',(#18065),#18069);
#18065 = LINE('',#18066,#18067);
#18066 = CARTESIAN_POINT('',(0.,0.));
#18067 = VECTOR('',#18068,1.);
#18068 = DIRECTION('',(1.,0.));
#18069 = ( GEOMETRIC_REPRESENTATION_CONTEXT(2) 
PARAMETRIC_REPRESENTATION_CONTEXT() REPRESENTATION_CONTEXT('2D SPACE',''
  ) );
#18070 = ORIENTED_EDGE('',*,*,#18071,.T.);
#18071 = EDGE_CURVE('',#18037,#18072,#18074,.T.);
#18072 = VERTEX_POINT('',#18073);
#18073 = CARTESIAN_POINT('',(85.583081947374,-0.732177839821,5.));
#18074 = SURFACE_CURVE('',#18075,(#18079,#18086),.PCURVE_S1.);
#18075 = LINE('',#18076,#18077);
#18076 = CARTESIAN_POINT('',(83.076417276088,-20.57447186611,5.));
#18077 = VECTOR('',#18078,1.);
#18078 = DIRECTION('',(0.125333233564,0.992114701314,0.));
#18079 = PCURVE('',#18047,#18080);
#18080 = DEFINITIONAL_REPRESENTATION('',(#18081),#18085);
#18081 = LINE('',#18082,#18083);
#18082 = CARTESIAN_POINT('',(0.,0.));
#18083 = VECTOR('',#18084,1.);
#18084 = DIRECTION('',(0.,-1.));
#18085 = ( GEOMETRIC_REPRESENTATION_CONTEXT(2) 
PARAMETRIC_REPRESENTATION_CONTEXT() REPRESENTATION_CONTEXT('2D SPACE',''
  ) );
#18086 = PCURVE('',#18087,#18092);
#18087 = PLANE('',#18088);
#18088 = AXIS2_PLACEMENT_3D('',#18089,#18090,#18091);
#18089 = CARTESIAN_POINT('',(83.076417276088,-20.57447186611,5.));
#18090 = DIRECTION('',(0.,0.,1.));
#18091 = DIRECTION('',(0.992114701314,-0.125333233564,0.));
#18092 = DEFINITIONAL_REPRESENTATION('',(#18093),#18097);
#18093 = LINE('',#18094,#18095);
#18094 = CARTESIAN_POINT('',(0.,0.));
#18095 = VECTOR('',#18096,1.);
#18096 = DIRECTION('',(0.,1.));
#18097 = ( GEOMETRIC_REPRESENTATION_CONTEXT(2) 
PARAMETRIC_REPRESENTATION_CONTEXT() REPRESENTATION_CONTEXT('2D SPACE',''
  ) );
#18098 = ORIENTED_EDGE('',*,*,#18099,.T.);
#18099 = EDGE_CURVE('',#18072,#18100,#18102,.T.);
#18100 = VERTEX_POINT('',#18101);
#18101 = CARTESIAN_POINT('',(85.583081947374,-0.732177839821,5.4));
#18102 = SURFACE_CURVE('',#18103,(#18107,#18114),.PCURVE_S1.);
#18103 = LINE('',#18104,#18105);
#18104 = CARTESIAN_POINT('',(85.583081947374,-0.732177839821,5.));
#18105 = VECTOR('',#18106,1.);
#18106 = DIRECTION('',(0.,0.,1.));
#18107 = PCURVE('',#18047,#18108);
#18108 = DEFINITIONAL_REPRESENTATION('',(#18109),#18113);
#18109 = LINE('',#18110,#18111);
#18110 = CARTESIAN_POINT('',(0.,-20.));
#18111 = VECTOR('',#18112,1.);
#18112 = DIRECTION('',(1.,0.));
#18113 = ( GEOMETRIC_REPRESENTATION_CONTEXT(2) 
PARAMETRIC_REPRESENTATION_CONTEXT() REPRESENTATION_CONTEXT('2D SPACE',''
  ) );
#18114 = PCURVE('',#18115,#18120);
#18115 = PLANE('',#18116);
#18116 = AXIS2_PLACEMENT_3D('',#18117,#18118,#18119);
#18117 = CARTESIAN_POINT('',(85.583081947374,-0.732177839821,5.));
#18118 = DIRECTION('',(0.125333233564,0.992114701314,0.));
#18119 = DIRECTION('',(0.,0.,1.));
#18120 = DEFINITIONAL_REPRESENTATION('',(#18121),#18125);
#18121 = LINE('',#18122,#18123);
#18122 = CARTESIAN_POINT('',(0.,0.));
#18123 = VECTOR('',#18124,1.);
#18124 = DIRECTION('',(1.,0.));
#18125 = ( GEOMETRIC_REPRESENTATION_CONTEXT(2) 
PARAMETRIC_REPRESENTATION_CONTEXT() REPRESENTATION_CONTEXT('2D SPACE',''
  ) );
#18126 = ORIENTED_EDGE('',*,*,#18127,.F.);
#18127 = EDGE_CURVE('',#18039,#18100,#18128,.T.);
#18128 = SURFACE_CURVE('',#18129,(#18133,#18140),.PCURVE_S1.);
#18129 = LINE('',#18130,#18131);
#18130 = CARTESIAN_POINT('',(83.076417276088,-20.57447186611,5.4));
#18131 = VECTOR('',#18132,1.);
#18132 = DIRECTION('',(0.125333233564,0.992114701314,0.));
#18133 = PCURVE('',#18047,#18134);
#18134 = DEFINITIONAL_REPRESENTATION('',(#18135),#18139);
#18135 = LINE('',#18136,#18137);
#18136 = CARTESIAN_POINT('',(0.4,0.));
#18137 = VECTOR('',#18138,1.);
#18138 = DIRECTION('',(0.,-1.));
#18139 = ( GEOMETRIC_REPRESENTATION_CONTEXT(2) 
PARAMETRIC_REPRESENTATION_CONTEXT() REPRESENTATION_CONTEXT('2D SPACE',''
  ) );
#18140 = PCURVE('',#18141,#18146);
#18141 = PLANE('',#18142);
#18142 = AXIS2_PLACEMENT_3D('',#18143,#18144,#18145);
#18143 = CARTESIAN_POINT('',(83.076417276088,-20.57447186611,5.4));
#18144 = DIRECTION('',(0.,0.,1.));
#18145 = DIRECTION('',(0.992114701314,-0.125333233564,0.));
#18146 = DEFINITIONAL_REPRESENTATION('',(#18147),#18151);
#18147 = LINE('',#18148,#18149);
#18148 = CARTESIAN_POINT('',(0.,0.));
#18149 = VECTOR('',#18150,1.);
#18150 = DIRECTION('',(0.,1.));
#18151 = ( GEOMETRIC_REPRESENTATION_CONTEXT(2) 
PARAMETRIC_REPRESENTATION_CONTEXT() REPRESENTATION_CONTEXT('2D SPACE',''
  ) );
#18152 = ADVANCED_FACE('',(#18153),#18167,.T.);
#18153 = FACE_BOUND('',#18154,.T.);
#18154 = EDGE_LOOP('',(#18155,#18185,#18208,#18231));
#18155 = ORIENTED_EDGE('',*,*,#18156,.F.);
#18156 = EDGE_CURVE('',#18157,#18159,#18161,.T.);
#18157 = VERTEX_POINT('',#18158);
#18158 = CARTESIAN_POINT('',(241.8147694864,-40.62778923639,5.));
#18159 = VERTEX_POINT('',#18160);
#18160 = CARTESIAN_POINT('',(241.8147694864,-40.62778923639,5.4));
#18161 = SURFACE_CURVE('',#18162,(#18166,#18178),.PCURVE_S1.);
#18162 = LINE('',#18163,#18164);
#18163 = CARTESIAN_POINT('',(241.8147694864,-40.62778923639,5.));
#18164 = VECTOR('',#18165,1.);
#18165 = DIRECTION('',(0.,0.,1.));
#18166 = PCURVE('',#18167,#18172);
#18167 = PLANE('',#18168);
#18168 = AXIS2_PLACEMENT_3D('',#18169,#18170,#18171);
#18169 = CARTESIAN_POINT('',(241.8147694864,-40.62778923639,5.));
#18170 = DIRECTION('',(0.992114701314,-0.125333233564,0.));
#18171 = DIRECTION('',(0.,0.,1.));
#18172 = DEFINITIONAL_REPRESENTATION('',(#18173),#18177);
#18173 = LINE('',#18174,#18175);
#18174 = CARTESIAN_POINT('',(0.,0.));
#18175 = VECTOR('',#18176,1.);
#18176 = DIRECTION('',(1.,0.));
#18177 = ( GEOMETRIC_REPRESENTATION_CONTEXT(2) 
PARAMETRIC_REPRESENTATION_CONTEXT() REPRESENTATION_CONTEXT('2D SPACE',''
  ) );
#18178 = PCURVE('',#18059,#18179);
#18179 = DEFINITIONAL_REPRESENTATION('',(#18180),#18184);
#18180 = LINE('',#18181,#18182);
#18181 = CARTESIAN_POINT('',(0.,160.));
#18182 = VECTOR('',#18183,1.);
#18183 = DIRECTION('',(1.,0.));
#18184 = ( GEOMETRIC_REPRESENTATION_CONTEXT(2) 
PARAMETRIC_REPRESENTATION_CONTEXT() REPRESENTATION_CONTEXT('2D SPACE',''
  ) );
#18185 = ORIENTED_EDGE('',*,*,#18186,.T.);
#18186 = EDGE_CURVE('',#18157,#18187,#18189,.T.);
#18187 = VERTEX_POINT('',#18188);
#18188 = CARTESIAN_POINT('',(244.32143415769,-20.78549521011,5.));
#18189 = SURFACE_CURVE('',#18190,(#18194,#18201),.PCURVE_S1.);
#18190 = LINE('',#18191,#18192);
#18191 = CARTESIAN_POINT('',(241.8147694864,-40.62778923639,5.));
#18192 = VECTOR('',#18193,1.);
#18193 = DIRECTION('',(0.125333233564,0.992114701314,0.));
#18194 = PCURVE('',#18167,#18195);
#18195 = DEFINITIONAL_REPRESENTATION('',(#18196),#18200);
#18196 = LINE('',#18197,#18198);
#18197 = CARTESIAN_POINT('',(0.,0.));
#18198 = VECTOR('',#18199,1.);
#18199 = DIRECTION('',(0.,-1.));
#18200 = ( GEOMETRIC_REPRESENTATION_CONTEXT(2) 
PARAMETRIC_REPRESENTATION_CONTEXT() REPRESENTATION_CONTEXT('2D SPACE',''
  ) );
#18201 = PCURVE('',#18087,#18202);
#18202 = DEFINITIONAL_REPRESENTATION('',(#18203),#18207);
#18203 = LINE('',#18204,#18205);
#18204 = CARTESIAN_POINT('',(160.,-7.105427357601E-15));
#18205 = VECTOR('',#18206,1.);
#18206 = DIRECTION('',(0.,1.));
#18207 = ( GEOMETRIC_REPRESENTATION_CONTEXT(2) 
PARAMETRIC_REPRESENTATION_CONTEXT() REPRESENTATION_CONTEXT('2D SPACE',''
  ) );
#18208 = ORIENTED_EDGE('',*,*,#18209,.T.);
#18209 = EDGE_CURVE('',#18187,#18210,#18212,.T.);
#18210 = VERTEX_POINT('',#18211);
#18211 = CARTESIAN_POINT('',(244.32143415769,-20.78549521011,5.4));
#18212 = SURFACE_CURVE('',#18213,(#18217,#18224),.PCURVE_S1.);
#18213 = LINE('',#18214,#18215);
#18214 = CARTESIAN_POINT('',(244.32143415769,-20.78549521011,5.));
#18215 = VECTOR('',#18216,1.);
#18216 = DIRECTION('',(0.,0.,1.));
#18217 = PCURVE('',#18167,#18218);
#18218 = DEFINITIONAL_REPRESENTATION('',(#18219),#18223);
#18219 = LINE('',#18220,#18221);
#18220 = CARTESIAN_POINT('',(0.,-20.));
#18221 = VECTOR('',#18222,1.);
#18222 = DIRECTION('',(1.,0.));
#18223 = ( GEOMETRIC_REPRESENTATION_CONTEXT(2) 
PARAMETRIC_REPRESENTATION_CONTEXT() REPRESENTATION_CONTEXT('2D SPACE',''
  ) );
#18224 = PCURVE('',#18115,#18225);
#18225 = DEFINITIONAL_REPRESENTATION('',(#18226),#18230);
#18226 = LINE('',#18227,#18228);
#18227 = CARTESIAN_POINT('',(0.,160.));
#18228 = VECTOR('',#18229,1.);
#18229 = DIRECTION('',(1.,0.));
#18230 = ( GEOMETRIC_REPRESENTATION_CONTEXT(2) 
PARAMETRIC_REPRESENTATION_CONTEXT() REPRESENTATION_CONTEXT('2D SPACE',''
  ) );
#18231 = ORIENTED_EDGE('',*,*,#18232,.F.);
#18232 = EDGE_CURVE('',#18159,#18210,#18233,.T.);
#18233 = SURFACE_CURVE('',#18234,(#18238,#18245),.PCURVE_S1.);
#18234 = LINE('',#18235,#18236);
#18235 = CARTESIAN_POINT('',(241.8147694864,-40.62778923639,5.4));
#18236 = VECTOR('',#18237,1.);
#18237 = DIRECTION('',(0.125333233564,0.992114701314,0.));
#18238 = PCURVE('',#18167,#18239);
#18239 = DEFINITIONAL_REPRESENTATION('',(#18240),#18244);
#18240 = LINE('',#18241,#18242);
#18241 = CARTESIAN_POINT('',(0.4,0.));
#18242 = VECTOR('',#18243,1.);
#18243 = DIRECTION('',(0.,-1.));
#18244 = ( GEOMETRIC_REPRESENTATION_CONTEXT(2) 
PARAMETRIC_REPRESENTATION_CONTEXT() REPRESENTATION_CONTEXT('2D SPACE',''
  ) );
#18245 = PCURVE('',#18141,#18246);
#18246 = DEFINITIONAL_REPRESENTATION('',(#18247),#18251);
#18247 = LINE('',#18248,#18249);
#18248 = CARTESIAN_POINT('',(160.,-7.105427357601E-15));
#18249 = VECTOR('',#18250,1.);
#18250 = DIRECTION('',(0.,1.));
#18251 = ( GEOMETRIC_REPRESENTATION_CONTEXT(2) 
PARAMETRIC_REPRESENTATION_CONTEXT() REPRESENTATION_CONTEXT('2D SPACE',''
  ) );
#18252 = ADVANCED_FACE('',(#18253),#18059,.F.);
#18253 = FACE_BOUND('',#18254,.F.);
#18254 = EDGE_LOOP('',(#18255,#18276,#18277,#18298));
#18255 = ORIENTED_EDGE('',*,*,#18256,.F.);
#18256 = EDGE_CURVE('',#18037,#18157,#18257,.T.);
#18257 = SURFACE_CURVE('',#18258,(#18262,#18269),.PCURVE_S1.);
#18258 = LINE('',#18259,#18260);
#18259 = CARTESIAN_POINT('',(83.076417276088,-20.57447186611,5.));
#18260 = VECTOR('',#18261,1.);
#18261 = DIRECTION('',(0.992114701314,-0.125333233564,0.));
#18262 = PCURVE('',#18059,#18263);
#18263 = DEFINITIONAL_REPRESENTATION('',(#18264),#18268);
#18264 = LINE('',#18265,#18266);
#18265 = CARTESIAN_POINT('',(0.,0.));
#18266 = VECTOR('',#18267,1.);
#18267 = DIRECTION('',(0.,1.));
#18268 = ( GEOMETRIC_REPRESENTATION_CONTEXT(2) 
PARAMETRIC_REPRESENTATION_CONTEXT() REPRESENTATION_CONTEXT('2D SPACE',''
  ) );
#18269 = PCURVE('',#18087,#18270);
#18270 = DEFINITIONAL_REPRESENTATION('',(#18271),#18275);
#18271 = LINE('',#18272,#18273);
#18272 = CARTESIAN_POINT('',(0.,0.));
#18273 = VECTOR('',#18274,1.);
#18274 = DIRECTION('',(1.,0.));
#18275 = ( GEOMETRIC_REPRESENTATION_CONTEXT(2) 
PARAMETRIC_REPRESENTATION_CONTEXT() REPRESENTATION_CONTEXT('2D SPACE',''
  ) );
#18276 = ORIENTED_EDGE('',*,*,#18036,.T.);
#18277 = ORIENTED_EDGE('',*,*,#18278,.T.);
#18278 = EDGE_CURVE('',#18039,#18159,#18279,.T.);
#18279 = SURFACE_CURVE('',#18280,(#18284,#18291),.PCURVE_S1.);
#18280 = LINE('',#18281,#18282);
#18281 = CARTESIAN_POINT('',(83.076417276088,-20.57447186611,5.4));
#18282 = VECTOR('',#18283,1.);
#18283 = DIRECTION('',(0.992114701314,-0.125333233564,0.));
#18284 = PCURVE('',#18059,#18285);
#18285 = DEFINITIONAL_REPRESENTATION('',(#18286),#18290);
#18286 = LINE('',#18287,#18288);
#18287 = CARTESIAN_POINT('',(0.4,0.));
#18288 = VECTOR('',#18289,1.);
#18289 = DIRECTION('',(0.,1.));
#18290 = ( GEOMETRIC_REPRESENTATION_CONTEXT(2) 
PARAMETRIC_REPRESENTATION_CONTEXT() REPRESENTATION_CONTEXT('2D SPACE',''
  ) );
#18291 = PCURVE('',#18141,#18292);
#18292 = DEFINITIONAL_REPRESENTATION('',(#18293),#18297);
#18293 = LINE('',#18294,#18295);
#18294 = CARTESIAN_POINT('',(0.,0.));
#18295 = VECTOR('',#18296,1.);
#18296 = DIRECTION('',(1.,0.));
#18297 = ( GEOMETRIC_REPRESENTATION_CONTEXT(2) 
PARAMETRIC_REPRESENTATION_CONTEXT() REPRESENTATION_CONTEXT('2D SPACE',''
  ) );
#18298 = ORIENTED_EDGE('',*,*,#18156,.F.);
#18299 = ADVANCED_FACE('',(#18300),#18115,.T.);
#18300 = FACE_BOUND('',#18301,.T.);
#18301 = EDGE_LOOP('',(#18302,#18323,#18324,#18345));
#18302 = ORIENTED_EDGE('',*,*,#18303,.F.);
#18303 = EDGE_CURVE('',#18072,#18187,#18304,.T.);
#18304 = SURFACE_CURVE('',#18305,(#18309,#18316),.PCURVE_S1.);
#18305 = LINE('',#18306,#18307);
#18306 = CARTESIAN_POINT('',(85.583081947374,-0.732177839821,5.));
#18307 = VECTOR('',#18308,1.);
#18308 = DIRECTION('',(0.992114701314,-0.125333233564,0.));
#18309 = PCURVE('',#18115,#18310);
#18310 = DEFINITIONAL_REPRESENTATION('',(#18311),#18315);
#18311 = LINE('',#18312,#18313);
#18312 = CARTESIAN_POINT('',(0.,0.));
#18313 = VECTOR('',#18314,1.);
#18314 = DIRECTION('',(0.,1.));
#18315 = ( GEOMETRIC_REPRESENTATION_CONTEXT(2) 
PARAMETRIC_REPRESENTATION_CONTEXT() REPRESENTATION_CONTEXT('2D SPACE',''
  ) );
#18316 = PCURVE('',#18087,#18317);
#18317 = DEFINITIONAL_REPRESENTATION('',(#18318),#18322);
#18318 = LINE('',#18319,#18320);
#18319 = CARTESIAN_POINT('',(-8.881784197001E-16,20.));
#18320 = VECTOR('',#18321,1.);
#18321 = DIRECTION('',(1.,0.));
#18322 = ( GEOMETRIC_REPRESENTATION_CONTEXT(2) 
PARAMETRIC_REPRESENTATION_CONTEXT() REPRESENTATION_CONTEXT('2D SPACE',''
  ) );
#18323 = ORIENTED_EDGE('',*,*,#18099,.T.);
#18324 = ORIENTED_EDGE('',*,*,#18325,.T.);
#18325 = EDGE_CURVE('',#18100,#18210,#18326,.T.);
#18326 = SURFACE_CURVE('',#18327,(#18331,#18338),.PCURVE_S1.);
#18327 = LINE('',#18328,#18329);
#18328 = CARTESIAN_POINT('',(85.583081947374,-0.732177839821,5.4));
#18329 = VECTOR('',#18330,1.);
#18330 = DIRECTION('',(0.992114701314,-0.125333233564,0.));
#18331 = PCURVE('',#18115,#18332);
#18332 = DEFINITIONAL_REPRESENTATION('',(#18333),#18337);
#18333 = LINE('',#18334,#18335);
#18334 = CARTESIAN_POINT('',(0.4,0.));
#18335 = VECTOR('',#18336,1.);
#18336 = DIRECTION('',(0.,1.));
#18337 = ( GEOMETRIC_REPRESENTATION_CONTEXT(2) 
PARAMETRIC_REPRESENTATION_CONTEXT() REPRESENTATION_CONTEXT('2D SPACE',''
  ) );
#18338 = PCURVE('',#18141,#18339);
#18339 = DEFINITIONAL_REPRESENTATION('',(#18340),#18344);
#18340 = LINE('',#18341,#18342);
#18341 = CARTESIAN_POINT('',(-8.881784197001E-16,20.));
#18342 = VECTOR('',#18343,1.);
#18343 = DIRECTION('',(1.,0.));
#18344 = ( GEOMETRIC_REPRESENTATION_CONTEXT(2) 
PARAMETRIC_REPRESENTATION_CONTEXT() REPRESENTATION_CONTEXT('2D SPACE',''
  ) );
#18345 = ORIENTED_EDGE('',*,*,#18209,.F.);
#18346 = ADVANCED_FACE('',(#18347),#18087,.F.);
#18347 = FACE_BOUND('',#18348,.F.);
#18348 = EDGE_LOOP('',(#18349,#18350,#18351,#18352));
#18349 = ORIENTED_EDGE('',*,*,#18071,.F.);
#18350 = ORIENTED_EDGE('',*,*,#18256,.T.);
#18351 = ORIENTED_EDGE('',*,*,#18186,.T.);
#18352 = ORIENTED_EDGE('',*,*,#18303,.F.);
#18353 = ADVANCED_FACE('',(#18354),#18141,.T.);
#18354 = FACE_BOUND('',#18355,.T.);
#18355 = EDGE_LOOP('',(#18356,#18357,#18358,#18359));
#18356 = ORIENTED_EDGE('',*,*,#18127,.F.);
#18357 = ORIENTED_EDGE('',*,*,#18278,.T.);
#18358 = ORIENTED_EDGE('',*,*,#18232,.T.);
#18359 = ORIENTED_EDGE('',*,*,#18325,.F.);
#18360 = ( GEOMETRIC_REPRESENTATION_CONTEXT(3) 
GLOBAL_UNCERTAINTY_ASSIGNED_CONTEXT((#18364)) 
GLOBAL_UNIT_ASSIGNED_CONTEXT((#18361,#18362,#18363)) 
REPRESENTATION_CONTEXT('Context #1',
  '3D Context with UNIT and UNCERTAINTY') );
#18361 = ( LENGTH_UNIT() NAMED_UNIT(*) SI_UNIT(.MILLI.,.METRE.) );
#18362 = ( NAMED_UNIT(*) PLANE_ANGLE_UNIT() SI_UNIT($,.RADIAN.) );
#18363 = ( NAMED_UNIT(*) SI_UNIT($,.STERADIAN.) SOLID_ANGLE_UNIT() );
#18364 = UNCERTAINTY_MEASURE_WITH_UNIT(LENGTH_MEASURE(1.E-07),#18361,
  'distance_accuracy_value','confusion accuracy');
#18365 = CONTEXT_DEPENDENT_SHAPE_REPRESENTATION(#18366,#18368);
#18366 = ( REPRESENTATION_RELATIONSHIP('','',#18029,#709) 
REPRESENTATION_RELATIONSHIP_WITH_TRANSFORMATION(#18367) 
SHAPE_REPRESENTATION_RELATIONSHIP() );
#18367 = ITEM_DEFINED_TRANSFORMATION('','',#11,#906);
#18368 = PRODUCT_DEFINITION_SHAPE('Placement','Placement of an item',
  #18369);
#18369 = NEXT_ASSEMBLY_USAGE_OCCURRENCE('58','','',#704,#18024,$);
#18370 = PRODUCT_RELATED_PRODUCT_CATEGORY('part',$,(#18026));
#18371 = SHAPE_DEFINITION_REPRESENTATION(#18372,#18378);
#18372 = PRODUCT_DEFINITION_SHAPE('','',#18373);
#18373 = PRODUCT_DEFINITION('design','',#18374,#18377);
#18374 = PRODUCT_DEFINITION_FORMATION('','',#18375);
#18375 = PRODUCT('Open CASCADE STEP translator 7.9 2.3',
  'Open CASCADE STEP translator 7.9 2.3','',(#18376));
#18376 = PRODUCT_CONTEXT('',#2,'mechanical');
#18377 = PRODUCT_DEFINITION_CONTEXT('part definition',#2,'design');
#18378 = ADVANCED_BREP_SHAPE_REPRESENTATION('',(#11,#18379),#18561);
#18379 = MANIFOLD_SOLID_BREP('',#18380);
#18380 = CLOSED_SHELL('',(#18381,#18469,#18547,#18554));
#18381 = ADVANCED_FACE('',(#18382),#18396,.T.);
#18382 = FACE_BOUND('',#18383,.F.);
#18383 = EDGE_LOOP('',(#18384,#18414,#18441,#18442));
#18384 = ORIENTED_EDGE('',*,*,#18385,.T.);
#18385 = EDGE_CURVE('',#18386,#18388,#18390,.T.);
#18386 = VERTEX_POINT('',#18387);
#18387 = CARTESIAN_POINT('',(42.,0.,5.4));
#18388 = VERTEX_POINT('',#18389);
#18389 = CARTESIAN_POINT('',(42.,0.,13.4));
#18390 = SEAM_CURVE('',#18391,(#18395,#18407),.PCURVE_S1.);
#18391 = LINE('',#18392,#18393);
#18392 = CARTESIAN_POINT('',(42.,0.,5.4));
#18393 = VECTOR('',#18394,1.);
#18394 = DIRECTION('',(0.,0.,1.));
#18395 = PCURVE('',#18396,#18401);
#18396 = CYLINDRICAL_SURFACE('',#18397,42.);
#18397 = AXIS2_PLACEMENT_3D('',#18398,#18399,#18400);
#18398 = CARTESIAN_POINT('',(0.,0.,5.4));
#18399 = DIRECTION('',(-0.,-0.,-1.));
#18400 = DIRECTION('',(1.,0.,0.));
#18401 = DEFINITIONAL_REPRESENTATION('',(#18402),#18406);
#18402 = LINE('',#18403,#18404);
#18403 = CARTESIAN_POINT('',(-0.,0.));
#18404 = VECTOR('',#18405,1.);
#18405 = DIRECTION('',(-0.,-1.));
#18406 = ( GEOMETRIC_REPRESENTATION_CONTEXT(2) 
PARAMETRIC_REPRESENTATION_CONTEXT() REPRESENTATION_CONTEXT('2D SPACE',''
  ) );
#18407 = PCURVE('',#18396,#18408);
#18408 = DEFINITIONAL_REPRESENTATION('',(#18409),#18413);
#18409 = LINE('',#18410,#18411);
#18410 = CARTESIAN_POINT('',(-6.28318530718,0.));
#18411 = VECTOR('',#18412,1.);
#18412 = DIRECTION('',(-0.,-1.));
#18413 = ( GEOMETRIC_REPRESENTATION_CONTEXT(2) 
PARAMETRIC_REPRESENTATION_CONTEXT() REPRESENTATION_CONTEXT('2D SPACE',''
  ) );
#18414 = ORIENTED_EDGE('',*,*,#18415,.T.);
#18415 = EDGE_CURVE('',#18388,#18388,#18416,.T.);
#18416 = SURFACE_CURVE('',#18417,(#18422,#18429),.PCURVE_S1.);
#18417 = CIRCLE('',#18418,42.);
#18418 = AXIS2_PLACEMENT_3D('',#18419,#18420,#18421);
#18419 = CARTESIAN_POINT('',(0.,0.,13.4));
#18420 = DIRECTION('',(0.,0.,1.));
#18421 = DIRECTION('',(1.,0.,0.));
#18422 = PCURVE('',#18396,#18423);
#18423 = DEFINITIONAL_REPRESENTATION('',(#18424),#18428);
#18424 = LINE('',#18425,#18426);
#18425 = CARTESIAN_POINT('',(-0.,-8.));
#18426 = VECTOR('',#18427,1.);
#18427 = DIRECTION('',(-1.,0.));
#18428 = ( GEOMETRIC_REPRESENTATION_CONTEXT(2) 
PARAMETRIC_REPRESENTATION_CONTEXT() REPRESENTATION_CONTEXT('2D SPACE',''
  ) );
#18429 = PCURVE('',#18430,#18435);
#18430 = PLANE('',#18431);
#18431 = AXIS2_PLACEMENT_3D('',#18432,#18433,#18434);
#18432 = CARTESIAN_POINT('',(-2.083718297203E-15,3.692127783966E-16,13.4
    ));
#18433 = DIRECTION('',(0.,0.,1.));
#18434 = DIRECTION('',(1.,0.,-0.));
#18435 = DEFINITIONAL_REPRESENTATION('',(#18436),#18440);
#18436 = CIRCLE('',#18437,42.);
#18437 = AXIS2_PLACEMENT_2D('',#18438,#18439);
#18438 = CARTESIAN_POINT('',(2.083718297203E-15,-3.692127783966E-16));
#18439 = DIRECTION('',(1.,0.));
#18440 = ( GEOMETRIC_REPRESENTATION_CONTEXT(2) 
PARAMETRIC_REPRESENTATION_CONTEXT() REPRESENTATION_CONTEXT('2D SPACE',''
  ) );
#18441 = ORIENTED_EDGE('',*,*,#18385,.F.);
#18442 = ORIENTED_EDGE('',*,*,#18443,.F.);
#18443 = EDGE_CURVE('',#18386,#18386,#18444,.T.);
#18444 = SURFACE_CURVE('',#18445,(#18450,#18457),.PCURVE_S1.);
#18445 = CIRCLE('',#18446,42.);
#18446 = AXIS2_PLACEMENT_3D('',#18447,#18448,#18449);
#18447 = CARTESIAN_POINT('',(0.,0.,5.4));
#18448 = DIRECTION('',(0.,0.,1.));
#18449 = DIRECTION('',(1.,0.,0.));
#18450 = PCURVE('',#18396,#18451);
#18451 = DEFINITIONAL_REPRESENTATION('',(#18452),#18456);
#18452 = LINE('',#18453,#18454);
#18453 = CARTESIAN_POINT('',(-0.,0.));
#18454 = VECTOR('',#18455,1.);
#18455 = DIRECTION('',(-1.,0.));
#18456 = ( GEOMETRIC_REPRESENTATION_CONTEXT(2) 
PARAMETRIC_REPRESENTATION_CONTEXT() REPRESENTATION_CONTEXT('2D SPACE',''
  ) );
#18457 = PCURVE('',#18458,#18463);
#18458 = PLANE('',#18459);
#18459 = AXIS2_PLACEMENT_3D('',#18460,#18461,#18462);
#18460 = CARTESIAN_POINT('',(-2.083718297203E-15,3.692127783966E-16,5.4)
  );
#18461 = DIRECTION('',(0.,0.,1.));
#18462 = DIRECTION('',(1.,0.,-0.));
#18463 = DEFINITIONAL_REPRESENTATION('',(#18464),#18468);
#18464 = CIRCLE('',#18465,42.);
#18465 = AXIS2_PLACEMENT_2D('',#18466,#18467);
#18466 = CARTESIAN_POINT('',(2.083718297203E-15,-3.692127783966E-16));
#18467 = DIRECTION('',(1.,0.));
#18468 = ( GEOMETRIC_REPRESENTATION_CONTEXT(2) 
PARAMETRIC_REPRESENTATION_CONTEXT() REPRESENTATION_CONTEXT('2D SPACE',''
  ) );
#18469 = ADVANCED_FACE('',(#18470),#18484,.F.);
#18470 = FACE_BOUND('',#18471,.T.);
#18471 = EDGE_LOOP('',(#18472,#18502,#18524,#18525));
#18472 = ORIENTED_EDGE('',*,*,#18473,.T.);
#18473 = EDGE_CURVE('',#18474,#18476,#18478,.T.);
#18474 = VERTEX_POINT('',#18475);
#18475 = CARTESIAN_POINT('',(13.,1.015061051086E-15,5.4));
#18476 = VERTEX_POINT('',#18477);
#18477 = CARTESIAN_POINT('',(13.,1.015061051086E-15,13.4));
#18478 = SEAM_CURVE('',#18479,(#18483,#18495),.PCURVE_S1.);
#18479 = LINE('',#18480,#18481);
#18480 = CARTESIAN_POINT('',(13.,1.015061051086E-15,5.4));
#18481 = VECTOR('',#18482,1.);
#18482 = DIRECTION('',(0.,0.,1.));
#18483 = PCURVE('',#18484,#18489);
#18484 = CYLINDRICAL_SURFACE('',#18485,13.);
#18485 = AXIS2_PLACEMENT_3D('',#18486,#18487,#18488);
#18486 = CARTESIAN_POINT('',(1.996286733802E-13,1.015061051086E-15,5.4)
  );
#18487 = DIRECTION('',(-0.,-0.,-1.));
#18488 = DIRECTION('',(1.,0.,0.));
#18489 = DEFINITIONAL_REPRESENTATION('',(#18490),#18494);
#18490 = LINE('',#18491,#18492);
#18491 = CARTESIAN_POINT('',(-0.,0.));
#18492 = VECTOR('',#18493,1.);
#18493 = DIRECTION('',(-0.,-1.));
#18494 = ( GEOMETRIC_REPRESENTATION_CONTEXT(2) 
PARAMETRIC_REPRESENTATION_CONTEXT() REPRESENTATION_CONTEXT('2D SPACE',''
  ) );
#18495 = PCURVE('',#18484,#18496);
#18496 = DEFINITIONAL_REPRESENTATION('',(#18497),#18501);
#18497 = LINE('',#18498,#18499);
#18498 = CARTESIAN_POINT('',(-6.28318530718,0.));
#18499 = VECTOR('',#18500,1.);
#18500 = DIRECTION('',(-0.,-1.));
#18501 = ( GEOMETRIC_REPRESENTATION_CONTEXT(2) 
PARAMETRIC_REPRESENTATION_CONTEXT() REPRESENTATION_CONTEXT('2D SPACE',''
  ) );
#18502 = ORIENTED_EDGE('',*,*,#18503,.T.);
#18503 = EDGE_CURVE('',#18476,#18476,#18504,.T.);
#18504 = SURFACE_CURVE('',#18505,(#18510,#18517),.PCURVE_S1.);
#18505 = CIRCLE('',#18506,13.);
#18506 = AXIS2_PLACEMENT_3D('',#18507,#18508,#18509);
#18507 = CARTESIAN_POINT('',(1.996286733802E-13,1.015061051086E-15,13.4)
  );
#18508 = DIRECTION('',(0.,0.,1.));
#18509 = DIRECTION('',(1.,0.,0.));
#18510 = PCURVE('',#18484,#18511);
#18511 = DEFINITIONAL_REPRESENTATION('',(#18512),#18516);
#18512 = LINE('',#18513,#18514);
#18513 = CARTESIAN_POINT('',(-0.,-8.));
#18514 = VECTOR('',#18515,1.);
#18515 = DIRECTION('',(-1.,0.));
#18516 = ( GEOMETRIC_REPRESENTATION_CONTEXT(2) 
PARAMETRIC_REPRESENTATION_CONTEXT() REPRESENTATION_CONTEXT('2D SPACE',''
  ) );
#18517 = PCURVE('',#18430,#18518);
#18518 = DEFINITIONAL_REPRESENTATION('',(#18519),#18523);
#18519 = CIRCLE('',#18520,13.);
#18520 = AXIS2_PLACEMENT_2D('',#18521,#18522);
#18521 = CARTESIAN_POINT('',(2.017123916774E-13,6.458482726892E-16));
#18522 = DIRECTION('',(1.,0.));
#18523 = ( GEOMETRIC_REPRESENTATION_CONTEXT(2) 
PARAMETRIC_REPRESENTATION_CONTEXT() REPRESENTATION_CONTEXT('2D SPACE',''
  ) );
#18524 = ORIENTED_EDGE('',*,*,#18473,.F.);
#18525 = ORIENTED_EDGE('',*,*,#18526,.F.);
#18526 = EDGE_CURVE('',#18474,#18474,#18527,.T.);
#18527 = SURFACE_CURVE('',#18528,(#18533,#18540),.PCURVE_S1.);
#18528 = CIRCLE('',#18529,13.);
#18529 = AXIS2_PLACEMENT_3D('',#18530,#18531,#18532);
#18530 = CARTESIAN_POINT('',(1.996286733802E-13,1.015061051086E-15,5.4)
  );
#18531 = DIRECTION('',(0.,0.,1.));
#18532 = DIRECTION('',(1.,0.,0.));
#18533 = PCURVE('',#18484,#18534);
#18534 = DEFINITIONAL_REPRESENTATION('',(#18535),#18539);
#18535 = LINE('',#18536,#18537);
#18536 = CARTESIAN_POINT('',(-0.,0.));
#18537 = VECTOR('',#18538,1.);
#18538 = DIRECTION('',(-1.,0.));
#18539 = ( GEOMETRIC_REPRESENTATION_CONTEXT(2) 
PARAMETRIC_REPRESENTATION_CONTEXT() REPRESENTATION_CONTEXT('2D SPACE',''
  ) );
#18540 = PCURVE('',#18458,#18541);
#18541 = DEFINITIONAL_REPRESENTATION('',(#18542),#18546);
#18542 = CIRCLE('',#18543,13.);
#18543 = AXIS2_PLACEMENT_2D('',#18544,#18545);
#18544 = CARTESIAN_POINT('',(2.017123916774E-13,6.458482726892E-16));
#18545 = DIRECTION('',(1.,0.));
#18546 = ( GEOMETRIC_REPRESENTATION_CONTEXT(2) 
PARAMETRIC_REPRESENTATION_CONTEXT() REPRESENTATION_CONTEXT('2D SPACE',''
  ) );
#18547 = ADVANCED_FACE('',(#18548,#18551),#18458,.F.);
#18548 = FACE_BOUND('',#18549,.F.);
#18549 = EDGE_LOOP('',(#18550));
#18550 = ORIENTED_EDGE('',*,*,#18443,.T.);
#18551 = FACE_BOUND('',#18552,.F.);
#18552 = EDGE_LOOP('',(#18553));
#18553 = ORIENTED_EDGE('',*,*,#18526,.F.);
#18554 = ADVANCED_FACE('',(#18555,#18558),#18430,.T.);
#18555 = FACE_BOUND('',#18556,.T.);
#18556 = EDGE_LOOP('',(#18557));
#18557 = ORIENTED_EDGE('',*,*,#18415,.T.);
#18558 = FACE_BOUND('',#18559,.T.);
#18559 = EDGE_LOOP('',(#18560));
#18560 = ORIENTED_EDGE('',*,*,#18503,.F.);
#18561 = ( GEOMETRIC_REPRESENTATION_CONTEXT(3) 
GLOBAL_UNCERTAINTY_ASSIGNED_CONTEXT((#18565)) 
GLOBAL_UNIT_ASSIGNED_CONTEXT((#18562,#18563,#18564)) 
REPRESENTATION_CONTEXT('Context #1',
  '3D Context with UNIT and UNCERTAINTY') );
#18562 = ( LENGTH_UNIT() NAMED_UNIT(*) SI_UNIT(.MILLI.,.METRE.) );
#18563 = ( NAMED_UNIT(*) PLANE_ANGLE_UNIT() SI_UNIT($,.RADIAN.) );
#18564 = ( NAMED_UNIT(*) SI_UNIT($,.STERADIAN.) SOLID_ANGLE_UNIT() );
#18565 = UNCERTAINTY_MEASURE_WITH_UNIT(LENGTH_MEASURE(1.E-07),#18562,
  'distance_accuracy_value','confusion accuracy');
#18566 = CONTEXT_DEPENDENT_SHAPE_REPRESENTATION(#18567,#18569);
#18567 = ( REPRESENTATION_RELATIONSHIP('','',#18378,#10) 
REPRESENTATION_RELATIONSHIP_WITH_TRANSFORMATION(#18568) 
SHAPE_REPRESENTATION_RELATIONSHIP() );
#18568 = ITEM_DEFINED_TRANSFORMATION('','',#11,#23);
#18569 = PRODUCT_DEFINITION_SHAPE('Placement','Placement of an item',
  #18570);
#18570 = NEXT_ASSEMBLY_USAGE_OCCURRENCE('60','','',#5,#18373,$);
#18571 = PRODUCT_RELATED_PRODUCT_CATEGORY('part',$,(#18375));
ENDSEC;
END-ISO-10303-21;
